i,true_class,pred_class,k,n_literals,literals,lcb_train,size_raw,size,support_train,tp_train,prec_train,coverage_train,support_test,tp_test,prec_test,coverage_test,rule
0,6,6,5,2,"[[5264, -1.0, 6.012206077575684], [9114, -1.0, 0.04831195995211601]]",0.7850963161535156,12,10,6,6,1.0,0.031746031746031744,1,1,1.0,0.004739336492890996,"( not ( ( always ( x_4 <= 9351.95 ) ) or ( eventually ( x_5 >= 47549.59 ) ) ) ) and ( not ( always[4,5] ( x_0 >= -7.89 ) ) )"
1,6,6,5,3,"[[2636, -1.0, 1.8533506393432617], [5071, -1.0, 0.09996989369392395], [559, 1.0, 0.159471794962883]]",0.935950766939138,18,10,24,24,1.0,0.12698412698412698,33,28,0.8484848484848485,0.13270142180094788,"( ( not ( always ( x_5 <= 655.16 ) ) ) and ( not ( eventually[17,inf] ( x_1 >= 119.24 ) ) ) ) and ( always[27,inf] ( x_5 <= 43.39 ) )"
2,6,6,5,3,"[[2636, -1.0, 1.8533506393432617], [5071, -1.0, 0.0], [636, -1.0, 0.10912859439849854]]",0.9305325943024827,19,14,22,22,1.0,0.1164021164021164,19,12,0.631578947368421,0.05687203791469194,"( ( not ( always ( x_5 <= 655.16 ) ) ) and ( not ( eventually[17,inf] ( x_1 >= 193.9 ) ) ) ) and ( not ( ( always[7,10] ( x_5 >= 2950.03 ) ) or ( eventually[26,29] ( x_4 <= -3.28 ) ) ) )"
3,6,6,5,3,"[[2636, -1.0, 1.8533506393432617], [5071, -1.0, 0.06747075915336609], [9226, -1.0, 0.2678878903388977]]",0.9163861567630498,19,11,18,18,1.0,0.09523809523809523,32,25,0.78125,0.11848341232227488,"( ( not ( always ( x_5 <= 655.16 ) ) ) and ( not ( eventually[17,inf] ( x_1 >= 143.51 ) ) ) ) and ( not ( eventually[29,inf] ( x_2 >= 3.08 ) ) )"
4,6,53,4,3,"[[9736, -1.0, 2.884037971496582], [6670, 1.0, 0.0633946880698204], [559, -1.0, 1.2104637622833252]]",0.7527428728793251,17,12,5,5,1.0,0.29411764705882354,2,2,1.0,0.11764705882352941,"( ( not ( always[28,31] ( x_5 <= 2091.85 ) ) ) and ( always ( ( x_0 <= 76.1 ) or ( x_5 >= 1177.24 ) ) ) ) and ( not ( always[7,35] ( x_0 >= -12.79 ) ) )"
5,6,6,5,3,"[[2636, -1.0, 1.1044087409973145], [6670, 1.0, 0.058052703738212585], [559, 1.0, 0.014817647635936737]]",0.9655270243074291,16,11,46,46,1.0,0.24338624338624337,41,40,0.975609756097561,0.1895734597156398,"( ( not ( always ( x_5 <= 462.15 ) ) ) and ( always ( ( x_0 <= 77.3 ) or ( x_5 >= 1176.03 ) ) ) ) and ( always[27,inf] ( x_5 <= 75.93 ) )"
6,6,42,2,3,"[[76, -1.0, 0.2251989245414734], [2636, 1.0, 0.49190014600753784], [6670, 1.0, 0.16350218653678894]]",0.9906299829078141,15,11,355,354,0.9971830985915493,0.2643764002987304,334,329,0.9850299401197605,0.25268817204301075,"( ( not ( eventually[1,26] ( ( x_4 >= -812.74 ) and ( x_2 <= -6.91 ) ) ) ) and ( always ( x_5 <= 50.77 ) ) ) and ( always ( x_0 <= 53.45 ) )"
7,6,6,5,3,"[[2636, -1.0, 1.8533506393432617], [5071, -1.0, 0.0], [954, 1.0, 0.11171133071184158]]",0.9163861567630498,16,13,18,18,1.0,0.09523809523809523,16,12,0.75,0.05687203791469194,"( ( not ( always ( ( x_5 <= 655.16 ) or ( x_5 >= 1561.02 ) ) ) ) and ( not ( eventually[17,inf] ( x_1 >= 193.9 ) ) ) ) and ( eventually[19,inf] ( always[1,8] ( x_2 >= -1.143 ) ) )"
8,6,6,5,2,"[[5264, -1.0, 7.281490325927734], [3226, -1.0, 1.474369764328003]]",0.7850963161535156,12,12,6,6,1.0,0.031746031746031744,6,4,0.6666666666666666,0.018957345971563982,"( not ( ( always ( x_4 <= 11251.0 ) ) or ( eventually ( x_5 >= 45650.54 ) ) ) ) and ( not ( always[4,inf] ( ( x_0 >= 4746.18 ) or ( x_4 <= 1522.9 ) ) ) )"
9,6,6,5,3,"[[2636, -1.0, 1.8533506393432617], [5071, -1.0, 0.09996989369392395], [8499, -1.0, 0.15550199151039124]]",0.9069074050633751,19,13,16,16,1.0,0.08465608465608465,15,12,0.8,0.05687203791469194,"( ( not ( always ( ( x_5 <= 655.16 ) or ( x_5 >= 1561.02 ) ) ) ) and ( not ( eventually[17,inf] ( x_1 >= 119.24 ) ) ) ) and ( not ( eventually ( x_5 <= -62.36 ) ) )"
10,6,62,6,3,"[[2636, -1.0, 0.012482235208153725], [9569, -1.0, 0.09137018024921417], [4869, 1.0, 0.1540294885635376]]",0.8796122753143348,18,7,12,12,1.0,0.17142857142857143,15,6,0.4,0.06896551724137931,( not ( always ( x_5 <= 180.75 ) ) ) and ( not ( eventually ( x_5 >= 184.52 ) ) )
11,6,88,10,3,"[[9226, -1.0, 0.2889510989189148], [7825, -1.0, 0.11129201948642731], [6670, 1.0, 0.053590431809425354]]",0.96236743675936,18,10,42,42,1.0,0.27631578947368424,39,34,0.8717948717948718,0.22077922077922077,"( ( not ( eventually[29,inf] ( x_2 >= -5.26 ) ) ) and ( not ( eventually ( x_2 <= -82.11 ) ) ) ) and ( always ( x_0 <= 78.31 ) )"
12,6,6,5,2,"[[7339, 1.0, 0.027574433013796806], [3990, -1.0, 0.1494201123714447]]",0.9163861567630498,12,6,18,18,1.0,0.09523809523809523,19,17,0.8947368421052632,0.08056872037914692,"( eventually[7,27] ( x_5 >= 368.2 ) ) and ( not ( eventually ( x_3 >= 145.6 ) ) )"
13,6,6,5,3,"[[2636, -1.0, 1.8533506393432617], [5071, -1.0, 0.09996989369392395], [559, 1.0, 0.159471794962883]]",0.935950766939138,18,10,24,24,1.0,0.12698412698412698,33,28,0.8484848484848485,0.13270142180094788,"( ( not ( always ( x_5 <= 655.16 ) ) ) and ( not ( eventually[17,inf] ( x_1 >= 119.24 ) ) ) ) and ( always[27,inf] ( x_5 <= 43.39 ) )"
14,6,6,5,2,"[[5264, -1.0, 7.281490325927734], [3226, -1.0, 1.474369764328003]]",0.7850963161535156,12,12,6,6,1.0,0.031746031746031744,6,4,0.6666666666666666,0.018957345971563982,"( not ( ( always ( x_4 <= 11251.0 ) ) or ( eventually ( x_5 >= 45650.54 ) ) ) ) and ( not ( always[4,inf] ( ( x_0 >= 4746.18 ) or ( x_4 <= 1522.9 ) ) ) )"
15,6,15,0,2,"[[6670, -1.0, 0.47197315096855164], [2636, 1.0, 0.31807345151901245]]",0.9163861567630498,10,6,18,18,1.0,0.07792207792207792,34,30,0.8823529411764706,0.11450381679389313,( not ( always ( x_0 <= 197.19 ) ) ) and ( always ( x_5 <= 95.56 ) )
16,6,42,2,3,"[[333, -1.0, 0.3296911120414734], [2636, 1.0, 0.5966084003448486], [2338, 1.0, 0.2729998826980591]]",0.9906493269598605,15,9,174,174,1.0,0.1299477221807319,166,160,0.963855421686747,0.1228878648233487,"( ( not ( eventually ( x_5 <= -23.08 ) ) ) and ( always ( x_5 <= 23.78 ) ) ) and ( always[16,27] ( x_1 <= 9.59 ) )"
17,6,88,10,3,"[[5071, -1.0, 0.2610267698764801], [7825, -1.0, 0.07197608053684235], [2636, 1.0, 0.12043803930282593]]",0.8906742909551517,18,10,42,40,0.9523809523809523,0.2631578947368421,45,38,0.8444444444444444,0.24675324675324675,"( ( not ( eventually[17,inf] ( x_1 >= -1.04 ) ) ) and ( not ( eventually ( x_2 <= -103.43 ) ) ) ) and ( always ( x_5 <= 146.49 ) )"
18,6,6,5,2,"[[5264, -1.0, 7.281490325927734], [3226, -1.0, 1.474369764328003]]",0.7850963161535156,12,12,6,6,1.0,0.031746031746031744,6,4,0.6666666666666666,0.018957345971563982,"( not ( ( always ( x_4 <= 11251.0 ) ) or ( eventually ( x_5 >= 45650.54 ) ) ) ) and ( not ( always[4,inf] ( ( x_0 >= 4746.18 ) or ( x_4 <= 1522.9 ) ) ) )"
19,6,16,1,2,"[[6670, 1.0, 0.5020163059234619], [4869, -1.0, 0.1994997262954712]]",0.8950047881759461,11,9,14,14,1.0,0.06334841628959276,12,11,0.9166666666666666,0.051643192488262914,"( always ( x_0 <= -23.11 ) ) and ( not ( ( always ( x_1 >= -76.36 ) ) or ( eventually[10,14] ( x_0 <= -519.61 ) ) ) )"
20,6,6,5,3,"[[2636, -1.0, 1.8533506393432617], [5071, -1.0, 0.06747075915336609], [9226, -1.0, 0.2577027976512909]]",0.9138610487425545,19,13,37,36,0.972972972972973,0.19047619047619047,49,39,0.7959183673469388,0.1848341232227488,"( ( not ( always ( ( x_5 <= 655.16 ) or ( x_5 >= 1561.02 ) ) ) ) and ( not ( eventually[17,inf] ( x_1 >= 143.51 ) ) ) ) and ( not ( eventually[29,inf] ( x_2 >= 7.11 ) ) )"
21,6,6,5,3,"[[2636, -1.0, 1.1044087409973145], [559, 1.0, 0.014817647635936737], [6670, 1.0, 0.0013006862718611956]]",0.934201051157136,16,13,49,48,0.9795918367346939,0.25396825396825395,40,39,0.975,0.1848341232227488,"( ( not ( always ( ( x_5 <= 462.15 ) or ( x_5 >= 1754.03 ) ) ) ) and ( always[27,inf] ( x_5 <= 75.93 ) ) ) and ( always ( ( x_0 <= 90.14 ) or ( x_5 >= 1163.2 ) ) )"
22,6,6,5,3,"[[2636, -1.0, 1.8533506393432617], [5071, -1.0, 0.0], [636, -1.0, 0.10912859439849854]]",0.9305325943024827,19,14,22,22,1.0,0.1164021164021164,19,12,0.631578947368421,0.05687203791469194,"( ( not ( always ( x_5 <= 655.16 ) ) ) and ( not ( eventually[17,inf] ( x_1 >= 193.9 ) ) ) ) and ( not ( ( always[7,10] ( x_5 >= 2950.03 ) ) or ( eventually[26,29] ( x_4 <= -3.28 ) ) ) )"
23,6,6,5,3,"[[2636, -1.0, 1.8533506393432617], [5071, -1.0, 0.06747075915336609], [1949, -1.0, 0.16785869002342224]]",0.9333516167118984,17,14,23,23,1.0,0.12169312169312169,30,25,0.8333333333333334,0.11848341232227488,"( ( not ( always ( ( x_5 <= 655.16 ) or ( x_5 >= 1561.02 ) ) ) ) and ( not ( eventually[17,inf] ( x_1 >= 143.51 ) ) ) ) and ( not ( always[9,inf] ( eventually[6,18] ( x_2 <= -4.8 ) ) ) )"
24,6,6,5,2,"[[5264, -1.0, 7.281490325927734], [3226, -1.0, 1.474369764328003]]",0.7850963161535156,12,12,6,6,1.0,0.031746031746031744,6,4,0.6666666666666666,0.018957345971563982,"( not ( ( always ( x_4 <= 11251.0 ) ) or ( eventually ( x_5 >= 45650.54 ) ) ) ) and ( not ( always[4,inf] ( ( x_0 >= 4746.18 ) or ( x_4 <= 1522.9 ) ) ) )"
25,6,6,5,3,"[[2636, -1.0, 1.8533506393432617], [5071, -1.0, 0.09996989369392395], [1462, 1.0, 0.2125386893749237]]",0.9204367490813241,18,10,19,19,1.0,0.10052910052910052,17,15,0.8823529411764706,0.07109004739336493,"( ( not ( always ( x_5 <= 655.16 ) ) ) and ( not ( eventually[17,inf] ( x_1 >= 119.24 ) ) ) ) and ( always[11,inf] ( x_0 >= -11.45 ) )"
26,6,88,10,3,"[[8005, -1.0, 0.08657294511795044], [5071, -1.0, 0.24834847450256348], [2415, 1.0, 0.16206637024879456]]",0.6578125361049786,16,10,12,10,0.8333333333333334,0.06578947368421052,8,2,0.25,0.012987012987012988,"( ( not ( always[21,24] ( x_0 >= -26.4 ) ) ) and ( not ( eventually[17,inf] ( x_1 >= 8.4324 ) ) ) ) and ( always[1,4] ( x_1 >= 1.51 ) )"
27,6,6,5,3,"[[2636, -1.0, 1.8533506393432617], [5071, -1.0, 0.09996989369392395], [6513, 1.0, 0.08128520846366882]]",0.9274645677596903,16,13,21,21,1.0,0.1111111111111111,29,27,0.9310344827586207,0.12796208530805686,"( ( not ( always ( ( x_5 <= 655.16 ) or ( x_5 >= 1561.02 ) ) ) ) and ( not ( eventually[17,inf] ( x_1 >= 119.24 ) ) ) ) and ( eventually ( always[1,11] ( x_2 >= -1.32 ) ) )"
28,6,6,5,2,"[[5264, -1.0, 7.281490325927734], [3226, -1.0, 1.474369764328003]]",0.7850963161535156,12,12,6,6,1.0,0.031746031746031744,6,4,0.6666666666666666,0.018957345971563982,"( not ( ( always ( x_4 <= 11251.0 ) ) or ( eventually ( x_5 >= 45650.54 ) ) ) ) and ( not ( always[4,inf] ( ( x_0 >= 4746.18 ) or ( x_4 <= 1522.9 ) ) ) )"
29,6,6,5,3,"[[2636, -1.0, 1.8533506393432617], [5071, -1.0, 0.09996989369392395], [6513, 1.0, 0.08128520846366882]]",0.9274645677596903,16,13,21,21,1.0,0.1111111111111111,29,27,0.9310344827586207,0.12796208530805686,"( ( not ( always ( ( x_5 <= 655.16 ) or ( x_5 >= 1561.02 ) ) ) ) and ( not ( eventually[17,inf] ( x_1 >= 119.24 ) ) ) ) and ( eventually ( always[1,11] ( x_2 >= -1.32 ) ) )"
30,6,6,5,3,"[[2636, -1.0, 1.4518537521362305], [6670, 1.0, 0.1277111917734146], [8090, 1.0, 0.12439229339361191]]",0.9464018553882751,16,16,29,29,1.0,0.15343915343915343,18,15,0.8333333333333334,0.07109004739336493,"( ( not ( always ( ( x_5 <= 551.69 ) or ( x_5 >= 1664.49 ) ) ) ) and ( always ( ( x_0 <= 61.55 ) or ( x_5 >= 1191.79 ) ) ) ) and ( ( always[27,inf] ( x_4 >= -12.45 ) ) and ( eventually[28,30] ( x_4 <= 16245.67 ) ) )"
31,6,6,5,3,"[[2636, -1.0, 1.8533506393432617], [5071, -1.0, 0.09996989369392395], [559, 1.0, 0.159471794962883]]",0.935950766939138,18,10,24,24,1.0,0.12698412698412698,33,28,0.8484848484848485,0.13270142180094788,"( ( not ( always ( x_5 <= 655.16 ) ) ) and ( not ( eventually[17,inf] ( x_1 >= 119.24 ) ) ) ) and ( always[27,inf] ( x_5 <= 43.39 ) )"
32,6,6,5,2,"[[5264, -1.0, 7.281490325927734], [3226, -1.0, 1.474369764328003]]",0.7850963161535156,12,12,6,6,1.0,0.031746031746031744,6,4,0.6666666666666666,0.018957345971563982,"( not ( ( always ( x_4 <= 11251.0 ) ) or ( eventually ( x_5 >= 45650.54 ) ) ) ) and ( not ( always[4,inf] ( ( x_0 >= 4746.18 ) or ( x_4 <= 1522.9 ) ) ) )"
33,6,53,4,2,"[[9569, -1.0, 0.24490195512771606], [2415, 1.0, 0.02317224256694317]]",0.1798725498203424,12,9,5,2,0.4,0.11764705882352941,2,1,0.5,0.058823529411764705,"( not ( ( eventually ( x_5 >= -38.49 ) ) and ( always[16,inf] ( x_4 <= 37985.45 ) ) ) ) and ( always[1,4] ( x_1 >= -88.05 ) )"
34,15,15,0,2,"[[6670, -1.0, 0.480484277009964], [2636, 1.0, 0.31807345151901245]]",0.9163861567630498,10,6,18,18,1.0,0.07792207792207792,33,30,0.9090909090909091,0.11450381679389313,( not ( always ( x_0 <= 199.11 ) ) ) and ( always ( x_5 <= 95.56 ) )
35,15,42,2,3,"[[7825, -1.0, 0.25154340267181396], [2636, 1.0, 0.33267396688461304], [9226, -1.0, 0.272696852684021]]",0.9880678139844046,18,10,137,136,0.9927007299270073,0.10156833457804332,124,121,0.9758064516129032,0.09293394777265745,"( ( not ( eventually ( x_2 <= -6.08 ) ) ) and ( always ( x_5 <= 91.8 ) ) ) and ( not ( eventually[29,inf] ( x_2 >= 1.1734 ) ) )"
36,15,15,0,3,"[[6670, -1.0, 0.47197315096855164], [2636, 1.0, 0.24635553359985352], [1183, 1.0, 0.047111816704273224]]",0.9511813763534412,15,9,32,32,1.0,0.13852813852813853,38,37,0.9736842105263158,0.14122137404580154,"( ( not ( always ( x_0 <= 197.19 ) ) ) and ( always ( x_5 <= 114.04 ) ) ) and ( always[8,27] ( x_1 >= -67.25 ) )"
37,15,15,0,3,"[[6670, -1.0, 0.5975147485733032], [2979, 1.0, 0.029424820095300674], [2415, 1.0, 0.008981136605143547]]",0.9651042199119716,17,12,94,93,0.9893617021276596,0.4025974025974026,102,97,0.9509803921568627,0.3702290076335878,"( ( not ( always ( x_0 <= 225.58 ) ) ) and ( always[4,33] ( x_5 <= 332.92 ) ) ) and ( ( always[1,4] ( x_1 >= -97.2 ) ) and ( always[2,32] ( x_0 >= -405.94 ) ) )"
38,15,15,0,2,"[[6670, -1.0, 0.47197315096855164], [2636, 1.0, 0.31807345151901245]]",0.9163861567630498,10,6,18,18,1.0,0.07792207792207792,34,30,0.8823529411764706,0.11450381679389313,( not ( always ( x_0 <= 197.19 ) ) ) and ( always ( x_5 <= 95.56 ) )
39,15,15,0,3,"[[6670, -1.0, 0.012551352381706238], [3226, 1.0, 0.1431751251220703], [1462, 1.0, 0.20364651083946228]]",0.9426592784751422,16,9,27,27,1.0,0.11688311688311688,34,31,0.9117647058823529,0.1183206106870229,"( ( not ( always ( x_0 <= 93.27 ) ) ) and ( always[4,inf] ( x_4 <= 178.29 ) ) ) and ( always[11,inf] ( x_0 >= -12.81 ) )"
40,15,42,2,3,"[[2979, 1.0, 0.14752092957496643], [5500, -1.0, 0.23551571369171143], [6670, 1.0, 0.011871324852108955]]",0.9959006472604219,17,9,399,399,1.0,0.29798356982823004,371,364,0.9811320754716981,0.27956989247311825,"( ( always[4,33] ( x_5 <= 43.75 ) ) and ( not ( eventually[0,31] ( x_2 <= -12.066 ) ) ) ) and ( always ( x_0 <= 87.75 ) )"
41,15,95,13,3,"[[3990, 1.0, 0.26015329360961914], [333, -1.0, 0.16167879104614258], [954, 1.0, 0.11546984314918518]]",0.5053991372389266,15,10,54,32,0.5925925925925926,0.24060150375939848,50,26,0.52,0.22033898305084745,"( ( eventually ( x_3 >= 309.49 ) ) and ( not ( eventually ( x_5 <= -67.67 ) ) ) ) and ( eventually[19,inf] ( always[1,8] ( x_2 >= 0.8 ) ) )"
42,15,15,0,3,"[[6670, -1.0, 0.5544291138648987], [76, -1.0, 0.10385030508041382], [8982, -1.0, 0.07639402896165848]]",0.8867311499080545,18,16,64,60,0.9375,0.2597402597402597,73,68,0.9315068493150684,0.2595419847328244,"( ( not ( always ( ( x_0 <= 215.84 ) or ( x_5 >= 1037.5 ) ) ) ) and ( not ( eventually[1,26] ( x_2 <= -62.13 ) ) ) ) and ( not ( ( eventually ( x_0 <= -873.79 ) ) or ( always[16,18] ( x_0 >= -7.29 ) ) ) )"
43,15,15,0,3,"[[6670, -1.0, 0.01045406237244606], [2636, 1.0, 0.20291781425476074], [1949, -1.0, 0.16541387140750885]]",0.9749799663741175,15,11,64,64,1.0,0.27705627705627706,51,51,1.0,0.1946564885496183,"( ( not ( always ( x_0 <= 92.8 ) ) ) and ( always ( x_5 <= 125.24 ) ) ) and ( not ( always[9,inf] ( eventually[6,18] ( x_2 <= -6.28 ) ) ) )"
44,15,15,0,3,"[[6670, -1.0, 0.5698592662811279], [2979, 1.0, 0.029424820095300674], [9226, -1.0, 0.2191375195980072]]",0.9749799663741175,18,10,64,64,1.0,0.27705627705627706,79,75,0.9493670886075949,0.2862595419847328,"( ( not ( always ( x_0 <= 219.33 ) ) ) and ( always[4,33] ( x_5 <= 332.92 ) ) ) and ( not ( eventually[29,inf] ( x_2 >= 22.38 ) ) )"
45,15,15,0,3,"[[6670, -1.0, 0.5698592662811279], [2979, 1.0, 0.029424820095300674], [9226, -1.0, 0.2191375195980072]]",0.9749799663741175,18,10,64,64,1.0,0.27705627705627706,79,75,0.9493670886075949,0.2862595419847328,"( ( not ( always ( x_0 <= 219.33 ) ) ) and ( always[4,33] ( x_5 <= 332.92 ) ) ) and ( not ( eventually[29,inf] ( x_2 >= 22.38 ) ) )"
46,15,15,0,2,"[[6670, -1.0, 0.47197315096855164], [2636, 1.0, 0.31807345151901245]]",0.9163861567630498,10,6,18,18,1.0,0.07792207792207792,34,30,0.8823529411764706,0.11450381679389313,( not ( always ( x_0 <= 197.19 ) ) ) and ( always ( x_5 <= 95.56 ) )
47,15,15,0,3,"[[4869, 1.0, 0.31867194175720215], [7825, -1.0, 0.23971614241600037], [9114, 1.0, 0.015462713316082954]]",0.5118810290233851,17,15,25,16,0.64,0.06926406926406926,28,12,0.42857142857142855,0.04580152671755725,"( ( ( always ( x_1 >= -1.17 ) ) or ( eventually[10,14] ( x_0 <= -594.8 ) ) ) and ( not ( ( eventually ( x_2 <= -12.49 ) ) and ( always[1,9] ( x_0 <= 3078.2 ) ) ) ) ) and ( always[4,5] ( x_0 >= 2.46 ) )"
48,15,42,2,3,"[[6670, 1.0, 0.25875669717788696], [7825, -1.0, 0.23246142268180847], [3990, -1.0, 0.4941052496433258]]",0.9793781334721556,18,10,78,78,1.0,0.05825242718446602,66,64,0.9696969696969697,0.04915514592933948,( ( always ( x_0 <= 31.91 ) ) and ( not ( eventually ( x_2 <= -16.42 ) ) ) ) and ( not ( eventually ( x_3 >= 7.68 ) ) )
49,15,15,0,3,"[[6670, -1.0, 0.5975147485733032], [2979, 1.0, 0.029424820095300674], [2415, 1.0, 0.008981136605143547]]",0.9651042199119716,17,12,94,93,0.9893617021276596,0.4025974025974026,102,97,0.9509803921568627,0.3702290076335878,"( ( not ( always ( x_0 <= 225.58 ) ) ) and ( always[4,33] ( x_5 <= 332.92 ) ) ) and ( ( always[1,4] ( x_1 >= -97.2 ) ) and ( always[2,32] ( x_0 >= -405.94 ) ) )"
50,15,15,0,3,"[[6670, -1.0, 0.2761329710483551], [2636, 1.0, 0.020712781697511673], [707, 1.0, 0.08993542194366455]]",0.9767508605316981,15,9,69,69,1.0,0.2987012987012987,65,65,1.0,0.2480916030534351,"( ( not ( always ( x_0 <= 152.89 ) ) ) and ( always ( x_5 <= 172.19 ) ) ) and ( always[24,26] ( x_2 >= -7.47 ) )"
51,15,15,0,3,"[[6670, -1.0, 0.39250069856643677], [2636, 1.0, 0.003990222699940205], [707, 1.0, 0.08993542194366455]]",0.9724629605837316,15,9,58,58,1.0,0.2510822510822511,55,54,0.9818181818181818,0.20610687022900764,"( ( not ( always ( x_0 <= 179.21 ) ) ) and ( always ( x_5 <= 176.5 ) ) ) and ( always[24,26] ( x_2 >= -7.47 ) )"
52,15,42,2,3,"[[7825, -1.0, 0.252818763256073], [2636, 1.0, 0.26762157678604126], [9736, 1.0, 0.17203958332538605]]",0.9939090641123745,16,9,268,268,1.0,0.20014936519790888,199,194,0.9748743718592965,0.1490015360983103,"( ( not ( eventually ( x_2 <= -5.39 ) ) ) and ( always ( x_5 <= 108.56 ) ) ) and ( always[28,31] ( x_5 <= 6.75 ) )"
53,15,42,2,3,"[[7825, -1.0, 0.24702578783035278], [2979, 1.0, 0.1377944052219391], [954, 1.0, 0.11599141359329224]]",0.9791159101265204,16,10,77,77,1.0,0.05750560119492158,84,80,0.9523809523809523,0.06144393241167435,"( ( not ( eventually ( x_2 <= -8.53 ) ) ) and ( always[4,33] ( x_5 <= 67.57 ) ) ) and ( eventually[19,inf] ( always[1,8] ( x_2 >= 1.07 ) ) )"
54,15,15,0,3,"[[6670, -1.0, 0.5698592662811279], [2979, 1.0, 0.029424820095300674], [9226, -1.0, 0.2191375195980072]]",0.9749799663741175,18,10,64,64,1.0,0.27705627705627706,79,75,0.9493670886075949,0.2862595419847328,"( ( not ( always ( x_0 <= 219.33 ) ) ) and ( always[4,33] ( x_5 <= 332.92 ) ) ) and ( not ( eventually[29,inf] ( x_2 >= 22.38 ) ) )"
55,15,15,0,3,"[[6670, -1.0, 0.5750317573547363], [2979, 1.0, 0.03554437309503555], [9226, -1.0, 0.2191375195980072]]",0.9749799663741175,18,10,64,64,1.0,0.27705627705627706,78,74,0.9487179487179487,0.2824427480916031,"( ( not ( always ( x_0 <= 220.5 ) ) ) and ( always[4,33] ( x_5 <= 317.94 ) ) ) and ( not ( eventually[29,inf] ( x_2 >= 22.38 ) ) )"
56,15,15,0,3,"[[6670, -1.0, 0.5698592662811279], [2979, 1.0, 0.029424820095300674], [9226, -1.0, 0.2191375195980072]]",0.9749799663741175,18,10,64,64,1.0,0.27705627705627706,79,75,0.9493670886075949,0.2862595419847328,"( ( not ( always ( x_0 <= 219.33 ) ) ) and ( always[4,33] ( x_5 <= 332.92 ) ) ) and ( not ( eventually[29,inf] ( x_2 >= 22.38 ) ) )"
57,15,53,4,3,"[[333, 1.0, 0.14783626794815063], [2268, 1.0, 0.18863385915756226], [2636, 1.0, 0.36649420857429504]]",0.40940130682725634,15,13,6,4,0.6666666666666666,0.23529411764705882,9,3,0.3333333333333333,0.17647058823529413,"( ( eventually ( x_5 <= -149.81 ) ) and ( ( always[10,24] ( x_5 <= -987.37 ) ) or ( always[8,20] ( x_2 >= -10.35 ) ) ) ) and ( always ( ( x_5 <= 83.08 ) or ( x_5 >= 2133.1 ) ) )"
58,15,6,5,3,"[[7339, 1.0, 0.001719433581456542], [3990, -1.0, 0.2578689455986023], [1949, -1.0, 0.0837462991476059]]",0.9305325943024827,17,11,22,22,1.0,0.1164021164021164,19,16,0.8421052631578947,0.07582938388625593,"( ( eventually[7,27] ( x_5 >= 317.7 ) ) and ( not ( eventually ( x_3 >= 102.21 ) ) ) ) and ( not ( always[9,inf] ( eventually[6,18] ( x_2 <= -55.73 ) ) ) )"
59,15,62,6,3,"[[2636, -1.0, 0.012482235208153725], [9569, -1.0, 0.08529147505760193], [3990, -1.0, 0.39553070068359375]]",0.8099625940446661,19,11,7,7,1.0,0.1,11,5,0.45454545454545453,0.05747126436781609,( ( not ( always ( x_5 <= 180.75 ) ) ) and ( not ( eventually ( x_5 >= 193.35 ) ) ) ) and ( not ( eventually ( x_3 >= 47.12 ) ) )
60,15,15,0,3,"[[6670, -1.0, 0.1393180638551712], [5264, 1.0, 0.1010252833366394], [1949, -1.0, 0.16115640103816986]]",0.9433977925602869,16,11,83,81,0.9759036144578314,0.35064935064935066,83,80,0.963855421686747,0.3053435114503817,"( ( not ( always ( x_0 <= 121.95 ) ) ) and ( always ( x_4 <= 205.59 ) ) ) and ( not ( always[9,inf] ( eventually[6,18] ( x_2 <= -8.86 ) ) ) )"
61,15,42,2,3,"[[7825, -1.0, 0.25363022089004517], [2636, 1.0, 0.34885841608047485], [707, 1.0, 0.10373548418283463]]",0.9876180261218074,16,9,131,131,1.0,0.09783420463032114,144,138,0.9583333333333334,0.10599078341013825,"( ( not ( eventually ( x_2 <= -4.95 ) ) ) and ( always ( x_5 <= 87.63 ) ) ) and ( always[24,26] ( x_2 >= 0.13 ) )"
62,15,15,0,3,"[[6670, -1.0, 0.5698592662811279], [2979, 1.0, 0.029424820095300674], [9226, -1.0, 0.2191375195980072]]",0.9749799663741175,18,10,64,64,1.0,0.27705627705627706,79,75,0.9493670886075949,0.2862595419847328,"( ( not ( always ( x_0 <= 219.33 ) ) ) and ( always[4,33] ( x_5 <= 332.92 ) ) ) and ( not ( eventually[29,inf] ( x_2 >= 22.38 ) ) )"
63,15,15,0,3,"[[6670, -1.0, 0.5698592662811279], [2979, 1.0, 0.029424820095300674], [9226, -1.0, 0.2191375195980072]]",0.9749799663741175,18,10,64,64,1.0,0.27705627705627706,79,75,0.9493670886075949,0.2862595419847328,"( ( not ( always ( x_0 <= 219.33 ) ) ) and ( always[4,33] ( x_5 <= 332.92 ) ) ) and ( not ( eventually[29,inf] ( x_2 >= 22.38 ) ) )"
64,15,15,0,3,"[[6670, -1.0, 0.47197315096855164], [2636, 1.0, 0.24635553359985352], [1183, 1.0, 0.047111816704273224]]",0.9511813763534412,15,9,32,32,1.0,0.13852813852813853,38,37,0.9736842105263158,0.14122137404580154,"( ( not ( always ( x_0 <= 197.19 ) ) ) and ( always ( x_5 <= 114.04 ) ) ) and ( always[8,27] ( x_1 >= -67.25 ) )"
65,15,42,2,3,"[[7825, -1.0, 0.24311518669128418], [6670, 1.0, 0.35265326499938965], [5264, 1.0, 0.1798619031906128]]",0.991901092527122,17,9,411,410,0.9975669099756691,0.3061986557132188,416,407,0.9783653846153846,0.31259600614439326,( ( not ( eventually ( x_2 <= -10.65 ) ) ) and ( always ( x_0 <= 10.67 ) ) ) and ( always ( x_4 <= 87.64 ) )
66,15,88,10,3,"[[83, 1.0, 0.07178211957216263], [3990, -1.0, 0.41631650924682617], [2415, 1.0, 0.10045696794986725]]",0.749964781277932,17,11,52,43,0.8269230769230769,0.28289473684210525,47,27,0.574468085106383,0.17532467532467533,"( ( always[29,inf] ( ( x_0 >= 35.52 ) or ( x_1 <= -0.86 ) ) ) and ( not ( eventually ( x_3 >= 38.8 ) ) ) ) and ( always[1,4] ( x_1 >= -38.22 ) )"
67,15,53,4,3,"[[333, 1.0, 0.2175242006778717], [76, -1.0, 0.18239417672157288], [2636, 1.0, 0.292006254196167]]",0.40940130682725634,15,11,6,4,0.6666666666666666,0.23529411764705882,4,2,0.5,0.11764705882352941,"( ( eventually ( x_5 <= -168.31 ) ) and ( not ( eventually[1,26] ( ( x_4 >= -793.26 ) and ( x_2 <= -26.39 ) ) ) ) ) and ( always ( x_5 <= 102.28 ) )"
68,15,15,0,3,"[[6670, -1.0, 0.5975147485733032], [2979, 1.0, 0.029424820095300674], [2415, 1.0, 0.008981136605143547]]",0.9651042199119716,17,12,94,93,0.9893617021276596,0.4025974025974026,102,97,0.9509803921568627,0.3702290076335878,"( ( not ( always ( x_0 <= 225.58 ) ) ) and ( always[4,33] ( x_5 <= 332.92 ) ) ) and ( ( always[1,4] ( x_1 >= -97.2 ) ) and ( always[2,32] ( x_0 >= -405.94 ) ) )"
69,15,15,0,3,"[[6670, -1.0, 0.09428733587265015], [5264, 1.0, 0.07489495724439621], [2415, 1.0, 0.1570199579000473]]",0.9779967554888438,17,12,73,73,1.0,0.31601731601731603,79,70,0.8860759493670886,0.26717557251908397,"( ( not ( always ( x_0 <= 111.76 ) ) ) and ( always ( x_4 <= 244.69 ) ) ) and ( ( always[1,4] ( x_1 >= -1.74 ) ) and ( always[2,32] ( x_0 >= -310.49 ) ) )"
70,15,95,13,3,"[[636, -1.0, 0.30140775442123413], [5071, -1.0, 0.009656567126512527], [3990, 1.0, 0.04669180139899254]]",0.8456759411873505,19,13,9,9,1.0,0.06766917293233082,9,5,0.5555555555555556,0.0423728813559322,"( ( not ( ( always[7,10] ( x_5 >= 2814.59 ) ) or ( eventually[26,29] ( x_4 <= 132.15 ) ) ) ) and ( not ( eventually[17,inf] ( x_1 >= 186.69 ) ) ) ) and ( eventually ( x_3 >= 224.07 ) )"
71,15,15,0,3,"[[6670, -1.0, 0.5975147485733032], [2979, 1.0, 0.029424820095300674], [2415, 1.0, 0.008981136605143547]]",0.9651042199119716,17,12,94,93,0.9893617021276596,0.4025974025974026,102,97,0.9509803921568627,0.3702290076335878,"( ( not ( always ( x_0 <= 225.58 ) ) ) and ( always[4,33] ( x_5 <= 332.92 ) ) ) and ( ( always[1,4] ( x_1 >= -97.2 ) ) and ( always[2,32] ( x_0 >= -405.94 ) ) )"
72,15,15,0,2,"[[6670, -1.0, 0.47197315096855164], [2636, 1.0, 0.31807345151901245]]",0.9163861567630498,10,6,18,18,1.0,0.07792207792207792,34,30,0.8823529411764706,0.11450381679389313,( not ( always ( x_0 <= 197.19 ) ) ) and ( always ( x_5 <= 95.56 ) )
73,15,42,2,3,"[[7825, -1.0, 0.24828489124774933], [2636, 1.0, 0.3395971655845642], [6670, 1.0, 0.34681904315948486]]",0.9962038521599509,16,9,431,431,1.0,0.321882001493652,423,421,0.9952718676122931,0.32334869431643626,( ( not ( eventually ( x_2 <= -7.84 ) ) ) and ( always ( x_5 <= 90.0153 ) ) ) and ( always ( x_0 <= 11.99 ) )
74,15,6,5,3,"[[2636, -1.0, 1.8533506393432617], [5071, -1.0, 0.09996989369392395], [559, 1.0, 0.159471794962883]]",0.935950766939138,18,10,24,24,1.0,0.12698412698412698,33,28,0.8484848484848485,0.13270142180094788,"( ( not ( always ( x_5 <= 655.16 ) ) ) and ( not ( eventually[17,inf] ( x_1 >= 119.24 ) ) ) ) and ( always[27,inf] ( x_5 <= 43.39 ) )"
75,15,15,0,2,"[[6670, -1.0, 0.47197315096855164], [2636, 1.0, 0.31807345151901245]]",0.9163861567630498,10,6,18,18,1.0,0.07792207792207792,34,30,0.8823529411764706,0.11450381679389313,( not ( always ( x_0 <= 197.19 ) ) ) and ( always ( x_5 <= 95.56 ) )
76,15,42,2,3,"[[1462, 1.0, 0.2583308517932892], [2636, 1.0, 0.0], [3390, 1.0, 0.2716941237449646]]",0.9868189145970058,16,11,363,361,0.9944903581267218,0.26960418222554144,347,339,0.9769452449567724,0.26036866359447003,"( ( ( always[12,28] ( x_3 <= -956.18 ) ) or ( always[11,inf] ( x_0 >= -4.46 ) ) ) and ( always ( x_5 <= 177.53 ) ) ) and ( always[12,inf] ( x_1 <= 9.58 ) )"
77,15,15,0,3,"[[6670, -1.0, 0.1393180638551712], [5264, 1.0, 0.1010252833366394], [1949, -1.0, 0.16115640103816986]]",0.9433977925602869,16,11,83,81,0.9759036144578314,0.35064935064935066,83,80,0.963855421686747,0.3053435114503817,"( ( not ( always ( x_0 <= 121.95 ) ) ) and ( always ( x_4 <= 205.59 ) ) ) and ( not ( always[9,inf] ( eventually[6,18] ( x_2 <= -8.86 ) ) ) )"
78,15,42,2,3,"[[7825, -1.0, 0.25535857677459717], [2636, 1.0, 0.34885841608047485], [6670, 1.0, 0.011871324852108955]]",0.9923809673417401,16,9,437,436,0.9977116704805492,0.32561613144137413,395,394,0.9974683544303797,0.30261136712749614,( ( not ( eventually ( x_2 <= -4.01 ) ) ) and ( always ( x_5 <= 87.63 ) ) ) and ( always ( x_0 <= 87.75 ) )
79,15,42,2,3,"[[7825, -1.0, 0.230026975274086], [2636, 1.0, 0.33302634954452515], [1462, 1.0, 0.2381436824798584]]",0.988992377618764,17,9,560,557,0.9946428571428572,0.41598207617625094,543,535,0.9852670349907919,0.4109062980030722,"( ( not ( eventually ( x_2 <= -17.74 ) ) ) and ( always ( x_5 <= 91.71 ) ) ) and ( always[11,inf] ( x_0 >= -7.54 ) )"
80,15,42,2,3,"[[7825, -1.0, 0.25100573897361755], [2636, 1.0, 0.15394757688045502], [6670, 1.0, 0.3049207925796509]]",0.9852666071964886,16,9,595,590,0.9915966386554622,0.4406273338312173,558,552,0.989247311827957,0.423963133640553,( ( not ( eventually ( x_2 <= -6.37 ) ) ) and ( always ( x_5 <= 137.86 ) ) ) and ( always ( x_0 <= 21.47 ) )
81,15,15,0,3,"[[6670, -1.0, 0.47197315096855164], [2979, 1.0, 0.0580962598323822], [9226, -1.0, 0.2191375195980072]]",0.9753554036817684,18,10,65,65,1.0,0.2813852813852814,87,81,0.9310344827586207,0.30916030534351147,"( ( not ( always ( x_0 <= 197.19 ) ) ) and ( always[4,33] ( x_5 <= 262.72 ) ) ) and ( not ( eventually[29,inf] ( x_2 >= 22.38 ) ) )"
82,15,15,0,3,"[[6670, -1.0, 0.5975147485733032], [2979, 1.0, 0.029424820095300674], [2415, 1.0, 0.008981136605143547]]",0.9651042199119716,17,12,94,93,0.9893617021276596,0.4025974025974026,102,97,0.9509803921568627,0.3702290076335878,"( ( not ( always ( x_0 <= 225.58 ) ) ) and ( always[4,33] ( x_5 <= 332.92 ) ) ) and ( ( always[1,4] ( x_1 >= -97.2 ) ) and ( always[2,32] ( x_0 >= -405.94 ) ) )"
83,15,42,2,3,"[[76, -1.0, 0.22690711915493011], [3226, 1.0, 0.30380648374557495], [4869, 1.0, 0.30851995944976807]]",0.9898394562620587,16,9,160,160,1.0,0.11949215832710978,134,131,0.9776119402985075,0.10061443932411675,"( ( not ( eventually[1,26] ( x_2 <= -6.13 ) ) ) and ( always[4,inf] ( x_4 <= 44.76 ) ) ) and ( always ( x_1 >= -2.6431 ) )"
84,15,15,0,3,"[[6670, -1.0, 0.01045406237244606], [2636, 1.0, 0.20291781425476074], [1949, -1.0, 0.16541387140750885]]",0.9749799663741175,15,11,64,64,1.0,0.27705627705627706,51,51,1.0,0.1946564885496183,"( ( not ( always ( x_0 <= 92.8 ) ) ) and ( always ( x_5 <= 125.24 ) ) ) and ( not ( always[9,inf] ( eventually[6,18] ( x_2 <= -6.28 ) ) ) )"
85,15,42,2,3,"[[7825, -1.0, 0.25242066383361816], [2636, 1.0, 0.33315521478652954], [1462, 1.0, 0.2381436824798584]]",0.9898500748831542,17,9,472,470,0.9957627118644068,0.351008215085885,449,445,0.9910913140311804,0.34178187403993854,"( ( not ( eventually ( x_2 <= -5.6 ) ) ) and ( always ( x_5 <= 91.68 ) ) ) and ( always[11,inf] ( x_0 >= -7.54 ) )"
86,15,15,0,2,"[[6670, -1.0, 0.47197315096855164], [2636, 1.0, 0.31807345151901245]]",0.9163861567630498,10,6,18,18,1.0,0.07792207792207792,34,30,0.8823529411764706,0.11450381679389313,( not ( always ( x_0 <= 197.19 ) ) ) and ( always ( x_5 <= 95.56 ) )
87,15,15,0,2,"[[6670, -1.0, 0.47197315096855164], [2636, 1.0, 0.31807345151901245]]",0.9163861567630498,10,6,18,18,1.0,0.07792207792207792,34,30,0.8823529411764706,0.11450381679389313,( not ( always ( x_0 <= 197.19 ) ) ) and ( always ( x_5 <= 95.56 ) )
88,15,15,0,3,"[[6670, -1.0, 0.6171448230743408], [7339, -1.0, 0.0002514902735128999], [333, -1.0, 0.14678987860679626]]",0.9534418185079542,18,13,70,69,0.9857142857142858,0.2987012987012987,72,68,0.9444444444444444,0.2595419847328244,"( ( not ( always ( ( x_0 <= 230.02 ) or ( x_5 >= 1023.32 ) ) ) ) and ( not ( eventually[7,27] ( x_5 >= 313.85 ) ) ) ) and ( not ( eventually ( x_5 <= -71.62 ) ) )"
89,15,15,0,3,"[[6670, -1.0, 0.5698592662811279], [2979, 1.0, 0.029424820095300674], [9226, -1.0, 0.2191375195980072]]",0.9749799663741175,18,10,64,64,1.0,0.27705627705627706,79,75,0.9493670886075949,0.2862595419847328,"( ( not ( always ( x_0 <= 219.33 ) ) ) and ( always[4,33] ( x_5 <= 332.92 ) ) ) and ( not ( eventually[29,inf] ( x_2 >= 22.38 ) ) )"
90,15,15,0,3,"[[6670, -1.0, 0.025047654286026955], [3226, 1.0, 0.3135284185409546], [2415, 1.0, 0.013140024617314339]]",0.9333516167118984,16,9,23,23,1.0,0.09956709956709957,31,27,0.8709677419354839,0.10305343511450382,"( ( not ( always ( x_0 <= 96.1 ) ) ) and ( always[4,inf] ( x_4 <= 36.68 ) ) ) and ( always[2,32] ( x_0 >= -403.26 ) )"
91,15,15,0,3,"[[6670, -1.0, 0.025047654286026955], [3226, 1.0, 0.3111036717891693], [7825, -1.0, 0.13269048929214478]]",0.9383548031583888,17,10,25,25,1.0,0.10822510822510822,29,28,0.9655172413793104,0.10687022900763359,"( ( not ( always ( x_0 <= 96.1 ) ) ) and ( always[4,inf] ( x_4 <= 38.7 ) ) ) and ( not ( eventually ( x_2 <= -70.51 ) ) )"
92,15,42,2,3,"[[7825, -1.0, 0.2500096261501312], [2636, 1.0, 0.48685264587402344], [6670, 1.0, 0.011871324852108955]]",0.9955926257239869,16,9,371,371,1.0,0.2770724421209858,332,332,1.0,0.25499231950844853,( ( not ( eventually ( x_2 <= -6.91 ) ) ) and ( always ( x_5 <= 52.07 ) ) ) and ( always ( x_0 <= 87.75 ) )
93,15,15,0,3,"[[6670, -1.0, 0.012551352381706238], [3226, 1.0, 0.1431751251220703], [1462, 1.0, 0.20364651083946228]]",0.9426592784751422,16,9,27,27,1.0,0.11688311688311688,34,31,0.9117647058823529,0.1183206106870229,"( ( not ( always ( x_0 <= 93.27 ) ) ) and ( always[4,inf] ( x_4 <= 178.29 ) ) ) and ( always[11,inf] ( x_0 >= -12.81 ) )"
94,15,15,0,3,"[[6670, -1.0, 0.47197315096855164], [2636, 1.0, 0.24635553359985352], [1183, 1.0, 0.047111816704273224]]",0.9511813763534412,15,9,32,32,1.0,0.13852813852813853,38,37,0.9736842105263158,0.14122137404580154,"( ( not ( always ( x_0 <= 197.19 ) ) ) and ( always ( x_5 <= 114.04 ) ) ) and ( always[8,27] ( x_1 >= -67.25 ) )"
95,15,42,2,3,"[[7825, -1.0, 0.2550712823867798], [2636, 1.0, 0.3840921223163605], [6670, 1.0, 0.011871324852108955]]",0.9920361369221512,16,9,418,417,0.9976076555023924,0.31142643764002986,383,383,1.0,0.2941628264208909,( ( not ( eventually ( x_2 <= -4.17 ) ) ) and ( always ( x_5 <= 78.55 ) ) ) and ( always ( x_0 <= 87.75 ) )
96,15,15,0,3,"[[6670, -1.0, 0.39250069856643677], [2636, 1.0, 0.003990222699940205], [707, 1.0, 0.08993542194366455]]",0.9724629605837316,15,9,58,58,1.0,0.2510822510822511,55,54,0.9818181818181818,0.20610687022900764,"( ( not ( always ( x_0 <= 179.21 ) ) ) and ( always ( x_5 <= 176.5 ) ) ) and ( always[24,26] ( x_2 >= -7.47 ) )"
97,15,95,13,3,"[[559, -1.0, 0.0], [7008, -1.0, 0.2071055769920349], [2636, -1.0, 0.33918410539627075]]",0.700808017619278,19,11,35,28,0.8,0.21052631578947367,33,17,0.5151515151515151,0.1440677966101695,"( ( not ( always[27,inf] ( x_5 <= 79.26 ) ) ) and ( not ( eventually[7,25] ( x_4 >= 25.33 ) ) ) ) and ( not ( always ( x_5 <= 264.94 ) ) )"
98,15,15,0,3,"[[6670, -1.0, 0.025047654286026955], [2636, 1.0, 0.11663728952407837], [333, -1.0, 0.16603270173072815]]",0.974592913239819,16,10,63,63,1.0,0.2727272727272727,66,64,0.9696969696969697,0.24427480916030533,( ( not ( always ( x_0 <= 96.1 ) ) ) and ( always ( x_5 <= 147.47 ) ) ) and ( not ( eventually ( x_5 <= -66.51 ) ) )
99,15,15,0,3,"[[6670, -1.0, 0.47197315096855164], [2636, 1.0, 0.24635553359985352], [1183, 1.0, 0.047111816704273224]]",0.9511813763534412,15,9,32,32,1.0,0.13852813852813853,38,37,0.9736842105263158,0.14122137404580154,"( ( not ( always ( x_0 <= 197.19 ) ) ) and ( always ( x_5 <= 114.04 ) ) ) and ( always[8,27] ( x_1 >= -67.25 ) )"
100,15,95,13,3,"[[954, 1.0, 0.24699518084526062], [6844, -1.0, 0.18188604712486267], [1462, 1.0, 0.219174325466156]]",0.8878341470731327,15,10,13,13,1.0,0.09774436090225563,5,4,0.8,0.03389830508474576,"( ( eventually[19,inf] ( always[1,8] ( x_2 >= 68.89 ) ) ) and ( not ( eventually[2,7] ( x_2 >= 2.89 ) ) ) ) and ( always[11,inf] ( x_0 >= -10.44 ) )"
101,15,15,0,3,"[[6670, -1.0, 0.5698592662811279], [2979, 1.0, 0.029424820095300674], [9226, -1.0, 0.2191375195980072]]",0.9749799663741175,18,10,64,64,1.0,0.27705627705627706,79,75,0.9493670886075949,0.2862595419847328,"( ( not ( always ( x_0 <= 219.33 ) ) ) and ( always[4,33] ( x_5 <= 332.92 ) ) ) and ( not ( eventually[29,inf] ( x_2 >= 22.38 ) ) )"
102,15,42,2,3,"[[7825, -1.0, 0.2532997131347656], [2636, 1.0, 0.3840921223163605], [6670, 1.0, 0.011871324852108955]]",0.9894494103613496,16,9,454,452,0.9955947136563876,0.33756534727408516,423,422,0.9976359338061466,0.3241167434715822,( ( not ( eventually ( x_2 <= -5.1261 ) ) ) and ( always ( x_5 <= 78.55 ) ) ) and ( always ( x_0 <= 87.75 ) )
103,15,15,0,2,"[[6670, -1.0, 0.47197315096855164], [2636, 1.0, 0.31807345151901245]]",0.9163861567630498,10,6,18,18,1.0,0.07792207792207792,34,30,0.8823529411764706,0.11450381679389313,( not ( always ( x_0 <= 197.19 ) ) ) and ( always ( x_5 <= 95.56 ) )
104,15,15,0,3,"[[6670, -1.0, 0.4549962282180786], [2979, 1.0, 0.0580962598323822], [9226, -1.0, 0.2191375195980072]]",0.9527843391053314,18,10,69,68,0.9855072463768116,0.2943722943722944,88,82,0.9318181818181818,0.31297709923664124,"( ( not ( always ( x_0 <= 193.35 ) ) ) and ( always[4,33] ( x_5 <= 262.72 ) ) ) and ( not ( eventually[29,inf] ( x_2 >= 22.38 ) ) )"
105,15,88,10,3,"[[83, 1.0, 0.05882057547569275], [2636, 1.0, 0.32897549867630005], [8982, 1.0, 0.01665848307311535]]",0.5820584182626695,15,13,27,19,0.7037037037037037,0.125,21,10,0.47619047619047616,0.06493506493506493,"( ( always[29,inf] ( ( x_0 >= 34.13 ) or ( x_1 <= 0.53 ) ) ) and ( always ( x_5 <= 92.75 ) ) ) and ( ( eventually ( x_0 <= -884.92 ) ) or ( always[16,18] ( x_0 >= 3.84 ) ) )"
106,15,42,2,3,"[[7825, -1.0, 0.2506977319717407], [9736, 1.0, 0.17810480296611786], [3390, 1.0, 0.26558804512023926]]",0.9850206234231015,17,9,108,108,1.0,0.08065720687079911,74,65,0.8783783783783784,0.04992319508448541,"( ( not ( eventually ( x_2 <= -6.54 ) ) ) and ( always[28,31] ( x_5 <= 2.61 ) ) ) and ( always[12,inf] ( x_1 <= 14.59 ) )"
107,15,15,0,3,"[[6670, -1.0, 0.2761329710483551], [2636, 1.0, 0.020712781697511673], [707, 1.0, 0.08993542194366455]]",0.9767508605316981,15,9,69,69,1.0,0.2987012987012987,65,65,1.0,0.2480916030534351,"( ( not ( always ( x_0 <= 152.89 ) ) ) and ( always ( x_5 <= 172.19 ) ) ) and ( always[24,26] ( x_2 >= -7.47 ) )"
108,15,15,0,2,"[[6670, -1.0, 0.47197315096855164], [2636, 1.0, 0.31807345151901245]]",0.9163861567630498,10,6,18,18,1.0,0.07792207792207792,34,30,0.8823529411764706,0.11450381679389313,( not ( always ( x_0 <= 197.19 ) ) ) and ( always ( x_5 <= 95.56 ) )
109,15,95,13,3,"[[636, -1.0, 0.24251115322113037], [5071, -1.0, 0.009656567126512527], [559, -1.0, 0.5169373750686646]]",0.8589313179094591,20,14,10,10,1.0,0.07518796992481203,12,7,0.5833333333333334,0.059322033898305086,"( ( not ( ( always[7,10] ( x_5 >= 2856.08 ) ) or ( eventually[26,29] ( x_4 <= 90.67 ) ) ) ) and ( not ( eventually[17,inf] ( x_1 >= 186.69 ) ) ) ) and ( not ( always[27,inf] ( x_5 <= 195.53 ) ) )"
110,15,42,2,3,"[[333, -1.0, 0.2631041705608368], [3990, -1.0, 0.3032550811767578], [6513, 1.0, 0.08197656273841858]]",0.9659099086240995,16,11,365,357,0.9780821917808219,0.2666168782673637,402,381,0.9477611940298507,0.2926267281105991,"( ( not ( eventually ( x_5 <= -40.75 ) ) ) and ( not ( eventually ( x_3 >= 84.04 ) ) ) ) and ( eventually ( always[1,11] ( x_2 >= -0.9193 ) ) )"
111,15,15,0,3,"[[6670, -1.0, 0.5698592662811279], [2979, 1.0, 0.029424820095300674], [9226, -1.0, 0.2191375195980072]]",0.9749799663741175,18,10,64,64,1.0,0.27705627705627706,79,75,0.9493670886075949,0.2862595419847328,"( ( not ( always ( x_0 <= 219.33 ) ) ) and ( always[4,33] ( x_5 <= 332.92 ) ) ) and ( not ( eventually[29,inf] ( x_2 >= 22.38 ) ) )"
112,15,42,2,3,"[[7825, -1.0, 0.2500096261501312], [2636, 1.0, 0.48685264587402344], [6670, 1.0, 0.011871324852108955]]",0.9955926257239869,16,9,371,371,1.0,0.2770724421209858,332,332,1.0,0.25499231950844853,( ( not ( eventually ( x_2 <= -6.91 ) ) ) and ( always ( x_5 <= 52.07 ) ) ) and ( always ( x_0 <= 87.75 ) )
113,15,15,0,3,"[[6670, -1.0, 0.5975147485733032], [2979, 1.0, 0.00922359712421894], [2415, 1.0, 0.008981136605143547]]",0.9518877577185184,17,12,98,96,0.9795918367346939,0.4155844155844156,113,105,0.9292035398230089,0.40076335877862596,"( ( not ( always ( x_0 <= 225.58 ) ) ) and ( always[4,33] ( x_5 <= 382.39 ) ) ) and ( ( always[1,4] ( x_1 >= -97.2 ) ) and ( always[2,32] ( x_0 >= -405.94 ) ) )"
114,15,15,0,3,"[[6670, -1.0, 0.5544291138648987], [7339, -1.0, 0.08903655409812927], [954, 1.0, 0.11064743995666504]]",0.9496858165321587,16,11,31,31,1.0,0.1341991341991342,31,27,0.8709677419354839,0.10305343511450382,"( ( not ( always ( x_0 <= 215.84 ) ) ) and ( not ( eventually[7,27] ( x_5 >= 140.44 ) ) ) ) and ( eventually[19,inf] ( always[1,8] ( x_2 >= -1.6938 ) ) )"
115,15,15,0,3,"[[6670, -1.0, 0.47197315096855164], [2636, 1.0, 0.24635553359985352], [1183, 1.0, 0.047111816704273224]]",0.9511813763534412,15,9,32,32,1.0,0.13852813852813853,38,37,0.9736842105263158,0.14122137404580154,"( ( not ( always ( x_0 <= 197.19 ) ) ) and ( always ( x_5 <= 114.04 ) ) ) and ( always[8,27] ( x_1 >= -67.25 ) )"
116,15,15,0,3,"[[6670, -1.0, 0.08128802478313446], [2636, 1.0, 0.020712781697511673], [1949, -1.0, 0.16541387140750885]]",0.9791159101265204,15,11,77,77,1.0,0.3333333333333333,71,68,0.9577464788732394,0.2595419847328244,"( ( not ( always ( x_0 <= 108.82 ) ) ) and ( always ( x_5 <= 172.19 ) ) ) and ( not ( always[9,inf] ( eventually[6,18] ( x_2 <= -6.28 ) ) ) )"
117,15,42,2,3,"[[1462, 1.0, 0.19670982658863068], [3226, 1.0, 0.3318527936935425], [2415, 1.0, 0.15681853890419006]]",0.9908575333603957,16,8,178,178,1.0,0.13293502613890965,172,165,0.9593023255813954,0.12672811059907835,"( ( always[11,inf] ( x_0 >= -13.87 ) ) and ( always[4,inf] ( x_4 <= 21.45 ) ) ) and ( always[1,4] ( x_1 >= -1.87 ) )"
118,15,15,0,3,"[[6670, -1.0, 0.5698592662811279], [2979, 1.0, 0.029424820095300674], [9226, -1.0, 0.2191375195980072]]",0.9749799663741175,18,10,64,64,1.0,0.27705627705627706,79,75,0.9493670886075949,0.2862595419847328,"( ( not ( always ( x_0 <= 219.33 ) ) ) and ( always[4,33] ( x_5 <= 332.92 ) ) ) and ( not ( eventually[29,inf] ( x_2 >= 22.38 ) ) )"
119,15,53,4,3,"[[333, 1.0, 0.2175242006778717], [76, -1.0, 0.18239417672157288], [2636, 1.0, 0.292006254196167]]",0.40940130682725634,15,11,6,4,0.6666666666666666,0.23529411764705882,4,2,0.5,0.11764705882352941,"( ( eventually ( x_5 <= -168.31 ) ) and ( not ( eventually[1,26] ( ( x_4 >= -793.26 ) and ( x_2 <= -26.39 ) ) ) ) ) and ( always ( x_5 <= 102.28 ) )"
120,15,15,0,3,"[[6670, -1.0, 0.47197315096855164], [2636, 1.0, 0.24635553359985352], [1183, 1.0, 0.047111816704273224]]",0.9511813763534412,15,9,32,32,1.0,0.13852813852813853,38,37,0.9736842105263158,0.14122137404580154,"( ( not ( always ( x_0 <= 197.19 ) ) ) and ( always ( x_5 <= 114.04 ) ) ) and ( always[8,27] ( x_1 >= -67.25 ) )"
121,15,15,0,3,"[[6670, -1.0, 0.08128802478313446], [2636, 1.0, 0.020712781697511673], [1949, -1.0, 0.16541871428489685]]",0.9791159101265204,15,11,77,77,1.0,0.3333333333333333,71,68,0.9577464788732394,0.2595419847328244,"( ( not ( always ( x_0 <= 108.82 ) ) ) and ( always ( x_5 <= 172.19 ) ) ) and ( not ( always[9,inf] ( eventually[6,18] ( x_2 <= -6.28 ) ) ) )"
122,15,15,0,3,"[[6670, -1.0, 0.39250069856643677], [2979, 1.0, 0.0580962598323822], [9226, -1.0, 0.2640555500984192]]",0.9563690006098866,18,13,36,36,1.0,0.15584415584415584,61,57,0.9344262295081968,0.21755725190839695,"( ( not ( always ( x_0 <= 179.21 ) ) ) and ( always[4,33] ( x_5 <= 262.72 ) ) ) and ( not ( ( always[26,28] ( x_0 >= -2355.04 ) ) and ( eventually[29,inf] ( x_2 >= 4.6 ) ) ) )"
123,15,88,10,3,"[[6844, -1.0, 0.18559539318084717], [7825, -1.0, 0.1299290955066681], [8005, -1.0, 0.17616674304008484]]",0.8313344733894761,16,11,18,17,0.9444444444444444,0.1118421052631579,20,13,0.65,0.08441558441558442,"( ( not ( eventually[2,7] ( x_2 >= 0.15 ) ) ) and ( not ( eventually ( x_2 <= -72.01 ) ) ) ) and ( not ( always[21,24] ( x_0 >= -38.97 ) ) )"
124,15,15,0,3,"[[6670, -1.0, 0.5698592662811279], [2979, 1.0, 0.029424820095300674], [9226, -1.0, 0.2191375195980072]]",0.9749799663741175,18,10,64,64,1.0,0.27705627705627706,79,75,0.9493670886075949,0.2862595419847328,"( ( not ( always ( x_0 <= 219.33 ) ) ) and ( always[4,33] ( x_5 <= 332.92 ) ) ) and ( not ( eventually[29,inf] ( x_2 >= 22.38 ) ) )"
125,15,15,0,2,"[[6670, -1.0, 0.47197315096855164], [2636, 1.0, 0.31807345151901245]]",0.9163861567630498,10,6,18,18,1.0,0.07792207792207792,34,30,0.8823529411764706,0.11450381679389313,( not ( always ( x_0 <= 197.19 ) ) ) and ( always ( x_5 <= 95.56 ) )
126,15,15,0,3,"[[6670, -1.0, 0.6171448230743408], [4968, -1.0, 0.18083807826042175], [1949, -1.0, 0.09861518442630768]]",0.9050493914175791,16,12,63,60,0.9523809523809523,0.2597402597402597,53,45,0.8490566037735849,0.1717557251908397,"( ( not ( always ( x_0 <= 230.02 ) ) ) and ( not ( eventually[3,18] ( x_5 >= 68.19 ) ) ) ) and ( not ( always[9,inf] ( eventually[6,18] ( x_2 <= -46.73 ) ) ) )"
127,15,15,0,3,"[[6670, -1.0, 0.5698592662811279], [2979, 1.0, 0.029424820095300674], [9226, -1.0, 0.2191375195980072]]",0.9749799663741175,18,10,64,64,1.0,0.27705627705627706,79,75,0.9493670886075949,0.2862595419847328,"( ( not ( always ( x_0 <= 219.33 ) ) ) and ( always[4,33] ( x_5 <= 332.92 ) ) ) and ( not ( eventually[29,inf] ( x_2 >= 22.38 ) ) )"
128,15,42,2,3,"[[7825, -1.0, 0.240497887134552], [2979, 1.0, 0.1475352942943573], [6670, 1.0, 0.011871324852108955]]",0.995880080692477,17,9,397,397,1.0,0.29648991784914114,367,360,0.9809264305177112,0.2764976958525346,"( ( not ( eventually ( x_2 <= -12.0665 ) ) ) and ( always[4,33] ( x_5 <= 43.72 ) ) ) and ( always ( x_0 <= 87.75 ) )"
129,15,42,2,3,"[[4869, 1.0, 0.2990409731864929], [2636, 1.0, 0.3395971655845642], [1462, 1.0, 0.19780969619750977]]",0.9893324387130505,16,8,449,447,0.9955456570155902,0.33383121732636295,422,413,0.9786729857819905,0.3172043010752688,"( ( always ( x_1 >= -4.02 ) ) and ( always ( x_5 <= 90.02 ) ) ) and ( always[11,inf] ( x_0 >= -13.7 ) )"
130,15,42,2,3,"[[7825, -1.0, 0.24795885384082794], [2636, 1.0, 0.4268818497657776], [6670, 1.0, 0.011871324852108955]]",0.9815247774101884,16,9,474,469,0.989451476793249,0.3502613890963405,444,438,0.9864864864864865,0.33640552995391704,( ( not ( eventually ( x_2 <= -8.02 ) ) ) and ( always ( x_5 <= 67.52 ) ) ) and ( always ( x_0 <= 87.75 ) )
131,15,15,0,3,"[[6670, -1.0, 0.5698592662811279], [2979, 1.0, 0.029424820095300674], [9226, -1.0, 0.2191375195980072]]",0.9749799663741175,18,10,64,64,1.0,0.27705627705627706,79,75,0.9493670886075949,0.2862595419847328,"( ( not ( always ( x_0 <= 219.33 ) ) ) and ( always[4,33] ( x_5 <= 332.92 ) ) ) and ( not ( eventually[29,inf] ( x_2 >= 22.38 ) ) )"
132,15,15,0,3,"[[6670, -1.0, 0.5698592662811279], [2979, 1.0, 0.029424820095300674], [9226, -1.0, 0.2191375195980072]]",0.9749799663741175,18,10,64,64,1.0,0.27705627705627706,79,75,0.9493670886075949,0.2862595419847328,"( ( not ( always ( x_0 <= 219.33 ) ) ) and ( always[4,33] ( x_5 <= 332.92 ) ) ) and ( not ( eventually[29,inf] ( x_2 >= 22.38 ) ) )"
133,15,6,5,3,"[[2636, -1.0, 0.23280847072601318], [6670, 1.0, 0.3652780055999756], [1183, 1.0, 0.011438806541264057]]",0.9069074050633751,15,6,16,16,1.0,0.08465608465608465,21,13,0.6190476190476191,0.061611374407582936,( not ( always ( x_5 <= 237.53 ) ) ) and ( always ( x_0 <= 7.82 ) )
134,15,15,0,3,"[[6670, -1.0, 0.525138258934021], [7339, -1.0, 0.0933808833360672], [707, 1.0, 0.10054443776607513]]",0.9574980978781179,17,10,37,37,1.0,0.16017316017316016,39,37,0.9487179487179487,0.14122137404580154,"( ( not ( always ( x_0 <= 209.21 ) ) ) and ( not ( eventually[7,27] ( x_5 >= 131.95 ) ) ) ) and ( always[24,26] ( x_2 >= -1.63 ) )"
135,15,95,13,3,"[[636, -1.0, 0.30140775442123413], [5071, -1.0, 0.009656567126512527], [3990, 1.0, 0.04669180139899254]]",0.8456759411873505,19,13,9,9,1.0,0.06766917293233082,9,5,0.5555555555555556,0.0423728813559322,"( ( not ( ( always[7,10] ( x_5 >= 2814.59 ) ) or ( eventually[26,29] ( x_4 <= 132.15 ) ) ) ) and ( not ( eventually[17,inf] ( x_1 >= 186.69 ) ) ) ) and ( eventually ( x_3 >= 224.07 ) )"
136,15,15,0,3,"[[6670, -1.0, 0.5698592662811279], [2979, 1.0, 0.029424820095300674], [9226, -1.0, 0.2191375195980072]]",0.9749799663741175,18,10,64,64,1.0,0.27705627705627706,79,75,0.9493670886075949,0.2862595419847328,"( ( not ( always ( x_0 <= 219.33 ) ) ) and ( always[4,33] ( x_5 <= 332.92 ) ) ) and ( not ( eventually[29,inf] ( x_2 >= 22.38 ) ) )"
137,15,15,0,3,"[[6670, -1.0, 0.5698592662811279], [2979, 1.0, 0.029424820095300674], [9226, -1.0, 0.2191375195980072]]",0.9749799663741175,18,10,64,64,1.0,0.27705627705627706,79,75,0.9493670886075949,0.2862595419847328,"( ( not ( always ( x_0 <= 219.33 ) ) ) and ( always[4,33] ( x_5 <= 332.92 ) ) ) and ( not ( eventually[29,inf] ( x_2 >= 22.38 ) ) )"
138,15,15,0,3,"[[6670, -1.0, 0.5975147485733032], [2979, 1.0, 0.029424820095300674], [2415, 1.0, 0.008981136605143547]]",0.9651042199119716,17,12,94,93,0.9893617021276596,0.4025974025974026,102,97,0.9509803921568627,0.3702290076335878,"( ( not ( always ( x_0 <= 225.58 ) ) ) and ( always[4,33] ( x_5 <= 332.92 ) ) ) and ( ( always[1,4] ( x_1 >= -97.2 ) ) and ( always[2,32] ( x_0 >= -405.94 ) ) )"
139,15,15,0,3,"[[6670, -1.0, 0.2761329710483551], [2636, 1.0, 0.020712781697511673], [707, 1.0, 0.08993542194366455]]",0.9767508605316981,15,9,69,69,1.0,0.2987012987012987,65,65,1.0,0.2480916030534351,"( ( not ( always ( x_0 <= 152.89 ) ) ) and ( always ( x_5 <= 172.19 ) ) ) and ( always[24,26] ( x_2 >= -7.47 ) )"
140,15,62,6,3,"[[2636, -1.0, 0.012637600302696228], [9569, -1.0, 0.09137018024921417], [4869, 1.0, 0.1540294885635376]]",0.8796122753143348,18,7,12,12,1.0,0.17142857142857143,14,6,0.42857142857142855,0.06896551724137931,( not ( always ( x_5 <= 180.79 ) ) ) and ( not ( eventually ( x_5 >= 184.52 ) ) )
141,15,15,0,3,"[[6670, -1.0, 0.5975147485733032], [2979, 1.0, 0.018353072926402092], [2415, 1.0, 0.1391424983739853]]",0.9586269504758088,17,12,79,78,0.9873417721518988,0.33766233766233766,83,79,0.9518072289156626,0.3015267175572519,"( ( not ( always ( x_0 <= 225.58 ) ) ) and ( always[4,33] ( x_5 <= 360.04 ) ) ) and ( ( always[1,4] ( x_1 >= -13.27 ) ) and ( always[2,32] ( x_0 >= -322.02 ) ) )"
142,15,42,2,3,"[[7825, -1.0, 0.2549334764480591], [2636, 1.0, 0.34885841608047485], [6513, 1.0, 0.08234167098999023]]",0.9948131565834063,15,10,315,315,1.0,0.2352501867064974,322,312,0.968944099378882,0.23963133640552994,"( ( not ( eventually ( x_2 <= -4.24 ) ) ) and ( always ( x_5 <= 87.63 ) ) ) and ( eventually ( always[1,11] ( x_2 >= -0.71 ) ) )"
143,15,15,0,3,"[[6670, -1.0, 0.5544291138648987], [7825, -1.0, 0.1764916330575943], [4189, -1.0, 0.031688593327999115]]",0.8881334551527932,18,14,41,39,0.9512195121951219,0.16883116883116883,50,44,0.88,0.16793893129770993,"( ( not ( always ( x_0 <= 215.84 ) ) ) and ( not ( ( eventually ( x_2 <= -46.77 ) ) and ( always[1,9] ( x_0 <= 3043.92 ) ) ) ) ) and ( not ( always[16,21] ( x_0 >= -24.06 ) ) )"
144,15,42,2,3,"[[7825, -1.0, 0.24311518669128418], [2636, 1.0, 0.15394757688045502], [6670, 1.0, 0.3468719720840454]]",0.9860436905165456,16,9,536,532,0.9925373134328358,0.39731142643764,523,517,0.988527724665392,0.3970814132104455,( ( not ( eventually ( x_2 <= -10.65 ) ) ) and ( always ( x_5 <= 137.86 ) ) ) and ( always ( x_0 <= 11.98 ) )
145,15,95,13,3,"[[559, -1.0, 0.7291029095649719], [3390, 1.0, 0.01634671911597252], [6844, -1.0, 0.1835472732782364]]",0.8878341470731327,18,10,13,13,1.0,0.09774436090225563,14,8,0.5714285714285714,0.06779661016949153,"( ( not ( always[27,inf] ( x_5 <= 243.25 ) ) ) and ( always[12,inf] ( x_1 <= 218.88 ) ) ) and ( not ( eventually[2,7] ( x_2 >= 1.66 ) ) )"
146,15,15,0,3,"[[6670, -1.0, 0.012551352381706238], [3226, 1.0, 0.3135284185409546], [1949, -1.0, 0.15087881684303284]]",0.9274645677596903,15,11,21,21,1.0,0.09090909090909091,24,24,1.0,0.0916030534351145,"( ( not ( always ( x_0 <= 93.27 ) ) ) and ( always[4,inf] ( x_4 <= 36.68 ) ) ) and ( not ( always[9,inf] ( eventually[6,18] ( x_2 <= -15.08 ) ) ) )"
147,15,15,0,3,"[[6670, -1.0, 0.525138258934021], [2979, 1.0, 0.03554437309503555], [2415, 1.0, 0.06392358243465424]]",0.9658177578413549,17,12,96,95,0.9895833333333334,0.41125541125541126,111,105,0.9459459459459459,0.40076335877862596,"( ( not ( always ( x_0 <= 209.21 ) ) ) and ( always[4,33] ( x_5 <= 317.94 ) ) ) and ( ( always[1,4] ( x_1 >= -61.77 ) ) and ( always[2,32] ( x_0 >= -370.52 ) ) )"
148,15,15,0,3,"[[6670, -1.0, 0.4549962282180786], [2979, 1.0, 0.0580962598323822], [9226, -1.0, 0.2191375195980072]]",0.9527843391053314,18,10,69,68,0.9855072463768116,0.2943722943722944,88,82,0.9318181818181818,0.31297709923664124,"( ( not ( always ( x_0 <= 193.35 ) ) ) and ( always[4,33] ( x_5 <= 262.72 ) ) ) and ( not ( eventually[29,inf] ( x_2 >= 22.38 ) ) )"
149,15,15,0,3,"[[6670, -1.0, 0.5698592662811279], [2979, 1.0, 0.029424820095300674], [9226, -1.0, 0.2191375195980072]]",0.9749799663741175,18,10,64,64,1.0,0.27705627705627706,79,75,0.9493670886075949,0.2862595419847328,"( ( not ( always ( x_0 <= 219.33 ) ) ) and ( always[4,33] ( x_5 <= 332.92 ) ) ) and ( not ( eventually[29,inf] ( x_2 >= 22.38 ) ) )"
150,15,42,2,3,"[[4869, 1.0, 0.2989097237586975], [2636, 1.0, 0.1427120566368103], [6670, 1.0, 0.3159447908401489]]",0.9757386034599363,15,11,514,506,0.9844357976653697,0.37789395070948467,495,485,0.9797979797979798,0.3725038402457757,"( ( ( always ( x_1 >= -4.0377 ) ) or ( eventually[10,14] ( x_0 <= -591.94 ) ) ) and ( always ( x_5 <= 140.75 ) ) ) and ( always ( x_0 <= 18.97 ) )"
151,15,15,0,3,"[[6670, -1.0, 0.47197315096855164], [2636, 1.0, 0.24635553359985352], [1183, 1.0, 0.047111816704273224]]",0.9511813763534412,15,9,32,32,1.0,0.13852813852813853,38,37,0.9736842105263158,0.14122137404580154,"( ( not ( always ( x_0 <= 197.19 ) ) ) and ( always ( x_5 <= 114.04 ) ) ) and ( always[8,27] ( x_1 >= -67.25 ) )"
152,15,42,2,3,"[[9569, -1.0, 0.1802665889263153], [5500, -1.0, 0.21171465516090393], [6670, 1.0, 0.32448506355285645]]",0.9874711207558357,18,10,382,380,0.9947643979057592,0.2837938760268857,374,362,0.9679144385026738,0.2780337941628264,"( ( not ( eventually ( x_5 >= 55.39 ) ) ) and ( not ( eventually[0,31] ( x_2 <= -25.08 ) ) ) ) and ( always ( x_0 <= 17.04 ) )"
153,15,42,2,3,"[[7825, -1.0, 0.25136780738830566], [2636, 1.0, 0.15394757688045502], [6670, 1.0, 0.3049207925796509]]",0.9893705476499502,16,9,580,577,0.9948275862068966,0.43091859596713966,544,539,0.9908088235294118,0.41397849462365593,( ( not ( eventually ( x_2 <= -6.17 ) ) ) and ( always ( x_5 <= 137.86 ) ) ) and ( always ( x_0 <= 21.47 ) )
154,15,15,0,3,"[[6670, -1.0, 0.5698592662811279], [2979, 1.0, 0.029424820095300674], [9226, -1.0, 0.2191375195980072]]",0.9749799663741175,18,10,64,64,1.0,0.27705627705627706,79,75,0.9493670886075949,0.2862595419847328,"( ( not ( always ( x_0 <= 219.33 ) ) ) and ( always[4,33] ( x_5 <= 332.92 ) ) ) and ( not ( eventually[29,inf] ( x_2 >= 22.38 ) ) )"
155,15,15,0,3,"[[6670, -1.0, 0.09428733587265015], [5264, 1.0, 0.07489495724439621], [2415, 1.0, 0.1570199579000473]]",0.9779967554888438,17,12,73,73,1.0,0.31601731601731603,79,70,0.8860759493670886,0.26717557251908397,"( ( not ( always ( x_0 <= 111.76 ) ) ) and ( always ( x_4 <= 244.69 ) ) ) and ( ( always[1,4] ( x_1 >= -1.74 ) ) and ( always[2,32] ( x_0 >= -310.49 ) ) )"
156,15,42,2,3,"[[1462, 1.0, 0.26180920004844666], [3990, -1.0, 0.3538321852684021], [2415, 1.0, 0.10985006392002106]]",0.9855087082405437,18,9,330,328,0.9939393939393939,0.24495892457057505,330,322,0.9757575757575757,0.24731182795698925,"( ( always[11,inf] ( x_0 >= -3.93 ) ) and ( not ( eventually ( x_3 >= 63.81 ) ) ) ) and ( always[1,4] ( x_1 >= -32.16 ) )"
157,16,16,1,3,"[[4869, -1.0, 0.0], [2979, 1.0, 0.11257240176200867], [76, 1.0, 0.1072184145450592]]",0.9818807216189239,17,14,89,89,1.0,0.40271493212669685,86,82,0.9534883720930233,0.38497652582159625,"( ( not ( ( always ( x_1 >= -47.41 ) ) or ( eventually[10,14] ( x_0 <= -548.56 ) ) ) ) and ( always[4,33] ( x_5 <= 129.33 ) ) ) and ( eventually[1,26] ( ( x_4 >= -661.47 ) and ( x_2 <= -158.18 ) ) )"
158,16,16,1,3,"[[4869, -1.0, 0.0], [2979, 1.0, 0.11257240176200867], [76, 1.0, 0.1072184145450592]]",0.9818807216189239,17,14,89,89,1.0,0.40271493212669685,86,82,0.9534883720930233,0.38497652582159625,"( ( not ( ( always ( x_1 >= -47.41 ) ) or ( eventually[10,14] ( x_0 <= -548.56 ) ) ) ) and ( always[4,33] ( x_5 <= 129.33 ) ) ) and ( eventually[1,26] ( ( x_4 >= -661.47 ) and ( x_2 <= -158.18 ) ) )"
159,16,16,1,3,"[[4869, -1.0, 0.0], [2979, 1.0, 0.11257240176200867], [76, 1.0, 0.1072184145450592]]",0.9818807216189239,17,14,89,89,1.0,0.40271493212669685,86,82,0.9534883720930233,0.38497652582159625,"( ( not ( ( always ( x_1 >= -47.41 ) ) or ( eventually[10,14] ( x_0 <= -548.56 ) ) ) ) and ( always[4,33] ( x_5 <= 129.33 ) ) ) and ( eventually[1,26] ( ( x_4 >= -661.47 ) and ( x_2 <= -158.18 ) ) )"
160,16,16,1,3,"[[4869, -1.0, 0.06954291462898254], [3226, 1.0, 0.08401860296726227], [7825, 1.0, 0.04399929195642471]]",0.9828279627603049,17,12,94,94,1.0,0.4253393665158371,101,93,0.9207920792079208,0.43661971830985913,"( ( not ( ( always ( x_1 >= -57.5 ) ) or ( eventually[10,14] ( x_0 <= -538.47 ) ) ) ) and ( always[4,inf] ( x_4 <= 227.46 ) ) ) and ( eventually ( x_2 <= -166.31 ) )"
161,16,16,1,3,"[[4869, -1.0, 0.06954291462898254], [3226, 1.0, 0.08401860296726227], [7825, 1.0, 0.04399929195642471]]",0.9828279627603049,17,12,94,94,1.0,0.4253393665158371,101,93,0.9207920792079208,0.43661971830985913,"( ( not ( ( always ( x_1 >= -57.5 ) ) or ( eventually[10,14] ( x_0 <= -538.47 ) ) ) ) and ( always[4,inf] ( x_4 <= 227.46 ) ) ) and ( eventually ( x_2 <= -166.31 ) )"
162,16,16,1,3,"[[4869, -1.0, 0.0], [2979, 1.0, 0.11257240176200867], [76, 1.0, 0.1072184145450592]]",0.9818807216189239,17,14,89,89,1.0,0.40271493212669685,86,82,0.9534883720930233,0.38497652582159625,"( ( not ( ( always ( x_1 >= -47.41 ) ) or ( eventually[10,14] ( x_0 <= -548.56 ) ) ) ) and ( always[4,33] ( x_5 <= 129.33 ) ) ) and ( eventually[1,26] ( ( x_4 >= -661.47 ) and ( x_2 <= -158.18 ) ) )"
163,16,16,1,3,"[[5500, 1.0, 0.0348745658993721], [2979, 1.0, 0.11163875460624695], [4869, -1.0, 0.028517745435237885]]",0.9654646739690674,18,12,95,94,0.9894736842105263,0.4253393665158371,95,88,0.9263157894736842,0.4131455399061033,"( ( eventually[0,31] ( x_2 <= -159.9 ) ) and ( always[4,33] ( x_5 <= 131.62 ) ) ) and ( not ( ( always ( x_1 >= -51.55 ) ) or ( eventually[10,14] ( x_0 <= -544.42 ) ) ) )"
164,16,92,12,2,"[[1949, 1.0, 5.008148193359375], [5071, 1.0, 0.1478777527809143]]",0.9333516167118984,9,6,23,23,1.0,0.23469387755102042,29,27,0.9310344827586207,0.2647058823529412,"( always[9,inf] ( eventually[6,18] ( x_2 <= -3139.15 ) ) ) and ( eventually[17,inf] ( x_1 >= 304.33 ) )"
165,16,16,1,3,"[[4869, -1.0, 0.0], [2979, 1.0, 0.11257240176200867], [76, 1.0, 0.1072184145450592]]",0.9818807216189239,17,14,89,89,1.0,0.40271493212669685,86,82,0.9534883720930233,0.38497652582159625,"( ( not ( ( always ( x_1 >= -47.41 ) ) or ( eventually[10,14] ( x_0 <= -548.56 ) ) ) ) and ( always[4,33] ( x_5 <= 129.33 ) ) ) and ( eventually[1,26] ( ( x_4 >= -661.47 ) and ( x_2 <= -158.18 ) ) )"
166,16,16,1,3,"[[4869, -1.0, 0.14878693222999573], [2979, 1.0, 0.13359001278877258], [9901, -1.0, 0.00807396974414587]]",0.9491972636319361,17,11,64,63,0.984375,0.2850678733031674,82,74,0.9024390243902439,0.3474178403755869,"( ( not ( always ( x_1 >= -69.0 ) ) ) and ( always[4,33] ( x_5 <= 77.87 ) ) ) and ( not ( eventually ( always[3,5] ( x_0 <= -28.64 ) ) ) )"
167,16,42,2,3,"[[6670, 1.0, 0.3159447908401489], [333, -1.0, 0.22019493579864502], [2636, 1.0, 0.16124214231967926]]",0.9472080184530525,15,9,671,643,0.9582712369597616,0.48020911127707244,671,624,0.9299552906110283,0.4792626728110599,( ( always ( x_0 <= 18.97 ) ) and ( not ( eventually ( x_5 <= -52.14 ) ) ) ) and ( always ( x_5 <= 135.98 ) )
168,16,16,1,3,"[[4869, -1.0, 0.0], [2979, 1.0, 0.11257240176200867], [76, 1.0, 0.1072184145450592]]",0.9818807216189239,17,14,89,89,1.0,0.40271493212669685,86,82,0.9534883720930233,0.38497652582159625,"( ( not ( ( always ( x_1 >= -47.41 ) ) or ( eventually[10,14] ( x_0 <= -548.56 ) ) ) ) and ( always[4,33] ( x_5 <= 129.33 ) ) ) and ( eventually[1,26] ( ( x_4 >= -661.47 ) and ( x_2 <= -158.18 ) ) )"
169,16,92,12,2,"[[83, -1.0, 0.8852884769439697], [1183, -1.0, 1.1349170207977295]]",0.9632104152911618,11,9,43,43,1.0,0.4387755102040816,52,38,0.7307692307692307,0.37254901960784315,"( not ( always[29,inf] ( ( x_0 >= -67.2 ) or ( x_1 <= 101.86 ) ) ) ) and ( not ( always[8,27] ( x_1 >= -384.85 ) ) )"
170,16,16,1,3,"[[4869, -1.0, 0.0], [2979, 1.0, 0.11257240176200867], [76, 1.0, 0.1072184145450592]]",0.9818807216189239,17,14,89,89,1.0,0.40271493212669685,86,82,0.9534883720930233,0.38497652582159625,"( ( not ( ( always ( x_1 >= -47.41 ) ) or ( eventually[10,14] ( x_0 <= -548.56 ) ) ) ) and ( always[4,33] ( x_5 <= 129.33 ) ) ) and ( eventually[1,26] ( ( x_4 >= -661.47 ) and ( x_2 <= -158.18 ) ) )"
171,16,15,0,3,"[[6670, -1.0, 0.08776555955410004], [2636, 1.0, 0.0], [2415, 1.0, 0.15554481744766235]]",0.9547033366562021,16,12,72,71,0.9861111111111112,0.30735930735930733,72,68,0.9444444444444444,0.2595419847328244,"( ( not ( always ( x_0 <= 110.29 ) ) ) and ( always ( x_5 <= 177.53 ) ) ) and ( ( always[1,4] ( x_1 >= -2.69 ) ) and ( always[2,32] ( x_0 >= -311.44 ) ) )"
172,16,42,2,3,"[[333, -1.0, 0.3296911120414734], [2636, 1.0, 0.5966084003448486], [2338, 1.0, 0.2729998826980591]]",0.9906493269598605,15,9,174,174,1.0,0.1299477221807319,166,160,0.963855421686747,0.1228878648233487,"( ( not ( eventually ( x_5 <= -23.08 ) ) ) and ( always ( x_5 <= 23.78 ) ) ) and ( always[16,27] ( x_1 <= 9.59 ) )"
173,16,42,2,3,"[[76, -1.0, 0.22819684445858002], [3226, 1.0, 0.26930758357048035], [1183, 1.0, 0.29073959589004517]]",0.9872330216025893,15,9,127,127,1.0,0.0948469006721434,124,119,0.9596774193548387,0.0913978494623656,"( ( not ( eventually[1,26] ( x_2 <= -5.54 ) ) ) and ( always[4,inf] ( x_4 <= 73.44 ) ) ) and ( always[8,27] ( x_1 >= -1.791 ) )"
174,16,42,2,3,"[[2979, 1.0, 0.14736101031303406], [954, 1.0, 0.11099641025066376], [9736, 1.0, 0.17115575075149536]]",0.9830982068074615,14,9,196,195,0.9948979591836735,0.14563106796116504,152,143,0.9407894736842105,0.1098310291858679,"( ( always[4,33] ( x_5 <= 44.15 ) ) and ( eventually[19,inf] ( always[1,8] ( x_2 >= -1.5131 ) ) ) ) and ( always[28,31] ( x_5 <= 7.35 ) )"
175,16,16,1,3,"[[4869, -1.0, 0.06954291462898254], [3226, 1.0, 0.08401860296726227], [7825, 1.0, 0.04399929195642471]]",0.9828279627603049,17,12,94,94,1.0,0.4253393665158371,101,93,0.9207920792079208,0.43661971830985913,"( ( not ( ( always ( x_1 >= -57.5 ) ) or ( eventually[10,14] ( x_0 <= -538.47 ) ) ) ) and ( always[4,inf] ( x_4 <= 227.46 ) ) ) and ( eventually ( x_2 <= -166.31 ) )"
176,16,42,2,3,"[[7825, -1.0, 0.2549334764480591], [2636, 1.0, 0.34885841608047485], [6513, 1.0, 0.08234167098999023]]",0.9948131565834063,15,10,315,315,1.0,0.2352501867064974,322,312,0.968944099378882,0.23963133640552994,"( ( not ( eventually ( x_2 <= -4.24 ) ) ) and ( always ( x_5 <= 87.63 ) ) ) and ( eventually ( always[1,11] ( x_2 >= -0.71 ) ) )"
177,16,16,1,3,"[[4869, -1.0, 0.0], [2979, 1.0, 0.11257240176200867], [76, 1.0, 0.1072184145450592]]",0.9818807216189239,17,14,89,89,1.0,0.40271493212669685,86,82,0.9534883720930233,0.38497652582159625,"( ( not ( ( always ( x_1 >= -47.41 ) ) or ( eventually[10,14] ( x_0 <= -548.56 ) ) ) ) and ( always[4,33] ( x_5 <= 129.33 ) ) ) and ( eventually[1,26] ( ( x_4 >= -661.47 ) and ( x_2 <= -158.18 ) ) )"
178,16,88,10,3,"[[8005, -1.0, 0.08657294511795044], [3390, 1.0, 0.1663467288017273], [83, 1.0, 0.03193298727273941]]",0.4573093442259149,14,11,110,57,0.5181818181818182,0.375,100,46,0.46,0.2987012987012987,"( ( not ( always[21,24] ( x_0 >= -26.4 ) ) ) and ( always[12,inf] ( x_1 <= 95.93 ) ) ) and ( always[29,inf] ( ( x_0 >= 31.25 ) or ( x_1 <= 3.42 ) ) )"
179,16,16,1,3,"[[4869, -1.0, 0.0], [2979, 1.0, 0.11257240176200867], [76, 1.0, 0.1072184145450592]]",0.9818807216189239,17,14,89,89,1.0,0.40271493212669685,86,82,0.9534883720930233,0.38497652582159625,"( ( not ( ( always ( x_1 >= -47.41 ) ) or ( eventually[10,14] ( x_0 <= -548.56 ) ) ) ) and ( always[4,33] ( x_5 <= 129.33 ) ) ) and ( eventually[1,26] ( ( x_4 >= -661.47 ) and ( x_2 <= -158.18 ) ) )"
180,16,16,1,3,"[[4869, -1.0, 0.3068576753139496], [3226, 1.0, 0.25689297914505005], [636, -1.0, 0.025705527514219284]]",0.9724629605837316,18,10,58,58,1.0,0.26244343891402716,63,55,0.873015873015873,0.25821596244131456,"( ( not ( always ( x_1 >= -91.94 ) ) ) and ( always[4,inf] ( x_4 <= 83.76 ) ) ) and ( not ( eventually[26,29] ( x_4 <= -62.05 ) ) )"
181,16,16,1,3,"[[4869, -1.0, 0.2991183400154114], [7339, -1.0, 0.002286911476403475], [76, 1.0, 0.1072184145450592]]",0.9462665344591411,18,18,113,110,0.9734513274336283,0.497737556561086,118,102,0.864406779661017,0.4788732394366197,"( ( not ( ( always ( x_1 >= -90.82 ) ) or ( eventually[10,14] ( x_0 <= -505.16 ) ) ) ) and ( not ( ( always[4,19] ( x_3 <= 46914.79 ) ) and ( eventually[7,27] ( x_5 >= 309.87 ) ) ) ) ) and ( eventually[1,26] ( ( x_4 >= -661.47 ) and ( x_2 <= -158.18 ) ) )"
182,16,15,0,3,"[[6670, -1.0, 0.09428733587265015], [5264, 1.0, 0.07489495724439621], [2415, 1.0, 0.1570199579000473]]",0.9779967554888438,17,12,73,73,1.0,0.31601731601731603,79,70,0.8860759493670886,0.26717557251908397,"( ( not ( always ( x_0 <= 111.76 ) ) ) and ( always ( x_4 <= 244.69 ) ) ) and ( ( always[1,4] ( x_1 >= -1.74 ) ) and ( always[2,32] ( x_0 >= -310.49 ) ) )"
183,16,15,0,3,"[[6670, -1.0, 0.3942255973815918], [2636, 1.0, 0.003990222699940205], [707, 1.0, 0.08993542194366455]]",0.9724629605837316,15,9,58,58,1.0,0.2510822510822511,55,54,0.9818181818181818,0.20610687022900764,"( ( not ( always ( x_0 <= 179.6 ) ) ) and ( always ( x_5 <= 176.5 ) ) ) and ( always[24,26] ( x_2 >= -7.47 ) )"
184,16,16,1,3,"[[4869, -1.0, 0.06954291462898254], [3226, 1.0, 0.08401860296726227], [7825, 1.0, 0.04399929195642471]]",0.9828279627603049,17,12,94,94,1.0,0.4253393665158371,101,93,0.9207920792079208,0.43661971830985913,"( ( not ( ( always ( x_1 >= -57.5 ) ) or ( eventually[10,14] ( x_0 <= -538.47 ) ) ) ) and ( always[4,inf] ( x_4 <= 227.46 ) ) ) and ( eventually ( x_2 <= -166.31 ) )"
185,16,16,1,3,"[[4869, -1.0, 0.0], [2979, 1.0, 0.11163875460624695], [76, 1.0, 0.1072184145450592]]",0.9818807216189239,17,14,89,89,1.0,0.40271493212669685,86,82,0.9534883720930233,0.38497652582159625,"( ( not ( ( always ( x_1 >= -47.41 ) ) or ( eventually[10,14] ( x_0 <= -548.56 ) ) ) ) and ( always[4,33] ( x_5 <= 131.62 ) ) ) and ( eventually[1,26] ( ( x_4 >= -661.47 ) and ( x_2 <= -158.18 ) ) )"
186,16,42,2,3,"[[4869, 1.0, 0.29939427971839905], [5264, 1.0, 0.1976366639137268], [1462, 1.0, 0.21210329234600067]]",0.9899542719377787,17,8,331,330,0.9969788519637462,0.24645257654966393,308,302,0.9805194805194806,0.23195084485407066,"( ( always ( x_1 >= -3.9674 ) ) and ( always ( x_4 <= 61.04 ) ) ) and ( always[11,inf] ( x_0 >= -11.52 ) )"
187,16,16,1,3,"[[4869, -1.0, 0.06954291462898254], [3226, 1.0, 0.08401860296726227], [7825, 1.0, 0.04399929195642471]]",0.9828279627603049,17,12,94,94,1.0,0.4253393665158371,101,93,0.9207920792079208,0.43661971830985913,"( ( not ( ( always ( x_1 >= -57.5 ) ) or ( eventually[10,14] ( x_0 <= -538.47 ) ) ) ) and ( always[4,inf] ( x_4 <= 227.46 ) ) ) and ( eventually ( x_2 <= -166.31 ) )"
188,16,16,1,3,"[[4869, -1.0, 0.06954291462898254], [3226, 1.0, 0.08401860296726227], [7825, 1.0, 0.04399929195642471]]",0.9828279627603049,17,12,94,94,1.0,0.4253393665158371,101,93,0.9207920792079208,0.43661971830985913,"( ( not ( ( always ( x_1 >= -57.5 ) ) or ( eventually[10,14] ( x_0 <= -538.47 ) ) ) ) and ( always[4,inf] ( x_4 <= 227.46 ) ) ) and ( eventually ( x_2 <= -166.31 ) )"
189,16,42,2,3,"[[7825, -1.0, 0.2549334764480591], [2636, 1.0, 0.34885841608047485], [6513, 1.0, 0.08234167098999023]]",0.9948131565834063,15,10,315,315,1.0,0.2352501867064974,322,312,0.968944099378882,0.23963133640552994,"( ( not ( eventually ( x_2 <= -4.24 ) ) ) and ( always ( x_5 <= 87.63 ) ) ) and ( eventually ( always[1,11] ( x_2 >= -0.71 ) ) )"
190,16,16,1,3,"[[4869, -1.0, 0.06954291462898254], [3226, 1.0, 0.08401860296726227], [7825, 1.0, 0.04399929195642471]]",0.9828279627603049,17,12,94,94,1.0,0.4253393665158371,101,93,0.9207920792079208,0.43661971830985913,"( ( not ( ( always ( x_1 >= -57.5 ) ) or ( eventually[10,14] ( x_0 <= -538.47 ) ) ) ) and ( always[4,inf] ( x_4 <= 227.46 ) ) ) and ( eventually ( x_2 <= -166.31 ) )"
191,16,16,1,3,"[[4869, -1.0, 0.32650884985923767], [3226, 1.0, 0.25689297914505005], [636, -1.0, 0.025705527514219284]]",0.9724629605837316,18,10,58,58,1.0,0.26244343891402716,61,53,0.8688524590163934,0.24882629107981222,"( ( not ( always ( x_1 >= -94.79 ) ) ) and ( always[4,inf] ( x_4 <= 83.76 ) ) ) and ( not ( eventually[26,29] ( x_4 <= -62.05 ) ) )"
192,16,16,1,3,"[[4869, -1.0, 0.0], [2979, 1.0, 0.11257240176200867], [76, 1.0, 0.1072184145450592]]",0.9818807216189239,17,14,89,89,1.0,0.40271493212669685,86,82,0.9534883720930233,0.38497652582159625,"( ( not ( ( always ( x_1 >= -47.41 ) ) or ( eventually[10,14] ( x_0 <= -548.56 ) ) ) ) and ( always[4,33] ( x_5 <= 129.33 ) ) ) and ( eventually[1,26] ( ( x_4 >= -661.47 ) and ( x_2 <= -158.18 ) ) )"
193,16,42,2,3,"[[2979, 1.0, 0.14752092957496643], [76, -1.0, 0.21404626965522766], [6670, 1.0, 0.16350218653678894]]",0.991531846426132,16,11,393,392,0.9974554707379135,0.292755787901419,371,359,0.967654986522911,0.27572964669738864,"( ( always[4,33] ( x_5 <= 43.75 ) ) and ( not ( eventually[1,26] ( ( x_4 >= -807.67 ) and ( x_2 <= -11.98 ) ) ) ) ) and ( always ( x_0 <= 53.45 ) )"
194,16,88,10,3,"[[83, 1.0, 0.06044929474592209], [2636, 1.0, 0.2929990887641907], [6513, 1.0, 0.09834922105073929]]",0.6223104087453469,13,11,7,6,0.8571428571428571,0.039473684210526314,6,2,0.3333333333333333,0.012987012987012988,"( ( always[29,inf] ( ( x_0 >= 34.31 ) or ( x_1 <= 0.36 ) ) ) and ( always ( x_5 <= 102.02 ) ) ) and ( eventually ( always[1,11] ( x_2 >= 8.54 ) ) )"
195,16,16,1,3,"[[4869, -1.0, 0.0], [2979, 1.0, 0.11257240176200867], [76, 1.0, 0.1072184145450592]]",0.9818807216189239,17,14,89,89,1.0,0.40271493212669685,86,82,0.9534883720930233,0.38497652582159625,"( ( not ( ( always ( x_1 >= -47.41 ) ) or ( eventually[10,14] ( x_0 <= -548.56 ) ) ) ) and ( always[4,33] ( x_5 <= 129.33 ) ) ) and ( eventually[1,26] ( ( x_4 >= -661.47 ) and ( x_2 <= -158.18 ) ) )"
196,16,16,1,3,"[[4869, -1.0, 0.06954291462898254], [3226, 1.0, 0.08401860296726227], [7825, 1.0, 0.04399929195642471]]",0.9828279627603049,17,12,94,94,1.0,0.4253393665158371,101,93,0.9207920792079208,0.43661971830985913,"( ( not ( ( always ( x_1 >= -57.5 ) ) or ( eventually[10,14] ( x_0 <= -538.47 ) ) ) ) and ( always[4,inf] ( x_4 <= 227.46 ) ) ) and ( eventually ( x_2 <= -166.31 ) )"
197,16,42,2,3,"[[333, -1.0, 0.3424757421016693], [2636, 1.0, 0.32410234212875366], [6670, 1.0, 0.011871324852108955]]",0.9932704587484406,15,9,495,494,0.997979797979798,0.36893203883495146,470,465,0.9893617021276596,0.35714285714285715,( ( not ( eventually ( x_5 <= -19.68 ) ) ) and ( always ( x_5 <= 94.01 ) ) ) and ( always ( x_0 <= 87.75 ) )
198,16,16,1,3,"[[5500, 1.0, 0.0348745658993721], [2979, 1.0, 0.1261136680841446], [8982, -1.0, 0.06281311810016632]]",0.8971626581757232,18,12,58,55,0.9482758620689655,0.248868778280543,55,46,0.8363636363636363,0.215962441314554,"( ( eventually[0,31] ( x_2 <= -159.9 ) ) and ( always[4,33] ( x_5 <= 96.17 ) ) ) and ( not ( ( eventually ( x_0 <= -875.42 ) ) or ( always[16,18] ( x_0 >= -5.67 ) ) ) )"
199,16,42,2,3,"[[2636, 1.0, 0.43365728855133057], [5500, -1.0, 0.2199476957321167], [6670, 1.0, 0.011871324852108955]]",0.9659611560165975,16,14,575,561,0.9756521739130435,0.4189693801344287,526,504,0.9581749049429658,0.3870967741935484,"( ( always ( ( x_5 <= 65.78 ) or ( x_5 >= 2150.41 ) ) ) and ( not ( ( always ( x_3 >= -6695.3 ) ) and ( eventually[0,31] ( x_2 <= -20.58 ) ) ) ) ) and ( always ( x_0 <= 87.75 ) )"
200,16,42,2,2,"[[333, -1.0, 0.375763475894928], [2636, 1.0, 0.32548168301582336]]",0.9946614167886589,10,6,306,306,1.0,0.22852875280059745,252,247,0.9801587301587301,0.18970814132104455,( not ( eventually ( x_5 <= -10.85 ) ) ) and ( always ( x_5 <= 93.65 ) )
201,16,16,1,3,"[[4869, -1.0, 0.0], [2979, 1.0, 0.11257240176200867], [76, 1.0, 0.1072184145450592]]",0.9818807216189239,17,14,89,89,1.0,0.40271493212669685,86,82,0.9534883720930233,0.38497652582159625,"( ( not ( ( always ( x_1 >= -47.41 ) ) or ( eventually[10,14] ( x_0 <= -548.56 ) ) ) ) and ( always[4,33] ( x_5 <= 129.33 ) ) ) and ( eventually[1,26] ( ( x_4 >= -661.47 ) and ( x_2 <= -158.18 ) ) )"
202,16,16,1,2,"[[2979, 1.0, 0.11866921931505203], [7825, 1.0, 0.16128331422805786]]",0.887817370453849,11,5,76,71,0.9342105263157895,0.3212669683257919,76,68,0.8947368421052632,0.3192488262910798,"( always[4,33] ( x_5 <= 114.4 ) ) and ( eventually ( x_2 <= -229.89 ) )"
203,16,16,1,3,"[[4869, -1.0, 0.13511186838150024], [2979, 1.0, 0.11327433586120605], [76, 1.0, 0.0]]",0.9695531774554593,17,14,108,107,0.9907407407407407,0.4841628959276018,103,99,0.9611650485436893,0.4647887323943662,"( ( not ( ( always ( x_1 >= -67.02 ) ) or ( eventually[10,14] ( x_0 <= -528.96 ) ) ) ) and ( always[4,33] ( x_5 <= 127.61 ) ) ) and ( eventually[1,26] ( ( x_4 >= -710.26 ) and ( x_2 <= -109.39 ) ) )"
204,16,16,1,3,"[[4869, -1.0, 0.2991183400154114], [2979, 1.0, 0.01788126304745674], [7825, 1.0, 0.04457120597362518]]",0.9605636571173021,18,12,120,118,0.9833333333333333,0.5339366515837104,129,111,0.8604651162790697,0.5211267605633803,"( ( not ( ( always ( x_1 >= -90.82 ) ) or ( eventually[10,14] ( x_0 <= -505.16 ) ) ) ) and ( always[4,33] ( x_5 <= 361.19 ) ) ) and ( eventually ( x_2 <= -166.6154 ) )"
205,16,16,1,3,"[[4869, -1.0, 0.0], [2979, 1.0, 0.11257240176200867], [76, 1.0, 0.1072184145450592]]",0.9818807216189239,17,14,89,89,1.0,0.40271493212669685,86,82,0.9534883720930233,0.38497652582159625,"( ( not ( ( always ( x_1 >= -47.41 ) ) or ( eventually[10,14] ( x_0 <= -548.56 ) ) ) ) and ( always[4,33] ( x_5 <= 129.33 ) ) ) and ( eventually[1,26] ( ( x_4 >= -661.47 ) and ( x_2 <= -158.18 ) ) )"
206,16,16,1,3,"[[4869, -1.0, 0.0], [2979, 1.0, 0.11327433586120605], [76, 1.0, 0.1072184145450592]]",0.9818807216189239,17,14,89,89,1.0,0.40271493212669685,84,80,0.9523809523809523,0.3755868544600939,"( ( not ( ( always ( x_1 >= -47.41 ) ) or ( eventually[10,14] ( x_0 <= -548.56 ) ) ) ) and ( always[4,33] ( x_5 <= 127.61 ) ) ) and ( eventually[1,26] ( ( x_4 >= -661.47 ) and ( x_2 <= -158.18 ) ) )"
207,16,88,10,3,"[[5071, -1.0, 0.2610267698764801], [333, -1.0, 0.09301584213972092], [6670, 1.0, 0.060814905911684036]]",0.9204367490813241,17,10,19,19,1.0,0.125,25,18,0.72,0.11688311688311688,"( ( not ( eventually[17,inf] ( x_1 >= -1.04 ) ) ) and ( not ( eventually ( x_5 <= -85.89 ) ) ) ) and ( always ( x_0 <= 76.68 ) )"
208,16,16,1,3,"[[4869, -1.0, 0.17545396089553833], [2979, 1.0, 0.11685217916965485], [333, -1.0, 0.14724385738372803]]",0.970483387303065,18,10,54,54,1.0,0.24434389140271492,64,59,0.921875,0.27699530516431925,"( ( not ( always ( x_1 >= -72.87 ) ) ) and ( always[4,33] ( x_5 <= 118.85 ) ) ) and ( not ( eventually ( x_5 <= -71.5 ) ) )"
209,16,16,1,3,"[[4869, -1.0, 0.3068576753139496], [3226, 1.0, 0.25689297914505005], [636, -1.0, 0.025705527514219284]]",0.9724629605837316,18,10,58,58,1.0,0.26244343891402716,63,55,0.873015873015873,0.25821596244131456,"( ( not ( always ( x_1 >= -91.94 ) ) ) and ( always[4,inf] ( x_4 <= 83.76 ) ) ) and ( not ( eventually[26,29] ( x_4 <= -62.05 ) ) )"
210,16,16,1,3,"[[4869, -1.0, 0.3068576753139496], [3226, 1.0, 0.25689297914505005], [636, -1.0, 0.025525208562612534]]",0.9724629605837316,18,10,58,58,1.0,0.26244343891402716,63,55,0.873015873015873,0.25821596244131456,"( ( not ( always ( x_1 >= -91.94 ) ) ) and ( always[4,inf] ( x_4 <= 83.76 ) ) ) and ( not ( eventually[26,29] ( x_4 <= -62.17 ) ) )"
211,16,16,1,2,"[[2979, 1.0, 0.11163875460624695], [76, 1.0, 0.6278895139694214]]",0.9605600199744538,10,7,40,40,1.0,0.18099547511312217,38,36,0.9473684210526315,0.16901408450704225,"( always[4,33] ( x_5 <= 131.62 ) ) and ( eventually[1,26] ( ( x_4 >= -424.53 ) and ( x_2 <= -395.12 ) ) )"
212,16,16,1,2,"[[2979, 1.0, 0.021477458998560905], [7825, 1.0, 0.16704745590686798]]",0.8907874348980016,11,8,123,114,0.926829268292683,0.5158371040723982,127,107,0.84251968503937,0.5023474178403756,"( always[4,33] ( x_5 <= 352.38 ) ) and ( ( eventually ( x_2 <= -233.02 ) ) and ( always[1,9] ( x_0 <= 2857.68 ) ) )"
213,16,16,1,3,"[[4869, -1.0, 0.06954291462898254], [3226, 1.0, 0.08401860296726227], [7825, 1.0, 0.04399929195642471]]",0.9828279627603049,17,12,94,94,1.0,0.4253393665158371,101,93,0.9207920792079208,0.43661971830985913,"( ( not ( ( always ( x_1 >= -57.5 ) ) or ( eventually[10,14] ( x_0 <= -538.47 ) ) ) ) and ( always[4,inf] ( x_4 <= 227.46 ) ) ) and ( eventually ( x_2 <= -166.31 ) )"
214,16,16,1,3,"[[4869, -1.0, 0.2991183400154114], [2979, 1.0, 0.01788126304745674], [7825, 1.0, 0.04457120597362518]]",0.9605636571173021,18,12,120,118,0.9833333333333333,0.5339366515837104,129,111,0.8604651162790697,0.5211267605633803,"( ( not ( ( always ( x_1 >= -90.82 ) ) or ( eventually[10,14] ( x_0 <= -505.16 ) ) ) ) and ( always[4,33] ( x_5 <= 361.19 ) ) ) and ( eventually ( x_2 <= -166.6154 ) )"
215,16,16,1,3,"[[4869, -1.0, 0.06954291462898254], [3226, 1.0, 0.08401860296726227], [7825, 1.0, 0.04399929195642471]]",0.9828279627603049,17,12,94,94,1.0,0.4253393665158371,101,93,0.9207920792079208,0.43661971830985913,"( ( not ( ( always ( x_1 >= -57.5 ) ) or ( eventually[10,14] ( x_0 <= -538.47 ) ) ) ) and ( always[4,inf] ( x_4 <= 227.46 ) ) ) and ( eventually ( x_2 <= -166.31 ) )"
216,16,16,1,3,"[[4869, -1.0, 0.4260433316230774], [2979, 1.0, 0.11257240176200867], [2415, 1.0, 0.04174335300922394]]",0.9715075162705622,18,12,56,56,1.0,0.25339366515837103,62,59,0.9516129032258065,0.27699530516431925,"( ( not ( always ( x_1 >= -109.23 ) ) ) and ( always[4,33] ( x_5 <= 129.33 ) ) ) and ( ( always[1,4] ( x_1 >= -76.07 ) ) and ( always[2,32] ( x_0 >= -384.82 ) ) )"
217,16,92,12,2,"[[76, 1.0, 2.9605579376220703], [2268, -1.0, 2.1722335815429688]]",0.9614849210984293,11,8,41,41,1.0,0.41836734693877553,43,37,0.8604651162790697,0.3627450980392157,"( eventually[1,26] ( ( x_4 >= 636.99 ) and ( x_2 <= -1456.64 ) ) ) and ( not ( always[10,24] ( x_5 <= 293.12 ) ) )"
218,16,16,1,3,"[[4869, -1.0, 0.06954291462898254], [3226, 1.0, 0.08401860296726227], [7825, 1.0, 0.04399929195642471]]",0.9828279627603049,17,12,94,94,1.0,0.4253393665158371,101,93,0.9207920792079208,0.43661971830985913,"( ( not ( ( always ( x_1 >= -57.5 ) ) or ( eventually[10,14] ( x_0 <= -538.47 ) ) ) ) and ( always[4,inf] ( x_4 <= 227.46 ) ) ) and ( eventually ( x_2 <= -166.31 ) )"
219,16,16,1,3,"[[4869, -1.0, 0.06954291462898254], [3226, 1.0, 0.08401860296726227], [7825, 1.0, 0.04399929195642471]]",0.9828279627603049,17,12,94,94,1.0,0.4253393665158371,101,93,0.9207920792079208,0.43661971830985913,"( ( not ( ( always ( x_1 >= -57.5 ) ) or ( eventually[10,14] ( x_0 <= -538.47 ) ) ) ) and ( always[4,inf] ( x_4 <= 227.46 ) ) ) and ( eventually ( x_2 <= -166.31 ) )"
220,16,15,0,3,"[[6670, -1.0, 0.1417272984981537], [2636, 1.0, 0.17458835244178772], [8005, 1.0, 0.0]]",0.9390024341065522,13,9,53,52,0.9811320754716981,0.22510822510822512,52,48,0.9230769230769231,0.183206106870229,"( ( not ( always ( x_0 <= 122.49 ) ) ) and ( always ( x_5 <= 132.54 ) ) ) and ( always[21,24] ( x_0 >= -14.26 ) )"
221,16,6,5,3,"[[6513, 1.0, 1.9550286531448364], [2268, 1.0, 0.04332958161830902], [3226, -1.0, 3.9074058532714844]]",0.7527428728793251,15,12,5,5,1.0,0.026455026455026454,2,1,0.5,0.004739336492890996,"( ( eventually ( always[1,11] ( x_2 >= 1081.2 ) ) ) and ( always[8,20] ( x_2 >= -89.16 ) ) ) and ( not ( always[4,inf] ( ( x_0 >= 2723.68 ) or ( x_4 <= 3545.4 ) ) ) )"
222,16,88,10,3,"[[83, 1.0, 0.07993483543395996], [3990, -1.0, 0.41631650924682617], [2415, 1.0, 0.1377173364162445]]",0.9163861567630498,17,9,18,18,1.0,0.11842105263157894,20,14,0.7,0.09090909090909091,"( ( always[29,inf] ( x_1 <= -1.74 ) ) and ( not ( eventually ( x_3 >= 38.8 ) ) ) ) and ( always[1,4] ( x_1 >= -14.19 ) )"
223,16,16,1,3,"[[4869, -1.0, 0.3068576753139496], [3226, 1.0, 0.25689297914505005], [636, -1.0, 0.025705527514219284]]",0.9724629605837316,18,10,58,58,1.0,0.26244343891402716,63,55,0.873015873015873,0.25821596244131456,"( ( not ( always ( x_1 >= -91.94 ) ) ) and ( always[4,inf] ( x_4 <= 83.76 ) ) ) and ( not ( eventually[26,29] ( x_4 <= -62.05 ) ) )"
224,16,42,2,3,"[[4869, 1.0, 0.29951542615890503], [2636, 1.0, 0.43811360001564026], [1462, 1.0, 0.19565513730049133]]",0.9902187835078976,16,8,340,339,0.9970588235294118,0.25317401045556387,319,313,0.9811912225705329,0.2403993855606759,"( ( always ( x_1 >= -3.95 ) ) and ( always ( x_5 <= 64.63 ) ) ) and ( always[11,inf] ( x_0 >= -14.03 ) )"
225,16,16,1,3,"[[4869, -1.0, 0.1941528469324112], [3226, 1.0, 0.24964690208435059], [333, -1.0, 0.10106594115495682]]",0.9688012854018005,17,10,51,51,1.0,0.23076923076923078,67,63,0.9402985074626866,0.29577464788732394,"( ( not ( always ( x_1 >= -75.59 ) ) ) and ( always[4,inf] ( x_4 <= 89.78 ) ) ) and ( not ( eventually ( x_5 <= -83.75 ) ) )"
226,16,16,1,3,"[[4869, -1.0, 0.0], [2979, 1.0, 0.11257240176200867], [76, 1.0, 0.1072184145450592]]",0.9818807216189239,17,14,89,89,1.0,0.40271493212669685,86,82,0.9534883720930233,0.38497652582159625,"( ( not ( ( always ( x_1 >= -47.41 ) ) or ( eventually[10,14] ( x_0 <= -548.56 ) ) ) ) and ( always[4,33] ( x_5 <= 129.33 ) ) ) and ( eventually[1,26] ( ( x_4 >= -661.47 ) and ( x_2 <= -158.18 ) ) )"
227,16,16,1,3,"[[4869, -1.0, 0.0], [2979, 1.0, 0.11257240176200867], [76, 1.0, 0.1072184145450592]]",0.9818807216189239,17,14,89,89,1.0,0.40271493212669685,86,82,0.9534883720930233,0.38497652582159625,"( ( not ( ( always ( x_1 >= -47.41 ) ) or ( eventually[10,14] ( x_0 <= -548.56 ) ) ) ) and ( always[4,33] ( x_5 <= 129.33 ) ) ) and ( eventually[1,26] ( ( x_4 >= -661.47 ) and ( x_2 <= -158.18 ) ) )"
228,16,92,12,3,"[[6513, -1.0, 0.6850959658622742], [2338, -1.0, 0.8881133198738098], [6844, 1.0, 0.419788658618927]]",0.9632104152911618,15,11,43,43,1.0,0.4387755102040816,44,42,0.9545454545454546,0.4117647058823529,"( ( not ( eventually ( always[1,11] ( x_2 >= -444.08 ) ) ) ) and ( not ( always[16,27] ( x_1 <= 546.0 ) ) ) ) and ( eventually[2,7] ( x_2 >= 447.85 ) )"
229,16,42,2,3,"[[333, -1.0, 0.36914706230163574], [2636, 1.0, 0.0], [6670, 1.0, 0.018576605245471]]",0.9967194658321351,15,9,499,499,1.0,0.3726661687826736,418,412,0.9856459330143541,0.31643625192012287,( ( not ( eventually ( x_5 <= -12.604 ) ) ) and ( always ( x_5 <= 177.53 ) ) ) and ( always ( x_0 <= 86.23 ) )
230,16,42,2,3,"[[333, -1.0, 0.36145108938217163], [2636, 1.0, 0.5831409692764282], [4869, 1.0, 0.014469181187450886]]",0.9912937142556558,16,9,187,187,1.0,0.13965646004480955,174,169,0.9712643678160919,0.12980030721966207,( ( not ( eventually ( x_5 <= -14.6465 ) ) ) and ( always ( x_5 <= 27.25 ) ) ) and ( always ( x_1 >= -45.31 ) )
231,16,42,2,3,"[[333, -1.0, 0.3180142939090729], [2636, 1.0, 0.0], [6670, 1.0, 0.3818296492099762]]",0.9940845686159778,15,9,276,276,1.0,0.20612397311426436,242,242,1.0,0.1858678955453149,( ( not ( eventually ( x_5 <= -26.17 ) ) ) and ( always ( x_5 <= 177.53 ) ) ) and ( always ( x_0 <= 4.07 ) )
232,16,16,1,3,"[[4869, -1.0, 0.17545396089553833], [2979, 1.0, 0.13359001278877258], [9901, -1.0, 0.012014508247375488]]",0.9737817343214785,17,11,61,61,1.0,0.27601809954751133,79,72,0.9113924050632911,0.3380281690140845,"( ( not ( always ( x_1 >= -72.87 ) ) ) and ( always[4,33] ( x_5 <= 77.87 ) ) ) and ( not ( eventually ( always[3,5] ( x_0 <= -28.18 ) ) ) )"
233,16,16,1,3,"[[4869, -1.0, 0.12265827506780624], [3226, 1.0, 0.25684601068496704], [333, -1.0, 0.12749242782592773]]",0.970483387303065,17,10,54,54,1.0,0.24434389140271492,62,58,0.9354838709677419,0.27230046948356806,"( ( not ( always ( x_1 >= -65.21 ) ) ) and ( always[4,inf] ( x_4 <= 83.8 ) ) ) and ( not ( eventually ( x_5 <= -76.74 ) ) )"
234,16,16,1,3,"[[5500, 1.0, 0.0348745658993721], [2979, 1.0, 0.11163875460624695], [4869, -1.0, 0.028517745435237885]]",0.9654646739690674,18,12,95,94,0.9894736842105263,0.4253393665158371,95,88,0.9263157894736842,0.4131455399061033,"( ( eventually[0,31] ( x_2 <= -159.9 ) ) and ( always[4,33] ( x_5 <= 131.62 ) ) ) and ( not ( ( always ( x_1 >= -51.55 ) ) or ( eventually[10,14] ( x_0 <= -544.42 ) ) ) )"
235,16,16,1,3,"[[4869, -1.0, 0.0], [2979, 1.0, 0.11257240176200867], [76, 1.0, 0.1072184145450592]]",0.9818807216189239,17,14,89,89,1.0,0.40271493212669685,86,82,0.9534883720930233,0.38497652582159625,"( ( not ( ( always ( x_1 >= -47.41 ) ) or ( eventually[10,14] ( x_0 <= -548.56 ) ) ) ) and ( always[4,33] ( x_5 <= 129.33 ) ) ) and ( eventually[1,26] ( ( x_4 >= -661.47 ) and ( x_2 <= -158.18 ) ) )"
236,16,16,1,3,"[[4869, -1.0, 0.06954291462898254], [3226, 1.0, 0.08401860296726227], [7825, 1.0, 0.04399929195642471]]",0.9828279627603049,17,12,94,94,1.0,0.4253393665158371,101,93,0.9207920792079208,0.43661971830985913,"( ( not ( ( always ( x_1 >= -57.5 ) ) or ( eventually[10,14] ( x_0 <= -538.47 ) ) ) ) and ( always[4,inf] ( x_4 <= 227.46 ) ) ) and ( eventually ( x_2 <= -166.31 ) )"
237,16,42,2,3,"[[6670, 1.0, 0.34258347749710083], [8090, 1.0, 0.12623955309391022], [3226, 1.0, 0.306637704372406]]",0.9864476061123024,15,8,353,351,0.9943342776203966,0.2621359223300971,338,327,0.9674556213017751,0.2511520737327189,"( ( always ( x_0 <= 12.95 ) ) and ( always[27,inf] ( x_4 >= -11.01 ) ) ) and ( always[4,inf] ( x_4 <= 42.41 ) )"
238,16,16,1,3,"[[4869, -1.0, 0.3068576753139496], [3226, 1.0, 0.25689297914505005], [636, -1.0, 0.025705527514219284]]",0.9724629605837316,18,10,58,58,1.0,0.26244343891402716,63,55,0.873015873015873,0.25821596244131456,"( ( not ( always ( x_1 >= -91.94 ) ) ) and ( always[4,inf] ( x_4 <= 83.76 ) ) ) and ( not ( eventually[26,29] ( x_4 <= -62.05 ) ) )"
239,16,16,1,3,"[[4869, -1.0, 0.1461993008852005], [3226, 1.0, 0.25684601068496704], [333, -1.0, 0.10914628207683563]]",0.9710044920943404,17,10,55,55,1.0,0.248868778280543,65,61,0.9384615384615385,0.2863849765258216,"( ( not ( always ( x_1 >= -68.63 ) ) ) and ( always[4,inf] ( x_4 <= 83.8 ) ) ) and ( not ( eventually ( x_5 <= -81.61 ) ) )"
240,16,16,1,3,"[[4869, -1.0, 0.2991183400154114], [2979, 1.0, 0.01788126304745674], [7825, 1.0, 0.04457120597362518]]",0.9605636571173021,18,12,120,118,0.9833333333333333,0.5339366515837104,129,111,0.8604651162790697,0.5211267605633803,"( ( not ( ( always ( x_1 >= -90.82 ) ) or ( eventually[10,14] ( x_0 <= -505.16 ) ) ) ) and ( always[4,33] ( x_5 <= 361.19 ) ) ) and ( eventually ( x_2 <= -166.6154 ) )"
241,16,15,0,3,"[[6670, -1.0, 0.01045406237244606], [2636, 1.0, 0.20291781425476074], [1949, -1.0, 0.16541387140750885]]",0.9749799663741175,15,11,64,64,1.0,0.27705627705627706,51,51,1.0,0.1946564885496183,"( ( not ( always ( x_0 <= 92.8 ) ) ) and ( always ( x_5 <= 125.24 ) ) ) and ( not ( always[9,inf] ( eventually[6,18] ( x_2 <= -6.28 ) ) ) )"
242,16,16,1,3,"[[4869, -1.0, 0.4260433316230774], [2979, 1.0, 0.11257240176200867], [2415, 1.0, 0.04174335300922394]]",0.9715075162705622,18,12,56,56,1.0,0.25339366515837103,62,59,0.9516129032258065,0.27699530516431925,"( ( not ( always ( x_1 >= -109.23 ) ) ) and ( always[4,33] ( x_5 <= 129.33 ) ) ) and ( ( always[1,4] ( x_1 >= -76.07 ) ) and ( always[2,32] ( x_0 >= -384.82 ) ) )"
243,16,42,2,3,"[[1462, 1.0, 0.21785134077072144], [2636, 1.0, 0.338611900806427], [4869, 1.0, 0.2939632833003998]]",0.989976951854301,16,8,478,476,0.99581589958159,0.3554891710231516,458,450,0.982532751091703,0.3456221198156682,"( ( always[11,inf] ( x_0 >= -10.64 ) ) and ( always ( x_5 <= 90.27 ) ) ) and ( always ( x_1 >= -4.76 ) )"
244,16,15,0,3,"[[6670, -1.0, 0.5975147485733032], [2979, 1.0, 0.029424820095300674], [2415, 1.0, 0.008981136605143547]]",0.9651042199119716,17,12,94,93,0.9893617021276596,0.4025974025974026,102,97,0.9509803921568627,0.3702290076335878,"( ( not ( always ( x_0 <= 225.58 ) ) ) and ( always[4,33] ( x_5 <= 332.92 ) ) ) and ( ( always[1,4] ( x_1 >= -97.2 ) ) and ( always[2,32] ( x_0 >= -405.94 ) ) )"
245,16,16,1,3,"[[4869, -1.0, 0.06954291462898254], [3226, 1.0, 0.08401860296726227], [7825, 1.0, 0.04457120597362518]]",0.9828279627603049,17,12,94,94,1.0,0.4253393665158371,100,92,0.92,0.431924882629108,"( ( not ( ( always ( x_1 >= -57.5 ) ) or ( eventually[10,14] ( x_0 <= -538.47 ) ) ) ) and ( always[4,inf] ( x_4 <= 227.46 ) ) ) and ( eventually ( x_2 <= -166.6154 ) )"
246,16,16,1,3,"[[4869, -1.0, 0.0], [2979, 1.0, 0.11257240176200867], [76, 1.0, 0.1072184145450592]]",0.9818807216189239,17,14,89,89,1.0,0.40271493212669685,86,82,0.9534883720930233,0.38497652582159625,"( ( not ( ( always ( x_1 >= -47.41 ) ) or ( eventually[10,14] ( x_0 <= -548.56 ) ) ) ) and ( always[4,33] ( x_5 <= 129.33 ) ) ) and ( eventually[1,26] ( ( x_4 >= -661.47 ) and ( x_2 <= -158.18 ) ) )"
247,16,16,1,3,"[[4869, -1.0, 0.4260433316230774], [2979, 1.0, 0.07321088761091232], [6670, 1.0, 0.18456682562828064]]",0.9639762544882552,17,12,91,90,0.989010989010989,0.4072398190045249,94,87,0.925531914893617,0.4084507042253521,"( ( not ( ( always ( x_1 >= -109.23 ) ) or ( eventually[10,14] ( x_0 <= -486.74 ) ) ) ) and ( always[4,33] ( x_5 <= 225.71 ) ) ) and ( always ( x_0 <= 48.69 ) )"
248,16,16,1,3,"[[5500, 1.0, 0.0348745658993721], [2636, 1.0, 0.10885388404130936], [4869, -1.0, 0.028517745435237885]]",0.953738186359482,17,12,102,100,0.9803921568627451,0.45248868778280543,96,89,0.9270833333333334,0.41784037558685444,"( ( eventually[0,31] ( x_2 <= -159.9 ) ) and ( always ( x_5 <= 149.48 ) ) ) and ( not ( ( always ( x_1 >= -51.55 ) ) or ( eventually[10,14] ( x_0 <= -544.42 ) ) ) )"
249,16,16,1,3,"[[4869, -1.0, 0.06954291462898254], [3226, 1.0, 0.08401860296726227], [7825, 1.0, 0.04399929195642471]]",0.9828279627603049,17,12,94,94,1.0,0.4253393665158371,101,93,0.9207920792079208,0.43661971830985913,"( ( not ( ( always ( x_1 >= -57.5 ) ) or ( eventually[10,14] ( x_0 <= -538.47 ) ) ) ) and ( always[4,inf] ( x_4 <= 227.46 ) ) ) and ( eventually ( x_2 <= -166.31 ) )"
250,16,42,2,3,"[[2979, 1.0, 0.1484450101852417], [1183, 1.0, 0.2399723380804062], [6670, 1.0, 0.011871324852108955]]",0.9819969404225942,15,8,415,411,0.9903614457831326,0.30694548170276326,379,369,0.9736147757255936,0.2834101382488479,"( ( always[4,33] ( x_5 <= 41.49 ) ) and ( always[8,27] ( x_1 >= -15.43 ) ) ) and ( always ( x_0 <= 87.75 ) )"
251,16,16,1,2,"[[2979, 1.0, 0.021477458998560905], [76, 1.0, 0.8751609325408936]]",0.9390024341065522,10,7,53,52,0.9811320754716981,0.23529411764705882,57,46,0.8070175438596491,0.215962441314554,"( always[4,33] ( x_5 <= 352.38 ) ) and ( eventually[1,26] ( ( x_4 >= -312.0 ) and ( x_2 <= -507.65 ) ) )"
252,16,42,2,3,"[[6670, 1.0, 0.3678901791572571], [333, -1.0, 0.3180745244026184], [3990, -1.0, 0.3536320626735687]]",0.9895131249354001,17,10,317,316,0.9968454258675079,0.2359970126960418,311,308,0.9903536977491961,0.23655913978494625,( ( always ( x_0 <= 7.22 ) ) and ( not ( eventually ( x_5 <= -26.16 ) ) ) ) and ( not ( eventually ( x_3 >= 63.89 ) ) )
253,16,53,4,1,"[[8090, -1.0, 5.715839385986328]]",0.22598811161452573,6,6,7,3,0.42857142857142855,0.17647058823529413,12,4,0.3333333333333333,0.23529411764705882,"not ( ( always[27,inf] ( x_4 >= -4569.55 ) ) and ( eventually[28,30] ( x_4 <= 20802.76 ) ) )"
254,16,16,1,3,"[[4869, -1.0, 0.06954291462898254], [3226, 1.0, 0.08401860296726227], [5500, 1.0, 0.03285358473658562]]",0.9824612049255758,17,12,92,92,1.0,0.416289592760181,98,90,0.9183673469387755,0.4225352112676056,"( ( not ( ( always ( x_1 >= -57.5 ) ) or ( eventually[10,14] ( x_0 <= -538.47 ) ) ) ) and ( always[4,inf] ( x_4 <= 227.46 ) ) ) and ( eventually[0,31] ( x_2 <= -158.8 ) )"
255,16,16,1,3,"[[4869, -1.0, 0.06954291462898254], [3226, 1.0, 0.08401860296726227], [7825, 1.0, 0.04399929195642471]]",0.9828279627603049,17,12,94,94,1.0,0.4253393665158371,101,93,0.9207920792079208,0.43661971830985913,"( ( not ( ( always ( x_1 >= -57.5 ) ) or ( eventually[10,14] ( x_0 <= -538.47 ) ) ) ) and ( always[4,inf] ( x_4 <= 227.46 ) ) ) and ( eventually ( x_2 <= -166.31 ) )"
256,16,16,1,3,"[[5500, 1.0, 0.0348745658993721], [2636, 1.0, 0.0], [8982, -1.0, 0.13087791204452515]]",0.8936287008428822,17,12,56,53,0.9464285714285714,0.2398190045248869,57,45,0.7894736842105263,0.2112676056338028,"( ( eventually[0,31] ( x_2 <= -159.9 ) ) and ( always ( x_5 <= 177.53 ) ) ) and ( not ( ( eventually ( x_0 <= -867.28 ) ) or ( always[16,18] ( x_0 >= -13.81 ) ) ) )"
257,16,16,1,3,"[[4869, -1.0, 0.06954291462898254], [3226, 1.0, 0.08401860296726227], [7825, 1.0, 0.04399929195642471]]",0.9828279627603049,17,12,94,94,1.0,0.4253393665158371,101,93,0.9207920792079208,0.43661971830985913,"( ( not ( ( always ( x_1 >= -57.5 ) ) or ( eventually[10,14] ( x_0 <= -538.47 ) ) ) ) and ( always[4,inf] ( x_4 <= 227.46 ) ) ) and ( eventually ( x_2 <= -166.31 ) )"
258,16,42,2,3,"[[6670, 1.0, 0.0], [1462, 1.0, 0.2664046287536621], [3990, -1.0, 0.3481042981147766]]",0.9865084845161668,17,12,247,245,0.9919028340080972,0.18297236743838685,243,234,0.9629629629629629,0.17972350230414746,"( ( always ( x_0 <= 90.43 ) ) and ( ( always[12,28] ( x_3 <= -957.41 ) ) or ( always[11,inf] ( x_0 >= -3.23 ) ) ) ) and ( not ( eventually ( x_3 >= 66.1 ) ) )"
259,16,42,2,3,"[[7339, -1.0, 0.14664782583713531], [1183, 1.0, 0.17056351900100708], [6670, 1.0, 0.25445741415023804]]",0.9557633064683431,16,9,362,351,0.9696132596685083,0.2621359223300971,362,341,0.9419889502762431,0.2619047619047619,"( ( not ( eventually[7,27] ( x_5 >= 27.91 ) ) ) and ( always[8,27] ( x_1 >= -34.08 ) ) ) and ( always ( x_0 <= 32.88 ) )"
260,16,16,1,3,"[[4869, -1.0, 0.06954291462898254], [3226, 1.0, 0.08401860296726227], [7825, 1.0, 0.04399929195642471]]",0.9828279627603049,17,12,94,94,1.0,0.4253393665158371,101,93,0.9207920792079208,0.43661971830985913,"( ( not ( ( always ( x_1 >= -57.5 ) ) or ( eventually[10,14] ( x_0 <= -538.47 ) ) ) ) and ( always[4,inf] ( x_4 <= 227.46 ) ) ) and ( eventually ( x_2 <= -166.31 ) )"
261,16,42,2,3,"[[6670, 1.0, 0.3190588653087616], [333, -1.0, 0.23027226328849792], [2636, 1.0, 0.16124214231967926]]",0.9556893529729293,15,9,648,626,0.9660493827160493,0.467513069454817,645,602,0.9333333333333333,0.46236559139784944,( ( always ( x_0 <= 18.27 ) ) and ( not ( eventually ( x_5 <= -49.46 ) ) ) ) and ( always ( x_5 <= 135.98 ) )
262,16,16,1,3,"[[4869, -1.0, 0.2991183400154114], [2979, 1.0, 0.01788126304745674], [7825, 1.0, 0.04457120597362518]]",0.9605636571173021,18,12,120,118,0.9833333333333333,0.5339366515837104,129,111,0.8604651162790697,0.5211267605633803,"( ( not ( ( always ( x_1 >= -90.82 ) ) or ( eventually[10,14] ( x_0 <= -505.16 ) ) ) ) and ( always[4,33] ( x_5 <= 361.19 ) ) ) and ( eventually ( x_2 <= -166.6154 ) )"
263,16,88,10,3,"[[9736, 1.0, 0.19795505702495575], [1183, 1.0, 0.07749475538730621], [2636, 1.0, 0.4163625240325928]]",0.9305325943024827,14,8,22,22,1.0,0.14473684210526316,21,16,0.7619047619047619,0.1038961038961039,"( ( always[28,31] ( x_5 <= -10.94 ) ) and ( always[8,27] ( x_1 >= -59.09 ) ) ) and ( always ( x_5 <= 70.23 ) )"
264,16,92,12,3,"[[1183, -1.0, 4.43241024017334], [2338, -1.0, 1.2986505031585693], [4968, 1.0, 0.0950632244348526]]",0.9551782753884318,16,12,35,35,1.0,0.35714285714285715,53,49,0.9245283018867925,0.4803921568627451,"( ( not ( always[8,27] ( ( x_1 >= -1270.85 ) or ( x_1 <= -1922.05 ) ) ) ) and ( not ( always[16,27] ( x_1 <= 735.66 ) ) ) ) and ( eventually[3,18] ( x_5 >= 179.7 ) )"
265,16,16,1,3,"[[4869, -1.0, 0.2991183400154114], [2979, 1.0, 0.01788126304745674], [76, 1.0, 0.1072184145450592]]",0.9703628639928163,17,14,111,110,0.990990990990991,0.497737556561086,120,104,0.8666666666666667,0.48826291079812206,"( ( not ( ( always ( x_1 >= -90.82 ) ) or ( eventually[10,14] ( x_0 <= -505.16 ) ) ) ) and ( always[4,33] ( x_5 <= 361.19 ) ) ) and ( eventually[1,26] ( ( x_4 >= -661.47 ) and ( x_2 <= -158.18 ) ) )"
266,16,42,2,2,"[[7825, -1.0, 0.24573515355587006], [2636, 1.0, 0.6276548504829407]]",0.9879804897845237,11,6,135,135,1.0,0.10082150858849888,115,112,0.9739130434782609,0.08602150537634409,( not ( eventually ( x_2 <= -9.23 ) ) ) and ( always ( x_5 <= 15.78 ) )
267,16,16,1,3,"[[4869, -1.0, 0.2058190405368805], [2979, 1.0, 0.13359001278877258], [636, -1.0, 0.025705527514219284]]",0.974592913239819,19,10,63,63,1.0,0.2850678733031674,69,63,0.9130434782608695,0.29577464788732394,"( ( not ( always ( x_1 >= -77.28 ) ) ) and ( always[4,33] ( x_5 <= 77.87 ) ) ) and ( not ( eventually[26,29] ( x_4 <= -62.05 ) ) )"
268,16,42,2,3,"[[2979, 1.0, 0.14676755666732788], [1183, 1.0, 0.2553028166294098], [6670, 1.0, 0.2782939672470093]]",0.9781275658462392,15,8,400,395,0.9875,0.2949962658700523,372,365,0.9811827956989247,0.2803379416282642,"( ( always[4,33] ( x_5 <= 45.6 ) ) and ( always[8,27] ( x_1 >= -11.31 ) ) ) and ( always ( x_0 <= 27.49 ) )"
269,16,16,1,3,"[[4869, -1.0, 0.0], [2979, 1.0, 0.11257240176200867], [76, 1.0, 0.1072184145450592]]",0.9818807216189239,17,14,89,89,1.0,0.40271493212669685,86,82,0.9534883720930233,0.38497652582159625,"( ( not ( ( always ( x_1 >= -47.41 ) ) or ( eventually[10,14] ( x_0 <= -548.56 ) ) ) ) and ( always[4,33] ( x_5 <= 129.33 ) ) ) and ( eventually[1,26] ( ( x_4 >= -661.47 ) and ( x_2 <= -158.18 ) ) )"
270,16,16,1,3,"[[4869, -1.0, 0.06954291462898254], [3226, 1.0, 0.08401860296726227], [7825, 1.0, 0.04399929195642471]]",0.9828279627603049,17,12,94,94,1.0,0.4253393665158371,101,93,0.9207920792079208,0.43661971830985913,"( ( not ( ( always ( x_1 >= -57.5 ) ) or ( eventually[10,14] ( x_0 <= -538.47 ) ) ) ) and ( always[4,inf] ( x_4 <= 227.46 ) ) ) and ( eventually ( x_2 <= -166.31 ) )"
271,16,16,1,3,"[[5500, 1.0, 0.0348745658993721], [2979, 1.0, 0.021477458998560905], [4869, -1.0, 0.08958105742931366]]",0.9528208375417097,18,12,129,126,0.9767441860465116,0.5701357466063348,134,114,0.8507462686567164,0.5352112676056338,"( ( eventually[0,31] ( x_2 <= -159.9 ) ) and ( always[4,33] ( x_5 <= 352.38 ) ) ) and ( not ( ( always ( x_1 >= -60.41 ) ) or ( eventually[10,14] ( x_0 <= -535.56 ) ) ) )"
272,16,16,1,3,"[[4869, -1.0, 0.2058190405368805], [2979, 1.0, 0.13359001278877258], [636, -1.0, 0.025705527514219284]]",0.974592913239819,19,10,63,63,1.0,0.2850678733031674,69,63,0.9130434782608695,0.29577464788732394,"( ( not ( always ( x_1 >= -77.28 ) ) ) and ( always[4,33] ( x_5 <= 77.87 ) ) ) and ( not ( eventually[26,29] ( x_4 <= -62.05 ) ) )"
273,16,16,1,3,"[[4869, -1.0, 0.0], [2979, 1.0, 0.11257240176200867], [76, 1.0, 0.1072184145450592]]",0.9818807216189239,17,14,89,89,1.0,0.40271493212669685,86,82,0.9534883720930233,0.38497652582159625,"( ( not ( ( always ( x_1 >= -47.41 ) ) or ( eventually[10,14] ( x_0 <= -548.56 ) ) ) ) and ( always[4,33] ( x_5 <= 129.33 ) ) ) and ( eventually[1,26] ( ( x_4 >= -661.47 ) and ( x_2 <= -158.18 ) ) )"
274,16,42,2,3,"[[7825, -1.0, 0.2475859820842743], [5264, 1.0, 0.22156107425689697], [6670, 1.0, 0.011871324852108955]]",0.9928168415003961,17,9,227,227,1.0,0.169529499626587,235,230,0.9787234042553191,0.17665130568356374,( ( not ( eventually ( x_2 <= -8.22 ) ) ) and ( always ( x_4 <= 25.25 ) ) ) and ( always ( x_0 <= 87.75 ) )
275,16,15,0,3,"[[6670, -1.0, 0.5975147485733032], [2979, 1.0, 0.029424820095300674], [7825, -1.0, 0.16865241527557373]]",0.9614864534411803,18,13,85,84,0.9882352941176471,0.36363636363636365,94,92,0.9787234042553191,0.3511450381679389,"( ( not ( always ( x_0 <= 225.58 ) ) ) and ( always[4,33] ( x_5 <= 332.92 ) ) ) and ( not ( ( eventually ( x_2 <= -51.02 ) ) and ( always[1,9] ( x_0 <= 3039.67 ) ) ) )"
276,16,88,10,3,"[[8005, -1.0, 0.09342555701732635], [5071, -1.0, 0.23426607251167297], [76, -1.0, 0.042418472468853]]",0.5523691336094231,16,13,87,54,0.6206896551724138,0.35526315789473684,87,49,0.5632183908045977,0.3181818181818182,"( ( not ( always[21,24] ( x_0 >= -27.37 ) ) ) and ( not ( eventually[17,inf] ( x_1 >= 18.95 ) ) ) ) and ( not ( eventually[1,26] ( ( x_4 >= -729.56 ) and ( x_2 <= -90.09 ) ) ) )"
277,16,16,1,3,"[[4869, -1.0, 0.2991183400154114], [2979, 1.0, 0.01788126304745674], [76, 1.0, 0.1072184145450592]]",0.9703628639928163,17,14,111,110,0.990990990990991,0.497737556561086,120,104,0.8666666666666667,0.48826291079812206,"( ( not ( ( always ( x_1 >= -90.82 ) ) or ( eventually[10,14] ( x_0 <= -505.16 ) ) ) ) and ( always[4,33] ( x_5 <= 361.19 ) ) ) and ( eventually[1,26] ( ( x_4 >= -661.47 ) and ( x_2 <= -158.18 ) ) )"
278,16,16,1,3,"[[4869, -1.0, 0.2991183400154114], [2979, 1.0, 0.01788126304745674], [76, 1.0, 0.1072184145450592]]",0.9703628639928163,17,14,111,110,0.990990990990991,0.497737556561086,120,104,0.8666666666666667,0.48826291079812206,"( ( not ( ( always ( x_1 >= -90.82 ) ) or ( eventually[10,14] ( x_0 <= -505.16 ) ) ) ) and ( always[4,33] ( x_5 <= 361.19 ) ) ) and ( eventually[1,26] ( ( x_4 >= -661.47 ) and ( x_2 <= -158.18 ) ) )"
279,16,16,1,3,"[[4869, -1.0, 0.0], [2979, 1.0, 0.11257240176200867], [76, 1.0, 0.1072184145450592]]",0.9818807216189239,17,14,89,89,1.0,0.40271493212669685,86,82,0.9534883720930233,0.38497652582159625,"( ( not ( ( always ( x_1 >= -47.41 ) ) or ( eventually[10,14] ( x_0 <= -548.56 ) ) ) ) and ( always[4,33] ( x_5 <= 129.33 ) ) ) and ( eventually[1,26] ( ( x_4 >= -661.47 ) and ( x_2 <= -158.18 ) ) )"
280,16,42,2,3,"[[2636, 1.0, 0.0], [1462, 1.0, 0.15667292475700378], [3226, 1.0, 0.3336866497993469]]",0.9444003402622273,15,11,266,256,0.9624060150375939,0.19118745332337567,266,249,0.9360902255639098,0.1912442396313364,"( ( always ( x_5 <= 177.53 ) ) and ( ( always[12,28] ( x_3 <= -940.66 ) ) or ( always[11,inf] ( x_0 >= -19.98 ) ) ) ) and ( always[4,inf] ( x_4 <= 19.92 ) )"
281,16,16,1,3,"[[5500, 1.0, 0.0348745658993721], [2979, 1.0, 0.11163875460624695], [4869, -1.0, 0.028517745435237885]]",0.9654646739690674,18,12,95,94,0.9894736842105263,0.4253393665158371,95,88,0.9263157894736842,0.4131455399061033,"( ( eventually[0,31] ( x_2 <= -159.9 ) ) and ( always[4,33] ( x_5 <= 131.62 ) ) ) and ( not ( ( always ( x_1 >= -51.55 ) ) or ( eventually[10,14] ( x_0 <= -544.42 ) ) ) )"
282,16,16,1,3,"[[4869, -1.0, 0.3068576753139496], [3226, 1.0, 0.25689297914505005], [636, -1.0, 0.025705527514219284]]",0.9724629605837316,18,10,58,58,1.0,0.26244343891402716,63,55,0.873015873015873,0.25821596244131456,"( ( not ( always ( x_1 >= -91.94 ) ) ) and ( always[4,inf] ( x_4 <= 83.76 ) ) ) and ( not ( eventually[26,29] ( x_4 <= -62.05 ) ) )"
283,16,16,1,3,"[[4869, -1.0, 0.06954291462898254], [3226, 1.0, 0.08401860296726227], [7825, 1.0, 0.04399929195642471]]",0.9828279627603049,17,12,94,94,1.0,0.4253393665158371,101,93,0.9207920792079208,0.43661971830985913,"( ( not ( ( always ( x_1 >= -57.5 ) ) or ( eventually[10,14] ( x_0 <= -538.47 ) ) ) ) and ( always[4,inf] ( x_4 <= 227.46 ) ) ) and ( eventually ( x_2 <= -166.31 ) )"
284,16,16,1,3,"[[4869, -1.0, 0.4260433316230774], [2979, 1.0, 0.07377482205629349], [6670, 1.0, 0.18456682562828064]]",0.9639762544882552,17,12,91,90,0.989010989010989,0.4072398190045249,93,86,0.9247311827956989,0.40375586854460094,"( ( not ( ( always ( x_1 >= -109.23 ) ) or ( eventually[10,14] ( x_0 <= -486.74 ) ) ) ) and ( always[4,33] ( x_5 <= 224.33 ) ) ) and ( always ( x_0 <= 48.69 ) )"
285,16,16,1,3,"[[4869, -1.0, 0.3150041699409485], [3226, 1.0, 0.22088217735290527], [333, -1.0, 0.08613000065088272]]",0.968197155267361,17,10,50,50,1.0,0.22624434389140272,59,55,0.9322033898305084,0.25821596244131456,"( ( not ( always ( x_1 >= -93.12 ) ) ) and ( always[4,inf] ( x_4 <= 113.69 ) ) ) and ( not ( eventually ( x_5 <= -87.72 ) ) )"
286,16,42,2,3,"[[1462, 1.0, 0.2611722946166992], [3990, -1.0, 0.33389812707901], [2415, 1.0, 0.1568048894405365]]",0.9870318043450601,18,9,256,255,0.99609375,0.19044062733383121,259,255,0.9845559845559846,0.195852534562212,"( ( always[11,inf] ( x_0 >= -4.0286 ) ) and ( not ( eventually ( x_3 >= 71.78 ) ) ) ) and ( always[1,4] ( x_1 >= -1.8822 ) )"
287,16,16,1,3,"[[4869, -1.0, 0.3068576753139496], [3226, 1.0, 0.25689297914505005], [636, -1.0, 0.025705527514219284]]",0.9724629605837316,18,10,58,58,1.0,0.26244343891402716,63,55,0.873015873015873,0.25821596244131456,"( ( not ( always ( x_1 >= -91.94 ) ) ) and ( always[4,inf] ( x_4 <= 83.76 ) ) ) and ( not ( eventually[26,29] ( x_4 <= -62.05 ) ) )"
288,16,16,1,2,"[[2979, 1.0, 0.021477458998560905], [76, 1.0, 0.6031678318977356]]",0.916567681554269,10,7,72,69,0.9583333333333334,0.31221719457013575,75,63,0.84,0.29577464788732394,"( always[4,33] ( x_5 <= 352.38 ) ) and ( eventually[1,26] ( ( x_4 >= -435.78 ) and ( x_2 <= -383.87 ) ) )"
289,16,16,1,3,"[[4869, -1.0, 0.06954291462898254], [3226, 1.0, 0.08401860296726227], [7825, 1.0, 0.04399929195642471]]",0.9828279627603049,17,12,94,94,1.0,0.4253393665158371,101,93,0.9207920792079208,0.43661971830985913,"( ( not ( ( always ( x_1 >= -57.5 ) ) or ( eventually[10,14] ( x_0 <= -538.47 ) ) ) ) and ( always[4,inf] ( x_4 <= 227.46 ) ) ) and ( eventually ( x_2 <= -166.31 ) )"
290,16,88,10,3,"[[83, 1.0, 0.07993483543395996], [3990, -1.0, 0.41631650924682617], [2415, 1.0, 0.1377173364162445]]",0.9163861567630498,17,9,18,18,1.0,0.11842105263157894,20,14,0.7,0.09090909090909091,"( ( always[29,inf] ( x_1 <= -1.74 ) ) and ( not ( eventually ( x_3 >= 38.8 ) ) ) ) and ( always[1,4] ( x_1 >= -14.19 ) )"
291,16,16,1,3,"[[4869, -1.0, 0.0], [2979, 1.0, 0.11257240176200867], [76, 1.0, 0.1072184145450592]]",0.9818807216189239,17,14,89,89,1.0,0.40271493212669685,86,82,0.9534883720930233,0.38497652582159625,"( ( not ( ( always ( x_1 >= -47.41 ) ) or ( eventually[10,14] ( x_0 <= -548.56 ) ) ) ) and ( always[4,33] ( x_5 <= 129.33 ) ) ) and ( eventually[1,26] ( ( x_4 >= -661.47 ) and ( x_2 <= -158.18 ) ) )"
292,16,16,1,3,"[[4869, -1.0, 0.3068576753139496], [3226, 1.0, 0.25689297914505005], [636, -1.0, 0.025705527514219284]]",0.9724629605837316,18,10,58,58,1.0,0.26244343891402716,63,55,0.873015873015873,0.25821596244131456,"( ( not ( always ( x_1 >= -91.94 ) ) ) and ( always[4,inf] ( x_4 <= 83.76 ) ) ) and ( not ( eventually[26,29] ( x_4 <= -62.05 ) ) )"
293,16,16,1,3,"[[4869, -1.0, 0.3068576753139496], [3226, 1.0, 0.25689297914505005], [636, -1.0, 0.025705527514219284]]",0.9724629605837316,18,10,58,58,1.0,0.26244343891402716,63,55,0.873015873015873,0.25821596244131456,"( ( not ( always ( x_1 >= -91.94 ) ) ) and ( always[4,inf] ( x_4 <= 83.76 ) ) ) and ( not ( eventually[26,29] ( x_4 <= -62.05 ) ) )"
294,16,16,1,2,"[[2979, 1.0, 0.020099123939871788], [76, 1.0, 0.8751609325408936]]",0.9390024341065522,10,7,53,52,0.9811320754716981,0.23529411764705882,57,46,0.8070175438596491,0.215962441314554,"( always[4,33] ( x_5 <= 355.76 ) ) and ( eventually[1,26] ( ( x_4 >= -312.0 ) and ( x_2 <= -507.65 ) ) )"
295,16,16,1,3,"[[4869, -1.0, 0.06954291462898254], [3226, 1.0, 0.08401860296726227], [7825, 1.0, 0.04399929195642471]]",0.9828279627603049,17,12,94,94,1.0,0.4253393665158371,101,93,0.9207920792079208,0.43661971830985913,"( ( not ( ( always ( x_1 >= -57.5 ) ) or ( eventually[10,14] ( x_0 <= -538.47 ) ) ) ) and ( always[4,inf] ( x_4 <= 227.46 ) ) ) and ( eventually ( x_2 <= -166.31 ) )"
296,16,42,2,3,"[[2979, 1.0, 0.14736101031303406], [5500, -1.0, 0.1559343934059143], [599, 1.0, 0.0013843874912708998]]",0.9798833090424542,16,10,80,80,1.0,0.05974607916355489,80,73,0.9125,0.05606758832565284,"( ( always[4,33] ( x_5 <= 44.15 ) ) and ( not ( eventually[0,31] ( x_2 <= -55.58 ) ) ) ) and ( eventually[10,18] ( always[7,12] ( x_0 >= -0.17 ) ) )"
297,16,42,2,3,"[[2636, 1.0, 0.43811360001564026], [8090, 1.0, 0.11475799977779388], [9736, 1.0, 0.1786157786846161]]",0.9635838856621176,15,8,90,89,0.9888888888888889,0.06646751306945482,68,59,0.8676470588235294,0.04531490015360983,"( ( always ( x_5 <= 64.63 ) ) and ( always[27,inf] ( x_4 >= -19.97 ) ) ) and ( always[28,31] ( x_5 <= 2.26 ) )"
298,16,42,2,3,"[[2636, 1.0, 0.4842531681060791], [707, 1.0, 0.10034311562776566], [2338, 1.0, 0.28741639852523804]]",0.9895816437601691,14,8,156,156,1.0,0.11650485436893204,145,141,0.9724137931034482,0.10829493087557604,"( ( always ( x_5 <= 52.74 ) ) and ( always[24,26] ( x_2 >= -1.74 ) ) ) and ( always[16,27] ( x_1 <= 2.93 ) )"
299,16,16,1,3,"[[4869, -1.0, 0.0], [2979, 1.0, 0.11257240176200867], [76, 1.0, 0.1072184145450592]]",0.9818807216189239,17,14,89,89,1.0,0.40271493212669685,86,82,0.9534883720930233,0.38497652582159625,"( ( not ( ( always ( x_1 >= -47.41 ) ) or ( eventually[10,14] ( x_0 <= -548.56 ) ) ) ) and ( always[4,33] ( x_5 <= 129.33 ) ) ) and ( eventually[1,26] ( ( x_4 >= -661.47 ) and ( x_2 <= -158.18 ) ) )"
300,16,42,2,3,"[[4869, 1.0, 0.29951542615890503], [2636, 1.0, 0.4556660056114197], [6670, 1.0, 0.011871324852108955]]",0.9781163310521206,15,11,341,337,0.9882697947214076,0.25168035847647496,322,315,0.9782608695652174,0.24193548387096775,"( ( ( always ( x_1 >= -3.95 ) ) or ( eventually[10,14] ( x_0 <= -592.02 ) ) ) and ( always ( x_5 <= 60.1 ) ) ) and ( always ( x_0 <= 87.75 ) )"
301,16,42,2,3,"[[7825, -1.0, 0.2496151328086853], [2636, 1.0, 0.32410234212875366], [1462, 1.0, 0.20788809657096863]]",0.9836824735852846,17,9,537,532,0.9906890130353817,0.39731142643764,508,498,0.9803149606299213,0.3824884792626728,"( ( not ( eventually ( x_2 <= -7.12 ) ) ) and ( always ( x_5 <= 94.01 ) ) ) and ( always[11,inf] ( x_0 >= -12.16 ) )"
302,16,88,10,3,"[[83, 1.0, 0.07993483543395996], [3990, -1.0, 0.41631650924682617], [2415, 1.0, 0.1377173364162445]]",0.9163861567630498,17,9,18,18,1.0,0.11842105263157894,20,14,0.7,0.09090909090909091,"( ( always[29,inf] ( x_1 <= -1.74 ) ) and ( not ( eventually ( x_3 >= 38.8 ) ) ) ) and ( always[1,4] ( x_1 >= -14.19 ) )"
303,16,16,1,3,"[[4869, -1.0, 0.4260433316230774], [3226, 1.0, 0.12916047871112823], [3390, 1.0, 0.0]]",0.9677934138081116,17,12,102,101,0.9901960784313726,0.45701357466063347,93,90,0.967741935483871,0.4225352112676056,"( ( not ( ( always ( x_1 >= -109.23 ) ) or ( eventually[10,14] ( x_0 <= -486.74 ) ) ) ) and ( always[4,inf] ( x_4 <= 189.94 ) ) ) and ( always[12,inf] ( x_1 <= 232.27 ) )"
304,16,16,1,3,"[[4869, -1.0, 0.06954291462898254], [3226, 1.0, 0.08401860296726227], [7825, 1.0, 0.04457120597362518]]",0.9828279627603049,17,12,94,94,1.0,0.4253393665158371,100,92,0.92,0.431924882629108,"( ( not ( ( always ( x_1 >= -57.5 ) ) or ( eventually[10,14] ( x_0 <= -538.47 ) ) ) ) and ( always[4,inf] ( x_4 <= 227.46 ) ) ) and ( eventually ( x_2 <= -166.6154 ) )"
305,16,16,1,3,"[[4869, -1.0, 0.2991183400154114], [2979, 1.0, 0.01788126304745674], [7825, 1.0, 0.04457120597362518]]",0.9605636571173021,18,12,120,118,0.9833333333333333,0.5339366515837104,129,111,0.8604651162790697,0.5211267605633803,"( ( not ( ( always ( x_1 >= -90.82 ) ) or ( eventually[10,14] ( x_0 <= -505.16 ) ) ) ) and ( always[4,33] ( x_5 <= 361.19 ) ) ) and ( eventually ( x_2 <= -166.6154 ) )"
306,16,42,2,3,"[[2636, 1.0, 0.3144735097885132], [8090, 1.0, 0.1335047036409378], [6670, 1.0, 0.03495661914348602]]",0.9765267881722849,15,8,583,574,0.9845626072041166,0.42867811799850636,543,530,0.9760589318600368,0.40706605222734255,"( ( always ( x_5 <= 96.49 ) ) and ( always[27,inf] ( x_4 >= -5.34 ) ) ) and ( always ( x_0 <= 82.53 ) )"
307,16,42,2,3,"[[333, -1.0, 0.36914706230163574], [3226, 1.0, 0.26824796199798584], [6670, 1.0, 0.011871324852108955]]",0.9953294183675063,15,9,350,350,1.0,0.26138909634055263,285,280,0.9824561403508771,0.21505376344086022,"( ( not ( eventually ( x_5 <= -12.604 ) ) ) and ( always[4,inf] ( x_4 <= 74.32 ) ) ) and ( always ( x_0 <= 87.75 ) )"
308,16,42,2,3,"[[2636, 1.0, 0.3662099838256836], [636, -1.0, 0.10979415476322174], [4869, 1.0, 0.10294317454099655]]",0.9541888575123415,17,9,477,461,0.9664570230607966,0.34428678117998507,424,405,0.9551886792452831,0.31105990783410137,"( ( always ( x_5 <= 83.16 ) ) and ( not ( eventually[26,29] ( x_4 <= -2.82 ) ) ) ) and ( always ( x_1 >= -32.47 ) )"
309,16,42,2,3,"[[2636, 1.0, 0.43811360001564026], [2415, 1.0, 0.15485267341136932], [6670, 1.0, 0.2455846667289734]]",0.9461283194021332,15,8,469,450,0.9594882729211087,0.33607169529499625,450,421,0.9355555555555556,0.32334869431643626,"( ( always ( x_5 <= 64.63 ) ) and ( always[1,4] ( x_1 >= -3.14 ) ) ) and ( always ( x_0 <= 34.89 ) )"
310,16,16,1,3,"[[4869, -1.0, 0.3068576753139496], [3226, 1.0, 0.25689297914505005], [636, -1.0, 0.025705527514219284]]",0.9724629605837316,18,10,58,58,1.0,0.26244343891402716,63,55,0.873015873015873,0.25821596244131456,"( ( not ( always ( x_1 >= -91.94 ) ) ) and ( always[4,inf] ( x_4 <= 83.76 ) ) ) and ( not ( eventually[26,29] ( x_4 <= -62.05 ) ) )"
311,16,16,1,3,"[[5500, 1.0, 0.0348745658993721], [2979, 1.0, 0.11163875460624695], [4869, -1.0, 0.028517745435237885]]",0.9654646739690674,18,12,95,94,0.9894736842105263,0.4253393665158371,95,88,0.9263157894736842,0.4131455399061033,"( ( eventually[0,31] ( x_2 <= -159.9 ) ) and ( always[4,33] ( x_5 <= 131.62 ) ) ) and ( not ( ( always ( x_1 >= -51.55 ) ) or ( eventually[10,14] ( x_0 <= -544.42 ) ) ) )"
312,16,16,1,3,"[[4869, -1.0, 0.4260433316230774], [2979, 1.0, 0.07321088761091232], [6670, 1.0, 0.18456682562828064]]",0.9639762544882552,17,12,91,90,0.989010989010989,0.4072398190045249,94,87,0.925531914893617,0.4084507042253521,"( ( not ( ( always ( x_1 >= -109.23 ) ) or ( eventually[10,14] ( x_0 <= -486.74 ) ) ) ) and ( always[4,33] ( x_5 <= 225.71 ) ) ) and ( always ( x_0 <= 48.69 ) )"
313,16,16,1,3,"[[4869, -1.0, 0.4260433316230774], [2979, 1.0, 0.11257240176200867], [2415, 1.0, 0.04174335300922394]]",0.9715075162705622,18,12,56,56,1.0,0.25339366515837103,62,59,0.9516129032258065,0.27699530516431925,"( ( not ( always ( x_1 >= -109.23 ) ) ) and ( always[4,33] ( x_5 <= 129.33 ) ) ) and ( ( always[1,4] ( x_1 >= -76.07 ) ) and ( always[2,32] ( x_0 >= -384.82 ) ) )"
314,16,16,1,3,"[[5500, 1.0, 0.01214071735739708], [2979, 1.0, 0.11163875460624695], [4869, -1.0, 0.0056968191638588905]]",0.9532890517456778,18,12,101,99,0.9801980198019802,0.4479638009049774,108,100,0.9259259259259259,0.4694835680751174,"( ( eventually[0,31] ( x_2 <= -147.47 ) ) and ( always[4,33] ( x_5 <= 131.62 ) ) ) and ( not ( ( always ( x_1 >= -48.24 ) ) or ( eventually[10,14] ( x_0 <= -547.74 ) ) ) )"
315,16,42,2,3,"[[4869, 1.0, 0.29824012517929077], [5264, 1.0, 0.20742052793502808], [6513, 1.0, 0.08270679414272308]]",0.9917320037077418,15,9,197,197,1.0,0.14712471994025392,196,191,0.9744897959183674,0.14669738863287252,"( ( always ( x_1 >= -4.13 ) ) and ( always ( x_4 <= 46.41 ) ) ) and ( eventually ( always[1,11] ( x_2 >= -0.5 ) ) )"
316,16,15,0,3,"[[6670, -1.0, 0.07383903861045837], [2636, 1.0, 0.1729399710893631], [636, -1.0, 0.10911455750465393]]",0.9551782753884318,17,10,35,35,1.0,0.15151515151515152,30,30,1.0,0.11450381679389313,"( ( not ( always ( x_0 <= 107.14 ) ) ) and ( always ( x_5 <= 132.96 ) ) ) and ( not ( eventually[26,29] ( x_4 <= -3.2938 ) ) )"
317,16,92,12,2,"[[1183, -1.0, 2.229713201522827], [5071, 1.0, 2.1814751625061035]]",0.9669158771211273,11,11,48,48,1.0,0.4897959183673469,57,54,0.9473684210526315,0.5294117647058824,"( not ( always[8,27] ( ( x_1 >= -679.01 ) or ( x_1 <= -2513.89 ) ) ) ) and ( ( eventually[17,inf] ( x_1 >= 1823.0 ) ) and ( always ( x_3 >= -6814.07 ) ) )"
318,16,16,1,3,"[[4869, -1.0, 0.4260433316230774], [2979, 1.0, 0.1072588711977005], [333, -1.0, 0.08613000065088272]]",0.9669158771211273,18,10,48,48,1.0,0.2171945701357466,61,57,0.9344262295081968,0.2676056338028169,"( ( not ( always ( x_1 >= -109.23 ) ) ) and ( always[4,33] ( x_5 <= 142.34 ) ) ) and ( not ( eventually ( x_5 <= -87.72 ) ) )"
319,16,16,1,3,"[[4869, -1.0, 0.2991183400154114], [2979, 1.0, 0.02368694171309471], [76, 1.0, 0.1072184145450592]]",0.9703628639928163,17,14,111,110,0.990990990990991,0.497737556561086,118,102,0.864406779661017,0.4788732394366197,"( ( not ( ( always ( x_1 >= -90.82 ) ) or ( eventually[10,14] ( x_0 <= -505.16 ) ) ) ) and ( always[4,33] ( x_5 <= 346.97 ) ) ) and ( eventually[1,26] ( ( x_4 >= -661.47 ) and ( x_2 <= -158.18 ) ) )"
320,16,42,2,3,"[[4869, 1.0, 0.28798383474349976], [2636, 1.0, 0.32410234212875366], [8090, 1.0, 0.1277451515197754]]",0.9606139012183238,16,8,526,511,0.9714828897338403,0.3816280806572069,504,488,0.9682539682539683,0.37480798771121354,"( ( always ( x_1 >= -5.62 ) ) and ( always ( x_5 <= 94.01 ) ) ) and ( always[27,inf] ( x_4 >= -9.84 ) )"
321,16,16,1,3,"[[4869, -1.0, 0.3068576753139496], [3226, 1.0, 0.25689297914505005], [636, -1.0, 0.025705527514219284]]",0.9724629605837316,18,10,58,58,1.0,0.26244343891402716,63,55,0.873015873015873,0.25821596244131456,"( ( not ( always ( x_1 >= -91.94 ) ) ) and ( always[4,inf] ( x_4 <= 83.76 ) ) ) and ( not ( eventually[26,29] ( x_4 <= -62.05 ) ) )"
322,16,16,1,3,"[[5500, 1.0, 0.0348745658993721], [2979, 1.0, 0.1261136680841446], [8982, -1.0, 0.06281311810016632]]",0.8971626581757232,18,12,58,55,0.9482758620689655,0.248868778280543,55,46,0.8363636363636363,0.215962441314554,"( ( eventually[0,31] ( x_2 <= -159.9 ) ) and ( always[4,33] ( x_5 <= 96.17 ) ) ) and ( not ( ( eventually ( x_0 <= -875.42 ) ) or ( always[16,18] ( x_0 >= -5.67 ) ) ) )"
323,16,16,1,3,"[[4869, -1.0, 0.2991183400154114], [2979, 1.0, 0.01788126304745674], [76, 1.0, 0.1072184145450592]]",0.9703628639928163,17,14,111,110,0.990990990990991,0.497737556561086,120,104,0.8666666666666667,0.48826291079812206,"( ( not ( ( always ( x_1 >= -90.82 ) ) or ( eventually[10,14] ( x_0 <= -505.16 ) ) ) ) and ( always[4,33] ( x_5 <= 361.19 ) ) ) and ( eventually[1,26] ( ( x_4 >= -661.47 ) and ( x_2 <= -158.18 ) ) )"
324,16,42,2,3,"[[6670, 1.0, 0.3223996162414551], [333, -1.0, 0.23027226328849792], [2636, 1.0, 0.16124214231967926]]",0.9586016834307249,15,9,639,619,0.9687010954616588,0.46228528752800596,639,598,0.9358372456964006,0.4592933947772657,( ( always ( x_0 <= 17.51 ) ) and ( not ( eventually ( x_5 <= -49.46 ) ) ) ) and ( always ( x_5 <= 135.98 ) )
325,16,16,1,3,"[[4869, -1.0, 0.0], [2979, 1.0, 0.11257240176200867], [76, 1.0, 0.1072184145450592]]",0.9818807216189239,17,14,89,89,1.0,0.40271493212669685,86,82,0.9534883720930233,0.38497652582159625,"( ( not ( ( always ( x_1 >= -47.41 ) ) or ( eventually[10,14] ( x_0 <= -548.56 ) ) ) ) and ( always[4,33] ( x_5 <= 129.33 ) ) ) and ( eventually[1,26] ( ( x_4 >= -661.47 ) and ( x_2 <= -158.18 ) ) )"
326,16,16,1,3,"[[4869, -1.0, 0.2058190405368805], [2979, 1.0, 0.13359001278877258], [636, -1.0, 0.025705527514219284]]",0.974592913239819,19,10,63,63,1.0,0.2850678733031674,69,63,0.9130434782608695,0.29577464788732394,"( ( not ( always ( x_1 >= -77.28 ) ) ) and ( always[4,33] ( x_5 <= 77.87 ) ) ) and ( not ( eventually[26,29] ( x_4 <= -62.05 ) ) )"
327,16,16,1,3,"[[4869, -1.0, 0.06954291462898254], [3226, 1.0, 0.08401860296726227], [7825, 1.0, 0.04399929195642471]]",0.9828279627603049,17,12,94,94,1.0,0.4253393665158371,101,93,0.9207920792079208,0.43661971830985913,"( ( not ( ( always ( x_1 >= -57.5 ) ) or ( eventually[10,14] ( x_0 <= -538.47 ) ) ) ) and ( always[4,inf] ( x_4 <= 227.46 ) ) ) and ( eventually ( x_2 <= -166.31 ) )"
328,16,16,1,3,"[[4869, -1.0, 0.2991183400154114], [2979, 1.0, 0.01788126304745674], [76, 1.0, 0.1072184145450592]]",0.9703628639928163,17,14,111,110,0.990990990990991,0.497737556561086,120,104,0.8666666666666667,0.48826291079812206,"( ( not ( ( always ( x_1 >= -90.82 ) ) or ( eventually[10,14] ( x_0 <= -505.16 ) ) ) ) and ( always[4,33] ( x_5 <= 361.19 ) ) ) and ( eventually[1,26] ( ( x_4 >= -661.47 ) and ( x_2 <= -158.18 ) ) )"
329,16,92,12,3,"[[1183, -1.0, 3.249608039855957], [2338, -1.0, 0.949760913848877], [333, 1.0, 1.0785728693008423]]",0.8971626581757232,16,12,58,55,0.9482758620689655,0.5612244897959183,73,62,0.8493150684931506,0.6078431372549019,"( ( not ( always[8,27] ( ( x_1 >= -953.04 ) or ( x_1 <= -2239.86 ) ) ) ) and ( not ( always[16,27] ( x_1 <= 574.48 ) ) ) ) and ( eventually ( x_5 <= -396.83 ) )"
330,16,16,1,3,"[[4869, -1.0, 0.06954291462898254], [3226, 1.0, 0.08401860296726227], [7825, 1.0, 0.04399929195642471]]",0.9828279627603049,17,12,94,94,1.0,0.4253393665158371,101,93,0.9207920792079208,0.43661971830985913,"( ( not ( ( always ( x_1 >= -57.5 ) ) or ( eventually[10,14] ( x_0 <= -538.47 ) ) ) ) and ( always[4,inf] ( x_4 <= 227.46 ) ) ) and ( eventually ( x_2 <= -166.31 ) )"
331,16,16,1,3,"[[4869, -1.0, 0.14334583282470703], [7825, 1.0, 0.022288303822278976], [954, 1.0, 0.0018438881961628795]]",0.6733760883055512,16,13,74,55,0.7432432432432432,0.248868778280543,87,59,0.6781609195402298,0.27699530516431925,"( ( not ( ( always ( x_1 >= -68.21 ) ) or ( eventually[10,14] ( x_0 <= -527.76 ) ) ) ) and ( eventually ( x_2 <= -154.53 ) ) ) and ( eventually[19,inf] ( always[1,8] ( x_2 >= -58.02 ) ) )"
332,16,42,2,3,"[[6670, 1.0, 0.3678901791572571], [333, -1.0, 0.3180745244026184], [2636, 1.0, 0.003990222699940205]]",0.9893087324527906,15,9,448,446,0.9955357142857143,0.3330843913368185,417,416,0.9976019184652278,0.3195084485407066,( ( always ( x_0 <= 7.22 ) ) and ( not ( eventually ( x_5 <= -26.16 ) ) ) ) and ( always ( x_5 <= 176.5 ) )
333,16,16,1,3,"[[4869, -1.0, 0.10782568156719208], [2636, 1.0, 0.3867446780204773], [333, -1.0, 0.1289600133895874]]",0.9715075162705622,17,10,56,56,1.0,0.25339366515837103,53,51,0.9622641509433962,0.23943661971830985,( ( not ( always ( x_1 >= -63.06 ) ) ) and ( always ( x_5 <= 77.86 ) ) ) and ( not ( eventually ( x_5 <= -76.35 ) ) )
334,16,16,1,3,"[[4869, -1.0, 0.06954291462898254], [3226, 1.0, 0.08401860296726227], [7825, 1.0, 0.04399929195642471]]",0.9828279627603049,17,12,94,94,1.0,0.4253393665158371,101,93,0.9207920792079208,0.43661971830985913,"( ( not ( ( always ( x_1 >= -57.5 ) ) or ( eventually[10,14] ( x_0 <= -538.47 ) ) ) ) and ( always[4,inf] ( x_4 <= 227.46 ) ) ) and ( eventually ( x_2 <= -166.31 ) )"
335,16,16,1,3,"[[4869, -1.0, 0.3068576753139496], [3226, 1.0, 0.25689297914505005], [636, -1.0, 0.025705527514219284]]",0.9724629605837316,18,10,58,58,1.0,0.26244343891402716,63,55,0.873015873015873,0.25821596244131456,"( ( not ( always ( x_1 >= -91.94 ) ) ) and ( always[4,inf] ( x_4 <= 83.76 ) ) ) and ( not ( eventually[26,29] ( x_4 <= -62.05 ) ) )"
336,16,42,2,2,"[[333, -1.0, 0.375763475894928], [2636, 1.0, 0.32548168301582336]]",0.9946614167886589,10,6,306,306,1.0,0.22852875280059745,252,247,0.9801587301587301,0.18970814132104455,( not ( eventually ( x_5 <= -10.85 ) ) ) and ( always ( x_5 <= 93.65 ) )
337,16,42,2,3,"[[2979, 1.0, 0.14779651165008545], [2415, 1.0, 0.1579059660434723], [6670, 1.0, 0.24501150846481323]]",0.969983945332358,16,8,204,201,0.9852941176470589,0.15011202389843167,191,179,0.93717277486911,0.13748079877112135,"( ( always[4,33] ( x_5 <= 43.08 ) ) and ( always[1,4] ( x_1 >= -1.17 ) ) ) and ( always ( x_0 <= 35.02 ) )"
338,16,16,1,3,"[[4869, -1.0, 0.10782568156719208], [2636, 1.0, 0.3867446780204773], [333, -1.0, 0.1289600133895874]]",0.9715075162705622,17,10,56,56,1.0,0.25339366515837103,53,51,0.9622641509433962,0.23943661971830985,( ( not ( always ( x_1 >= -63.06 ) ) ) and ( always ( x_5 <= 77.86 ) ) ) and ( not ( eventually ( x_5 <= -76.35 ) ) )
339,16,42,2,3,"[[1462, 1.0, 0.2611722946166992], [2636, 1.0, 0.32410234212875366], [4869, 1.0, 0.2939632833003998]]",0.9955688433689176,16,8,369,369,1.0,0.27557879014189696,346,343,0.9913294797687862,0.26344086021505375,"( ( always[11,inf] ( x_0 >= -4.0286 ) ) and ( always ( x_5 <= 94.01 ) ) ) and ( always ( x_1 >= -4.76 ) )"
340,16,42,2,2,"[[333, -1.0, 0.36914706230163574], [2636, 1.0, 0.5831409692764282]]",0.9898394562620587,10,6,160,160,1.0,0.11949215832710978,158,153,0.9683544303797469,0.1175115207373272,( not ( eventually ( x_5 <= -12.604 ) ) ) and ( always ( x_5 <= 27.25 ) )
341,16,92,12,1,"[[76, 1.0, 3.7897114753723145]]",0.9551782753884318,4,4,35,35,1.0,0.35714285714285715,38,33,0.868421052631579,0.3235294117647059,"eventually[1,26] ( ( x_4 >= 1014.31 ) and ( x_2 <= -1833.96 ) )"
342,16,16,1,3,"[[5500, 1.0, 0.0348745658993721], [2979, 1.0, 0.11163875460624695], [4869, -1.0, 0.028517745435237885]]",0.9654646739690674,18,12,95,94,0.9894736842105263,0.4253393665158371,95,88,0.9263157894736842,0.4131455399061033,"( ( eventually[0,31] ( x_2 <= -159.9 ) ) and ( always[4,33] ( x_5 <= 131.62 ) ) ) and ( not ( ( always ( x_1 >= -51.55 ) ) or ( eventually[10,14] ( x_0 <= -544.42 ) ) ) )"
343,16,16,1,3,"[[4869, -1.0, 0.4260433316230774], [2979, 1.0, 0.07321088761091232], [6670, 1.0, 0.18456682562828064]]",0.9639762544882552,17,12,91,90,0.989010989010989,0.4072398190045249,94,87,0.925531914893617,0.4084507042253521,"( ( not ( ( always ( x_1 >= -109.23 ) ) or ( eventually[10,14] ( x_0 <= -486.74 ) ) ) ) and ( always[4,33] ( x_5 <= 225.71 ) ) ) and ( always ( x_0 <= 48.69 ) )"
344,16,16,1,3,"[[4869, -1.0, 0.06954291462898254], [6844, -1.0, 0.0004727468767669052], [7825, 1.0, 0.0451701357960701]]",0.7572044853069277,18,13,101,82,0.8118811881188119,0.37104072398190047,103,79,0.7669902912621359,0.37089201877934275,"( ( not ( ( always ( x_1 >= -57.5 ) ) or ( eventually[10,14] ( x_0 <= -538.47 ) ) ) ) and ( not ( eventually[2,7] ( x_2 >= 137.05 ) ) ) ) and ( eventually ( x_2 <= -166.94 ) )"
345,16,16,1,3,"[[4869, -1.0, 0.06954291462898254], [3226, 1.0, 0.08401860296726227], [7825, 1.0, 0.04399929195642471]]",0.9828279627603049,17,12,94,94,1.0,0.4253393665158371,101,93,0.9207920792079208,0.43661971830985913,"( ( not ( ( always ( x_1 >= -57.5 ) ) or ( eventually[10,14] ( x_0 <= -538.47 ) ) ) ) and ( always[4,inf] ( x_4 <= 227.46 ) ) ) and ( eventually ( x_2 <= -166.31 ) )"
346,16,16,1,3,"[[4869, -1.0, 0.0], [2979, 1.0, 0.11257240176200867], [76, 1.0, 0.1072184145450592]]",0.9818807216189239,17,14,89,89,1.0,0.40271493212669685,86,82,0.9534883720930233,0.38497652582159625,"( ( not ( ( always ( x_1 >= -47.41 ) ) or ( eventually[10,14] ( x_0 <= -548.56 ) ) ) ) and ( always[4,33] ( x_5 <= 129.33 ) ) ) and ( eventually[1,26] ( ( x_4 >= -661.47 ) and ( x_2 <= -158.18 ) ) )"
347,16,53,4,2,"[[636, 1.0, 0.9450599551200867], [6513, 1.0, 0.5111292600631714]]",0.5135414727563554,9,9,5,4,0.8,0.23529411764705882,6,1,0.16666666666666666,0.058823529411764705,"( ( always[7,10] ( x_5 >= 3692.59 ) ) or ( eventually[26,29] ( x_4 <= -745.84 ) ) ) and ( eventually ( always[1,11] ( x_2 >= 247.02 ) ) )"
348,16,16,1,3,"[[4869, -1.0, 0.06954291462898254], [3226, 1.0, 0.08401860296726227], [7825, 1.0, 0.04399929195642471]]",0.9828279627603049,17,12,94,94,1.0,0.4253393665158371,101,93,0.9207920792079208,0.43661971830985913,"( ( not ( ( always ( x_1 >= -57.5 ) ) or ( eventually[10,14] ( x_0 <= -538.47 ) ) ) ) and ( always[4,inf] ( x_4 <= 227.46 ) ) ) and ( eventually ( x_2 <= -166.31 ) )"
349,16,42,2,3,"[[1462, 1.0, 0.16119596362113953], [5264, 1.0, 0.22095143795013428], [2415, 1.0, 0.15242186188697815]]",0.9866698621963103,17,8,249,248,0.9959839357429718,0.18521284540702015,263,250,0.9505703422053232,0.19201228878648233,"( ( always[11,inf] ( x_0 >= -19.29 ) ) and ( always ( x_4 <= 26.16 ) ) ) and ( always[1,4] ( x_1 >= -4.71 ) )"
350,16,88,10,3,"[[3390, 1.0, 0.2807313799858093], [9114, -1.0, 0.07831154763698578], [1183, 1.0, 0.03189581632614136]]",0.6606397373290998,16,9,34,26,0.7647058823529411,0.17105263157894737,42,26,0.6190476190476191,0.16883116883116883,"( ( always[12,inf] ( x_1 <= 2.18 ) ) and ( not ( always[4,5] ( x_0 >= -12.77 ) ) ) ) and ( always[8,27] ( x_1 >= -71.34 ) )"
351,16,42,2,2,"[[333, -1.0, 0.375763475894928], [2636, 1.0, 0.32548168301582336]]",0.9946614167886589,10,6,306,306,1.0,0.22852875280059745,252,247,0.9801587301587301,0.18970814132104455,( not ( eventually ( x_5 <= -10.85 ) ) ) and ( always ( x_5 <= 93.65 ) )
352,16,15,0,3,"[[6670, -1.0, 0.5975147485733032], [2979, 1.0, 0.029424820095300674], [7825, -1.0, 0.16865241527557373]]",0.9614864534411803,18,13,85,84,0.9882352941176471,0.36363636363636365,94,92,0.9787234042553191,0.3511450381679389,"( ( not ( always ( x_0 <= 225.58 ) ) ) and ( always[4,33] ( x_5 <= 332.92 ) ) ) and ( not ( ( eventually ( x_2 <= -51.02 ) ) and ( always[1,9] ( x_0 <= 3039.67 ) ) ) )"
353,16,16,1,3,"[[4869, -1.0, 0.2058190405368805], [2979, 1.0, 0.13359001278877258], [636, -1.0, 0.025705527514219284]]",0.974592913239819,19,10,63,63,1.0,0.2850678733031674,69,63,0.9130434782608695,0.29577464788732394,"( ( not ( always ( x_1 >= -77.28 ) ) ) and ( always[4,33] ( x_5 <= 77.87 ) ) ) and ( not ( eventually[26,29] ( x_4 <= -62.05 ) ) )"
354,16,16,1,3,"[[4869, -1.0, 0.3068576753139496], [3226, 1.0, 0.25689297914505005], [636, -1.0, 0.025705527514219284]]",0.9724629605837316,18,10,58,58,1.0,0.26244343891402716,63,55,0.873015873015873,0.25821596244131456,"( ( not ( always ( x_1 >= -91.94 ) ) ) and ( always[4,inf] ( x_4 <= 83.76 ) ) ) and ( not ( eventually[26,29] ( x_4 <= -62.05 ) ) )"
355,16,16,1,3,"[[4869, -1.0, 0.06954291462898254], [3226, 1.0, 0.08401860296726227], [7825, 1.0, 0.04399929195642471]]",0.9828279627603049,17,12,94,94,1.0,0.4253393665158371,101,93,0.9207920792079208,0.43661971830985913,"( ( not ( ( always ( x_1 >= -57.5 ) ) or ( eventually[10,14] ( x_0 <= -538.47 ) ) ) ) and ( always[4,inf] ( x_4 <= 227.46 ) ) ) and ( eventually ( x_2 <= -166.31 ) )"
356,16,16,1,3,"[[4869, -1.0, 0.1941528469324112], [2979, 1.0, 0.12608255445957184], [333, -1.0, 0.10106594115495682]]",0.9715075162705622,18,10,56,56,1.0,0.25339366515837103,72,67,0.9305555555555556,0.3145539906103286,"( ( not ( always ( x_1 >= -75.59 ) ) ) and ( always[4,33] ( x_5 <= 96.25 ) ) ) and ( not ( eventually ( x_5 <= -83.75 ) ) )"
357,16,16,1,3,"[[4869, -1.0, 0.4260433316230774], [2979, 1.0, 0.07321088761091232], [6670, 1.0, 0.18456682562828064]]",0.9639762544882552,17,12,91,90,0.989010989010989,0.4072398190045249,94,87,0.925531914893617,0.4084507042253521,"( ( not ( ( always ( x_1 >= -109.23 ) ) or ( eventually[10,14] ( x_0 <= -486.74 ) ) ) ) and ( always[4,33] ( x_5 <= 225.71 ) ) ) and ( always ( x_0 <= 48.69 ) )"
358,16,16,1,3,"[[4869, -1.0, 0.2058190405368805], [2979, 1.0, 0.13359001278877258], [636, -1.0, 0.025705527514219284]]",0.974592913239819,19,10,63,63,1.0,0.2850678733031674,69,63,0.9130434782608695,0.29577464788732394,"( ( not ( always ( x_1 >= -77.28 ) ) ) and ( always[4,33] ( x_5 <= 77.87 ) ) ) and ( not ( eventually[26,29] ( x_4 <= -62.05 ) ) )"
359,16,16,1,3,"[[4869, -1.0, 0.0], [2979, 1.0, 0.11257240176200867], [76, 1.0, 0.1072184145450592]]",0.9818807216189239,17,14,89,89,1.0,0.40271493212669685,86,82,0.9534883720930233,0.38497652582159625,"( ( not ( ( always ( x_1 >= -47.41 ) ) or ( eventually[10,14] ( x_0 <= -548.56 ) ) ) ) and ( always[4,33] ( x_5 <= 129.33 ) ) ) and ( eventually[1,26] ( ( x_4 >= -661.47 ) and ( x_2 <= -158.18 ) ) )"
360,16,42,2,3,"[[333, -1.0, 0.3296911120414734], [2636, 1.0, 0.5966084003448486], [2338, 1.0, 0.2729998826980591]]",0.9906493269598605,15,9,174,174,1.0,0.1299477221807319,166,160,0.963855421686747,0.1228878648233487,"( ( not ( eventually ( x_5 <= -23.08 ) ) ) and ( always ( x_5 <= 23.78 ) ) ) and ( always[16,27] ( x_1 <= 9.59 ) )"
361,16,16,1,3,"[[4869, -1.0, 0.06954291462898254], [3226, 1.0, 0.08401860296726227], [7825, 1.0, 0.04399929195642471]]",0.9828279627603049,17,12,94,94,1.0,0.4253393665158371,101,93,0.9207920792079208,0.43661971830985913,"( ( not ( ( always ( x_1 >= -57.5 ) ) or ( eventually[10,14] ( x_0 <= -538.47 ) ) ) ) and ( always[4,inf] ( x_4 <= 227.46 ) ) ) and ( eventually ( x_2 <= -166.31 ) )"
362,16,16,1,3,"[[4869, -1.0, 0.3068576753139496], [3226, 1.0, 0.25689297914505005], [636, -1.0, 0.025705527514219284]]",0.9724629605837316,18,10,58,58,1.0,0.26244343891402716,63,55,0.873015873015873,0.25821596244131456,"( ( not ( always ( x_1 >= -91.94 ) ) ) and ( always[4,inf] ( x_4 <= 83.76 ) ) ) and ( not ( eventually[26,29] ( x_4 <= -62.05 ) ) )"
363,16,16,1,3,"[[4869, -1.0, 0.0], [2979, 1.0, 0.11257240176200867], [76, 1.0, 0.1072184145450592]]",0.9818807216189239,17,14,89,89,1.0,0.40271493212669685,86,82,0.9534883720930233,0.38497652582159625,"( ( not ( ( always ( x_1 >= -47.41 ) ) or ( eventually[10,14] ( x_0 <= -548.56 ) ) ) ) and ( always[4,33] ( x_5 <= 129.33 ) ) ) and ( eventually[1,26] ( ( x_4 >= -661.47 ) and ( x_2 <= -158.18 ) ) )"
364,16,53,4,3,"[[333, 1.0, 0.2175242006778717], [76, -1.0, 0.18239417672157288], [2636, 1.0, 0.292006254196167]]",0.40940130682725634,15,11,6,4,0.6666666666666666,0.23529411764705882,4,2,0.5,0.11764705882352941,"( ( eventually ( x_5 <= -168.31 ) ) and ( not ( eventually[1,26] ( ( x_4 >= -793.26 ) and ( x_2 <= -26.39 ) ) ) ) ) and ( always ( x_5 <= 102.28 ) )"
365,16,16,1,3,"[[4869, -1.0, 0.3068576753139496], [3226, 1.0, 0.25689297914505005], [636, -1.0, 0.025705527514219284]]",0.9724629605837316,18,10,58,58,1.0,0.26244343891402716,63,55,0.873015873015873,0.25821596244131456,"( ( not ( always ( x_1 >= -91.94 ) ) ) and ( always[4,inf] ( x_4 <= 83.76 ) ) ) and ( not ( eventually[26,29] ( x_4 <= -62.05 ) ) )"
366,16,16,1,3,"[[4869, -1.0, 0.0], [2979, 1.0, 0.11257240176200867], [7825, 1.0, 0.04457120597362518]]",0.9658177578413549,18,12,96,95,0.9895833333333334,0.4298642533936652,99,91,0.9191919191919192,0.4272300469483568,"( ( not ( ( always ( x_1 >= -47.41 ) ) or ( eventually[10,14] ( x_0 <= -548.56 ) ) ) ) and ( always[4,33] ( x_5 <= 129.33 ) ) ) and ( eventually ( x_2 <= -166.6154 ) )"
367,16,16,1,3,"[[4869, -1.0, 0.2991183400154114], [2979, 1.0, 0.01788126304745674], [76, 1.0, 0.1072184145450592]]",0.9703628639928163,17,14,111,110,0.990990990990991,0.497737556561086,120,104,0.8666666666666667,0.48826291079812206,"( ( not ( ( always ( x_1 >= -90.82 ) ) or ( eventually[10,14] ( x_0 <= -505.16 ) ) ) ) and ( always[4,33] ( x_5 <= 361.19 ) ) ) and ( eventually[1,26] ( ( x_4 >= -661.47 ) and ( x_2 <= -158.18 ) ) )"
368,16,16,1,3,"[[4869, -1.0, 0.06954291462898254], [3226, 1.0, 0.08401860296726227], [7825, 1.0, 0.04399929195642471]]",0.9828279627603049,17,12,94,94,1.0,0.4253393665158371,101,93,0.9207920792079208,0.43661971830985913,"( ( not ( ( always ( x_1 >= -57.5 ) ) or ( eventually[10,14] ( x_0 <= -538.47 ) ) ) ) and ( always[4,inf] ( x_4 <= 227.46 ) ) ) and ( eventually ( x_2 <= -166.31 ) )"
369,16,16,1,3,"[[4869, -1.0, 0.06954291462898254], [3226, 1.0, 0.08401860296726227], [7825, 1.0, 0.04457120597362518]]",0.9828279627603049,17,12,94,94,1.0,0.4253393665158371,100,92,0.92,0.431924882629108,"( ( not ( ( always ( x_1 >= -57.5 ) ) or ( eventually[10,14] ( x_0 <= -538.47 ) ) ) ) and ( always[4,inf] ( x_4 <= 227.46 ) ) ) and ( eventually ( x_2 <= -166.6154 ) )"
370,16,92,12,1,"[[6513, -1.0, 2.1434223651885986]]",0.9614849210984293,4,4,41,41,1.0,0.41836734693877553,55,47,0.8545454545454545,0.46078431372549017,"not ( eventually ( always[1,11] ( x_2 >= -1286.6 ) ) )"
371,16,16,1,3,"[[4869, -1.0, 0.06954291462898254], [3226, 1.0, 0.08401860296726227], [7825, 1.0, 0.04399929195642471]]",0.9828279627603049,17,12,94,94,1.0,0.4253393665158371,101,93,0.9207920792079208,0.43661971830985913,"( ( not ( ( always ( x_1 >= -57.5 ) ) or ( eventually[10,14] ( x_0 <= -538.47 ) ) ) ) and ( always[4,inf] ( x_4 <= 227.46 ) ) ) and ( eventually ( x_2 <= -166.31 ) )"
372,16,16,1,3,"[[4869, -1.0, 0.3068576753139496], [3226, 1.0, 0.25689297914505005], [9901, -1.0, 0.01651252806186676]]",0.968197155267361,16,11,50,50,1.0,0.22624434389140272,64,57,0.890625,0.2676056338028169,"( ( not ( always ( x_1 >= -91.94 ) ) ) and ( always[4,inf] ( x_4 <= 83.76 ) ) ) and ( not ( eventually ( always[3,5] ( x_0 <= -27.66 ) ) ) )"
373,16,16,1,3,"[[4869, -1.0, 0.2991183400154114], [2979, 1.0, 0.01788126304745674], [7825, 1.0, 0.04457120597362518]]",0.9605636571173021,18,12,120,118,0.9833333333333333,0.5339366515837104,129,111,0.8604651162790697,0.5211267605633803,"( ( not ( ( always ( x_1 >= -90.82 ) ) or ( eventually[10,14] ( x_0 <= -505.16 ) ) ) ) and ( always[4,33] ( x_5 <= 361.19 ) ) ) and ( eventually ( x_2 <= -166.6154 ) )"
374,16,15,0,3,"[[6670, -1.0, 0.5975147485733032], [2979, 1.0, 0.029424820095300674], [2415, 1.0, 0.008981136605143547]]",0.9651042199119716,17,12,94,93,0.9893617021276596,0.4025974025974026,102,97,0.9509803921568627,0.3702290076335878,"( ( not ( always ( x_0 <= 225.58 ) ) ) and ( always[4,33] ( x_5 <= 332.92 ) ) ) and ( ( always[1,4] ( x_1 >= -97.2 ) ) and ( always[2,32] ( x_0 >= -405.94 ) ) )"
375,16,16,1,3,"[[4869, -1.0, 0.17545396089553833], [2979, 1.0, 0.13359001278877258], [9901, -1.0, 0.012014508247375488]]",0.9737817343214785,17,11,61,61,1.0,0.27601809954751133,79,72,0.9113924050632911,0.3380281690140845,"( ( not ( always ( x_1 >= -72.87 ) ) ) and ( always[4,33] ( x_5 <= 77.87 ) ) ) and ( not ( eventually ( always[3,5] ( x_0 <= -28.18 ) ) ) )"
376,16,42,2,2,"[[333, -1.0, 0.375763475894928], [2636, 1.0, 0.32548168301582336]]",0.9946614167886589,10,6,306,306,1.0,0.22852875280059745,252,247,0.9801587301587301,0.18970814132104455,( not ( eventually ( x_5 <= -10.85 ) ) ) and ( always ( x_5 <= 93.65 ) )
377,16,16,1,3,"[[4869, -1.0, 0.3068576753139496], [3226, 1.0, 0.25689297914505005], [6513, 1.0, 0.0]]",0.9693828911740721,15,10,52,52,1.0,0.23529411764705882,59,51,0.864406779661017,0.23943661971830985,"( ( not ( always ( x_1 >= -91.94 ) ) ) and ( always[4,inf] ( x_4 <= 83.76 ) ) ) and ( eventually ( always[1,11] ( x_2 >= -48.28 ) ) )"
378,16,88,10,3,"[[9226, -1.0, 0.27705448865890503], [7825, -1.0, 0.11311492323875427], [8005, -1.0, 0.03733089566230774]]",0.911583564462748,17,14,36,35,0.9722222222222222,0.23026315789473684,43,33,0.7674418604651163,0.21428571428571427,"( ( not ( ( always[26,28] ( x_0 >= -2360.18 ) ) and ( eventually[29,inf] ( x_2 >= -0.55 ) ) ) ) and ( not ( eventually ( x_2 <= -81.13 ) ) ) ) and ( not ( always[21,24] ( x_0 >= -19.5 ) ) )"
379,16,16,1,3,"[[4869, -1.0, 0.3068576753139496], [3226, 1.0, 0.25689297914505005], [636, -1.0, 0.025705527514219284]]",0.9724629605837316,18,10,58,58,1.0,0.26244343891402716,63,55,0.873015873015873,0.25821596244131456,"( ( not ( always ( x_1 >= -91.94 ) ) ) and ( always[4,inf] ( x_4 <= 83.76 ) ) ) and ( not ( eventually[26,29] ( x_4 <= -62.05 ) ) )"
380,16,92,12,2,"[[6844, 1.0, 1.4965620040893555], [2268, -1.0, 0.8984083533287048]]",0.9662357268760651,11,6,47,47,1.0,0.47959183673469385,55,50,0.9090909090909091,0.49019607843137253,"( eventually[2,7] ( x_2 >= 1244.15 ) ) and ( not ( always[8,20] ( x_2 >= -599.94 ) ) )"
381,16,16,1,3,"[[4869, -1.0, 0.4260433316230774], [2979, 1.0, 0.11257240176200867], [2415, 1.0, 0.04174335300922394]]",0.9715075162705622,18,12,56,56,1.0,0.25339366515837103,62,59,0.9516129032258065,0.27699530516431925,"( ( not ( always ( x_1 >= -109.23 ) ) ) and ( always[4,33] ( x_5 <= 129.33 ) ) ) and ( ( always[1,4] ( x_1 >= -76.07 ) ) and ( always[2,32] ( x_0 >= -384.82 ) ) )"
382,16,16,1,3,"[[4869, -1.0, 0.2991183400154114], [2979, 1.0, 0.01788126304745674], [76, 1.0, 0.1072184145450592]]",0.9703628639928163,17,14,111,110,0.990990990990991,0.497737556561086,120,104,0.8666666666666667,0.48826291079812206,"( ( not ( ( always ( x_1 >= -90.82 ) ) or ( eventually[10,14] ( x_0 <= -505.16 ) ) ) ) and ( always[4,33] ( x_5 <= 361.19 ) ) ) and ( eventually[1,26] ( ( x_4 >= -661.47 ) and ( x_2 <= -158.18 ) ) )"
383,16,16,1,3,"[[4869, -1.0, 0.06954291462898254], [3226, 1.0, 0.08401860296726227], [7825, 1.0, 0.04399929195642471]]",0.9828279627603049,17,12,94,94,1.0,0.4253393665158371,101,93,0.9207920792079208,0.43661971830985913,"( ( not ( ( always ( x_1 >= -57.5 ) ) or ( eventually[10,14] ( x_0 <= -538.47 ) ) ) ) and ( always[4,inf] ( x_4 <= 227.46 ) ) ) and ( eventually ( x_2 <= -166.31 ) )"
384,16,16,1,3,"[[4869, -1.0, 0.3068576753139496], [3226, 1.0, 0.25689297914505005], [636, -1.0, 0.025705527514219284]]",0.9724629605837316,18,10,58,58,1.0,0.26244343891402716,63,55,0.873015873015873,0.25821596244131456,"( ( not ( always ( x_1 >= -91.94 ) ) ) and ( always[4,inf] ( x_4 <= 83.76 ) ) ) and ( not ( eventually[26,29] ( x_4 <= -62.05 ) ) )"
385,16,16,1,3,"[[4869, -1.0, 0.2991183400154114], [2979, 1.0, 0.01788126304745674], [7825, 1.0, 0.04457120597362518]]",0.9605636571173021,18,12,120,118,0.9833333333333333,0.5339366515837104,129,111,0.8604651162790697,0.5211267605633803,"( ( not ( ( always ( x_1 >= -90.82 ) ) or ( eventually[10,14] ( x_0 <= -505.16 ) ) ) ) and ( always[4,33] ( x_5 <= 361.19 ) ) ) and ( eventually ( x_2 <= -166.6154 ) )"
386,16,42,2,3,"[[2636, 1.0, 0.4769623875617981], [2268, 1.0, 0.2035731077194214], [2415, 1.0, 0.15681247413158417]]",0.9823858291255535,16,8,188,187,0.9946808510638298,0.13965646004480955,186,179,0.9623655913978495,0.13748079877112135,"( ( always ( x_5 <= 54.61 ) ) and ( always[8,20] ( x_2 >= -2.24 ) ) ) and ( always[1,4] ( x_1 >= -1.88 ) )"
387,16,16,1,3,"[[4869, -1.0, 0.06954291462898254], [3226, 1.0, 0.08401860296726227], [7825, 1.0, 0.04399929195642471]]",0.9828279627603049,17,12,94,94,1.0,0.4253393665158371,101,93,0.9207920792079208,0.43661971830985913,"( ( not ( ( always ( x_1 >= -57.5 ) ) or ( eventually[10,14] ( x_0 <= -538.47 ) ) ) ) and ( always[4,inf] ( x_4 <= 227.46 ) ) ) and ( eventually ( x_2 <= -166.31 ) )"
388,16,16,1,3,"[[4869, -1.0, 0.06954291462898254], [3226, 1.0, 0.08401860296726227], [7825, 1.0, 0.04399929195642471]]",0.9828279627603049,17,12,94,94,1.0,0.4253393665158371,101,93,0.9207920792079208,0.43661971830985913,"( ( not ( ( always ( x_1 >= -57.5 ) ) or ( eventually[10,14] ( x_0 <= -538.47 ) ) ) ) and ( always[4,inf] ( x_4 <= 227.46 ) ) ) and ( eventually ( x_2 <= -166.31 ) )"
389,16,16,1,3,"[[4869, -1.0, 0.0], [2979, 1.0, 0.11257240176200867], [76, 1.0, 0.1072184145450592]]",0.9818807216189239,17,14,89,89,1.0,0.40271493212669685,86,82,0.9534883720930233,0.38497652582159625,"( ( not ( ( always ( x_1 >= -47.41 ) ) or ( eventually[10,14] ( x_0 <= -548.56 ) ) ) ) and ( always[4,33] ( x_5 <= 129.33 ) ) ) and ( eventually[1,26] ( ( x_4 >= -661.47 ) and ( x_2 <= -158.18 ) ) )"
390,16,16,1,3,"[[4869, -1.0, 0.3068576753139496], [3226, 1.0, 0.25689297914505005], [636, -1.0, 0.025705527514219284]]",0.9724629605837316,18,10,58,58,1.0,0.26244343891402716,63,55,0.873015873015873,0.25821596244131456,"( ( not ( always ( x_1 >= -91.94 ) ) ) and ( always[4,inf] ( x_4 <= 83.76 ) ) ) and ( not ( eventually[26,29] ( x_4 <= -62.05 ) ) )"
391,16,16,1,3,"[[4869, -1.0, 0.4260433316230774], [2979, 1.0, 0.11257240176200867], [2415, 1.0, 0.04174335300922394]]",0.9715075162705622,18,12,56,56,1.0,0.25339366515837103,62,59,0.9516129032258065,0.27699530516431925,"( ( not ( always ( x_1 >= -109.23 ) ) ) and ( always[4,33] ( x_5 <= 129.33 ) ) ) and ( ( always[1,4] ( x_1 >= -76.07 ) ) and ( always[2,32] ( x_0 >= -384.82 ) ) )"
392,16,16,1,2,"[[2979, 1.0, 0.11163875460624695], [76, 1.0, 0.6278895139694214]]",0.9605600199744538,10,7,40,40,1.0,0.18099547511312217,38,36,0.9473684210526315,0.16901408450704225,"( always[4,33] ( x_5 <= 131.62 ) ) and ( eventually[1,26] ( ( x_4 >= -424.53 ) and ( x_2 <= -395.12 ) ) )"
393,16,16,1,3,"[[4869, -1.0, 0.0], [2979, 1.0, 0.11257240176200867], [76, 1.0, 0.1072184145450592]]",0.9818807216189239,17,14,89,89,1.0,0.40271493212669685,86,82,0.9534883720930233,0.38497652582159625,"( ( not ( ( always ( x_1 >= -47.41 ) ) or ( eventually[10,14] ( x_0 <= -548.56 ) ) ) ) and ( always[4,33] ( x_5 <= 129.33 ) ) ) and ( eventually[1,26] ( ( x_4 >= -661.47 ) and ( x_2 <= -158.18 ) ) )"
394,16,16,1,3,"[[4869, -1.0, 0.06954291462898254], [3226, 1.0, 0.08401860296726227], [7825, 1.0, 0.04399929195642471]]",0.9828279627603049,17,12,94,94,1.0,0.4253393665158371,101,93,0.9207920792079208,0.43661971830985913,"( ( not ( ( always ( x_1 >= -57.5 ) ) or ( eventually[10,14] ( x_0 <= -538.47 ) ) ) ) and ( always[4,inf] ( x_4 <= 227.46 ) ) ) and ( eventually ( x_2 <= -166.31 ) )"
395,16,16,1,2,"[[2979, 1.0, 0.11163875460624695], [76, 1.0, 0.6278895139694214]]",0.9605600199744538,10,7,40,40,1.0,0.18099547511312217,38,36,0.9473684210526315,0.16901408450704225,"( always[4,33] ( x_5 <= 131.62 ) ) and ( eventually[1,26] ( ( x_4 >= -424.53 ) and ( x_2 <= -395.12 ) ) )"
396,16,16,1,3,"[[4869, -1.0, 0.09238067269325256], [2636, 1.0, 0.3867446780204773], [333, -1.0, 0.1289600133895874]]",0.9715075162705622,17,10,56,56,1.0,0.25339366515837103,56,52,0.9285714285714286,0.24413145539906103,( ( not ( always ( x_1 >= -60.82 ) ) ) and ( always ( x_5 <= 77.86 ) ) ) and ( not ( eventually ( x_5 <= -76.35 ) ) )
397,16,16,1,3,"[[4869, -1.0, 0.06954291462898254], [3226, 1.0, 0.08401860296726227], [7825, 1.0, 0.04399929195642471]]",0.9828279627603049,17,12,94,94,1.0,0.4253393665158371,101,93,0.9207920792079208,0.43661971830985913,"( ( not ( ( always ( x_1 >= -57.5 ) ) or ( eventually[10,14] ( x_0 <= -538.47 ) ) ) ) and ( always[4,inf] ( x_4 <= 227.46 ) ) ) and ( eventually ( x_2 <= -166.31 ) )"
398,16,42,2,3,"[[6670, 1.0, 0.3302847146987915], [1183, 1.0, 0.2604529857635498], [2636, 1.0, 0.40433502197265625]]",0.9862841017431314,14,8,449,446,0.9933184855233853,0.3330843913368185,447,438,0.9798657718120806,0.33640552995391704,"( ( always ( x_0 <= 15.73 ) ) and ( always[8,27] ( x_1 >= -9.93 ) ) ) and ( always ( x_5 <= 73.33 ) )"
399,16,16,1,3,"[[4869, -1.0, 0.0], [2979, 1.0, 0.11257240176200867], [76, 1.0, 0.1072184145450592]]",0.9818807216189239,17,14,89,89,1.0,0.40271493212669685,86,82,0.9534883720930233,0.38497652582159625,"( ( not ( ( always ( x_1 >= -47.41 ) ) or ( eventually[10,14] ( x_0 <= -548.56 ) ) ) ) and ( always[4,33] ( x_5 <= 129.33 ) ) ) and ( eventually[1,26] ( ( x_4 >= -661.47 ) and ( x_2 <= -158.18 ) ) )"
400,16,16,1,3,"[[4869, -1.0, 0.06954291462898254], [3226, 1.0, 0.08401860296726227], [7825, 1.0, 0.04399929195642471]]",0.9828279627603049,17,12,94,94,1.0,0.4253393665158371,101,93,0.9207920792079208,0.43661971830985913,"( ( not ( ( always ( x_1 >= -57.5 ) ) or ( eventually[10,14] ( x_0 <= -538.47 ) ) ) ) and ( always[4,inf] ( x_4 <= 227.46 ) ) ) and ( eventually ( x_2 <= -166.31 ) )"
401,16,16,1,3,"[[4869, -1.0, 0.3249408006668091], [3226, 1.0, 0.25689297914505005], [636, -1.0, 0.025705527514219284]]",0.9724629605837316,18,10,58,58,1.0,0.26244343891402716,62,54,0.8709677419354839,0.2535211267605634,"( ( not ( always ( x_1 >= -94.56 ) ) ) and ( always[4,inf] ( x_4 <= 83.76 ) ) ) and ( not ( eventually[26,29] ( x_4 <= -62.05 ) ) )"
402,16,16,1,3,"[[4869, -1.0, 0.3068576753139496], [3226, 1.0, 0.25689297914505005], [636, -1.0, 0.025705527514219284]]",0.9724629605837316,18,10,58,58,1.0,0.26244343891402716,63,55,0.873015873015873,0.25821596244131456,"( ( not ( always ( x_1 >= -91.94 ) ) ) and ( always[4,inf] ( x_4 <= 83.76 ) ) ) and ( not ( eventually[26,29] ( x_4 <= -62.05 ) ) )"
403,16,15,0,3,"[[6670, -1.0, 0.41825535893440247], [2979, 1.0, 0.0580962598323822], [8499, -1.0, 0.04336663708090782]]",0.9422555938838854,18,10,105,102,0.9714285714285714,0.44155844155844154,122,116,0.9508196721311475,0.44274809160305345,"( ( not ( always ( x_0 <= 185.04 ) ) ) and ( always[4,33] ( x_5 <= 262.72 ) ) ) and ( not ( eventually ( x_5 <= -133.88 ) ) )"
404,16,16,1,3,"[[4869, -1.0, 0.0], [2979, 1.0, 0.11257240176200867], [76, 1.0, 0.1072184145450592]]",0.9818807216189239,17,14,89,89,1.0,0.40271493212669685,86,82,0.9534883720930233,0.38497652582159625,"( ( not ( ( always ( x_1 >= -47.41 ) ) or ( eventually[10,14] ( x_0 <= -548.56 ) ) ) ) and ( always[4,33] ( x_5 <= 129.33 ) ) ) and ( eventually[1,26] ( ( x_4 >= -661.47 ) and ( x_2 <= -158.18 ) ) )"
405,16,16,1,3,"[[4869, -1.0, 0.2991183400154114], [2979, 1.0, 0.02368694171309471], [76, 1.0, 0.1072184145450592]]",0.9703628639928163,17,14,111,110,0.990990990990991,0.497737556561086,118,102,0.864406779661017,0.4788732394366197,"( ( not ( ( always ( x_1 >= -90.82 ) ) or ( eventually[10,14] ( x_0 <= -505.16 ) ) ) ) and ( always[4,33] ( x_5 <= 346.97 ) ) ) and ( eventually[1,26] ( ( x_4 >= -661.47 ) and ( x_2 <= -158.18 ) ) )"
406,16,16,1,3,"[[4869, -1.0, 0.2991183400154114], [7339, -1.0, 0.08128835260868073], [9114, -1.0, 0.293887734413147]]",0.9511813763534412,19,14,32,32,1.0,0.14479638009049775,24,24,1.0,0.11267605633802817,"( ( not ( ( always ( x_1 >= -90.82 ) ) or ( eventually[10,14] ( x_0 <= -505.16 ) ) ) ) and ( not ( eventually[7,27] ( x_5 >= 155.57 ) ) ) ) and ( not ( always[4,5] ( x_0 >= -47.79 ) ) )"
407,16,16,1,3,"[[4869, -1.0, 0.2991183400154114], [2979, 1.0, 0.01788126304745674], [7825, 1.0, 0.04457120597362518]]",0.9605636571173021,18,12,120,118,0.9833333333333333,0.5339366515837104,129,111,0.8604651162790697,0.5211267605633803,"( ( not ( ( always ( x_1 >= -90.82 ) ) or ( eventually[10,14] ( x_0 <= -505.16 ) ) ) ) and ( always[4,33] ( x_5 <= 361.19 ) ) ) and ( eventually ( x_2 <= -166.6154 ) )"
408,16,88,10,3,"[[8005, -1.0, 0.09342555701732635], [5071, -1.0, 0.25015079975128174], [6513, 1.0, 0.0804552510380745]]",0.7002181116018564,14,11,14,12,0.8571428571428571,0.07894736842105263,11,7,0.6363636363636364,0.045454545454545456,"( ( not ( always[21,24] ( x_0 >= -27.37 ) ) ) and ( not ( eventually[17,inf] ( x_1 >= 7.09 ) ) ) ) and ( eventually ( always[1,11] ( x_2 >= -1.7982 ) ) )"
409,16,16,1,2,"[[2979, 1.0, 0.021477458998560905], [76, 1.0, 0.8751609325408936]]",0.9390024341065522,10,7,53,52,0.9811320754716981,0.23529411764705882,57,46,0.8070175438596491,0.215962441314554,"( always[4,33] ( x_5 <= 352.38 ) ) and ( eventually[1,26] ( ( x_4 >= -312.0 ) and ( x_2 <= -507.65 ) ) )"
410,16,16,1,3,"[[4869, -1.0, 0.17545396089553833], [2979, 1.0, 0.13359001278877258], [9901, -1.0, 0.012014508247375488]]",0.9737817343214785,17,11,61,61,1.0,0.27601809954751133,79,72,0.9113924050632911,0.3380281690140845,"( ( not ( always ( x_1 >= -72.87 ) ) ) and ( always[4,33] ( x_5 <= 77.87 ) ) ) and ( not ( eventually ( always[3,5] ( x_0 <= -28.18 ) ) ) )"
411,16,42,2,3,"[[4869, 1.0, 0.29388588666915894], [2636, 1.0, 0.3395971655845642], [2268, 1.0, 0.20372748374938965]]",0.969548605737554,16,8,328,322,0.9817073170731707,0.24047796863330845,311,305,0.9807073954983923,0.23425499231950844,"( ( always ( x_1 >= -4.7667 ) ) and ( always ( x_5 <= 90.02 ) ) ) and ( always[8,20] ( x_2 >= -2.16 ) )"
412,16,42,2,3,"[[333, -1.0, 0.36145108938217163], [2636, 1.0, 0.5831409692764282], [4869, 1.0, 0.014469181187450886]]",0.9912937142556558,16,9,187,187,1.0,0.13965646004480955,174,169,0.9712643678160919,0.12980030721966207,( ( not ( eventually ( x_5 <= -14.6465 ) ) ) and ( always ( x_5 <= 27.25 ) ) ) and ( always ( x_1 >= -45.31 ) )
413,16,16,1,3,"[[4869, -1.0, 0.0], [2979, 1.0, 0.11257240176200867], [76, 1.0, 0.1072184145450592]]",0.9818807216189239,17,14,89,89,1.0,0.40271493212669685,86,82,0.9534883720930233,0.38497652582159625,"( ( not ( ( always ( x_1 >= -47.41 ) ) or ( eventually[10,14] ( x_0 <= -548.56 ) ) ) ) and ( always[4,33] ( x_5 <= 129.33 ) ) ) and ( eventually[1,26] ( ( x_4 >= -661.47 ) and ( x_2 <= -158.18 ) ) )"
414,16,42,2,3,"[[6670, 1.0, 0.3678901791572571], [333, -1.0, 0.30592674016952515], [2636, 1.0, 0.003990222699940205]]",0.986493663220701,15,9,456,453,0.993421052631579,0.33831217326362956,427,426,0.9976580796252927,0.3271889400921659,( ( always ( x_0 <= 7.22 ) ) and ( not ( eventually ( x_5 <= -29.38 ) ) ) ) and ( always ( x_5 <= 176.5 ) )
415,16,42,2,3,"[[4869, 1.0, 0.29939427971839905], [5264, 1.0, 0.20797720551490784], [1462, 1.0, 0.2154928743839264]]",0.994126875733391,17,8,278,278,1.0,0.20761762509335324,256,251,0.98046875,0.19278033794162827,"( ( always ( x_1 >= -3.9674 ) ) and ( always ( x_4 <= 45.57 ) ) ) and ( always[11,inf] ( x_0 >= -11.0 ) )"
416,16,42,2,3,"[[333, -1.0, 0.2728216052055359], [2636, 1.0, 0.35669487714767456], [6513, 1.0, 0.08234167098999023]]",0.9814816523252561,14,10,332,329,0.9909638554216867,0.24570575056011948,352,334,0.9488636363636364,0.2565284178187404,"( ( not ( eventually ( x_5 <= -38.17 ) ) ) and ( always ( x_5 <= 85.61 ) ) ) and ( eventually ( always[1,11] ( x_2 >= -0.71 ) ) )"
417,16,16,1,3,"[[5500, 1.0, 0.0348745658993721], [2979, 1.0, 0.1261136680841446], [8982, -1.0, 0.06281311810016632]]",0.8971626581757232,18,12,58,55,0.9482758620689655,0.248868778280543,55,46,0.8363636363636363,0.215962441314554,"( ( eventually[0,31] ( x_2 <= -159.9 ) ) and ( always[4,33] ( x_5 <= 96.17 ) ) ) and ( not ( ( eventually ( x_0 <= -875.42 ) ) or ( always[16,18] ( x_0 >= -5.67 ) ) ) )"
418,16,16,1,3,"[[5500, 1.0, 0.0348745658993721], [2979, 1.0, 0.1261136680841446], [8982, -1.0, 0.06281311810016632]]",0.8971626581757232,18,12,58,55,0.9482758620689655,0.248868778280543,55,46,0.8363636363636363,0.215962441314554,"( ( eventually[0,31] ( x_2 <= -159.9 ) ) and ( always[4,33] ( x_5 <= 96.17 ) ) ) and ( not ( ( eventually ( x_0 <= -875.42 ) ) or ( always[16,18] ( x_0 >= -5.67 ) ) ) )"
419,16,16,1,3,"[[4869, -1.0, 0.0], [2979, 1.0, 0.11257240176200867], [7825, 1.0, 0.04457120597362518]]",0.9658177578413549,18,12,96,95,0.9895833333333334,0.4298642533936652,99,91,0.9191919191919192,0.4272300469483568,"( ( not ( ( always ( x_1 >= -47.41 ) ) or ( eventually[10,14] ( x_0 <= -548.56 ) ) ) ) and ( always[4,33] ( x_5 <= 129.33 ) ) ) and ( eventually ( x_2 <= -166.6154 ) )"
420,16,88,10,3,"[[8005, -1.0, 0.09342555701732635], [5071, -1.0, 0.25015079975128174], [6513, 1.0, 0.0804552510380745]]",0.7002181116018564,14,11,14,12,0.8571428571428571,0.07894736842105263,11,7,0.6363636363636364,0.045454545454545456,"( ( not ( always[21,24] ( x_0 >= -27.37 ) ) ) and ( not ( eventually[17,inf] ( x_1 >= 7.09 ) ) ) ) and ( eventually ( always[1,11] ( x_2 >= -1.7982 ) ) )"
421,16,16,1,3,"[[4869, -1.0, 0.3068576753139496], [3226, 1.0, 0.25689297914505005], [707, 1.0, 0.001169812399893999]]",0.970483387303065,16,9,54,54,1.0,0.24434389140271492,57,49,0.8596491228070176,0.2300469483568075,"( ( not ( always ( x_1 >= -91.94 ) ) ) and ( always[4,inf] ( x_4 <= 83.76 ) ) ) and ( always[24,26] ( x_2 >= -56.34 ) )"
422,16,16,1,3,"[[4869, -1.0, 0.3249408006668091], [3226, 1.0, 0.25689297914505005], [636, -1.0, 0.025705527514219284]]",0.9724629605837316,18,10,58,58,1.0,0.26244343891402716,62,54,0.8709677419354839,0.2535211267605634,"( ( not ( always ( x_1 >= -94.56 ) ) ) and ( always[4,inf] ( x_4 <= 83.76 ) ) ) and ( not ( eventually[26,29] ( x_4 <= -62.05 ) ) )"
423,16,16,1,3,"[[4869, -1.0, 0.4260433316230774], [2979, 1.0, 0.11257240176200867], [9901, -1.0, 0.14429068565368652]]",0.9647879329527365,17,11,45,45,1.0,0.20361990950226244,56,54,0.9642857142857143,0.2535211267605634,"( ( not ( always ( x_1 >= -109.23 ) ) ) and ( always[4,33] ( x_5 <= 129.33 ) ) ) and ( not ( eventually ( always[3,5] ( x_0 <= -12.95 ) ) ) )"
424,16,16,1,3,"[[4869, -1.0, 0.2991183400154114], [2979, 1.0, 0.02368694171309471], [76, 1.0, 0.1072184145450592]]",0.9703628639928163,17,14,111,110,0.990990990990991,0.497737556561086,118,102,0.864406779661017,0.4788732394366197,"( ( not ( ( always ( x_1 >= -90.82 ) ) or ( eventually[10,14] ( x_0 <= -505.16 ) ) ) ) and ( always[4,33] ( x_5 <= 346.97 ) ) ) and ( eventually[1,26] ( ( x_4 >= -661.47 ) and ( x_2 <= -158.18 ) ) )"
425,16,16,1,3,"[[4869, -1.0, 0.06954291462898254], [3226, 1.0, 0.08401860296726227], [7825, 1.0, 0.04399929195642471]]",0.9828279627603049,17,12,94,94,1.0,0.4253393665158371,101,93,0.9207920792079208,0.43661971830985913,"( ( not ( ( always ( x_1 >= -57.5 ) ) or ( eventually[10,14] ( x_0 <= -538.47 ) ) ) ) and ( always[4,inf] ( x_4 <= 227.46 ) ) ) and ( eventually ( x_2 <= -166.31 ) )"
426,16,16,1,3,"[[4869, -1.0, 0.3068576753139496], [3226, 1.0, 0.25689297914505005], [636, -1.0, 0.025705527514219284]]",0.9724629605837316,18,10,58,58,1.0,0.26244343891402716,63,55,0.873015873015873,0.25821596244131456,"( ( not ( always ( x_1 >= -91.94 ) ) ) and ( always[4,inf] ( x_4 <= 83.76 ) ) ) and ( not ( eventually[26,29] ( x_4 <= -62.05 ) ) )"
427,42,42,2,3,"[[7825, -1.0, 0.22940373420715332], [7339, -1.0, 0.13827714323997498], [707, 1.0, 0.10732030868530273]]",0.9733564057073995,18,10,60,60,1.0,0.04480955937266617,78,72,0.9230769230769231,0.055299539170506916,"( ( not ( eventually ( x_2 <= -18.08 ) ) ) and ( not ( eventually[7,27] ( x_5 >= 44.26 ) ) ) ) and ( always[24,26] ( x_2 >= 2.1 ) )"
428,42,42,2,3,"[[1462, 1.0, 0.20900475978851318], [2636, 1.0, 0.338611900806427], [4869, 1.0, 0.25666308403015137]]",0.9874851227685021,16,8,598,594,0.9933110367892977,0.4436146377893951,571,556,0.9737302977232924,0.4270353302611367,"( ( always[11,inf] ( x_0 >= -11.9925 ) ) and ( always ( x_5 <= 90.27 ) ) ) and ( always ( x_1 >= -10.17 ) )"
429,42,42,2,3,"[[7825, -1.0, 0.2437942624092102], [2636, 1.0, 0.32681554555892944], [636, -1.0, 0.11136685311794281]]",0.9732809018319821,18,10,327,322,0.9847094801223242,0.24047796863330845,309,295,0.9546925566343042,0.22657450076804916,"( ( not ( eventually ( x_2 <= -10.28 ) ) ) and ( always ( x_5 <= 93.31 ) ) ) and ( not ( eventually[26,29] ( x_4 <= -1.71 ) ) )"
430,42,42,2,3,"[[7825, -1.0, 0.2500096261501312], [2636, 1.0, 0.48685264587402344], [6670, 1.0, 0.011871324852108955]]",0.9955926257239869,16,9,371,371,1.0,0.2770724421209858,332,332,1.0,0.25499231950844853,( ( not ( eventually ( x_2 <= -6.91 ) ) ) and ( always ( x_5 <= 52.07 ) ) ) and ( always ( x_0 <= 87.75 ) )
431,42,6,5,3,"[[2636, -1.0, 0.7143370509147644], [5071, -1.0, 0.0], [1183, 1.0, 0.289475679397583]]",0.901313696340425,17,10,15,15,1.0,0.07936507936507936,14,9,0.6428571428571429,0.04265402843601896,"( ( not ( always ( x_5 <= 361.62 ) ) ) and ( not ( eventually[17,inf] ( x_1 >= 193.9 ) ) ) ) and ( always[8,27] ( x_1 >= -2.13 ) )"
432,42,6,5,3,"[[2636, -1.0, 1.8533506393432617], [6670, 1.0, 0.05808616429567337], [9226, -1.0, 0.024806763976812363]]",0.8715630303542629,17,14,46,43,0.9347826086956522,0.2275132275132275,38,33,0.868421052631579,0.15639810426540285,"( ( not ( always ( ( x_5 <= 655.16 ) or ( x_5 >= 1561.02 ) ) ) ) and ( always ( ( x_0 <= 77.3 ) or ( x_5 >= 1176.04 ) ) ) ) and ( not ( eventually[29,inf] ( x_2 >= 99.34 ) ) )"
433,42,42,2,3,"[[7825, -1.0, 0.2500096261501312], [2636, 1.0, 0.3094298243522644], [9736, 1.0, 0.17203958332538605]]",0.9830593979849768,16,9,282,280,0.9929078014184397,0.20911127707244212,207,202,0.9758454106280193,0.15514592933947774,"( ( not ( eventually ( x_2 <= -6.91 ) ) ) and ( always ( x_5 <= 97.79 ) ) ) and ( always[28,31] ( x_5 <= 6.75 ) )"
434,42,42,2,3,"[[5500, -1.0, 0.2501711845397949], [3226, 1.0, 0.2964581549167633], [6670, 1.0, 0.29133862257003784]]",0.990759472591406,16,9,360,359,0.9972222222222222,0.2681105302464526,324,320,0.9876543209876543,0.2457757296466974,"( ( not ( eventually[0,31] ( x_2 <= -4.05 ) ) ) and ( always[4,inf] ( x_4 <= 50.87 ) ) ) and ( always ( x_0 <= 24.54 ) )"
435,42,15,0,3,"[[6670, -1.0, 0.6171448230743408], [7339, -1.0, 0.0002514902735128999], [636, -1.0, 0.05116237327456474]]",0.9509059042879305,19,13,96,94,0.9791666666666666,0.4069264069264069,111,102,0.918918918918919,0.3893129770992366,"( ( not ( always ( ( x_0 <= 230.02 ) or ( x_5 >= 1023.32 ) ) ) ) and ( not ( eventually[7,27] ( x_5 >= 313.85 ) ) ) ) and ( not ( eventually[26,29] ( x_4 <= -44.11 ) ) )"
436,42,15,0,3,"[[6670, -1.0, 0.39250069856643677], [2979, 1.0, 0.0580962598323822], [9226, -1.0, 0.2640555500984192]]",0.9563690006098866,18,13,36,36,1.0,0.15584415584415584,61,57,0.9344262295081968,0.21755725190839695,"( ( not ( always ( x_0 <= 179.21 ) ) ) and ( always[4,33] ( x_5 <= 262.72 ) ) ) and ( not ( ( always[26,28] ( x_0 >= -2355.04 ) ) and ( eventually[29,inf] ( x_2 >= 4.6 ) ) ) )"
437,42,42,2,3,"[[7825, -1.0, 0.2500096261501312], [2636, 1.0, 0.48685264587402344], [6670, 1.0, 0.011871324852108955]]",0.9955926257239869,16,9,371,371,1.0,0.2770724421209858,332,332,1.0,0.25499231950844853,( ( not ( eventually ( x_2 <= -6.91 ) ) ) and ( always ( x_5 <= 52.07 ) ) ) and ( always ( x_0 <= 87.75 ) )
438,42,62,6,3,"[[2636, -1.0, 0.012482235208153725], [9569, -1.0, 0.08786273002624512], [4869, 1.0, 0.26941952109336853]]",0.8012986329005676,18,10,15,14,0.9333333333333333,0.2,15,7,0.4666666666666667,0.08045977011494253,( ( not ( always ( x_5 <= 180.75 ) ) ) and ( not ( eventually ( x_5 >= 189.61 ) ) ) ) and ( always ( x_1 >= -8.32 ) )
439,42,42,2,3,"[[2636, 1.0, 0.4997972249984741], [7825, -1.0, 0.24065010249614716], [6670, 1.0, 0.011871324852108955]]",0.991243516314203,16,9,380,379,0.9973684210526316,0.2830470500373413,348,342,0.9827586206896551,0.2626728110599078,( ( always ( x_5 <= 48.73 ) ) and ( not ( eventually ( x_2 <= -11.98 ) ) ) ) and ( always ( x_0 <= 87.75 ) )
440,42,42,2,3,"[[333, -1.0, 0.36914706230163574], [2636, 1.0, 0.0], [6670, 1.0, 0.018576605245471]]",0.9967194658321351,15,9,499,499,1.0,0.3726661687826736,418,412,0.9856459330143541,0.31643625192012287,( ( not ( eventually ( x_5 <= -12.604 ) ) ) and ( always ( x_5 <= 177.53 ) ) ) and ( always ( x_0 <= 86.23 ) )
441,42,15,0,3,"[[6670, -1.0, 0.5698592662811279], [2979, 1.0, 0.029424820095300674], [9226, -1.0, 0.2191375195980072]]",0.9749799663741175,18,10,64,64,1.0,0.27705627705627706,79,75,0.9493670886075949,0.2862595419847328,"( ( not ( always ( x_0 <= 219.33 ) ) ) and ( always[4,33] ( x_5 <= 332.92 ) ) ) and ( not ( eventually[29,inf] ( x_2 >= 22.38 ) ) )"
442,42,42,2,2,"[[333, -1.0, 0.375763475894928], [2636, 1.0, 0.32548168301582336]]",0.9946614167886589,10,6,306,306,1.0,0.22852875280059745,252,247,0.9801587301587301,0.18970814132104455,( not ( eventually ( x_5 <= -10.85 ) ) ) and ( always ( x_5 <= 93.65 ) )
443,42,42,2,3,"[[7825, -1.0, 0.2549334764480591], [2636, 1.0, 0.34885841608047485], [6513, 1.0, 0.08234167098999023]]",0.9948131565834063,15,10,315,315,1.0,0.2352501867064974,322,312,0.968944099378882,0.23963133640552994,"( ( not ( eventually ( x_2 <= -4.24 ) ) ) and ( always ( x_5 <= 87.63 ) ) ) and ( eventually ( always[1,11] ( x_2 >= -0.71 ) ) )"
444,42,42,2,3,"[[333, -1.0, 0.36914706230163574], [2636, 1.0, 0.0], [6670, 1.0, 0.018576605245471]]",0.9967194658321351,15,9,499,499,1.0,0.3726661687826736,418,412,0.9856459330143541,0.31643625192012287,( ( not ( eventually ( x_5 <= -12.604 ) ) ) and ( always ( x_5 <= 177.53 ) ) ) and ( always ( x_0 <= 86.23 ) )
445,42,95,13,3,"[[559, -1.0, 0.7291029095649719], [3390, 1.0, 0.01634671911597252], [6844, -1.0, 0.1835472732782364]]",0.8878341470731327,18,10,13,13,1.0,0.09774436090225563,14,8,0.5714285714285714,0.06779661016949153,"( ( not ( always[27,inf] ( x_5 <= 243.25 ) ) ) and ( always[12,inf] ( x_1 <= 218.88 ) ) ) and ( not ( eventually[2,7] ( x_2 >= 1.66 ) ) )"
446,42,6,5,3,"[[2636, -1.0, 1.8533506393432617], [5071, -1.0, 0.09996989369392395], [559, 1.0, 0.159471794962883]]",0.935950766939138,18,10,24,24,1.0,0.12698412698412698,33,28,0.8484848484848485,0.13270142180094788,"( ( not ( always ( x_5 <= 655.16 ) ) ) and ( not ( eventually[17,inf] ( x_1 >= 119.24 ) ) ) ) and ( always[27,inf] ( x_5 <= 43.39 ) )"
447,42,88,10,3,"[[83, 1.0, 0.05975322052836418], [6844, -1.0, 0.18380345404148102], [7825, -1.0, 0.07343243062496185]]",0.4975282260568271,17,12,79,45,0.569620253164557,0.29605263157894735,80,42,0.525,0.2727272727272727,"( ( always[29,inf] ( ( x_0 >= 34.23 ) or ( x_1 <= 0.43 ) ) ) and ( not ( eventually[2,7] ( x_2 >= 1.47 ) ) ) ) and ( not ( eventually ( x_2 <= -102.64 ) ) )"
448,42,42,2,3,"[[6670, 1.0, 0.3427119255065918], [7825, -1.0, 0.21649476885795593], [5264, 1.0, 0.20357489585876465]]",0.9905771651501868,17,9,353,352,0.9971671388101983,0.26288274831964153,363,347,0.9559228650137741,0.2665130568356375,( ( always ( x_0 <= 12.92 ) ) and ( not ( eventually ( x_2 <= -25.08 ) ) ) ) and ( always ( x_4 <= 52.16 ) )
449,42,42,2,2,"[[7825, -1.0, 0.24573515355587006], [2636, 1.0, 0.6276548504829407]]",0.9879804897845237,11,6,135,135,1.0,0.10082150858849888,115,112,0.9739130434782609,0.08602150537634409,( not ( eventually ( x_2 <= -9.23 ) ) ) and ( always ( x_5 <= 15.78 ) )
450,42,62,6,3,"[[2636, -1.0, 0.012482235208153725], [9569, -1.0, 0.0807231217622757], [6670, 1.0, 0.2757033705711365]]",0.7748248348699284,17,13,31,27,0.8709677419354839,0.38571428571428573,23,16,0.6956521739130435,0.1839080459770115,"( ( not ( always ( x_5 <= 180.75 ) ) ) and ( not ( ( eventually ( x_5 >= 199.99 ) ) and ( always[16,inf] ( x_4 <= 37746.98 ) ) ) ) ) and ( always ( x_0 <= 28.08 ) )"
451,42,42,2,3,"[[7825, -1.0, 0.2500096261501312], [2636, 1.0, 0.48685264587402344], [6670, 1.0, 0.011871324852108955]]",0.9955926257239869,16,9,371,371,1.0,0.2770724421209858,332,332,1.0,0.25499231950844853,( ( not ( eventually ( x_2 <= -6.91 ) ) ) and ( always ( x_5 <= 52.07 ) ) ) and ( always ( x_0 <= 87.75 ) )
452,42,62,6,3,"[[2636, -1.0, 0.012482235208153725], [9569, -1.0, 0.0776493102312088], [2979, 1.0, 0.0900755524635315]]",0.9163861567630498,18,10,18,18,1.0,0.2571428571428571,26,12,0.46153846153846156,0.13793103448275862,"( ( not ( always ( x_5 <= 180.75 ) ) ) and ( not ( eventually ( x_5 >= 204.45 ) ) ) ) and ( always[4,33] ( x_5 <= 184.42 ) )"
453,42,95,13,3,"[[2636, -1.0, 0.25694307684898376], [4968, -1.0, 0.03938133269548416], [5500, -1.0, 0.25322651863098145]]",0.7175556986096948,18,11,10,9,0.9,0.06766917293233082,3,3,1.0,0.025423728813559324,"( ( not ( always ( x_5 <= 243.75 ) ) ) and ( not ( eventually[3,18] ( x_5 >= 125.36 ) ) ) ) and ( not ( eventually[0,31] ( x_2 <= -2.38 ) ) )"
454,42,42,2,3,"[[1462, 1.0, 0.23767030239105225], [2636, 1.0, 0.16005606949329376], [6670, 1.0, 0.3477117419242859]]",0.9791971761429042,15,11,541,534,0.9870609981515711,0.3988050784167289,539,523,0.9703153988868275,0.40168970814132104,"( ( ( always[12,28] ( x_3 <= -953.02 ) ) or ( always[11,inf] ( x_0 >= -7.62 ) ) ) and ( always ( x_5 <= 136.28 ) ) ) and ( always ( x_0 <= 11.79 ) )"
455,42,15,0,3,"[[6670, -1.0, 0.6171448230743408], [4968, -1.0, 0.17962750792503357], [1183, 1.0, 0.03189581632614136]]",0.9259842064731144,16,10,63,61,0.9682539682539683,0.26406926406926406,47,40,0.851063829787234,0.15267175572519084,"( ( not ( always ( x_0 <= 230.02 ) ) ) and ( not ( eventually[3,18] ( x_5 >= 68.68 ) ) ) ) and ( always[8,27] ( x_1 >= -71.34 ) )"
456,42,42,2,3,"[[6670, 1.0, 0.3271835446357727], [954, 1.0, 0.10949677973985672], [2636, 1.0, 0.27445003390312195]]",0.9731758460439952,13,13,599,588,0.9816360601001669,0.4391336818521285,580,565,0.9741379310344828,0.4339477726574501,"( ( always ( ( x_0 <= 16.43 ) or ( x_5 >= 1236.91 ) ) ) and ( eventually[19,inf] ( always[1,8] ( x_2 >= -2.29 ) ) ) ) and ( always ( ( x_5 <= 106.8 ) or ( x_5 >= 2109.38 ) ) )"
457,42,42,2,3,"[[7825, -1.0, 0.24892975389957428], [2636, 1.0, 0.24350211024284363], [6670, 1.0, 0.29133862257003784]]",0.9799323873443073,16,9,622,614,0.9871382636655949,0.4585511575802838,594,582,0.9797979797979798,0.4470046082949309,( ( not ( eventually ( x_2 <= -7.4953 ) ) ) and ( always ( x_5 <= 114.78 ) ) ) and ( always ( x_0 <= 24.54 ) )
458,42,42,2,3,"[[333, -1.0, 0.29431772232055664], [3990, -1.0, 0.38015061616897583], [6670, 1.0, 0.011871324852108955]]",0.9772807581832182,17,10,385,380,0.987012987012987,0.2837938760268857,387,369,0.9534883720930233,0.2834101382488479,( ( not ( eventually ( x_5 <= -32.46 ) ) ) and ( not ( eventually ( x_3 >= 53.27 ) ) ) ) and ( always ( x_0 <= 87.75 ) )
459,42,95,13,3,"[[2636, -1.0, 0.25694307684898376], [4968, -1.0, 0.31623709201812744], [2979, 1.0, 0.06242310255765915]]",0.7527428728793251,17,10,5,5,1.0,0.03759398496240601,3,2,0.6666666666666666,0.01694915254237288,"( ( not ( always ( x_5 <= 243.75 ) ) ) and ( not ( eventually[3,18] ( x_5 >= 13.47 ) ) ) ) and ( always[4,33] ( x_5 <= 252.12 ) )"
460,42,42,2,3,"[[7825, -1.0, 0.24828489124774933], [2636, 1.0, 0.3395971655845642], [6670, 1.0, 0.3468719720840454]]",0.9962038521599509,16,9,431,431,1.0,0.321882001493652,423,421,0.9952718676122931,0.32334869431643626,( ( not ( eventually ( x_2 <= -7.84 ) ) ) and ( always ( x_5 <= 90.0153 ) ) ) and ( always ( x_0 <= 11.98 ) )
461,42,6,5,3,"[[7339, 1.0, 0.001719433581456542], [6670, 1.0, 0.0855398178100586], [9736, 1.0, 0.11579660326242447]]",0.968197155267361,15,10,50,50,1.0,0.26455026455026454,46,44,0.9565217391304348,0.20853080568720378,"( ( eventually[7,27] ( x_5 >= 317.7 ) ) and ( always ( ( x_0 <= 71.09 ) or ( x_5 >= 1182.25 ) ) ) ) and ( always[28,31] ( x_5 <= 45.12 ) )"
462,42,42,2,3,"[[7825, -1.0, 0.24828489124774933], [2636, 1.0, 0.3395971655845642], [6670, 1.0, 0.3468719720840454]]",0.9962038521599509,16,9,431,431,1.0,0.321882001493652,423,421,0.9952718676122931,0.32334869431643626,( ( not ( eventually ( x_2 <= -7.84 ) ) ) and ( always ( x_5 <= 90.0153 ) ) ) and ( always ( x_0 <= 11.98 ) )
463,42,6,5,3,"[[2636, -1.0, 1.8533506393432617], [5071, -1.0, 0.06960652768611908], [9226, -1.0, 0.2678878903388977]]",0.9163861567630498,19,11,18,18,1.0,0.09523809523809523,32,25,0.78125,0.11848341232227488,"( ( not ( always ( x_5 <= 655.16 ) ) ) and ( not ( eventually[17,inf] ( x_1 >= 141.92 ) ) ) ) and ( not ( eventually[29,inf] ( x_2 >= 3.08 ) ) )"
464,42,42,2,2,"[[7825, -1.0, 0.24573515355587006], [2636, 1.0, 0.6276548504829407]]",0.9879804897845237,11,6,135,135,1.0,0.10082150858849888,115,112,0.9739130434782609,0.08602150537634409,( not ( eventually ( x_2 <= -9.23 ) ) ) and ( always ( x_5 <= 15.78 ) )
465,42,15,0,3,"[[6670, -1.0, 0.21808242797851562], [2979, 1.0, 0.0580962598323822], [333, -1.0, 0.14762446284294128]]",0.9471295927551533,17,10,89,87,0.9775280898876404,0.37662337662337664,103,99,0.9611650485436893,0.37786259541984735,"( ( not ( always ( x_0 <= 139.76 ) ) ) and ( always[4,33] ( x_5 <= 262.72 ) ) ) and ( not ( eventually ( x_5 <= -71.4 ) ) )"
466,42,95,13,3,"[[636, -1.0, 0.24781718850135803], [4869, 1.0, 0.10241487622261047], [2636, -1.0, 0.06839840859174728]]",0.5967665502360037,18,13,31,22,0.7096774193548387,0.16541353383458646,32,14,0.4375,0.11864406779661017,"( ( not ( ( always[7,10] ( x_5 >= 2852.34 ) ) or ( eventually[26,29] ( x_4 <= 94.41 ) ) ) ) and ( always ( x_1 >= -32.55 ) ) ) and ( not ( always ( x_5 <= 195.16 ) ) )"
467,42,42,2,2,"[[7825, -1.0, 0.25412285327911377], [9736, 1.0, 0.18012940883636475]]",0.9757197403351059,11,6,66,66,1.0,0.04929051530993279,49,41,0.8367346938775511,0.0314900153609831,"( not ( eventually ( x_2 <= -4.68 ) ) ) and ( always[28,31] ( x_5 <= 1.23 ) )"
468,42,15,0,3,"[[6670, -1.0, 0.47197315096855164], [2636, 1.0, 0.24635553359985352], [1183, 1.0, 0.047111816704273224]]",0.9511813763534412,15,9,32,32,1.0,0.13852813852813853,38,37,0.9736842105263158,0.14122137404580154,"( ( not ( always ( x_0 <= 197.19 ) ) ) and ( always ( x_5 <= 114.04 ) ) ) and ( always[8,27] ( x_1 >= -67.25 ) )"
469,42,42,2,3,"[[7825, -1.0, 0.24828489124774933], [2636, 1.0, 0.3395971655845642], [6670, 1.0, 0.3468719720840454]]",0.9962038521599509,16,9,431,431,1.0,0.321882001493652,423,421,0.9952718676122931,0.32334869431643626,( ( not ( eventually ( x_2 <= -7.84 ) ) ) and ( always ( x_5 <= 90.0153 ) ) ) and ( always ( x_0 <= 11.98 ) )
470,42,42,2,3,"[[1462, 1.0, 0.25280308723449707], [2636, 1.0, 0.23973926901817322], [2338, 1.0, 0.286825567483902]]",0.9840691320726985,15,11,300,298,0.9933333333333333,0.22255414488424197,289,283,0.9792387543252595,0.217357910906298,"( ( ( always[12,28] ( x_3 <= -955.33 ) ) or ( always[11,inf] ( x_0 >= -5.31 ) ) ) and ( always ( x_5 <= 115.75 ) ) ) and ( always[16,27] ( x_1 <= 3.21 ) )"
471,42,6,5,3,"[[2636, -1.0, 1.8533506393432617], [5071, -1.0, 0.06747075915336609], [1949, -1.0, 0.16785869002342224]]",0.9333516167118984,17,14,23,23,1.0,0.12169312169312169,30,25,0.8333333333333334,0.11848341232227488,"( ( not ( always ( ( x_5 <= 655.16 ) or ( x_5 >= 1561.02 ) ) ) ) and ( not ( eventually[17,inf] ( x_1 >= 143.51 ) ) ) ) and ( not ( always[9,inf] ( eventually[6,18] ( x_2 <= -4.8 ) ) ) )"
472,42,42,2,3,"[[333, -1.0, 0.36914706230163574], [2636, 1.0, 0.0], [6670, 1.0, 0.018576605245471]]",0.9967194658321351,15,9,499,499,1.0,0.3726661687826736,418,412,0.9856459330143541,0.31643625192012287,( ( not ( eventually ( x_5 <= -12.604 ) ) ) and ( always ( x_5 <= 177.53 ) ) ) and ( always ( x_0 <= 86.23 ) )
473,42,42,2,3,"[[1462, 1.0, 0.24889135360717773], [3990, -1.0, 0.3642653226852417], [4869, 1.0, 0.2982670068740845]]",0.9896108877121994,18,9,320,319,0.996875,0.23823749066467514,295,289,0.9796610169491525,0.22196620583717358,"( ( always[11,inf] ( x_0 >= -5.9 ) ) and ( not ( eventually ( x_3 >= 59.63 ) ) ) ) and ( always ( x_1 >= -4.13 ) )"
474,42,42,2,3,"[[7825, -1.0, 0.24828489124774933], [2636, 1.0, 0.3395971655845642], [6670, 1.0, 0.3468719720840454]]",0.9962038521599509,16,9,431,431,1.0,0.321882001493652,423,421,0.9952718676122931,0.32334869431643626,( ( not ( eventually ( x_2 <= -7.84 ) ) ) and ( always ( x_5 <= 90.0153 ) ) ) and ( always ( x_0 <= 11.98 ) )
475,42,95,13,3,"[[2636, -1.0, 0.08762574940919876], [5339, -1.0, 0.2187562882900238], [6513, 1.0, 0.117867611348629]]",0.527549403828424,16,11,16,11,0.6875,0.08270676691729323,18,10,0.5555555555555556,0.0847457627118644,"( ( not ( always ( x_5 <= 200.11 ) ) ) and ( not ( eventually[0,11] ( x_5 >= 12.57 ) ) ) ) and ( eventually ( always[1,11] ( x_2 >= 19.82 ) ) )"
476,42,42,2,3,"[[4869, 1.0, 0.2990409731864929], [2636, 1.0, 0.3395971655845642], [1462, 1.0, 0.19780969619750977]]",0.9893324387130505,16,8,449,447,0.9955456570155902,0.33383121732636295,422,413,0.9786729857819905,0.3172043010752688,"( ( always ( x_1 >= -4.02 ) ) and ( always ( x_5 <= 90.02 ) ) ) and ( always[11,inf] ( x_0 >= -13.7 ) )"
477,42,15,0,3,"[[6670, -1.0, 0.09744784235954285], [5264, 1.0, 0.07604797184467316], [2415, 1.0, 0.15616273880004883]]",0.9591326596741044,17,12,80,79,0.9875,0.341991341991342,84,77,0.9166666666666666,0.29389312977099236,"( ( not ( always ( x_0 <= 112.47 ) ) ) and ( always ( x_4 <= 242.96 ) ) ) and ( ( always[1,4] ( x_1 >= -2.3 ) ) and ( always[2,32] ( x_0 >= -311.04 ) ) )"
478,42,15,0,3,"[[6670, -1.0, 0.47197315096855164], [2636, 1.0, 0.24635553359985352], [1183, 1.0, 0.047111816704273224]]",0.9511813763534412,15,9,32,32,1.0,0.13852813852813853,38,37,0.9736842105263158,0.14122137404580154,"( ( not ( always ( x_0 <= 197.19 ) ) ) and ( always ( x_5 <= 114.04 ) ) ) and ( always[8,27] ( x_1 >= -67.25 ) )"
479,42,15,0,3,"[[6670, -1.0, 0.5698592662811279], [2979, 1.0, 0.029424820095300674], [9226, -1.0, 0.2191375195980072]]",0.9749799663741175,18,10,64,64,1.0,0.27705627705627706,79,75,0.9493670886075949,0.2862595419847328,"( ( not ( always ( x_0 <= 219.33 ) ) ) and ( always[4,33] ( x_5 <= 332.92 ) ) ) and ( not ( eventually[29,inf] ( x_2 >= 22.38 ) ) )"
480,42,42,2,3,"[[333, -1.0, 0.36914706230163574], [2636, 1.0, 0.0], [6670, 1.0, 0.018576605245471]]",0.9967194658321351,15,9,499,499,1.0,0.3726661687826736,418,412,0.9856459330143541,0.31643625192012287,( ( not ( eventually ( x_5 <= -12.604 ) ) ) and ( always ( x_5 <= 177.53 ) ) ) and ( always ( x_0 <= 86.23 ) )
481,42,42,2,3,"[[7825, -1.0, 0.25567829608917236], [3990, -1.0, 0.3740224838256836], [333, -1.0, 0.3614077568054199]]",0.9934992123987442,19,11,251,251,1.0,0.18745332337565349,233,229,0.9828326180257511,0.17588325652841783,( ( not ( eventually ( x_2 <= -3.8366 ) ) ) and ( not ( eventually ( x_3 >= 55.73 ) ) ) ) and ( not ( eventually ( x_5 <= -14.66 ) ) )
482,42,42,2,3,"[[7825, -1.0, 0.2500096261501312], [2636, 1.0, 0.48685264587402344], [6670, 1.0, 0.011871324852108955]]",0.9955926257239869,16,9,371,371,1.0,0.2770724421209858,332,332,1.0,0.25499231950844853,( ( not ( eventually ( x_2 <= -6.91 ) ) ) and ( always ( x_5 <= 52.07 ) ) ) and ( always ( x_0 <= 87.75 ) )
483,42,42,2,3,"[[7825, -1.0, 0.2532997131347656], [2636, 1.0, 0.34885841608047485], [6670, 1.0, 0.12599709630012512]]",0.9899977902698359,16,9,479,477,0.9958246346555324,0.35623599701269604,448,446,0.9955357142857143,0.3425499231950845,( ( not ( eventually ( x_2 <= -5.1261 ) ) ) and ( always ( x_5 <= 87.63 ) ) ) and ( always ( x_0 <= 61.94 ) )
484,42,42,2,3,"[[4869, 1.0, 0.29498621821403503], [2636, 1.0, 0.15609994530677795], [6670, 1.0, 0.14360439777374268]]",0.9565607701941536,15,11,739,714,0.9661705006765899,0.5332337565347274,706,675,0.9560906515580736,0.5184331797235023,"( ( ( always ( x_1 >= -4.607 ) ) or ( eventually[10,14] ( x_0 <= -591.37 ) ) ) and ( always ( x_5 <= 137.3 ) ) ) and ( always ( x_0 <= 57.95 ) )"
485,42,42,2,2,"[[7825, -1.0, 0.25412285327911377], [9736, 1.0, 0.18012940883636475]]",0.9757197403351059,11,6,66,66,1.0,0.04929051530993279,49,41,0.8367346938775511,0.0314900153609831,"( not ( eventually ( x_2 <= -4.68 ) ) ) and ( always[28,31] ( x_5 <= 1.23 ) )"
486,42,42,2,3,"[[7825, -1.0, 0.251039981842041], [2636, 1.0, 0.15394757688045502], [6670, 1.0, 0.3159447908401489]]",0.9868957244261124,16,9,571,567,0.9929947460595446,0.4234503360716953,538,533,0.9907063197026023,0.4093701996927803,( ( not ( eventually ( x_2 <= -6.35 ) ) ) and ( always ( x_5 <= 137.86 ) ) ) and ( always ( x_0 <= 18.97 ) )
487,42,42,2,2,"[[7825, -1.0, 0.24573515355587006], [2636, 1.0, 0.6276548504829407]]",0.9879804897845237,11,6,135,135,1.0,0.10082150858849888,115,112,0.9739130434782609,0.08602150537634409,( not ( eventually ( x_2 <= -9.23 ) ) ) and ( always ( x_5 <= 15.78 ) )
488,42,42,2,3,"[[1462, 1.0, 0.25280308723449707], [3990, -1.0, 0.33389812707901], [2415, 1.0, 0.15757426619529724]]",0.9869304135883136,18,9,254,253,0.9960629921259843,0.18894697535474234,244,238,0.9754098360655737,0.1827956989247312,"( ( always[11,inf] ( x_0 >= -5.31 ) ) and ( not ( eventually ( x_3 >= 71.78 ) ) ) ) and ( always[1,4] ( x_1 >= -1.39 ) )"
489,42,42,2,3,"[[7825, -1.0, 0.2532997131347656], [2636, 1.0, 0.4091513156890869], [6670, 1.0, 0.011871324852108955]]",0.9922214269527097,16,9,428,427,0.9976635514018691,0.3188946975354742,398,397,0.9974874371859297,0.3049155145929339,( ( not ( eventually ( x_2 <= -5.1261 ) ) ) and ( always ( x_5 <= 72.09 ) ) ) and ( always ( x_0 <= 87.75 ) )
490,42,42,2,3,"[[7825, -1.0, 0.24683934450149536], [2636, 1.0, 0.43365728855133057], [6670, 1.0, 0.011871324852108955]]",0.9794385321569318,16,9,487,481,0.9876796714579056,0.3592233009708738,444,438,0.9864864864864865,0.33640552995391704,( ( not ( eventually ( x_2 <= -8.63 ) ) ) and ( always ( x_5 <= 65.78 ) ) ) and ( always ( x_0 <= 87.75 ) )
491,42,95,13,3,"[[636, -1.0, 0.24251115322113037], [7339, -1.0, 0.0011269564274698496], [559, -1.0, 0.8191800117492676]]",0.8296711635082987,20,14,8,8,1.0,0.06015037593984962,8,3,0.375,0.025423728813559324,"( ( not ( eventually[26,29] ( x_4 <= 90.67 ) ) ) and ( not ( eventually[7,27] ( x_5 >= 312.14 ) ) ) ) and ( not ( ( always[27,inf] ( x_5 <= 263.51 ) ) or ( always[7,35] ( x_0 >= 75.22 ) ) ) )"
492,42,42,2,3,"[[1462, 1.0, 0.23781263828277588], [2636, 1.0, 0.003990222699940205], [6670, 1.0, 0.245934396982193]]",0.9751903451572789,15,11,743,730,0.9825033647375505,0.5451829723674384,718,699,0.9735376044568245,0.5368663594470046,"( ( ( always[12,28] ( x_3 <= -953.04 ) ) or ( always[11,inf] ( x_0 >= -7.5947 ) ) ) and ( always ( x_5 <= 176.5 ) ) ) and ( always ( x_0 <= 34.81 ) )"
493,42,42,2,2,"[[7825, -1.0, 0.24573515355587006], [2636, 1.0, 0.6276548504829407]]",0.9879804897845237,11,6,135,135,1.0,0.10082150858849888,115,112,0.9739130434782609,0.08602150537634409,( not ( eventually ( x_2 <= -9.23 ) ) ) and ( always ( x_5 <= 15.78 ) )
494,42,42,2,3,"[[7825, -1.0, 0.2529970705509186], [6670, 1.0, 0.34681904315948486], [2636, 1.0, 0.006589741446077824]]",0.9929586467743067,16,9,473,472,0.9978858350951374,0.3525018670649739,453,452,0.9977924944812362,0.34715821812596004,( ( not ( eventually ( x_2 <= -5.29 ) ) ) and ( always ( x_0 <= 11.99 ) ) ) and ( always ( x_5 <= 175.83 ) )
495,42,62,6,3,"[[2636, -1.0, 0.003812121693044901], [2979, 1.0, 0.07714767754077911], [3990, -1.0, 0.1494201123714447]]",0.5348380985235305,18,10,53,33,0.6226415094339622,0.4714285714285714,56,26,0.4642857142857143,0.2988505747126437,"( ( not ( always ( x_5 <= 178.52 ) ) ) and ( always[4,33] ( x_5 <= 216.07 ) ) ) and ( not ( eventually ( x_3 >= 145.6 ) ) )"
496,42,42,2,3,"[[7825, -1.0, 0.240497887134552], [2979, 1.0, 0.14752092957496643], [6670, 1.0, 0.011871324852108955]]",0.995880080692477,17,9,397,397,1.0,0.29648991784914114,368,361,0.9809782608695652,0.2772657450076805,"( ( not ( eventually ( x_2 <= -12.0665 ) ) ) and ( always[4,33] ( x_5 <= 43.75 ) ) ) and ( always ( x_0 <= 87.75 ) )"
497,42,42,2,3,"[[7825, -1.0, 0.240497887134552], [2979, 1.0, 0.14752092957496643], [6670, 1.0, 0.011871324852108955]]",0.995880080692477,17,9,397,397,1.0,0.29648991784914114,368,361,0.9809782608695652,0.2772657450076805,"( ( not ( eventually ( x_2 <= -12.0665 ) ) ) and ( always[4,33] ( x_5 <= 43.75 ) ) ) and ( always ( x_0 <= 87.75 ) )"
498,42,42,2,2,"[[7825, -1.0, 0.24573515355587006], [2636, 1.0, 0.6276548504829407]]",0.9879804897845237,11,6,135,135,1.0,0.10082150858849888,115,112,0.9739130434782609,0.08602150537634409,( not ( eventually ( x_2 <= -9.23 ) ) ) and ( always ( x_5 <= 15.78 ) )
499,42,42,2,3,"[[7825, -1.0, 0.25490015745162964], [3990, -1.0, 0.32320624589920044], [6670, 1.0, 0.24633701145648956]]",0.991574528073396,18,10,395,394,0.9974683544303797,0.29424943988050783,391,383,0.979539641943734,0.2941628264208909,( ( not ( eventually ( x_2 <= -4.26 ) ) ) and ( not ( eventually ( x_3 >= 76.06 ) ) ) ) and ( always ( x_0 <= 34.72 ) )
500,42,6,5,3,"[[2636, -1.0, 0.16063204407691956], [559, 1.0, 0.03605634719133377], [6670, 1.0, 0.11508752405643463]]",0.8666766757057676,16,11,118,107,0.9067796610169492,0.5661375661375662,122,102,0.8360655737704918,0.4834123222748815,"( ( not ( always ( x_5 <= 218.93 ) ) ) and ( always[27,inf] ( x_5 <= 71.15 ) ) ) and ( always ( ( x_0 <= 64.4 ) or ( x_5 >= 1188.93 ) ) )"
501,42,15,0,3,"[[6670, -1.0, 0.47197315096855164], [2636, 1.0, 0.24635553359985352], [1183, 1.0, 0.047111816704273224]]",0.9511813763534412,15,9,32,32,1.0,0.13852813852813853,38,37,0.9736842105263158,0.14122137404580154,"( ( not ( always ( x_0 <= 197.19 ) ) ) and ( always ( x_5 <= 114.04 ) ) ) and ( always[8,27] ( x_1 >= -67.25 ) )"
502,42,95,13,3,"[[559, -1.0, 0.7291029095649719], [7008, -1.0, 0.20639045536518097], [1462, 1.0, 0.21936741471290588]]",0.8589313179094591,19,10,10,10,1.0,0.07518796992481203,14,6,0.42857142857142855,0.05084745762711865,"( ( not ( always[27,inf] ( x_5 <= 243.25 ) ) ) and ( not ( eventually[7,25] ( x_4 >= 26.19 ) ) ) ) and ( always[11,inf] ( x_0 >= -10.41 ) )"
503,42,42,2,3,"[[7825, -1.0, 0.2532997131347656], [2636, 1.0, 0.19827580451965332], [6670, 1.0, 0.12599709630012512]]",0.9871203821993259,16,9,581,577,0.9931153184165232,0.43091859596713966,540,536,0.9925925925925926,0.4116743471582181,( ( not ( eventually ( x_2 <= -5.1261 ) ) ) and ( always ( x_5 <= 126.44 ) ) ) and ( always ( x_0 <= 61.94 ) )
504,42,42,2,3,"[[7825, -1.0, 0.25330597162246704], [2636, 1.0, 0.19827580451965332], [6670, 1.0, 0.29133862257003784]]",0.9883718246294434,16,9,530,527,0.9943396226415094,0.39357729648991785,499,496,0.9939879759519038,0.38095238095238093,( ( not ( eventually ( x_2 <= -5.12 ) ) ) and ( always ( x_5 <= 126.44 ) ) ) and ( always ( x_0 <= 24.54 ) )
505,42,6,5,3,"[[2636, -1.0, 0.34032851457595825], [559, 1.0, 0.0], [6670, 1.0, 0.27012282609939575]]",0.927105447187666,16,9,64,62,0.96875,0.328042328042328,61,57,0.9344262295081968,0.27014218009478674,"( ( not ( always ( x_5 <= 265.24 ) ) ) and ( always[27,inf] ( x_5 <= 79.26 ) ) ) and ( always ( x_0 <= 29.34 ) )"
506,42,42,2,2,"[[333, -1.0, 0.375763475894928], [2636, 1.0, 0.32548168301582336]]",0.9946614167886589,10,6,306,306,1.0,0.22852875280059745,252,247,0.9801587301587301,0.18970814132104455,( not ( eventually ( x_5 <= -10.85 ) ) ) and ( always ( x_5 <= 93.65 ) )
507,42,42,2,3,"[[7825, -1.0, 0.240497887134552], [2979, 1.0, 0.14752092957496643], [6670, 1.0, 0.011871324852108955]]",0.995880080692477,17,9,397,397,1.0,0.29648991784914114,368,361,0.9809782608695652,0.2772657450076805,"( ( not ( eventually ( x_2 <= -12.0665 ) ) ) and ( always[4,33] ( x_5 <= 43.75 ) ) ) and ( always ( x_0 <= 87.75 ) )"
508,42,42,2,3,"[[6670, 1.0, 0.3542907238006592], [5500, -1.0, 0.21171465516090393], [2636, 1.0, 0.33489829301834106]]",0.9964652935126352,16,9,463,463,1.0,0.3457804331590739,462,452,0.9783549783549783,0.34715821812596004,"( ( always ( x_0 <= 10.3 ) ) and ( not ( eventually[0,31] ( x_2 <= -25.08 ) ) ) ) and ( always ( x_5 <= 91.23 ) )"
509,42,42,2,3,"[[7825, -1.0, 0.2512921392917633], [2636, 1.0, 0.3831334114074707], [6670, 1.0, 0.3049207925796509]]",0.992328519374528,16,9,434,433,0.9976958525345622,0.32337565347274083,413,411,0.9951573849878934,0.315668202764977,( ( not ( eventually ( x_2 <= -6.21 ) ) ) and ( always ( x_5 <= 78.8 ) ) ) and ( always ( x_0 <= 21.47 ) )
510,42,62,6,3,"[[2636, -1.0, 0.003812121693044901], [9569, -1.0, 0.07006295025348663], [3390, 1.0, 0.2802674472332001]]",0.8099625940446661,18,10,7,7,1.0,0.1,8,3,0.375,0.034482758620689655,"( ( not ( always ( x_5 <= 178.52 ) ) ) and ( not ( eventually ( x_5 >= 215.47 ) ) ) ) and ( always[12,inf] ( x_1 <= 2.56 ) )"
511,42,42,2,3,"[[7825, -1.0, 0.2500096261501312], [2636, 1.0, 0.48685264587402344], [6670, 1.0, 0.011871324852108955]]",0.9955926257239869,16,9,371,371,1.0,0.2770724421209858,332,332,1.0,0.25499231950844853,( ( not ( eventually ( x_2 <= -6.91 ) ) ) and ( always ( x_5 <= 52.07 ) ) ) and ( always ( x_0 <= 87.75 ) )
512,42,42,2,3,"[[76, -1.0, 0.2239091843366623], [2636, 1.0, 0.15394757688045502], [6670, 1.0, 0.3223996162414551]]",0.98150981888757,15,11,609,602,0.9885057471264368,0.44958924570575054,584,574,0.9828767123287672,0.44086021505376344,"( ( not ( eventually[1,26] ( ( x_4 >= -812.15 ) and ( x_2 <= -7.4955 ) ) ) ) and ( always ( x_5 <= 137.86 ) ) ) and ( always ( x_0 <= 17.51 ) )"
513,42,62,6,3,"[[2636, -1.0, 0.012482235208153725], [9569, -1.0, 0.04262825846672058], [2338, 1.0, 0.29036417603492737]]",0.8296711635082987,17,10,8,8,1.0,0.11428571428571428,19,5,0.2631578947368421,0.05747126436781609,"( ( not ( always ( x_5 <= 180.75 ) ) ) and ( not ( eventually ( x_5 >= 255.32 ) ) ) ) and ( always[16,27] ( x_1 <= 1.57 ) )"
514,42,42,2,3,"[[4869, 1.0, 0.28798383474349976], [2636, 1.0, 0.338611900806427], [1462, 1.0, 0.16912217438220978]]",0.9745202450204252,16,8,584,574,0.9828767123287672,0.42867811799850636,565,551,0.9752212389380531,0.42319508448540705,"( ( always ( x_1 >= -5.62 ) ) and ( always ( x_5 <= 90.27 ) ) ) and ( always[11,inf] ( x_0 >= -18.08 ) )"
515,42,42,2,3,"[[7825, -1.0, 0.2512921392917633], [2636, 1.0, 0.3485969305038452], [6670, 1.0, 0.2639346122741699]]",0.9849836476508583,16,9,498,494,0.9919678714859438,0.36893203883495146,466,461,0.9892703862660944,0.35407066052227343,( ( not ( eventually ( x_2 <= -6.21 ) ) ) and ( always ( x_5 <= 87.7 ) ) ) and ( always ( x_0 <= 30.74 ) )
516,42,42,2,2,"[[7825, -1.0, 0.24573515355587006], [2636, 1.0, 0.6276548504829407]]",0.9879804897845237,11,6,135,135,1.0,0.10082150858849888,115,112,0.9739130434782609,0.08602150537634409,( not ( eventually ( x_2 <= -9.23 ) ) ) and ( always ( x_5 <= 15.78 ) )
517,42,42,2,3,"[[7825, -1.0, 0.24956201016902924], [3226, 1.0, 0.30283141136169434], [7876, 1.0, 0.26652979850769043]]",0.9835149033153325,16,9,201,200,0.9950248756218906,0.14936519790888722,195,185,0.9487179487179487,0.14208909370199693,"( ( not ( eventually ( x_2 <= -7.15 ) ) ) and ( always[4,inf] ( x_4 <= 45.57 ) ) ) and ( always[10,18] ( x_2 <= 2.81 ) )"
518,42,6,5,3,"[[7339, 1.0, 0.001719433581456542], [6670, 1.0, 0.28037720918655396], [9736, 1.0, 0.05953573063015938]]",0.9563690006098866,15,8,36,36,1.0,0.19047619047619047,28,27,0.9642857142857143,0.12796208530805686,"( ( eventually[7,27] ( x_5 >= 317.7 ) ) and ( always ( x_0 <= 27.02 ) ) ) and ( always[28,31] ( x_5 <= 83.5 ) )"
519,42,15,0,3,"[[6670, -1.0, 0.5698592662811279], [2979, 1.0, 0.029424820095300674], [9226, -1.0, 0.2191375195980072]]",0.9749799663741175,18,10,64,64,1.0,0.27705627705627706,79,75,0.9493670886075949,0.2862595419847328,"( ( not ( always ( x_0 <= 219.33 ) ) ) and ( always[4,33] ( x_5 <= 332.92 ) ) ) and ( not ( eventually[29,inf] ( x_2 >= 22.38 ) ) )"
520,42,42,2,3,"[[4869, 1.0, 0.2824821472167969], [2636, 1.0, 0.0], [6670, 1.0, 0.309896856546402]]",0.9665223185666383,15,11,757,738,0.9749009247027741,0.5511575802837939,713,692,0.97054698457223,0.5314900153609831,"( ( ( always ( x_1 >= -6.4215 ) ) or ( eventually[10,14] ( x_0 <= -589.55 ) ) ) and ( always ( x_5 <= 177.53 ) ) ) and ( always ( x_0 <= 20.34 ) )"
521,42,42,2,3,"[[1462, 1.0, 0.21210329234600067], [5264, 1.0, 0.15581226348876953], [6844, -1.0, 0.1801971048116684]]",0.974401182185194,17,12,487,479,0.9835728952772074,0.3577296489917849,506,477,0.9426877470355731,0.3663594470046083,"( ( ( always[12,28] ( x_3 <= -949.12 ) ) or ( always[11,inf] ( x_0 >= -11.52 ) ) ) and ( always ( x_4 <= 123.62 ) ) ) and ( not ( eventually[2,7] ( x_2 >= 4.14 ) ) )"
522,42,42,2,2,"[[333, -1.0, 0.375763475894928], [2636, 1.0, 0.32548168301582336]]",0.9946614167886589,10,6,306,306,1.0,0.22852875280059745,252,247,0.9801587301587301,0.18970814132104455,( not ( eventually ( x_5 <= -10.85 ) ) ) and ( always ( x_5 <= 93.65 ) )
523,42,42,2,3,"[[76, -1.0, 0.21386386454105377], [5264, 1.0, 0.21547165513038635], [1462, 1.0, 0.21680304408073425]]",0.983579773201405,17,14,291,289,0.993127147766323,0.21583271097834206,296,285,0.9628378378378378,0.21889400921658986,"( ( not ( eventually[1,26] ( ( x_4 >= -807.58 ) and ( x_2 <= -12.0668 ) ) ) ) and ( always ( x_4 <= 34.36 ) ) ) and ( ( always[12,28] ( x_3 <= -949.84 ) ) or ( always[11,inf] ( x_0 >= -10.8 ) ) )"
524,42,42,2,3,"[[7825, -1.0, 0.24760669469833374], [2636, 1.0, 0.41546064615249634], [636, -1.0, 0.11325357854366302]]",0.9878019500006306,18,10,133,133,1.0,0.09932785660941,140,133,0.95,0.10215053763440861,"( ( not ( eventually ( x_2 <= -8.21 ) ) ) and ( always ( x_5 <= 70.46 ) ) ) and ( not ( eventually[26,29] ( x_4 <= -0.38 ) ) )"
525,42,42,2,3,"[[4869, 1.0, 0.2818899154663086], [2636, 1.0, 0.20140205323696136], [333, -1.0, 0.25475820899009705]]",0.9582319096938616,16,9,606,587,0.9686468646864687,0.438386855862584,568,549,0.9665492957746479,0.4216589861751152,( ( always ( x_1 >= -6.51 ) ) and ( always ( x_5 <= 125.63 ) ) ) and ( not ( eventually ( x_5 <= -42.96 ) ) )
526,42,6,5,3,"[[2636, -1.0, 0.34032851457595825], [559, 1.0, 0.0], [6670, 1.0, 0.27012282609939575]]",0.927105447187666,16,9,64,62,0.96875,0.328042328042328,61,57,0.9344262295081968,0.27014218009478674,"( ( not ( always ( x_5 <= 265.24 ) ) ) and ( always[27,inf] ( x_5 <= 79.26 ) ) ) and ( always ( x_0 <= 29.34 ) )"
527,42,95,13,2,"[[559, -1.0, 0.33644992113113403], [3226, 1.0, 0.3173811435699463]]",0.7527428728793251,11,6,5,5,1.0,0.03759398496240601,4,2,0.5,0.01694915254237288,"( not ( always[27,inf] ( x_5 <= 154.93 ) ) ) and ( always[4,inf] ( x_4 <= 33.48 ) )"
528,42,42,2,3,"[[7825, -1.0, 0.2512921392917633], [2979, 1.0, 0.13542580604553223], [6670, 1.0, 0.3049207925796509]]",0.986314436357999,17,9,450,447,0.9933333333333333,0.33383121732636295,425,418,0.9835294117647059,0.3210445468509985,"( ( not ( eventually ( x_2 <= -6.21 ) ) ) and ( always[4,33] ( x_5 <= 73.37 ) ) ) and ( always ( x_0 <= 21.47 ) )"
529,42,15,0,3,"[[6670, -1.0, 0.5698592662811279], [2979, 1.0, 0.029424820095300674], [9226, -1.0, 0.2191375195980072]]",0.9749799663741175,18,10,64,64,1.0,0.27705627705627706,79,75,0.9493670886075949,0.2862595419847328,"( ( not ( always ( x_0 <= 219.33 ) ) ) and ( always[4,33] ( x_5 <= 332.92 ) ) ) and ( not ( eventually[29,inf] ( x_2 >= 22.38 ) ) )"
530,42,15,0,3,"[[6670, -1.0, 0.5975147485733032], [2979, 1.0, 0.029424820095300674], [2415, 1.0, 0.008981136605143547]]",0.9651042199119716,17,12,94,93,0.9893617021276596,0.4025974025974026,102,97,0.9509803921568627,0.3702290076335878,"( ( not ( always ( x_0 <= 225.58 ) ) ) and ( always[4,33] ( x_5 <= 332.92 ) ) ) and ( ( always[1,4] ( x_1 >= -97.2 ) ) and ( always[2,32] ( x_0 >= -405.94 ) ) )"
531,42,42,2,3,"[[7825, -1.0, 0.240497887134552], [2979, 1.0, 0.14752092957496643], [6670, 1.0, 0.011871324852108955]]",0.995880080692477,17,9,397,397,1.0,0.29648991784914114,368,361,0.9809782608695652,0.2772657450076805,"( ( not ( eventually ( x_2 <= -12.0665 ) ) ) and ( always[4,33] ( x_5 <= 43.75 ) ) ) and ( always ( x_0 <= 87.75 ) )"
532,42,42,2,3,"[[7825, -1.0, 0.2500096261501312], [2636, 1.0, 0.24350211024284363], [6844, -1.0, 0.18393287062644958]]",0.9842153804099205,17,10,210,209,0.9952380952380953,0.15608663181478716,209,202,0.9665071770334929,0.15514592933947774,"( ( not ( eventually ( x_2 <= -6.91 ) ) ) and ( always ( x_5 <= 114.78 ) ) ) and ( not ( eventually[2,7] ( x_2 >= 1.38 ) ) )"
533,42,42,2,3,"[[333, -1.0, 0.2680816650390625], [2636, 1.0, 0.10132437944412231], [6670, 1.0, 0.09818723797798157]]",0.9652430646452883,15,9,729,710,0.9739368998628258,0.5302464525765497,713,681,0.9551192145862553,0.5230414746543779,( ( not ( eventually ( x_5 <= -39.43 ) ) ) and ( always ( x_5 <= 151.42 ) ) ) and ( always ( x_0 <= 68.23 ) )
534,42,88,10,3,"[[8005, -1.0, 0.09342555701732635], [3226, 1.0, 0.31742405891418457], [5500, -1.0, 0.14684085547924042]]",0.7881006494810567,15,10,27,24,0.8888888888888888,0.15789473684210525,26,17,0.6538461538461539,0.11038961038961038,"( ( not ( always[21,24] ( x_0 >= -27.37 ) ) ) and ( always[4,inf] ( x_4 <= 33.44 ) ) ) and ( not ( eventually[0,31] ( x_2 <= -60.55 ) ) )"
535,42,15,0,3,"[[6670, -1.0, 0.47197315096855164], [2636, 1.0, 0.24635553359985352], [1183, 1.0, 0.047111816704273224]]",0.9511813763534412,15,9,32,32,1.0,0.13852813852813853,38,37,0.9736842105263158,0.14122137404580154,"( ( not ( always ( x_0 <= 197.19 ) ) ) and ( always ( x_5 <= 114.04 ) ) ) and ( always[8,27] ( x_1 >= -67.25 ) )"
536,42,6,5,3,"[[2636, -1.0, 1.8533506393432617], [5071, -1.0, 0.09996989369392395], [559, 1.0, 0.159471794962883]]",0.935950766939138,18,10,24,24,1.0,0.12698412698412698,33,28,0.8484848484848485,0.13270142180094788,"( ( not ( always ( x_5 <= 655.16 ) ) ) and ( not ( eventually[17,inf] ( x_1 >= 119.24 ) ) ) ) and ( always[27,inf] ( x_5 <= 43.39 ) )"
537,42,42,2,2,"[[333, -1.0, 0.375763475894928], [2636, 1.0, 0.32548168301582336]]",0.9946614167886589,10,6,306,306,1.0,0.22852875280059745,252,247,0.9801587301587301,0.18970814132104455,( not ( eventually ( x_5 <= -10.85 ) ) ) and ( always ( x_5 <= 93.65 ) )
538,42,42,2,3,"[[333, -1.0, 0.3052993416786194], [2636, 1.0, 0.0], [6670, 1.0, 0.3200497627258301]]",0.9850919328181977,15,9,588,583,0.9914965986394558,0.43539955190440627,539,529,0.9814471243042672,0.4062980030721966,( ( not ( eventually ( x_5 <= -29.55 ) ) ) and ( always ( x_5 <= 177.53 ) ) ) and ( always ( x_0 <= 18.05 ) )
539,42,42,2,3,"[[1462, 1.0, 0.23044973611831665], [3990, -1.0, 0.08605719357728958], [3390, 1.0, 0.2798403203487396]]",0.9803112230919417,18,12,168,167,0.9940476190476191,0.12471994025392083,152,146,0.9605263157894737,0.11213517665130568,"( ( ( always[12,28] ( x_3 <= -951.92 ) ) or ( always[11,inf] ( x_0 >= -8.72 ) ) ) and ( not ( eventually ( x_3 >= 170.96 ) ) ) ) and ( always[12,inf] ( x_1 <= 2.91 ) )"
540,42,15,0,3,"[[6670, -1.0, 0.5698592662811279], [2979, 1.0, 0.029424820095300674], [9226, -1.0, 0.2191375195980072]]",0.9749799663741175,18,10,64,64,1.0,0.27705627705627706,79,75,0.9493670886075949,0.2862595419847328,"( ( not ( always ( x_0 <= 219.33 ) ) ) and ( always[4,33] ( x_5 <= 332.92 ) ) ) and ( not ( eventually[29,inf] ( x_2 >= 22.38 ) ) )"
541,42,42,2,3,"[[7825, -1.0, 0.24715818464756012], [5264, 1.0, 0.2128935158252716], [6670, 1.0, 0.32511216402053833]]",0.9942300424575772,17,9,283,283,1.0,0.21135175504107542,293,288,0.9829351535836177,0.22119815668202766,( ( not ( eventually ( x_2 <= -8.46 ) ) ) and ( always ( x_4 <= 38.22 ) ) ) and ( always ( x_0 <= 16.9 ) )
542,42,42,2,3,"[[6670, 1.0, 0.35265326499938965], [76, -1.0, 0.21700450778007507], [2636, 1.0, 0.33489829301834106]]",0.9925507299170649,15,11,447,446,0.9977628635346756,0.3330843913368185,433,426,0.9838337182448037,0.3271889400921659,"( ( always ( x_0 <= 10.67 ) ) and ( not ( eventually[1,26] ( ( x_4 >= -809.01 ) and ( x_2 <= -10.64 ) ) ) ) ) and ( always ( x_5 <= 91.23 ) )"
543,42,42,2,3,"[[7825, -1.0, 0.2500096261501312], [2636, 1.0, 0.48685264587402344], [6670, 1.0, 0.011871324852108955]]",0.9955926257239869,16,9,371,371,1.0,0.2770724421209858,332,332,1.0,0.25499231950844853,( ( not ( eventually ( x_2 <= -6.91 ) ) ) and ( always ( x_5 <= 52.07 ) ) ) and ( always ( x_0 <= 87.75 ) )
544,42,42,2,3,"[[333, -1.0, 0.37299972772598267], [3226, 1.0, 0.1976701021194458], [6670, 1.0, 0.018576605245471]]",0.9957522130945059,15,9,385,385,1.0,0.2875280059746079,324,317,0.9783950617283951,0.2434715821812596,"( ( not ( eventually ( x_5 <= -11.58 ) ) ) and ( always[4,inf] ( x_4 <= 132.99 ) ) ) and ( always ( x_0 <= 86.23 ) )"
545,42,62,6,3,"[[2636, -1.0, 0.012482235208153725], [5264, 1.0, 0.09879960864782333], [2979, 1.0, 0.0900755524635315]]",0.621094663790662,17,9,27,20,0.7407407407407407,0.2857142857142857,20,12,0.6,0.13793103448275862,"( ( not ( always ( x_5 <= 180.75 ) ) ) and ( always ( x_4 <= 208.92 ) ) ) and ( always[4,33] ( x_5 <= 184.42 ) )"
546,42,42,2,3,"[[7825, -1.0, 0.240497887134552], [2979, 1.0, 0.14752092957496643], [6670, 1.0, 0.011871324852108955]]",0.995880080692477,17,9,397,397,1.0,0.29648991784914114,368,361,0.9809782608695652,0.2772657450076805,"( ( not ( eventually ( x_2 <= -12.0665 ) ) ) and ( always[4,33] ( x_5 <= 43.75 ) ) ) and ( always ( x_0 <= 87.75 ) )"
547,42,42,2,3,"[[7825, -1.0, 0.24828489124774933], [2636, 1.0, 0.3395971655845642], [6670, 1.0, 0.3468719720840454]]",0.9962038521599509,16,9,431,431,1.0,0.321882001493652,423,421,0.9952718676122931,0.32334869431643626,( ( not ( eventually ( x_2 <= -7.84 ) ) ) and ( always ( x_5 <= 90.0153 ) ) ) and ( always ( x_0 <= 11.98 ) )
548,42,15,0,3,"[[6670, -1.0, 0.5975147485733032], [2979, 1.0, 0.029424820095300674], [2415, 1.0, 0.008981136605143547]]",0.9651042199119716,17,12,94,93,0.9893617021276596,0.4025974025974026,102,97,0.9509803921568627,0.3702290076335878,"( ( not ( always ( x_0 <= 225.58 ) ) ) and ( always[4,33] ( x_5 <= 332.92 ) ) ) and ( ( always[1,4] ( x_1 >= -97.2 ) ) and ( always[2,32] ( x_0 >= -405.94 ) ) )"
549,42,15,0,3,"[[6670, -1.0, 0.13635508716106415], [9569, -1.0, 0.0663897693157196], [333, -1.0, 0.14785432815551758]]",0.9601078767175745,18,11,82,81,0.9878048780487805,0.35064935064935066,98,96,0.9795918367346939,0.366412213740458,( ( not ( always ( x_0 <= 121.28 ) ) ) and ( not ( eventually ( x_5 >= 220.81 ) ) ) ) and ( not ( eventually ( x_5 <= -71.33 ) ) )
550,42,42,2,3,"[[7825, -1.0, 0.240497887134552], [2979, 1.0, 0.14752092957496643], [6670, 1.0, 0.011871324852108955]]",0.995880080692477,17,9,397,397,1.0,0.29648991784914114,368,361,0.9809782608695652,0.2772657450076805,"( ( not ( eventually ( x_2 <= -12.0665 ) ) ) and ( always[4,33] ( x_5 <= 43.75 ) ) ) and ( always ( x_0 <= 87.75 ) )"
551,42,42,2,3,"[[76, -1.0, 0.22080287337303162], [3226, 1.0, 0.3261832594871521], [1462, 1.0, 0.19670982658863068]]",0.9831188404886079,16,14,283,281,0.9929328621908127,0.20985810306198655,277,266,0.9602888086642599,0.20430107526881722,"( ( not ( eventually[1,26] ( ( x_4 >= -810.74 ) and ( x_2 <= -8.91 ) ) ) ) and ( always[4,inf] ( x_4 <= 26.16 ) ) ) and ( ( always[12,28] ( x_3 <= -946.77 ) ) or ( always[11,inf] ( x_0 >= -13.87 ) ) )"
552,42,42,2,3,"[[7825, -1.0, 0.24393385648727417], [2636, 1.0, 0.2950529158115387], [1462, 1.0, 0.19670982658863068]]",0.9704563486735028,17,9,663,649,0.9788838612368024,0.48469006721433905,627,606,0.9665071770334929,0.46543778801843316,"( ( not ( eventually ( x_2 <= -10.2 ) ) ) and ( always ( x_5 <= 101.49 ) ) ) and ( always[11,inf] ( x_0 >= -13.87 ) )"
553,42,42,2,3,"[[5500, -1.0, 0.2487967312335968], [3226, 1.0, 0.3199656903743744], [6670, 1.0, 0.2957231402397156]]",0.9943296473160527,16,9,288,288,1.0,0.2150858849887976,262,258,0.9847328244274809,0.19815668202764977,"( ( not ( eventually[0,31] ( x_2 <= -4.8 ) ) ) and ( always[4,inf] ( x_4 <= 31.33 ) ) ) and ( always ( x_0 <= 23.55 ) )"
554,42,42,2,3,"[[7825, -1.0, 0.2500096261501312], [2636, 1.0, 0.48685264587402344], [6670, 1.0, 0.011871324852108955]]",0.9955926257239869,16,9,371,371,1.0,0.2770724421209858,332,332,1.0,0.25499231950844853,( ( not ( eventually ( x_2 <= -6.91 ) ) ) and ( always ( x_5 <= 52.07 ) ) ) and ( always ( x_0 <= 87.75 ) )
555,42,42,2,3,"[[6670, 1.0, 0.3302847146987915], [1183, 1.0, 0.2794297933578491], [2636, 1.0, 0.14494019746780396]]",0.9806559546475008,14,8,582,575,0.9879725085910653,0.4294249439880508,586,577,0.984641638225256,0.4431643625192012,"( ( always ( x_0 <= 15.73 ) ) and ( always[8,27] ( x_1 >= -4.83 ) ) ) and ( always ( x_5 <= 140.18 ) )"
556,42,42,2,3,"[[7825, -1.0, 0.24715818464756012], [5264, 1.0, 0.2048414945602417], [6670, 1.0, 0.32511216402053833]]",0.9906036482515921,17,9,354,353,0.9971751412429378,0.26362957430918593,346,336,0.9710982658959537,0.25806451612903225,( ( not ( eventually ( x_2 <= -8.46 ) ) ) and ( always ( x_4 <= 50.26 ) ) ) and ( always ( x_0 <= 16.9 ) )
557,42,42,2,3,"[[76, -1.0, 0.22330938279628754], [2636, 1.0, 0.3395971655845642], [6670, 1.0, 0.32734331488609314]]",0.9877503079424095,15,11,503,500,0.9940357852882704,0.37341299477221807,475,467,0.9831578947368421,0.358678955453149,"( ( not ( eventually[1,26] ( ( x_4 >= -811.88 ) and ( x_2 <= -7.7684 ) ) ) ) and ( always ( x_5 <= 90.0153 ) ) ) and ( always ( x_0 <= 16.4 ) )"
558,42,62,6,3,"[[2636, -1.0, 0.012482235208153725], [9569, -1.0, 0.09016875922679901], [3226, 1.0, 0.11668539047241211]]",0.8878341470731327,17,10,13,13,1.0,0.18571428571428572,10,5,0.5,0.05747126436781609,"( ( not ( always ( x_5 <= 180.75 ) ) ) and ( not ( eventually ( x_5 >= 186.27 ) ) ) ) and ( always[4,inf] ( x_4 <= 200.31 ) )"
559,42,42,2,3,"[[7825, -1.0, 0.2500096261501312], [2636, 1.0, 0.48685264587402344], [6670, 1.0, 0.011871324852108955]]",0.9955926257239869,16,9,371,371,1.0,0.2770724421209858,332,332,1.0,0.25499231950844853,( ( not ( eventually ( x_2 <= -6.91 ) ) ) and ( always ( x_5 <= 52.07 ) ) ) and ( always ( x_0 <= 87.75 ) )
560,42,15,0,3,"[[6670, -1.0, 0.09742625057697296], [5264, 1.0, 0.09097619354724884], [636, -1.0, 0.10951375961303711]]",0.9285793476418497,18,10,45,44,0.9777777777777777,0.19047619047619047,50,46,0.92,0.17557251908396945,"( ( not ( always ( x_0 <= 112.47 ) ) ) and ( always ( x_4 <= 220.62 ) ) ) and ( not ( eventually[26,29] ( x_4 <= -3.01 ) ) )"
561,42,42,2,3,"[[6670, 1.0, 0.34681904315948486], [5500, -1.0, 0.24387383460998535], [2636, 1.0, 0.33489829301834106]]",0.9962126062579448,16,9,432,432,1.0,0.32262882748319643,427,424,0.9929742388758782,0.32565284178187404,"( ( always ( x_0 <= 11.99 ) ) and ( not ( eventually[0,31] ( x_2 <= -7.4961 ) ) ) ) and ( always ( x_5 <= 91.23 ) )"
562,42,6,5,3,"[[2636, -1.0, 1.8533506393432617], [5071, -1.0, 0.06747075915336609], [1949, -1.0, 0.16785869002342224]]",0.9333516167118984,17,14,23,23,1.0,0.12169312169312169,30,25,0.8333333333333334,0.11848341232227488,"( ( not ( always ( ( x_5 <= 655.16 ) or ( x_5 >= 1561.02 ) ) ) ) and ( not ( eventually[17,inf] ( x_1 >= 143.51 ) ) ) ) and ( not ( always[9,inf] ( eventually[6,18] ( x_2 <= -4.8 ) ) ) )"
563,42,88,10,3,"[[8005, -1.0, 0.09342555701732635], [5071, -1.0, 0.25015079975128174], [6513, 1.0, 0.0804552510380745]]",0.7002181116018564,14,11,14,12,0.8571428571428571,0.07894736842105263,11,7,0.6363636363636364,0.045454545454545456,"( ( not ( always[21,24] ( x_0 >= -27.37 ) ) ) and ( not ( eventually[17,inf] ( x_1 >= 7.09 ) ) ) ) and ( eventually ( always[1,11] ( x_2 >= -1.7982 ) ) )"
564,42,42,2,3,"[[7825, -1.0, 0.24828489124774933], [2636, 1.0, 0.3395971655845642], [6670, 1.0, 0.3468719720840454]]",0.9962038521599509,16,9,431,431,1.0,0.321882001493652,423,421,0.9952718676122931,0.32334869431643626,( ( not ( eventually ( x_2 <= -7.84 ) ) ) and ( always ( x_5 <= 90.0153 ) ) ) and ( always ( x_0 <= 11.98 ) )
565,42,6,5,3,"[[2636, -1.0, 1.4518537521362305], [3390, 1.0, 0.2713657319545746], [559, 1.0, 0.014817647635936737]]",0.9204367490813241,17,9,19,19,1.0,0.10052910052910052,21,20,0.9523809523809523,0.0947867298578199,"( ( not ( always ( x_5 <= 551.69 ) ) ) and ( always[12,inf] ( x_1 <= 9.85 ) ) ) and ( always[27,inf] ( x_5 <= 75.93 ) )"
566,42,15,0,3,"[[6670, -1.0, 0.09742625057697296], [5264, 1.0, 0.07604797184467316], [2415, 1.0, 0.15435893833637238]]",0.9498831455271061,17,12,94,92,0.9787234042553191,0.39826839826839827,96,88,0.9166666666666666,0.33587786259541985,"( ( not ( always ( x_0 <= 112.47 ) ) ) and ( always ( x_4 <= 242.96 ) ) ) and ( ( always[1,4] ( x_1 >= -3.46 ) ) and ( always[2,32] ( x_0 >= -312.2 ) ) )"
567,42,15,0,3,"[[6670, -1.0, 0.5975147485733032], [2979, 1.0, 0.029424820095300674], [2415, 1.0, 0.008981136605143547]]",0.9651042199119716,17,12,94,93,0.9893617021276596,0.4025974025974026,102,97,0.9509803921568627,0.3702290076335878,"( ( not ( always ( x_0 <= 225.58 ) ) ) and ( always[4,33] ( x_5 <= 332.92 ) ) ) and ( ( always[1,4] ( x_1 >= -97.2 ) ) and ( always[2,32] ( x_0 >= -405.94 ) ) )"
568,42,6,5,3,"[[7339, 1.0, 0.001719433581456542], [3390, 1.0, 0.2510151267051697], [6670, 1.0, 0.05332489684224129]]",0.9551782753884318,16,8,35,35,1.0,0.18518518518518517,33,31,0.9393939393939394,0.14691943127962084,"( ( eventually[7,27] ( x_5 >= 317.7 ) ) and ( always[12,inf] ( x_1 <= 26.53 ) ) ) and ( always ( x_0 <= 78.37 ) )"
569,42,95,13,3,"[[2636, -1.0, 0.11602719128131866], [5339, -1.0, 0.13937103748321533], [954, 1.0, 0.11545947194099426]]",0.4600115034245933,16,11,83,44,0.5301204819277109,0.3308270676691729,77,31,0.4025974025974026,0.2627118644067797,"( ( not ( always ( x_5 <= 207.43 ) ) ) and ( not ( eventually[0,11] ( x_5 >= 70.77 ) ) ) ) and ( eventually[19,inf] ( always[1,8] ( x_2 >= 0.8 ) ) )"
570,42,42,2,3,"[[7825, -1.0, 0.24828489124774933], [2636, 1.0, 0.3395971655845642], [6670, 1.0, 0.3468719720840454]]",0.9962038521599509,16,9,431,431,1.0,0.321882001493652,423,421,0.9952718676122931,0.32334869431643626,( ( not ( eventually ( x_2 <= -7.84 ) ) ) and ( always ( x_5 <= 90.0153 ) ) ) and ( always ( x_0 <= 11.98 ) )
571,42,42,2,3,"[[7825, -1.0, 0.24778053164482117], [2636, 1.0, 0.32410234212875366], [4869, 1.0, 0.3039100170135498]]",0.9784922267200944,17,9,347,343,0.9884726224783862,0.2561613144137416,339,329,0.9705014749262537,0.25268817204301075,( ( not ( eventually ( x_2 <= -8.1183 ) ) ) and ( always ( x_5 <= 94.01 ) ) ) and ( always ( x_1 >= -3.3121 ) )
572,42,95,13,3,"[[636, -1.0, 0.24251115322113037], [5071, -1.0, 0.009656567126512527], [559, -1.0, 0.5169373750686646]]",0.8589313179094591,20,14,10,10,1.0,0.07518796992481203,12,7,0.5833333333333334,0.059322033898305086,"( ( not ( ( always[7,10] ( x_5 >= 2856.08 ) ) or ( eventually[26,29] ( x_4 <= 90.67 ) ) ) ) and ( not ( eventually[17,inf] ( x_1 >= 186.69 ) ) ) ) and ( not ( always[27,inf] ( x_5 <= 195.53 ) ) )"
573,42,42,2,3,"[[7825, -1.0, 0.24828489124774933], [2636, 1.0, 0.3395971655845642], [6670, 1.0, 0.3468719720840454]]",0.9962038521599509,16,9,431,431,1.0,0.321882001493652,423,421,0.9952718676122931,0.32334869431643626,( ( not ( eventually ( x_2 <= -7.84 ) ) ) and ( always ( x_5 <= 90.0153 ) ) ) and ( always ( x_0 <= 11.98 ) )
574,42,42,2,3,"[[7825, -1.0, 0.2496151328086853], [2636, 1.0, 0.43811360001564026], [1462, 1.0, 0.19800961017608643]]",0.9853418829536725,17,9,420,417,0.9928571428571429,0.31142643764002986,397,391,0.9848866498740554,0.30030721966205837,"( ( not ( eventually ( x_2 <= -7.12 ) ) ) and ( always ( x_5 <= 64.63 ) ) ) and ( always[11,inf] ( x_0 >= -13.67 ) )"
575,42,42,2,3,"[[7825, -1.0, 0.240497887134552], [2979, 1.0, 0.14752092957496643], [6670, 1.0, 0.011871324852108955]]",0.995880080692477,17,9,397,397,1.0,0.29648991784914114,368,361,0.9809782608695652,0.2772657450076805,"( ( not ( eventually ( x_2 <= -12.0665 ) ) ) and ( always[4,33] ( x_5 <= 43.75 ) ) ) and ( always ( x_0 <= 87.75 ) )"
576,42,42,2,2,"[[333, -1.0, 0.375763475894928], [2636, 1.0, 0.32548168301582336]]",0.9946614167886589,10,6,306,306,1.0,0.22852875280059745,252,247,0.9801587301587301,0.18970814132104455,( not ( eventually ( x_5 <= -10.85 ) ) ) and ( always ( x_5 <= 93.65 ) )
577,42,6,5,3,"[[7339, 1.0, 0.001719433581456542], [6670, 1.0, 0.28037720918655396], [9736, 1.0, 0.05953573063015938]]",0.9563690006098866,15,8,36,36,1.0,0.19047619047619047,28,27,0.9642857142857143,0.12796208530805686,"( ( eventually[7,27] ( x_5 >= 317.7 ) ) and ( always ( x_0 <= 27.02 ) ) ) and ( always[28,31] ( x_5 <= 83.5 ) )"
578,42,42,2,3,"[[7825, -1.0, 0.2550712823867798], [2636, 1.0, 0.055537231266498566], [6670, 1.0, 0.08953686058521271]]",0.9863727891109484,16,9,549,545,0.9927140255009107,0.4070201643017177,500,497,0.994,0.3817204301075269,( ( not ( eventually ( x_2 <= -4.17 ) ) ) and ( always ( x_5 <= 163.22 ) ) ) and ( always ( x_0 <= 70.18 ) )
579,42,62,6,3,"[[2636, -1.0, 0.0], [9569, -1.0, 0.08529147505760193], [4869, 1.0, 0.3047243058681488]]",0.8296711635082987,18,10,8,8,1.0,0.11428571428571428,8,6,0.75,0.06896551724137931,( ( not ( always ( x_5 <= 177.53 ) ) ) and ( not ( eventually ( x_5 >= 193.35 ) ) ) ) and ( always ( x_1 >= -3.19 ) )
580,42,15,0,3,"[[6670, -1.0, 0.6171448230743408], [7008, -1.0, 0.19556616246700287], [954, 1.0, 0.11064743995666504]]",0.9204367490813241,16,11,19,19,1.0,0.08225108225108226,22,18,0.8181818181818182,0.06870229007633588,"( ( not ( always ( x_0 <= 230.02 ) ) ) and ( not ( eventually[7,25] ( x_4 >= 39.31 ) ) ) ) and ( eventually[19,inf] ( always[1,8] ( x_2 >= -1.6938 ) ) )"
581,42,42,2,3,"[[7825, -1.0, 0.24828489124774933], [2636, 1.0, 0.24350211024284363], [6670, 1.0, 0.3159447908401489]]",0.9830125626163202,16,9,590,584,0.9898305084745763,0.4361463778939507,560,551,0.9839285714285714,0.42319508448540705,( ( not ( eventually ( x_2 <= -7.84 ) ) ) and ( always ( x_5 <= 114.78 ) ) ) and ( always ( x_0 <= 18.97 ) )
582,42,42,2,3,"[[7825, -1.0, 0.24828489124774933], [2636, 1.0, 0.3395971655845642], [6670, 1.0, 0.3468719720840454]]",0.9962038521599509,16,9,431,431,1.0,0.321882001493652,423,421,0.9952718676122931,0.32334869431643626,( ( not ( eventually ( x_2 <= -7.84 ) ) ) and ( always ( x_5 <= 90.0153 ) ) ) and ( always ( x_0 <= 11.98 ) )
583,42,95,13,3,"[[636, -1.0, 0.30140775442123413], [5071, -1.0, 0.009656567126512527], [3990, 1.0, 0.04669180139899254]]",0.8456759411873505,19,13,9,9,1.0,0.06766917293233082,9,5,0.5555555555555556,0.0423728813559322,"( ( not ( ( always[7,10] ( x_5 >= 2814.59 ) ) or ( eventually[26,29] ( x_4 <= 132.15 ) ) ) ) and ( not ( eventually[17,inf] ( x_1 >= 186.69 ) ) ) ) and ( eventually ( x_3 >= 224.07 ) )"
584,42,42,2,3,"[[4869, 1.0, 0.2990409731864929], [2636, 1.0, 0.32439035177230835], [333, -1.0, 0.24470341205596924]]",0.9673248537296146,16,9,418,409,0.9784688995215312,0.3054518297236744,384,374,0.9739583333333334,0.2872503840245776,( ( always ( x_1 >= -4.02 ) ) and ( always ( x_5 <= 93.93 ) ) ) and ( not ( eventually ( x_5 <= -45.63 ) ) )
585,42,42,2,3,"[[7825, -1.0, 0.24828489124774933], [2636, 1.0, 0.3395971655845642], [6670, 1.0, 0.3468719720840454]]",0.9962038521599509,16,9,431,431,1.0,0.321882001493652,423,421,0.9952718676122931,0.32334869431643626,( ( not ( eventually ( x_2 <= -7.84 ) ) ) and ( always ( x_5 <= 90.0153 ) ) ) and ( always ( x_0 <= 11.98 ) )
586,42,42,2,3,"[[7825, -1.0, 0.25412285327911377], [9736, 1.0, 0.17203958332538605], [2636, 1.0, 0.0362151563167572]]",0.9942703013868734,16,9,285,285,1.0,0.2128454070201643,222,215,0.9684684684684685,0.1651305683563748,"( ( not ( eventually ( x_2 <= -4.68 ) ) ) and ( always[28,31] ( x_5 <= 6.75 ) ) ) and ( always ( x_5 <= 168.2 ) )"
587,42,42,2,3,"[[7825, -1.0, 0.2500096261501312], [2636, 1.0, 0.48685264587402344], [6670, 1.0, 0.011871324852108955]]",0.9955926257239869,16,9,371,371,1.0,0.2770724421209858,332,332,1.0,0.25499231950844853,( ( not ( eventually ( x_2 <= -6.91 ) ) ) and ( always ( x_5 <= 52.07 ) ) ) and ( always ( x_0 <= 87.75 ) )
588,42,15,0,3,"[[6670, -1.0, 0.6171448230743408], [4968, -1.0, 0.18083807826042175], [1949, -1.0, 0.09861518442630768]]",0.9050493914175791,16,12,63,60,0.9523809523809523,0.2597402597402597,53,45,0.8490566037735849,0.1717557251908397,"( ( not ( always ( x_0 <= 230.02 ) ) ) and ( not ( eventually[3,18] ( x_5 >= 68.19 ) ) ) ) and ( not ( always[9,inf] ( eventually[6,18] ( x_2 <= -46.73 ) ) ) )"
589,42,42,2,3,"[[6670, 1.0, 0.35265326499938965], [5500, -1.0, 0.234805166721344], [3226, 1.0, 0.3117409944534302]]",0.9945552264719628,16,9,300,300,1.0,0.22404779686333084,304,299,0.9835526315789473,0.22964669738863286,"( ( always ( x_0 <= 10.67 ) ) and ( not ( eventually[0,31] ( x_2 <= -12.45 ) ) ) ) and ( always[4,inf] ( x_4 <= 38.17 ) )"
590,42,42,2,3,"[[1462, 1.0, 0.23053771257400513], [3990, -1.0, 0.2657932639122009], [5071, -1.0, 0.25272136926651]]",0.9695704506984769,19,13,369,362,0.981029810298103,0.2703510082150859,371,353,0.9514824797843666,0.27112135176651303,"( ( ( always[12,28] ( x_3 <= -951.93 ) ) or ( always[11,inf] ( x_0 >= -8.71 ) ) ) and ( not ( eventually ( x_3 >= 99.03 ) ) ) ) and ( not ( eventually[17,inf] ( x_1 >= 5.17 ) ) )"
591,42,42,2,3,"[[7825, -1.0, 0.24892975389957428], [6670, 1.0, 0.32359886169433594], [2636, 1.0, 0.003990222699940205]]",0.9836206788673724,16,9,612,606,0.9901960784313726,0.4525765496639283,590,583,0.988135593220339,0.4477726574500768,( ( not ( eventually ( x_2 <= -7.4953 ) ) ) and ( always ( x_0 <= 17.24 ) ) ) and ( always ( x_5 <= 176.5 ) )
592,42,15,0,3,"[[6670, -1.0, 0.5975147485733032], [2979, 1.0, 0.029424820095300674], [2415, 1.0, 0.008981136605143547]]",0.9651042199119716,17,12,94,93,0.9893617021276596,0.4025974025974026,102,97,0.9509803921568627,0.3702290076335878,"( ( not ( always ( x_0 <= 225.58 ) ) ) and ( always[4,33] ( x_5 <= 332.92 ) ) ) and ( ( always[1,4] ( x_1 >= -97.2 ) ) and ( always[2,32] ( x_0 >= -405.94 ) ) )"
593,42,6,5,3,"[[7339, 1.0, 0.027574433013796806], [6670, 1.0, 0.0036548743955790997], [9736, 1.0, 0.0885092169046402]]",0.970483387303065,15,10,54,54,1.0,0.2857142857142857,44,41,0.9318181818181818,0.1943127962085308,"( ( eventually[7,27] ( x_5 >= 368.2 ) ) and ( always ( ( x_0 <= 89.61 ) or ( x_5 >= 1163.73 ) ) ) ) and ( always[28,31] ( x_5 <= 63.74 ) )"
594,42,42,2,3,"[[2636, 1.0, 0.5070841908454895], [1183, 1.0, 0.2543051242828369], [2338, 1.0, 0.2870570421218872]]",0.9913850505681737,14,8,189,189,1.0,0.14115011202389843,182,177,0.9725274725274725,0.1359447004608295,"( ( always ( x_5 <= 46.85 ) ) and ( always[8,27] ( x_1 >= -11.58 ) ) ) and ( always[16,27] ( x_1 <= 3.1 ) )"
595,42,42,2,2,"[[7825, -1.0, 0.24573515355587006], [2636, 1.0, 0.6276548504829407]]",0.9879804897845237,11,6,135,135,1.0,0.10082150858849888,115,112,0.9739130434782609,0.08602150537634409,( not ( eventually ( x_2 <= -9.23 ) ) ) and ( always ( x_5 <= 15.78 ) )
596,42,6,5,3,"[[2636, -1.0, 1.8533506393432617], [5071, -1.0, 0.09996989369392395], [559, 1.0, 0.159471794962883]]",0.935950766939138,18,10,24,24,1.0,0.12698412698412698,33,28,0.8484848484848485,0.13270142180094788,"( ( not ( always ( x_5 <= 655.16 ) ) ) and ( not ( eventually[17,inf] ( x_1 >= 119.24 ) ) ) ) and ( always[27,inf] ( x_5 <= 43.39 ) )"
597,42,6,5,2,"[[7339, 1.0, 0.001719433581456542], [3990, -1.0, 0.41952088475227356]]",0.901313696340425,12,6,15,15,1.0,0.07936507936507936,15,13,0.8666666666666667,0.061611374407582936,"( eventually[7,27] ( x_5 >= 317.7 ) ) and ( not ( eventually ( x_3 >= 37.52 ) ) )"
598,42,6,5,3,"[[2636, -1.0, 1.1044087409973145], [6670, 1.0, 0.058052703738212585], [559, 1.0, 0.014817647635936737]]",0.9655270243074291,16,11,46,46,1.0,0.24338624338624337,41,40,0.975609756097561,0.1895734597156398,"( ( not ( always ( x_5 <= 462.15 ) ) ) and ( always ( ( x_0 <= 77.3 ) or ( x_5 >= 1176.03 ) ) ) ) and ( always[27,inf] ( x_5 <= 75.93 ) )"
599,42,95,13,3,"[[2636, -1.0, 0.25746601819992065], [9569, -1.0, 0.04424281418323517], [8090, 1.0, 0.11867153644561768]]",0.7850963161535156,18,10,6,6,1.0,0.045112781954887216,11,5,0.45454545454545453,0.0423728813559322,"( ( not ( always ( x_5 <= 243.88 ) ) ) and ( not ( eventually ( x_5 >= 252.97 ) ) ) ) and ( always[27,inf] ( x_4 >= -16.92 ) )"
600,42,42,2,3,"[[7339, -1.0, 0.13625574111938477], [954, 1.0, 0.11099452525377274], [2636, 1.0, 0.020712781697511673]]",0.9394954077393014,15,10,436,416,0.9541284403669725,0.3106796116504854,417,385,0.9232613908872902,0.2956989247311828,"( ( not ( eventually[7,27] ( x_5 >= 48.21 ) ) ) and ( eventually[19,inf] ( always[1,8] ( x_2 >= -1.5141 ) ) ) ) and ( always ( x_5 <= 172.19 ) )"
601,42,42,2,3,"[[7825, -1.0, 0.2549334764480591], [2636, 1.0, 0.34885841608047485], [6513, 1.0, 0.08234167098999023]]",0.9948131565834063,15,10,315,315,1.0,0.2352501867064974,322,312,0.968944099378882,0.23963133640552994,"( ( not ( eventually ( x_2 <= -4.24 ) ) ) and ( always ( x_5 <= 87.63 ) ) ) and ( eventually ( always[1,11] ( x_2 >= -0.71 ) ) )"
602,42,15,0,3,"[[6670, -1.0, 0.08128802478313446], [2636, 1.0, 0.020712781697511673], [1949, -1.0, 0.16541387140750885]]",0.9791159101265204,15,11,77,77,1.0,0.3333333333333333,71,68,0.9577464788732394,0.2595419847328244,"( ( not ( always ( x_0 <= 108.82 ) ) ) and ( always ( x_5 <= 172.19 ) ) ) and ( not ( always[9,inf] ( eventually[6,18] ( x_2 <= -6.28 ) ) ) )"
603,42,42,2,3,"[[7825, -1.0, 0.2500096261501312], [2636, 1.0, 0.48685264587402344], [6670, 1.0, 0.011871324852108955]]",0.9955926257239869,16,9,371,371,1.0,0.2770724421209858,332,332,1.0,0.25499231950844853,( ( not ( eventually ( x_2 <= -6.91 ) ) ) and ( always ( x_5 <= 52.07 ) ) ) and ( always ( x_0 <= 87.75 ) )
604,42,15,0,3,"[[6670, -1.0, 0.5975147485733032], [2979, 1.0, 0.029424820095300674], [2415, 1.0, 0.008981136605143547]]",0.9651042199119716,17,12,94,93,0.9893617021276596,0.4025974025974026,102,97,0.9509803921568627,0.3702290076335878,"( ( not ( always ( x_0 <= 225.58 ) ) ) and ( always[4,33] ( x_5 <= 332.92 ) ) ) and ( ( always[1,4] ( x_1 >= -97.2 ) ) and ( always[2,32] ( x_0 >= -405.94 ) ) )"
605,42,42,2,3,"[[6670, 1.0, 0.35336458683013916], [2268, 1.0, 0.2010897547006607], [9569, -1.0, 0.09688818454742432]]",0.9868663283798327,17,12,469,466,0.9936034115138592,0.3480209111277072,448,442,0.9866071428571429,0.33947772657450076,"( ( always ( x_0 <= 10.51 ) ) and ( ( always[10,24] ( x_5 <= -994.12 ) ) or ( always[8,20] ( x_2 >= -3.59 ) ) ) ) and ( not ( eventually ( x_5 >= 176.51 ) ) )"
606,42,95,13,3,"[[8090, 1.0, 0.16561150550842285], [2636, -1.0, 0.36469805240631104], [6844, -1.0, 0.18428543210029602]]",0.6916017221550065,17,10,9,8,0.8888888888888888,0.06015037593984962,13,7,0.5384615384615384,0.059322033898305086,"( ( always[27,inf] ( x_4 >= 19.71 ) ) and ( not ( always ( x_5 <= 271.52 ) ) ) ) and ( not ( eventually[2,7] ( x_2 >= 1.12 ) ) )"
607,42,42,2,3,"[[7825, -1.0, 0.24828489124774933], [2636, 1.0, 0.3395971655845642], [6670, 1.0, 0.3468719720840454]]",0.9962038521599509,16,9,431,431,1.0,0.321882001493652,423,421,0.9952718676122931,0.32334869431643626,( ( not ( eventually ( x_2 <= -7.84 ) ) ) and ( always ( x_5 <= 90.0153 ) ) ) and ( always ( x_0 <= 11.98 ) )
608,42,42,2,3,"[[7825, -1.0, 0.2500096261501312], [2636, 1.0, 0.48685264587402344], [6670, 1.0, 0.011871324852108955]]",0.9955926257239869,16,9,371,371,1.0,0.2770724421209858,332,332,1.0,0.25499231950844853,( ( not ( eventually ( x_2 <= -6.91 ) ) ) and ( always ( x_5 <= 52.07 ) ) ) and ( always ( x_0 <= 87.75 ) )
609,42,42,2,3,"[[7825, -1.0, 0.25535857677459717], [2636, 1.0, 0.055537231266498566], [6670, 1.0, 0.09084294736385345]]",0.9884153634233802,16,9,532,529,0.9943609022556391,0.3950709484690067,484,483,0.9979338842975206,0.3709677419354839,( ( not ( eventually ( x_2 <= -4.01 ) ) ) and ( always ( x_5 <= 163.22 ) ) ) and ( always ( x_0 <= 69.89 ) )
610,42,42,2,3,"[[7825, -1.0, 0.25252872705459595], [2979, 1.0, 0.1332099437713623], [3390, 1.0, 0.27954885363578796]]",0.9902031069359432,18,9,166,166,1.0,0.1239731142643764,153,147,0.9607843137254902,0.11290322580645161,"( ( not ( eventually ( x_2 <= -5.54 ) ) ) and ( always[4,33] ( x_5 <= 78.8 ) ) ) and ( always[12,inf] ( x_1 <= 3.15 ) )"
611,42,42,2,2,"[[333, -1.0, 0.375763475894928], [2636, 1.0, 0.32548168301582336]]",0.9946614167886589,10,6,306,306,1.0,0.22852875280059745,252,247,0.9801587301587301,0.18970814132104455,( not ( eventually ( x_5 <= -10.85 ) ) ) and ( always ( x_5 <= 93.65 ) )
612,42,42,2,3,"[[2268, 1.0, 0.2010740041732788], [6670, 1.0, 0.3090236186981201], [9569, -1.0, 0.09617216885089874]]",0.9746498042048843,17,12,587,577,0.9829642248722317,0.43091859596713966,562,550,0.9786476868327402,0.42242703533026116,"( ( ( always[10,24] ( x_5 <= -994.12 ) ) or ( always[8,20] ( x_2 >= -3.6 ) ) ) and ( always ( x_0 <= 20.54 ) ) ) and ( not ( eventually ( x_5 >= 177.55 ) ) )"
613,42,42,2,3,"[[7825, -1.0, 0.2500096261501312], [2636, 1.0, 0.48685264587402344], [6670, 1.0, 0.011871324852108955]]",0.9955926257239869,16,9,371,371,1.0,0.2770724421209858,332,332,1.0,0.25499231950844853,( ( not ( eventually ( x_2 <= -6.91 ) ) ) and ( always ( x_5 <= 52.07 ) ) ) and ( always ( x_0 <= 87.75 ) )
614,42,42,2,3,"[[7825, -1.0, 0.2511345148086548], [2636, 1.0, 0.19827580451965332], [6670, 1.0, 0.2639346122741699]]",0.979705006089198,16,9,615,607,0.9869918699186991,0.45332337565347275,577,569,0.9861351819757366,0.43701996927803377,( ( not ( eventually ( x_2 <= -6.3 ) ) ) and ( always ( x_5 <= 126.44 ) ) ) and ( always ( x_0 <= 30.74 ) )
615,42,42,2,3,"[[7825, -1.0, 0.2549334764480591], [2636, 1.0, 0.34885841608047485], [6513, 1.0, 0.08234167098999023]]",0.9948131565834063,15,10,315,315,1.0,0.2352501867064974,322,312,0.968944099378882,0.23963133640552994,"( ( not ( eventually ( x_2 <= -4.24 ) ) ) and ( always ( x_5 <= 87.63 ) ) ) and ( eventually ( always[1,11] ( x_2 >= -0.71 ) ) )"
616,42,42,2,3,"[[2268, 1.0, 0.20027592778205872], [2636, 1.0, 0.3388809561729431], [1462, 1.0, 0.17743462324142456]]",0.9770277071734612,16,14,543,535,0.9852670349907919,0.39955190440627336,515,495,0.9611650485436893,0.38018433179723504,"( ( ( always[10,24] ( x_5 <= -993.68 ) ) or ( always[8,20] ( x_2 >= -4.03 ) ) ) and ( always ( x_5 <= 90.2 ) ) ) and ( ( always[12,28] ( x_3 <= -943.83 ) ) or ( always[11,inf] ( x_0 >= -16.81 ) ) )"
617,42,15,0,3,"[[6670, -1.0, 0.24443292617797852], [2979, 1.0, 0.0580962598323822], [333, -1.0, 0.14762446284294128]]",0.9471295927551533,17,10,89,87,0.9775280898876404,0.37662337662337664,98,96,0.9795918367346939,0.366412213740458,"( ( not ( always ( x_0 <= 145.72 ) ) ) and ( always[4,33] ( x_5 <= 262.72 ) ) ) and ( not ( eventually ( x_5 <= -71.4 ) ) )"
618,42,42,2,3,"[[7825, -1.0, 0.2500096261501312], [2979, 1.0, 0.144134521484375], [6670, 1.0, 0.3177937865257263]]",0.9956394327173087,17,9,375,375,1.0,0.28005974607916356,335,335,1.0,0.2572964669738863,"( ( not ( eventually ( x_2 <= -6.91 ) ) ) and ( always[4,33] ( x_5 <= 52.05 ) ) ) and ( always ( x_0 <= 18.56 ) )"
619,42,62,6,3,"[[2636, -1.0, 0.012482235208153725], [9569, -1.0, 0.06784936040639877], [7008, -1.0, 0.20957663655281067]]",0.8099625940446661,19,11,7,7,1.0,0.1,14,6,0.42857142857142855,0.06896551724137931,"( ( not ( always ( x_5 <= 180.75 ) ) ) and ( not ( eventually ( x_5 >= 218.69 ) ) ) ) and ( not ( eventually[7,25] ( x_4 >= 22.33 ) ) )"
620,42,42,2,3,"[[7825, -1.0, 0.2541652023792267], [3226, 1.0, 0.26823562383651733], [6670, 1.0, 0.30438432097435]]",0.9887328418014016,16,9,425,423,0.9952941176470588,0.31590739357729647,398,387,0.9723618090452262,0.29723502304147464,"( ( not ( eventually ( x_2 <= -4.66 ) ) ) and ( always[4,inf] ( x_4 <= 74.33 ) ) ) and ( always ( x_0 <= 21.59 ) )"
621,42,42,2,3,"[[4869, 1.0, 0.29951542615890503], [2636, 1.0, 0.0], [6670, 1.0, 0.2790236473083496]]",0.9672084937022261,15,11,597,583,0.9765494137353434,0.43539955190440627,565,546,0.9663716814159292,0.41935483870967744,"( ( ( always ( x_1 >= -3.95 ) ) or ( eventually[10,14] ( x_0 <= -592.02 ) ) ) and ( always ( x_5 <= 177.53 ) ) ) and ( always ( x_0 <= 27.32 ) )"
622,42,42,2,3,"[[1462, 1.0, 0.23044973611831665], [3990, -1.0, 0.4230303168296814], [8982, -1.0, 0.018644794821739197]]",0.9819807489226404,19,13,265,263,0.9924528301886792,0.1964152352501867,254,243,0.9566929133858267,0.18663594470046083,"( ( ( always[12,28] ( x_3 <= -951.92 ) ) or ( always[11,inf] ( x_0 >= -8.72 ) ) ) and ( not ( eventually ( x_3 >= 36.12 ) ) ) ) and ( not ( always[16,18] ( x_0 >= -0.3855 ) ) )"
623,42,42,2,2,"[[333, -1.0, 0.375763475894928], [2636, 1.0, 0.32548168301582336]]",0.9946614167886589,10,6,306,306,1.0,0.22852875280059745,252,247,0.9801587301587301,0.18970814132104455,( not ( eventually ( x_5 <= -10.85 ) ) ) and ( always ( x_5 <= 93.65 ) )
624,42,42,2,3,"[[7825, -1.0, 0.2500096261501312], [2636, 1.0, 0.48685264587402344], [6670, 1.0, 0.011871324852108955]]",0.9955926257239869,16,9,371,371,1.0,0.2770724421209858,332,332,1.0,0.25499231950844853,( ( not ( eventually ( x_2 <= -6.91 ) ) ) and ( always ( x_5 <= 52.07 ) ) ) and ( always ( x_0 <= 87.75 ) )
625,42,15,0,3,"[[6670, -1.0, 0.47197315096855164], [7339, -1.0, 0.0], [5071, -1.0, 0.23700696229934692]]",0.9585702309869168,19,13,38,38,1.0,0.1645021645021645,58,56,0.9655172413793104,0.21374045801526717,"( ( not ( always ( ( x_0 <= 197.19 ) or ( x_5 >= 1056.15 ) ) ) ) and ( not ( eventually[7,27] ( x_5 >= 314.34 ) ) ) ) and ( not ( eventually[17,inf] ( x_1 >= 16.9 ) ) )"
626,42,6,5,3,"[[2636, -1.0, 1.8563971519470215], [5071, -1.0, 0.09996989369392395], [559, 1.0, 0.159471794962883]]",0.935950766939138,18,10,24,24,1.0,0.12698412698412698,33,28,0.8484848484848485,0.13270142180094788,"( ( not ( always ( x_5 <= 655.94 ) ) ) and ( not ( eventually[17,inf] ( x_1 >= 119.24 ) ) ) ) and ( always[27,inf] ( x_5 <= 43.39 ) )"
627,42,15,0,3,"[[6670, -1.0, 0.5698592662811279], [2979, 1.0, 0.029424820095300674], [9226, -1.0, 0.2191375195980072]]",0.9749799663741175,18,10,64,64,1.0,0.27705627705627706,79,75,0.9493670886075949,0.2862595419847328,"( ( not ( always ( x_0 <= 219.33 ) ) ) and ( always[4,33] ( x_5 <= 332.92 ) ) ) and ( not ( eventually[29,inf] ( x_2 >= 22.38 ) ) )"
628,42,15,0,3,"[[6670, -1.0, 0.0], [2636, 1.0, 0.020712781697511673], [9901, -1.0, 0.1866382211446762]]",0.9719933847916375,15,11,57,57,1.0,0.24675324675324675,65,61,0.9384615384615385,0.23282442748091603,"( ( not ( always ( x_0 <= 90.43 ) ) ) and ( always ( x_5 <= 172.19 ) ) ) and ( not ( eventually ( always[3,5] ( x_0 <= -8.07 ) ) ) )"
629,42,15,0,3,"[[6670, -1.0, 0.47197315096855164], [2979, 1.0, 0.0580962598323822], [9226, -1.0, 0.2191375195980072]]",0.9753554036817684,18,10,65,65,1.0,0.2813852813852814,87,81,0.9310344827586207,0.30916030534351147,"( ( not ( always ( x_0 <= 197.19 ) ) ) and ( always[4,33] ( x_5 <= 262.72 ) ) ) and ( not ( eventually[29,inf] ( x_2 >= 22.38 ) ) )"
630,42,42,2,3,"[[7825, -1.0, 0.25136059522628784], [2636, 1.0, 0.15394757688045502], [6670, 1.0, 0.3049207925796509]]",0.9893705476499502,16,9,580,577,0.9948275862068966,0.43091859596713966,544,539,0.9908088235294118,0.41397849462365593,( ( not ( eventually ( x_2 <= -6.1774 ) ) ) and ( always ( x_5 <= 137.86 ) ) ) and ( always ( x_0 <= 21.47 ) )
631,42,42,2,3,"[[7825, -1.0, 0.25136059522628784], [2636, 1.0, 0.15394757688045502], [6670, 1.0, 0.3049207925796509]]",0.9893705476499502,16,9,580,577,0.9948275862068966,0.43091859596713966,544,539,0.9908088235294118,0.41397849462365593,( ( not ( eventually ( x_2 <= -6.1774 ) ) ) and ( always ( x_5 <= 137.86 ) ) ) and ( always ( x_0 <= 21.47 ) )
632,42,42,2,2,"[[7825, -1.0, 0.24573515355587006], [2636, 1.0, 0.6276548504829407]]",0.9879804897845237,11,6,135,135,1.0,0.10082150858849888,115,112,0.9739130434782609,0.08602150537634409,( not ( eventually ( x_2 <= -9.23 ) ) ) and ( always ( x_5 <= 15.78 ) )
633,42,42,2,3,"[[7825, -1.0, 0.2500096261501312], [2636, 1.0, 0.48685264587402344], [6670, 1.0, 0.011871324852108955]]",0.9955926257239869,16,9,371,371,1.0,0.2770724421209858,332,332,1.0,0.25499231950844853,( ( not ( eventually ( x_2 <= -6.91 ) ) ) and ( always ( x_5 <= 52.07 ) ) ) and ( always ( x_0 <= 87.75 ) )
634,42,15,0,3,"[[6670, -1.0, 0.6171448230743408], [7339, -1.0, 0.0002514902735128999], [333, -1.0, 0.14678987860679626]]",0.9534418185079542,18,13,70,69,0.9857142857142858,0.2987012987012987,72,68,0.9444444444444444,0.2595419847328244,"( ( not ( always ( ( x_0 <= 230.02 ) or ( x_5 >= 1023.32 ) ) ) ) and ( not ( eventually[7,27] ( x_5 >= 313.85 ) ) ) ) and ( not ( eventually ( x_5 <= -71.62 ) ) )"
635,42,42,2,3,"[[7825, -1.0, 0.2529970705509186], [2636, 1.0, 0.0], [6670, 1.0, 0.3468719720840454]]",0.9929586467743067,16,9,473,472,0.9978858350951374,0.3525018670649739,453,452,0.9977924944812362,0.34715821812596004,( ( not ( eventually ( x_2 <= -5.29 ) ) ) and ( always ( x_5 <= 177.53 ) ) ) and ( always ( x_0 <= 11.98 ) )
636,42,42,2,3,"[[333, -1.0, 0.36914706230163574], [3990, -1.0, 0.20771408081054688], [6670, 1.0, 0.018576605245471]]",0.9959108537351383,17,10,400,400,1.0,0.29873039581777444,350,344,0.9828571428571429,0.2642089093701997,( ( not ( eventually ( x_5 <= -12.604 ) ) ) and ( not ( eventually ( x_3 >= 122.27 ) ) ) ) and ( always ( x_0 <= 86.23 ) )
637,42,42,2,2,"[[333, -1.0, 0.375763475894928], [2636, 1.0, 0.32548168301582336]]",0.9946614167886589,10,6,306,306,1.0,0.22852875280059745,252,247,0.9801587301587301,0.18970814132104455,( not ( eventually ( x_5 <= -10.85 ) ) ) and ( always ( x_5 <= 93.65 ) )
638,42,42,2,3,"[[7825, -1.0, 0.2500096261501312], [2636, 1.0, 0.48685264587402344], [6670, 1.0, 0.011871324852108955]]",0.9955926257239869,16,9,371,371,1.0,0.2770724421209858,332,332,1.0,0.25499231950844853,( ( not ( eventually ( x_2 <= -6.91 ) ) ) and ( always ( x_5 <= 52.07 ) ) ) and ( always ( x_0 <= 87.75 ) )
639,42,6,5,3,"[[2636, -1.0, 1.8533506393432617], [5071, -1.0, 0.09996989369392395], [559, 1.0, 0.159471794962883]]",0.935950766939138,18,10,24,24,1.0,0.12698412698412698,33,28,0.8484848484848485,0.13270142180094788,"( ( not ( always ( x_5 <= 655.16 ) ) ) and ( not ( eventually[17,inf] ( x_1 >= 119.24 ) ) ) ) and ( always[27,inf] ( x_5 <= 43.39 ) )"
640,42,6,5,3,"[[2636, -1.0, 0.21935994923114777], [559, 1.0, 0.12525314092636108], [3990, -1.0, 0.20785075426101685]]",0.8467799153536958,18,10,20,19,0.95,0.10052910052910052,26,23,0.8846153846153846,0.10900473933649289,"( ( not ( always ( x_5 <= 234.06 ) ) ) and ( always[27,inf] ( x_5 <= 51.09 ) ) ) and ( not ( eventually ( x_3 >= 122.22 ) ) )"
641,42,42,2,3,"[[1462, 1.0, 0.23781263828277588], [2636, 1.0, 0.003990222699940205], [6670, 1.0, 0.245934396982193]]",0.9751903451572789,15,11,743,730,0.9825033647375505,0.5451829723674384,718,699,0.9735376044568245,0.5368663594470046,"( ( ( always[12,28] ( x_3 <= -953.04 ) ) or ( always[11,inf] ( x_0 >= -7.5947 ) ) ) and ( always ( x_5 <= 176.5 ) ) ) and ( always ( x_0 <= 34.81 ) )"
642,42,95,13,3,"[[636, -1.0, 0.30140775442123413], [9226, -1.0, 0.08573734760284424], [8090, 1.0, 0.1372755616903305]]",0.7527428728793251,19,10,5,5,1.0,0.03759398496240601,7,2,0.2857142857142857,0.01694915254237288,"( ( not ( eventually[26,29] ( x_4 <= 132.15 ) ) ) and ( not ( eventually[29,inf] ( x_2 >= 75.21 ) ) ) ) and ( always[27,inf] ( x_4 >= -2.4 ) )"
643,42,42,2,2,"[[7825, -1.0, 0.24573515355587006], [2636, 1.0, 0.6276548504829407]]",0.9879804897845237,11,6,135,135,1.0,0.10082150858849888,115,112,0.9739130434782609,0.08602150537634409,( not ( eventually ( x_2 <= -9.23 ) ) ) and ( always ( x_5 <= 15.78 ) )
644,42,42,2,2,"[[7825, -1.0, 0.24573515355587006], [2636, 1.0, 0.6276548504829407]]",0.9879804897845237,11,6,135,135,1.0,0.10082150858849888,115,112,0.9739130434782609,0.08602150537634409,( not ( eventually ( x_2 <= -9.23 ) ) ) and ( always ( x_5 <= 15.78 ) )
645,42,42,2,3,"[[7825, -1.0, 0.25189828872680664], [3390, 1.0, 0.2809258699417114], [9901, -1.0, 0.11220040917396545]]",0.9760734614858056,17,11,67,67,1.0,0.05003734129947722,48,45,0.9375,0.03456221198156682,"( ( not ( eventually ( x_2 <= -5.89 ) ) ) and ( always[12,inf] ( x_1 <= 2.02 ) ) ) and ( not ( eventually ( always[3,5] ( x_0 <= -16.64 ) ) ) )"
646,42,6,5,3,"[[2636, -1.0, 0.24825021624565125], [559, 1.0, 0.03364390879869461], [6670, 1.0, 0.09268765151500702]]",0.9064348997500519,16,11,105,99,0.9428571428571428,0.5238095238095238,106,94,0.8867924528301887,0.44549763033175355,"( ( not ( always ( x_5 <= 241.51 ) ) ) and ( always[27,inf] ( x_5 <= 71.69 ) ) ) and ( always ( ( x_0 <= 69.47 ) or ( x_5 >= 1183.87 ) ) )"
647,42,42,2,3,"[[7825, -1.0, 0.24828489124774933], [2636, 1.0, 0.3395971655845642], [6670, 1.0, 0.3468719720840454]]",0.9962038521599509,16,9,431,431,1.0,0.321882001493652,423,421,0.9952718676122931,0.32334869431643626,( ( not ( eventually ( x_2 <= -7.84 ) ) ) and ( always ( x_5 <= 90.0153 ) ) ) and ( always ( x_0 <= 11.98 ) )
648,42,42,2,3,"[[7825, -1.0, 0.24828489124774933], [2636, 1.0, 0.3395971655845642], [6670, 1.0, 0.3468719720840454]]",0.9962038521599509,16,9,431,431,1.0,0.321882001493652,423,421,0.9952718676122931,0.32334869431643626,( ( not ( eventually ( x_2 <= -7.84 ) ) ) and ( always ( x_5 <= 90.0153 ) ) ) and ( always ( x_0 <= 11.98 ) )
649,42,15,0,3,"[[6670, -1.0, 0.5698592662811279], [2979, 1.0, 0.029424820095300674], [9226, -1.0, 0.2191375195980072]]",0.9749799663741175,18,10,64,64,1.0,0.27705627705627706,79,75,0.9493670886075949,0.2862595419847328,"( ( not ( always ( x_0 <= 219.33 ) ) ) and ( always[4,33] ( x_5 <= 332.92 ) ) ) and ( not ( eventually[29,inf] ( x_2 >= 22.38 ) ) )"
650,42,15,0,3,"[[6670, -1.0, 0.09742625057697296], [5264, 1.0, 0.07489495724439621], [2415, 1.0, 0.1570199579000473]]",0.9779967554888438,17,12,73,73,1.0,0.31601731601731603,76,69,0.9078947368421053,0.2633587786259542,"( ( not ( always ( x_0 <= 112.47 ) ) ) and ( always ( x_4 <= 244.69 ) ) ) and ( ( always[1,4] ( x_1 >= -1.74 ) ) and ( always[2,32] ( x_0 >= -310.49 ) ) )"
651,42,42,2,3,"[[7825, -1.0, 0.2419416308403015], [2636, 1.0, 0.40433502197265625], [6670, 1.0, 0.34707704186439514]]",0.995848840970137,16,9,394,394,1.0,0.29424943988050783,385,380,0.987012987012987,0.29185867895545314,( ( not ( eventually ( x_2 <= -11.28 ) ) ) and ( always ( x_5 <= 73.33 ) ) ) and ( always ( x_0 <= 11.93 ) )
652,42,15,0,3,"[[6670, -1.0, 0.09742625057697296], [5264, 1.0, 0.07489495724439621], [2415, 1.0, 0.1570199579000473]]",0.9779967554888438,17,12,73,73,1.0,0.31601731601731603,76,69,0.9078947368421053,0.2633587786259542,"( ( not ( always ( x_0 <= 112.47 ) ) ) and ( always ( x_4 <= 244.69 ) ) ) and ( ( always[1,4] ( x_1 >= -1.74 ) ) and ( always[2,32] ( x_0 >= -310.49 ) ) )"
653,42,42,2,3,"[[7825, -1.0, 0.24828489124774933], [2636, 1.0, 0.3395971655845642], [6670, 1.0, 0.3468719720840454]]",0.9962038521599509,16,9,431,431,1.0,0.321882001493652,423,421,0.9952718676122931,0.32334869431643626,( ( not ( eventually ( x_2 <= -7.84 ) ) ) and ( always ( x_5 <= 90.0153 ) ) ) and ( always ( x_0 <= 11.98 ) )
654,42,42,2,3,"[[7825, -1.0, 0.2510048449039459], [2636, 1.0, 0.003990222699940205], [6670, 1.0, 0.2167234718799591]]",0.97205022679495,16,9,701,687,0.9800285306704708,0.5130694548170276,652,643,0.9861963190184049,0.49385560675883255,( ( not ( eventually ( x_2 <= -6.37 ) ) ) and ( always ( x_5 <= 176.5 ) ) ) and ( always ( x_0 <= 41.42 ) )
655,42,62,6,3,"[[2636, -1.0, 0.012482235208153725], [9569, -1.0, 0.0727098360657692], [2979, 1.0, 0.0900755524635315]]",0.9163861567630498,18,10,18,18,1.0,0.2571428571428571,27,13,0.48148148148148145,0.14942528735632185,"( ( not ( always ( x_5 <= 180.75 ) ) ) and ( not ( eventually ( x_5 >= 211.63 ) ) ) ) and ( always[4,33] ( x_5 <= 184.42 ) )"
656,42,42,2,3,"[[6670, 1.0, 0.32099640369415283], [333, -1.0, 0.25841495394706726], [2636, 1.0, 0.10685688257217407]]",0.9611289008936752,15,9,622,604,0.9710610932475884,0.45108289768483945,599,570,0.9515859766277128,0.4377880184331797,( ( always ( x_0 <= 17.83 ) ) and ( not ( eventually ( x_5 <= -41.99 ) ) ) ) and ( always ( x_5 <= 149.99 ) )
657,42,42,2,3,"[[1462, 1.0, 0.21516543626785278], [2636, 1.0, 0.0], [3390, 1.0, 0.271879106760025]]",0.9735976809854443,16,11,518,509,0.9826254826254827,0.380134428678118,497,481,0.9678068410462777,0.369431643625192,"( ( ( always[12,28] ( x_3 <= -949.59 ) ) or ( always[11,inf] ( x_0 >= -11.05 ) ) ) and ( always ( x_5 <= 177.53 ) ) ) and ( always[12,inf] ( x_1 <= 9.43 ) )"
658,42,15,0,3,"[[6670, -1.0, 0.6171448230743408], [7339, -1.0, 0.0002514902735128999], [333, -1.0, 0.14678987860679626]]",0.9534418185079542,18,13,70,69,0.9857142857142858,0.2987012987012987,72,68,0.9444444444444444,0.2595419847328244,"( ( not ( always ( ( x_0 <= 230.02 ) or ( x_5 >= 1023.32 ) ) ) ) and ( not ( eventually[7,27] ( x_5 >= 313.85 ) ) ) ) and ( not ( eventually ( x_5 <= -71.62 ) ) )"
659,42,62,6,3,"[[2636, -1.0, 0.004763257689774036], [9569, -1.0, 0.09016875922679901], [3990, -1.0, 0.058791838586330414]]",0.8878341470731327,19,11,13,13,1.0,0.18571428571428572,19,8,0.42105263157894735,0.09195402298850575,( ( not ( always ( x_5 <= 178.76 ) ) ) and ( not ( eventually ( x_5 >= 186.27 ) ) ) ) and ( not ( eventually ( x_3 >= 181.87 ) ) )
660,42,42,2,3,"[[7825, -1.0, 0.25189828872680664], [3390, 1.0, 0.2809258699417114], [9901, -1.0, 0.11220040917396545]]",0.9760734614858056,17,11,67,67,1.0,0.05003734129947722,48,45,0.9375,0.03456221198156682,"( ( not ( eventually ( x_2 <= -5.89 ) ) ) and ( always[12,inf] ( x_1 <= 2.02 ) ) ) and ( not ( eventually ( always[3,5] ( x_0 <= -16.64 ) ) ) )"
661,42,88,10,3,"[[83, 1.0, 0.06280594319105148], [9736, 1.0, 0.1675545573234558], [7825, -1.0, 0.07197608053684235]]",0.5375729016830365,16,9,77,47,0.6103896103896104,0.3092105263157895,84,41,0.4880952380952381,0.2662337662337662,"( ( always[29,inf] ( x_1 <= 0.1 ) ) and ( always[28,31] ( x_5 <= 9.81 ) ) ) and ( not ( eventually ( x_2 <= -103.43 ) ) )"
662,42,6,5,3,"[[2636, -1.0, 1.4518537521362305], [6670, 1.0, 0.1277111917734146], [8090, 1.0, 0.12439229339361191]]",0.9464018553882751,16,16,29,29,1.0,0.15343915343915343,18,15,0.8333333333333334,0.07109004739336493,"( ( not ( always ( ( x_5 <= 551.69 ) or ( x_5 >= 1664.49 ) ) ) ) and ( always ( ( x_0 <= 61.55 ) or ( x_5 >= 1191.79 ) ) ) ) and ( ( always[27,inf] ( x_4 >= -12.45 ) ) and ( eventually[28,30] ( x_4 <= 16245.67 ) ) )"
663,42,42,2,2,"[[7825, -1.0, 0.25412285327911377], [9736, 1.0, 0.18012940883636475]]",0.9757197403351059,11,6,66,66,1.0,0.04929051530993279,49,41,0.8367346938775511,0.0314900153609831,"( not ( eventually ( x_2 <= -4.68 ) ) ) and ( always[28,31] ( x_5 <= 1.23 ) )"
664,42,15,0,3,"[[6670, -1.0, 0.5975147485733032], [2979, 1.0, 0.029424820095300674], [2415, 1.0, 0.008981136605143547]]",0.9651042199119716,17,12,94,93,0.9893617021276596,0.4025974025974026,102,97,0.9509803921568627,0.3702290076335878,"( ( not ( always ( x_0 <= 225.58 ) ) ) and ( always[4,33] ( x_5 <= 332.92 ) ) ) and ( ( always[1,4] ( x_1 >= -97.2 ) ) and ( always[2,32] ( x_0 >= -405.94 ) ) )"
665,42,42,2,3,"[[333, -1.0, 0.375763475894928], [3990, -1.0, 0.13372763991355896], [9736, 1.0, 0.07843845337629318]]",0.9950626422203802,17,10,331,331,1.0,0.24719940253920836,283,274,0.9681978798586572,0.21044546850998463,"( ( not ( eventually ( x_5 <= -10.85 ) ) ) and ( not ( eventually ( x_3 >= 151.88 ) ) ) ) and ( always[28,31] ( x_5 <= 70.61 ) )"
666,42,42,2,3,"[[76, -1.0, 0.23145444691181183], [3226, 1.0, 0.3116869628429413], [6670, 1.0, 0.011871324852108955]]",0.9860142324463071,15,11,342,340,0.9941520467836257,0.25392083644510827,303,296,0.976897689768977,0.22734254992319508,"( ( not ( eventually[1,26] ( ( x_4 >= -815.59 ) and ( x_2 <= -4.06 ) ) ) ) and ( always[4,inf] ( x_4 <= 38.21 ) ) ) and ( always ( x_0 <= 87.75 ) )"
667,42,42,2,3,"[[7825, -1.0, 0.2500096261501312], [2636, 1.0, 0.48685264587402344], [6670, 1.0, 0.011871324852108955]]",0.9955926257239869,16,9,371,371,1.0,0.2770724421209858,332,332,1.0,0.25499231950844853,( ( not ( eventually ( x_2 <= -6.91 ) ) ) and ( always ( x_5 <= 52.07 ) ) ) and ( always ( x_0 <= 87.75 ) )
668,42,42,2,3,"[[4869, 1.0, 0.2989097237586975], [2636, 1.0, 0.15609994530677795], [6670, 1.0, 0.2724003791809082]]",0.9663682059513653,15,11,582,568,0.9759450171821306,0.42419716206123975,560,544,0.9714285714285714,0.41781874039938555,"( ( ( always ( x_1 >= -4.0377 ) ) or ( eventually[10,14] ( x_0 <= -591.94 ) ) ) and ( always ( x_5 <= 137.3 ) ) ) and ( always ( x_0 <= 28.82 ) )"
669,42,42,2,3,"[[7825, -1.0, 0.2500096261501312], [2636, 1.0, 0.48685264587402344], [6670, 1.0, 0.011871324852108955]]",0.9955926257239869,16,9,371,371,1.0,0.2770724421209858,332,332,1.0,0.25499231950844853,( ( not ( eventually ( x_2 <= -6.91 ) ) ) and ( always ( x_5 <= 52.07 ) ) ) and ( always ( x_0 <= 87.75 ) )
670,42,6,5,3,"[[2636, -1.0, 0.32725512981414795], [559, 1.0, 0.0], [6670, 1.0, 0.31786611676216125]]",0.9585702309869168,16,9,38,38,1.0,0.20105820105820105,34,32,0.9411764705882353,0.15165876777251186,"( ( not ( always ( x_5 <= 261.87 ) ) ) and ( always[27,inf] ( x_5 <= 79.26 ) ) ) and ( always ( x_0 <= 18.54 ) )"
671,42,42,2,3,"[[7825, -1.0, 0.25136059522628784], [2636, 1.0, 0.15512986481189728], [6670, 1.0, 0.3438647389411926]]",0.9900597888515907,16,9,482,480,0.995850622406639,0.35847647498132934,470,469,0.997872340425532,0.3602150537634409,( ( not ( eventually ( x_2 <= -6.1774 ) ) ) and ( always ( x_5 <= 137.55 ) ) ) and ( always ( x_0 <= 12.6588 ) )
672,42,42,2,3,"[[7825, -1.0, 0.25136059522628784], [2636, 1.0, 0.15394757688045502], [6670, 1.0, 0.3049207925796509]]",0.9893705476499502,16,9,580,577,0.9948275862068966,0.43091859596713966,544,539,0.9908088235294118,0.41397849462365593,( ( not ( eventually ( x_2 <= -6.1774 ) ) ) and ( always ( x_5 <= 137.86 ) ) ) and ( always ( x_0 <= 21.47 ) )
673,42,42,2,3,"[[7825, -1.0, 0.24828489124774933], [2636, 1.0, 0.3395971655845642], [6670, 1.0, 0.3468719720840454]]",0.9962038521599509,16,9,431,431,1.0,0.321882001493652,423,421,0.9952718676122931,0.32334869431643626,( ( not ( eventually ( x_2 <= -7.84 ) ) ) and ( always ( x_5 <= 90.0153 ) ) ) and ( always ( x_0 <= 11.98 ) )
674,42,42,2,3,"[[76, -1.0, 0.2281271070241928], [3226, 1.0, 0.3064579665660858], [6670, 1.0, 0.32511216402053833]]",0.9866358389395833,15,11,358,356,0.994413407821229,0.2658700522778193,315,309,0.9809523809523809,0.23732718894009217,"( ( not ( eventually[1,26] ( ( x_4 >= -814.07 ) and ( x_2 <= -5.576 ) ) ) ) and ( always[4,inf] ( x_4 <= 42.56 ) ) ) and ( always ( x_0 <= 16.9 ) )"
675,42,95,13,3,"[[2636, -1.0, 0.25694307684898376], [333, -1.0, 0.1794089376926422], [707, 1.0, 0.1039944589138031]]",0.47898021734466284,16,10,51,29,0.5686274509803921,0.21804511278195488,60,22,0.36666666666666664,0.1864406779661017,"( ( not ( always ( x_5 <= 243.75 ) ) ) and ( not ( eventually ( x_5 <= -62.96 ) ) ) ) and ( always[24,26] ( x_2 >= 0.27 ) )"
676,42,42,2,3,"[[333, -1.0, 0.3424757421016693], [3990, -1.0, 0.20771408081054688], [6670, 1.0, 0.018576605245471]]",0.9934420616781174,17,10,508,507,0.9980314960629921,0.3786407766990291,498,489,0.9819277108433735,0.37557603686635943,( ( not ( eventually ( x_5 <= -19.68 ) ) ) and ( not ( eventually ( x_3 >= 122.27 ) ) ) ) and ( always ( x_0 <= 86.23 ) )
677,42,42,2,3,"[[7825, -1.0, 0.2500096261501312], [2636, 1.0, 0.48685264587402344], [6670, 1.0, 0.011871324852108955]]",0.9955926257239869,16,9,371,371,1.0,0.2770724421209858,332,332,1.0,0.25499231950844853,( ( not ( eventually ( x_2 <= -6.91 ) ) ) and ( always ( x_5 <= 52.07 ) ) ) and ( always ( x_0 <= 87.75 ) )
678,42,42,2,3,"[[7825, -1.0, 0.240497887134552], [2636, 1.0, 0.5175883769989014], [6670, 1.0, 0.011871324852108955]]",0.9952067387521663,16,9,341,341,1.0,0.2546676624346527,325,320,0.9846153846153847,0.2457757296466974,( ( not ( eventually ( x_2 <= -12.0665 ) ) ) and ( always ( x_5 <= 44.15 ) ) ) and ( always ( x_0 <= 87.75 ) )
679,42,62,6,3,"[[2636, -1.0, 0.012482235208153725], [9569, -1.0, 0.08448570966720581], [4869, 1.0, 0.26945990324020386]]",0.799748274342664,18,10,22,20,0.9090909090909091,0.2857142857142857,21,12,0.5714285714285714,0.13793103448275862,( ( not ( always ( x_5 <= 180.75 ) ) ) and ( not ( eventually ( x_5 >= 194.52 ) ) ) ) and ( always ( x_1 >= -8.31 ) )
680,42,42,2,3,"[[7825, -1.0, 0.2500096261501312], [2636, 1.0, 0.48685264587402344], [6670, 1.0, 0.011871324852108955]]",0.9955926257239869,16,9,371,371,1.0,0.2770724421209858,332,332,1.0,0.25499231950844853,( ( not ( eventually ( x_2 <= -6.91 ) ) ) and ( always ( x_5 <= 52.07 ) ) ) and ( always ( x_0 <= 87.75 ) )
681,42,15,0,3,"[[6670, -1.0, 0.5698592662811279], [2979, 1.0, 0.029424820095300674], [9226, -1.0, 0.2191375195980072]]",0.9749799663741175,18,10,64,64,1.0,0.27705627705627706,79,75,0.9493670886075949,0.2862595419847328,"( ( not ( always ( x_0 <= 219.33 ) ) ) and ( always[4,33] ( x_5 <= 332.92 ) ) ) and ( not ( eventually[29,inf] ( x_2 >= 22.38 ) ) )"
682,42,42,2,3,"[[7825, -1.0, 0.24422746896743774], [2636, 1.0, 0.23727616667747498], [9226, -1.0, 0.2729434370994568]]",0.9685541294038026,18,10,152,149,0.9802631578947368,0.11127707244212098,156,146,0.9358974358974359,0.11213517665130568,"( ( not ( eventually ( x_2 <= -10.04 ) ) ) and ( always ( x_5 <= 116.38 ) ) ) and ( not ( eventually[29,inf] ( x_2 >= 1.08 ) ) )"
683,42,42,2,3,"[[7825, -1.0, 0.24828489124774933], [2636, 1.0, 0.3395971655845642], [6670, 1.0, 0.3468719720840454]]",0.9962038521599509,16,9,431,431,1.0,0.321882001493652,423,421,0.9952718676122931,0.32334869431643626,( ( not ( eventually ( x_2 <= -7.84 ) ) ) and ( always ( x_5 <= 90.0153 ) ) ) and ( always ( x_0 <= 11.98 ) )
684,42,42,2,3,"[[7825, -1.0, 0.2500096261501312], [2636, 1.0, 0.0], [6670, 1.0, 0.2167234718799591]]",0.971951156892003,16,9,740,725,0.9797297297297297,0.5414488424197162,694,676,0.9740634005763689,0.5192012288786483,( ( not ( eventually ( x_2 <= -6.91 ) ) ) and ( always ( x_5 <= 177.53 ) ) ) and ( always ( x_0 <= 41.42 ) )
685,42,42,2,3,"[[7825, -1.0, 0.2529970705509186], [6670, 1.0, 0.34681904315948486], [2636, 1.0, 0.006589741446077824]]",0.9929586467743067,16,9,473,472,0.9978858350951374,0.3525018670649739,453,452,0.9977924944812362,0.34715821812596004,( ( not ( eventually ( x_2 <= -5.29 ) ) ) and ( always ( x_0 <= 11.99 ) ) ) and ( always ( x_5 <= 175.83 ) )
686,42,42,2,3,"[[7825, -1.0, 0.24318543076515198], [6670, 1.0, 0.32242876291275024], [2636, 1.0, 0.0]]",0.9740060604707156,16,9,709,696,0.9816643159379408,0.5197908887229276,675,660,0.9777777777777777,0.5069124423963134,( ( not ( eventually ( x_2 <= -10.61 ) ) ) and ( always ( x_0 <= 17.51 ) ) ) and ( always ( x_5 <= 177.53 ) )
687,42,15,0,3,"[[6670, -1.0, 0.5698592662811279], [2979, 1.0, 0.029424820095300674], [9226, -1.0, 0.2191375195980072]]",0.9749799663741175,18,10,64,64,1.0,0.27705627705627706,79,75,0.9493670886075949,0.2862595419847328,"( ( not ( always ( x_0 <= 219.33 ) ) ) and ( always[4,33] ( x_5 <= 332.92 ) ) ) and ( not ( eventually[29,inf] ( x_2 >= 22.38 ) ) )"
688,42,15,0,3,"[[6670, -1.0, 0.09428733587265015], [5264, 1.0, 0.07489495724439621], [2415, 1.0, 0.1570199579000473]]",0.9779967554888438,17,12,73,73,1.0,0.31601731601731603,79,70,0.8860759493670886,0.26717557251908397,"( ( not ( always ( x_0 <= 111.76 ) ) ) and ( always ( x_4 <= 244.69 ) ) ) and ( ( always[1,4] ( x_1 >= -1.74 ) ) and ( always[2,32] ( x_0 >= -310.49 ) ) )"
689,42,95,13,3,"[[636, -1.0, 0.30140775442123413], [5071, -1.0, 0.009656567126512527], [3990, 1.0, 0.04669180139899254]]",0.8456759411873505,19,13,9,9,1.0,0.06766917293233082,9,5,0.5555555555555556,0.0423728813559322,"( ( not ( ( always[7,10] ( x_5 >= 2814.59 ) ) or ( eventually[26,29] ( x_4 <= 132.15 ) ) ) ) and ( not ( eventually[17,inf] ( x_1 >= 186.69 ) ) ) ) and ( eventually ( x_3 >= 224.07 ) )"
690,42,42,2,3,"[[7825, -1.0, 0.24828489124774933], [2636, 1.0, 0.3395971655845642], [6670, 1.0, 0.3468719720840454]]",0.9962038521599509,16,9,431,431,1.0,0.321882001493652,423,421,0.9952718676122931,0.32334869431643626,( ( not ( eventually ( x_2 <= -7.84 ) ) ) and ( always ( x_5 <= 90.0153 ) ) ) and ( always ( x_0 <= 11.98 ) )
691,42,42,2,3,"[[1462, 1.0, 0.25280308723449707], [3990, -1.0, 0.3927900195121765], [2415, 1.0, 0.1568048894405365]]",0.9856392099158937,18,9,231,230,0.9956709956709957,0.1717699775952203,236,229,0.9703389830508474,0.17588325652841783,"( ( always[11,inf] ( x_0 >= -5.31 ) ) and ( not ( eventually ( x_3 >= 48.22 ) ) ) ) and ( always[1,4] ( x_1 >= -1.8822 ) )"
692,42,88,10,3,"[[9226, -1.0, 0.27484482526779175], [83, 1.0, 0.06296972930431366], [8499, -1.0, 0.07799748331308365]]",0.7727253303261398,18,10,47,40,0.851063829787234,0.2631578947368421,59,35,0.5932203389830508,0.22727272727272727,"( ( not ( eventually[29,inf] ( x_2 >= 0.32 ) ) ) and ( always[29,inf] ( x_1 <= 0.08 ) ) ) and ( not ( eventually ( x_5 <= -111.79 ) ) )"
693,42,42,2,3,"[[1462, 1.0, 0.23767030239105225], [2636, 1.0, 0.35669487714767456], [2415, 1.0, 0.15756821632385254]]",0.9891029550666343,16,8,305,304,0.9967213114754099,0.2270351008215086,291,285,0.979381443298969,0.21889400921658986,"( ( always[11,inf] ( x_0 >= -7.62 ) ) and ( always ( x_5 <= 85.61 ) ) ) and ( always[1,4] ( x_1 >= -1.39 ) )"
694,42,95,13,3,"[[2636, -1.0, 0.25694307684898376], [333, -1.0, 0.1794089376926422], [707, 1.0, 0.1039944589138031]]",0.47898021734466284,16,10,51,29,0.5686274509803921,0.21804511278195488,60,22,0.36666666666666664,0.1864406779661017,"( ( not ( always ( x_5 <= 243.75 ) ) ) and ( not ( eventually ( x_5 <= -62.96 ) ) ) ) and ( always[24,26] ( x_2 >= 0.27 ) )"
695,42,42,2,2,"[[7825, -1.0, 0.24573515355587006], [2636, 1.0, 0.6276548504829407]]",0.9879804897845237,11,6,135,135,1.0,0.10082150858849888,115,112,0.9739130434782609,0.08602150537634409,( not ( eventually ( x_2 <= -9.23 ) ) ) and ( always ( x_5 <= 15.78 ) )
696,42,42,2,2,"[[333, -1.0, 0.375763475894928], [2636, 1.0, 0.32548168301582336]]",0.9946614167886589,10,6,306,306,1.0,0.22852875280059745,252,247,0.9801587301587301,0.18970814132104455,( not ( eventually ( x_5 <= -10.85 ) ) ) and ( always ( x_5 <= 93.65 ) )
697,42,42,2,3,"[[1462, 1.0, 0.20768138766288757], [2636, 1.0, 0.1518293023109436], [6844, -1.0, 0.18107393383979797]]",0.9741922200190439,16,12,530,521,0.9830188679245283,0.38909634055265124,551,523,0.9491833030852994,0.40168970814132104,"( ( ( always[12,28] ( x_3 <= -948.44 ) ) or ( always[11,inf] ( x_0 >= -12.19 ) ) ) and ( always ( x_5 <= 138.4 ) ) ) and ( not ( eventually[2,7] ( x_2 >= 3.4919 ) ) )"
698,42,42,2,3,"[[5500, -1.0, 0.24982863664627075], [9569, -1.0, 0.15807458758354187], [6513, 1.0, 0.08234167098999023]]",0.9948294857757128,17,11,316,316,1.0,0.2359970126960418,325,315,0.9692307692307692,0.24193548387096775,"( ( not ( eventually[0,31] ( x_2 <= -4.24 ) ) ) and ( not ( eventually ( x_5 >= 87.63 ) ) ) ) and ( eventually ( always[1,11] ( x_2 >= -0.71 ) ) )"
699,42,42,2,3,"[[7825, -1.0, 0.2500096261501312], [2636, 1.0, 0.48685264587402344], [6670, 1.0, 0.011871324852108955]]",0.9955926257239869,16,9,371,371,1.0,0.2770724421209858,332,332,1.0,0.25499231950844853,( ( not ( eventually ( x_2 <= -6.91 ) ) ) and ( always ( x_5 <= 52.07 ) ) ) and ( always ( x_0 <= 87.75 ) )
700,42,15,0,3,"[[6670, -1.0, 0.5698592662811279], [2979, 1.0, 0.029424820095300674], [9226, -1.0, 0.2191375195980072]]",0.9749799663741175,18,10,64,64,1.0,0.27705627705627706,79,75,0.9493670886075949,0.2862595419847328,"( ( not ( always ( x_0 <= 219.33 ) ) ) and ( always[4,33] ( x_5 <= 332.92 ) ) ) and ( not ( eventually[29,inf] ( x_2 >= 22.38 ) ) )"
701,42,88,10,3,"[[9901, 1.0, 0.0], [3390, 1.0, 0.27463942766189575], [7825, -1.0, 0.11129201948642731]]",0.7405578791821161,16,10,50,41,0.82,0.26973684210526316,52,35,0.6730769230769231,0.22727272727272727,"( ( eventually ( always[3,5] ( x_0 <= -29.57 ) ) ) and ( always[12,inf] ( x_1 <= 7.17 ) ) ) and ( not ( eventually ( x_2 <= -82.11 ) ) )"
702,42,15,0,3,"[[6670, -1.0, 0.09428733587265015], [5264, 1.0, 0.07489495724439621], [2415, 1.0, 0.1570199579000473]]",0.9779967554888438,17,12,73,73,1.0,0.31601731601731603,79,70,0.8860759493670886,0.26717557251908397,"( ( not ( always ( x_0 <= 111.76 ) ) ) and ( always ( x_4 <= 244.69 ) ) ) and ( ( always[1,4] ( x_1 >= -1.74 ) ) and ( always[2,32] ( x_0 >= -310.49 ) ) )"
703,42,42,2,3,"[[333, -1.0, 0.3612343668937683], [2636, 1.0, 0.32548168301582336], [1462, 1.0, 0.26635462045669556]]",0.9933946318723307,16,9,247,247,1.0,0.18446601941747573,218,214,0.981651376146789,0.16436251920122888,"( ( not ( eventually ( x_5 <= -14.7 ) ) ) and ( always ( x_5 <= 93.65 ) ) ) and ( always[11,inf] ( x_0 >= -3.2375 ) )"
704,42,42,2,3,"[[7825, -1.0, 0.24828489124774933], [2636, 1.0, 0.3395971655845642], [6670, 1.0, 0.3468719720840454]]",0.9962038521599509,16,9,431,431,1.0,0.321882001493652,423,421,0.9952718676122931,0.32334869431643626,( ( not ( eventually ( x_2 <= -7.84 ) ) ) and ( always ( x_5 <= 90.0153 ) ) ) and ( always ( x_0 <= 11.98 ) )
705,42,42,2,3,"[[1462, 1.0, 0.25280308723449707], [3990, -1.0, 0.3479042053222656], [6513, 1.0, 0.08234167098999023]]",0.9883022790933922,16,10,284,283,0.9964788732394366,0.21135175504107542,291,285,0.979381443298969,0.21889400921658986,"( ( always[11,inf] ( x_0 >= -5.31 ) ) and ( not ( eventually ( x_3 >= 66.18 ) ) ) ) and ( eventually ( always[1,11] ( x_2 >= -0.71 ) ) )"
706,42,95,13,3,"[[559, -1.0, 0.7291029095649719], [3226, 1.0, 0.13314831256866455], [6844, -1.0, 0.17913012206554413]]",0.8296711635082987,17,10,8,8,1.0,0.06015037593984962,6,3,0.5,0.025423728813559324,"( ( not ( always[27,inf] ( x_5 <= 243.25 ) ) ) and ( always[4,inf] ( x_4 <= 186.62 ) ) ) and ( not ( eventually[2,7] ( x_2 >= 4.93 ) ) )"
707,42,42,2,3,"[[7825, -1.0, 0.240497887134552], [2979, 1.0, 0.14752092957496643], [6670, 1.0, 0.011871324852108955]]",0.995880080692477,17,9,397,397,1.0,0.29648991784914114,368,361,0.9809782608695652,0.2772657450076805,"( ( not ( eventually ( x_2 <= -12.0665 ) ) ) and ( always[4,33] ( x_5 <= 43.75 ) ) ) and ( always ( x_0 <= 87.75 ) )"
708,42,42,2,2,"[[7825, -1.0, 0.24573515355587006], [2636, 1.0, 0.6276548504829407]]",0.9879804897845237,11,6,135,135,1.0,0.10082150858849888,115,112,0.9739130434782609,0.08602150537634409,( not ( eventually ( x_2 <= -9.23 ) ) ) and ( always ( x_5 <= 15.78 ) )
709,42,42,2,3,"[[76, -1.0, 0.22581160068511963], [2636, 1.0, 0.32681554555892944], [636, -1.0, 0.11324664205312729]]",0.9902031069359432,17,10,166,166,1.0,0.1239731142643764,176,166,0.9431818181818182,0.12749615975422426,"( ( not ( eventually[1,26] ( x_2 <= -6.63 ) ) ) and ( always ( x_5 <= 93.31 ) ) ) and ( not ( eventually[26,29] ( x_4 <= -0.3832 ) ) )"
710,42,42,2,3,"[[7825, -1.0, 0.2500096261501312], [2636, 1.0, 0.48685264587402344], [6670, 1.0, 0.011871324852108955]]",0.9955926257239869,16,9,371,371,1.0,0.2770724421209858,332,332,1.0,0.25499231950844853,( ( not ( eventually ( x_2 <= -6.91 ) ) ) and ( always ( x_5 <= 52.07 ) ) ) and ( always ( x_0 <= 87.75 ) )
711,42,62,6,3,"[[2636, -1.0, 0.003812121693044901], [6670, 1.0, 0.3467230200767517], [9569, -1.0, 0.053925782442092896]]",0.700808017619278,17,13,35,28,0.8,0.4,27,19,0.7037037037037037,0.21839080459770116,"( ( not ( always ( x_5 <= 178.52 ) ) ) and ( always ( x_0 <= 12.01 ) ) ) and ( not ( ( eventually ( x_5 >= 238.91 ) ) and ( always[16,inf] ( x_4 <= 37708.05 ) ) ) )"
712,42,42,2,3,"[[2636, 1.0, 0.32681554555892944], [2268, 1.0, 0.19549289345741272], [636, -1.0, 0.11014629900455475]]",0.9652978661480177,17,9,428,418,0.9766355140186916,0.3121732636295743,392,367,0.9362244897959183,0.2818740399385561,"( ( always ( x_5 <= 93.31 ) ) and ( always[8,20] ( x_2 >= -6.63 ) ) ) and ( not ( eventually[26,29] ( x_4 <= -2.57 ) ) )"
713,42,15,0,3,"[[6670, -1.0, 0.5698592662811279], [2979, 1.0, 0.029424820095300674], [9226, -1.0, 0.2191375195980072]]",0.9749799663741175,18,10,64,64,1.0,0.27705627705627706,79,75,0.9493670886075949,0.2862595419847328,"( ( not ( always ( x_0 <= 219.33 ) ) ) and ( always[4,33] ( x_5 <= 332.92 ) ) ) and ( not ( eventually[29,inf] ( x_2 >= 22.38 ) ) )"
714,42,42,2,3,"[[7825, -1.0, 0.25567829608917236], [3226, 1.0, 0.26824796199798584], [333, -1.0, 0.3614077568054199]]",0.9948131565834063,17,10,315,315,1.0,0.2352501867064974,277,269,0.9711191335740073,0.206605222734255,"( ( not ( eventually ( x_2 <= -3.8366 ) ) ) and ( always[4,inf] ( x_4 <= 74.32 ) ) ) and ( not ( eventually ( x_5 <= -14.66 ) ) )"
715,42,15,0,3,"[[6670, -1.0, 0.4797329902648926], [2979, 1.0, 0.03554437309503555], [7825, -1.0, 0.16865241527557373]]",0.9654646739690674,18,13,95,94,0.9894736842105263,0.4069264069264069,110,106,0.9636363636363636,0.40458015267175573,"( ( not ( always ( x_0 <= 198.94 ) ) ) and ( always[4,33] ( x_5 <= 317.94 ) ) ) and ( not ( ( eventually ( x_2 <= -51.02 ) ) and ( always[1,9] ( x_0 <= 3039.67 ) ) ) )"
716,42,42,2,3,"[[7825, -1.0, 0.2500096261501312], [2636, 1.0, 0.48685264587402344], [6670, 1.0, 0.011871324852108955]]",0.9955926257239869,16,9,371,371,1.0,0.2770724421209858,332,332,1.0,0.25499231950844853,( ( not ( eventually ( x_2 <= -6.91 ) ) ) and ( always ( x_5 <= 52.07 ) ) ) and ( always ( x_0 <= 87.75 ) )
717,42,42,2,3,"[[7825, -1.0, 0.24828489124774933], [6670, 1.0, 0.33941757678985596], [5264, 1.0, 0.1798619031906128]]",0.988679818560847,17,9,423,421,0.9952718676122931,0.3144137415982076,429,423,0.986013986013986,0.3248847926267281,( ( not ( eventually ( x_2 <= -7.84 ) ) ) and ( always ( x_0 <= 13.66 ) ) ) and ( always ( x_4 <= 87.64 ) )
718,42,6,5,2,"[[7339, 1.0, 0.027574433013796806], [3990, -1.0, 0.1494201123714447]]",0.9163861567630498,12,6,18,18,1.0,0.09523809523809523,19,17,0.8947368421052632,0.08056872037914692,"( eventually[7,27] ( x_5 >= 368.2 ) ) and ( not ( eventually ( x_3 >= 145.6 ) ) )"
719,42,42,2,3,"[[7825, -1.0, 0.24892975389957428], [2636, 1.0, 0.10239298641681671], [6670, 1.0, 0.3015368580818176]]",0.97947016940205,16,9,667,658,0.9865067466266867,0.49141150112023896,624,613,0.9823717948717948,0.47081413210445466,( ( not ( eventually ( x_2 <= -7.4953 ) ) ) and ( always ( x_5 <= 151.15 ) ) ) and ( always ( x_0 <= 22.23 ) )
720,42,15,0,3,"[[6670, -1.0, 0.5698592662811279], [2979, 1.0, 0.029424820095300674], [9226, -1.0, 0.2191375195980072]]",0.9749799663741175,18,10,64,64,1.0,0.27705627705627706,79,75,0.9493670886075949,0.2862595419847328,"( ( not ( always ( x_0 <= 219.33 ) ) ) and ( always[4,33] ( x_5 <= 332.92 ) ) ) and ( not ( eventually[29,inf] ( x_2 >= 22.38 ) ) )"
721,42,42,2,2,"[[333, -1.0, 0.375763475894928], [2636, 1.0, 0.32548168301582336]]",0.9946614167886589,10,6,306,306,1.0,0.22852875280059745,252,247,0.9801587301587301,0.18970814132104455,( not ( eventually ( x_5 <= -10.85 ) ) ) and ( always ( x_5 <= 93.65 ) )
722,42,42,2,3,"[[7825, -1.0, 0.25189828872680664], [3390, 1.0, 0.2809258699417114], [9901, -1.0, 0.11220040917396545]]",0.9760734614858056,17,11,67,67,1.0,0.05003734129947722,48,45,0.9375,0.03456221198156682,"( ( not ( eventually ( x_2 <= -5.89 ) ) ) and ( always[12,inf] ( x_1 <= 2.02 ) ) ) and ( not ( eventually ( always[3,5] ( x_0 <= -16.64 ) ) ) )"
723,42,42,2,3,"[[76, -1.0, 0.23182033002376556], [3990, -1.0, 0.32320624589920044], [6670, 1.0, 0.2455846667289734]]",0.9814180674325207,17,12,402,398,0.9900497512437811,0.2972367438386856,397,384,0.9672544080604534,0.29493087557603687,"( ( not ( eventually[1,26] ( ( x_4 >= -815.75 ) and ( x_2 <= -3.8954 ) ) ) ) and ( not ( eventually ( x_3 >= 76.06 ) ) ) ) and ( always ( x_0 <= 34.89 ) )"
724,42,42,2,3,"[[4869, 1.0, 0.29824012517929077], [5264, 1.0, 0.20742052793502808], [6513, 1.0, 0.08270679414272308]]",0.9917320037077418,15,9,197,197,1.0,0.14712471994025392,196,191,0.9744897959183674,0.14669738863287252,"( ( always ( x_1 >= -4.13 ) ) and ( always ( x_4 <= 46.41 ) ) ) and ( eventually ( always[1,11] ( x_2 >= -0.5 ) ) )"
725,42,42,2,3,"[[7825, -1.0, 0.2500096261501312], [2636, 1.0, 0.48685264587402344], [6670, 1.0, 0.011871324852108955]]",0.9955926257239869,16,9,371,371,1.0,0.2770724421209858,332,332,1.0,0.25499231950844853,( ( not ( eventually ( x_2 <= -6.91 ) ) ) and ( always ( x_5 <= 52.07 ) ) ) and ( always ( x_0 <= 87.75 ) )
726,42,42,2,3,"[[7825, -1.0, 0.2500096261501312], [2636, 1.0, 0.48685264587402344], [6670, 1.0, 0.011871324852108955]]",0.9955926257239869,16,9,371,371,1.0,0.2770724421209858,332,332,1.0,0.25499231950844853,( ( not ( eventually ( x_2 <= -6.91 ) ) ) and ( always ( x_5 <= 52.07 ) ) ) and ( always ( x_0 <= 87.75 ) )
727,42,15,0,2,"[[6670, -1.0, 0.47197315096855164], [3990, -1.0, 0.4575074017047882]]",0.8700897188124962,12,7,11,11,1.0,0.047619047619047616,17,16,0.9411764705882353,0.061068702290076333,( not ( always ( x_0 <= 197.19 ) ) ) and ( not ( eventually ( x_3 >= 22.32 ) ) )
728,42,6,5,3,"[[7339, 1.0, 0.0], [3390, 1.0, 0.2510151267051697], [6670, 1.0, 0.05332489684224129]]",0.9551782753884318,16,8,35,35,1.0,0.18518518518518517,33,31,0.9393939393939394,0.14691943127962084,"( ( eventually[7,27] ( x_5 >= 314.34 ) ) and ( always[12,inf] ( x_1 <= 26.53 ) ) ) and ( always ( x_0 <= 78.37 ) )"
729,42,42,2,3,"[[6670, 1.0, 0.3427119255065918], [7825, -1.0, 0.24311518669128418], [5264, 1.0, 0.19904392957687378]]",0.990759472591406,17,9,360,359,0.9972222222222222,0.2681105302464526,360,351,0.975,0.2695852534562212,( ( always ( x_0 <= 12.92 ) ) and ( not ( eventually ( x_2 <= -10.65 ) ) ) ) and ( always ( x_4 <= 58.94 ) )
730,42,42,2,3,"[[7825, -1.0, 0.24828489124774933], [2636, 1.0, 0.3395971655845642], [6670, 1.0, 0.3468719720840454]]",0.9962038521599509,16,9,431,431,1.0,0.321882001493652,423,421,0.9952718676122931,0.32334869431643626,( ( not ( eventually ( x_2 <= -7.84 ) ) ) and ( always ( x_5 <= 90.0153 ) ) ) and ( always ( x_0 <= 11.98 ) )
731,42,42,2,3,"[[7825, -1.0, 0.2549334764480591], [2636, 1.0, 0.34885841608047485], [6513, 1.0, 0.08234167098999023]]",0.9948131565834063,15,10,315,315,1.0,0.2352501867064974,322,312,0.968944099378882,0.23963133640552994,"( ( not ( eventually ( x_2 <= -4.24 ) ) ) and ( always ( x_5 <= 87.63 ) ) ) and ( eventually ( always[1,11] ( x_2 >= -0.71 ) ) )"
732,42,42,2,3,"[[7825, -1.0, 0.25412285327911377], [2636, 1.0, 0.02867048978805542], [9736, 1.0, 0.17209899425506592]]",0.9942703013868734,16,9,285,285,1.0,0.2128454070201643,221,214,0.9683257918552036,0.16436251920122888,"( ( not ( eventually ( x_2 <= -4.68 ) ) ) and ( always ( x_5 <= 170.14 ) ) ) and ( always[28,31] ( x_5 <= 6.7 ) )"
733,42,42,2,3,"[[6670, 1.0, 0.34763509035110474], [8090, 1.0, 0.13549338281154633], [2636, 1.0, 0.007889500819146633]]",0.9891642523621947,15,8,442,440,0.995475113122172,0.3286034353995519,418,416,0.9952153110047847,0.3195084485407066,"( ( always ( x_0 <= 11.81 ) ) and ( always[27,inf] ( x_4 >= -3.79 ) ) ) and ( always ( x_5 <= 175.5 ) )"
734,42,95,13,3,"[[2636, -1.0, 0.25694307684898376], [5339, -1.0, 0.22655817866325378], [1949, -1.0, 0.17300312221050262]]",0.8589313179094591,17,12,10,10,1.0,0.07518796992481203,4,2,0.5,0.01694915254237288,"( ( not ( always ( x_5 <= 243.75 ) ) ) and ( not ( eventually[0,11] ( x_5 >= 6.85 ) ) ) ) and ( not ( always[9,inf] ( eventually[6,18] ( x_2 <= -1.68 ) ) ) )"
735,42,42,2,3,"[[7825, -1.0, 0.24761119484901428], [2636, 1.0, 0.3395971655845642], [6670, 1.0, 0.3049207925796509]]",0.9839209314049975,16,9,545,540,0.9908256880733946,0.4032860343539955,516,508,0.9844961240310077,0.3901689708141321,( ( not ( eventually ( x_2 <= -8.21 ) ) ) and ( always ( x_5 <= 90.0153 ) ) ) and ( always ( x_0 <= 21.47 ) )
736,42,88,10,3,"[[8005, -1.0, 0.09342555701732635], [5071, -1.0, 0.25015079975128174], [6513, 1.0, 0.0804552510380745]]",0.7002181116018564,14,11,14,12,0.8571428571428571,0.07894736842105263,11,7,0.6363636363636364,0.045454545454545456,"( ( not ( always[21,24] ( x_0 >= -27.37 ) ) ) and ( not ( eventually[17,inf] ( x_1 >= 7.09 ) ) ) ) and ( eventually ( always[1,11] ( x_2 >= -1.7982 ) ) )"
737,42,88,10,3,"[[8005, -1.0, 0.042638279497623444], [2636, 1.0, 0.3686882555484772], [7825, -1.0, 0.15128523111343384]]",0.5689692005904582,15,10,55,36,0.6545454545454545,0.23684210526315788,63,31,0.49206349206349204,0.2012987012987013,"( ( not ( always[21,24] ( x_0 >= -20.24 ) ) ) and ( always ( x_5 <= 82.52 ) ) ) and ( not ( eventually ( x_2 <= -60.43 ) ) )"
738,42,15,0,3,"[[6670, -1.0, 0.5975147485733032], [2979, 1.0, 0.029424820095300674], [2415, 1.0, 0.008981136605143547]]",0.9651042199119716,17,12,94,93,0.9893617021276596,0.4025974025974026,102,97,0.9509803921568627,0.3702290076335878,"( ( not ( always ( x_0 <= 225.58 ) ) ) and ( always[4,33] ( x_5 <= 332.92 ) ) ) and ( ( always[1,4] ( x_1 >= -97.2 ) ) and ( always[2,32] ( x_0 >= -405.94 ) ) )"
739,42,42,2,3,"[[7825, -1.0, 0.2549334764480591], [2636, 1.0, 0.34885841608047485], [6513, 1.0, 0.08234167098999023]]",0.9948131565834063,15,10,315,315,1.0,0.2352501867064974,322,312,0.968944099378882,0.23963133640552994,"( ( not ( eventually ( x_2 <= -4.24 ) ) ) and ( always ( x_5 <= 87.63 ) ) ) and ( eventually ( always[1,11] ( x_2 >= -0.71 ) ) )"
740,42,88,10,3,"[[83, 1.0, 0.06185964494943619], [7876, 1.0, 0.2675120234489441], [7825, -1.0, 0.07343243062496185]]",0.5871729308928837,16,13,63,42,0.6666666666666666,0.27631578947368424,70,41,0.5857142857142857,0.2662337662337662,"( ( always[29,inf] ( ( x_0 >= 34.46 ) or ( x_1 <= 0.2 ) ) ) and ( always[10,18] ( ( x_3 >= 1996.17 ) or ( x_2 <= 2.4 ) ) ) ) and ( not ( eventually ( x_2 <= -102.64 ) ) )"
741,42,88,10,3,"[[9114, -1.0, 0.0793636366724968], [6670, 1.0, 0.3671454191207886], [7825, -1.0, 0.14636319875717163]]",0.8878341470731327,17,10,13,13,1.0,0.08552631578947369,21,14,0.6666666666666666,0.09090909090909091,"( ( not ( always[4,5] ( x_0 >= -12.94 ) ) ) and ( always ( x_0 <= 7.39 ) ) ) and ( not ( eventually ( x_2 <= -63.1 ) ) )"
742,42,42,2,3,"[[7825, -1.0, 0.24382758140563965], [2636, 1.0, 0.40803343057632446], [1462, 1.0, 0.19671303033828735]]",0.9824108147082019,17,9,498,493,0.9899598393574297,0.368185212845407,468,455,0.9722222222222222,0.34946236559139787,"( ( not ( eventually ( x_2 <= -10.26 ) ) ) and ( always ( x_5 <= 72.38 ) ) ) and ( always[11,inf] ( x_0 >= -13.87 ) )"
743,42,88,10,3,"[[83, 1.0, 0.059794165194034576], [9114, -1.0, 0.06614938378334045], [7825, -1.0, 0.06938402354717255]]",0.5870881398490453,17,12,71,47,0.6619718309859155,0.3092105263157895,98,49,0.5,0.3181818181818182,"( ( always[29,inf] ( ( x_0 >= 34.24 ) or ( x_1 <= 0.43 ) ) ) and ( not ( always[4,5] ( x_0 >= -10.79 ) ) ) ) and ( not ( eventually ( x_2 <= -104.84 ) ) )"
744,42,15,0,3,"[[6670, -1.0, 0.5544291138648987], [7876, 1.0, 0.21005302667617798], [3390, 1.0, 0.001303460099734366]]",0.9170534802065977,16,11,56,54,0.9642857142857143,0.23376623376623376,47,42,0.8936170212765957,0.16030534351145037,"( ( not ( always ( ( x_0 <= 215.84 ) or ( x_5 >= 1037.5 ) ) ) ) and ( always[10,18] ( x_2 <= 26.65 ) ) ) and ( always[12,inf] ( x_1 <= 231.2 ) )"
745,42,42,2,3,"[[7825, -1.0, 0.252818763256073], [2636, 1.0, 0.287561297416687], [9736, 1.0, 0.17203958332538605]]",0.9939090641123745,16,9,268,268,1.0,0.20014936519790888,198,193,0.9747474747474747,0.14823348694316435,"( ( not ( eventually ( x_2 <= -5.39 ) ) ) and ( always ( x_5 <= 103.43 ) ) ) and ( always[28,31] ( x_5 <= 6.75 ) )"
746,42,62,6,3,"[[2636, -1.0, 0.0], [9569, -1.0, 0.08630666136741638], [3990, -1.0, 0.13711261749267578]]",0.8124309258357351,19,11,16,15,0.9375,0.21428571428571427,22,12,0.5454545454545454,0.13793103448275862,( ( not ( always ( x_5 <= 177.53 ) ) ) and ( not ( eventually ( x_5 >= 191.88 ) ) ) ) and ( not ( eventually ( x_3 >= 150.53 ) ) )
747,42,6,5,3,"[[2636, -1.0, 1.8533506393432617], [5071, -1.0, 0.0], [636, -1.0, 0.10912859439849854]]",0.9305325943024827,19,14,22,22,1.0,0.1164021164021164,19,12,0.631578947368421,0.05687203791469194,"( ( not ( always ( x_5 <= 655.16 ) ) ) and ( not ( eventually[17,inf] ( x_1 >= 193.9 ) ) ) ) and ( not ( ( always[7,10] ( x_5 >= 2950.03 ) ) or ( eventually[26,29] ( x_4 <= -3.28 ) ) ) )"
748,42,95,13,3,"[[559, -1.0, 0.7291029095649719], [3226, 1.0, 0.07231329381465912], [6844, -1.0, 0.1798669695854187]]",0.8700897188124962,17,10,11,11,1.0,0.08270676691729323,9,3,0.3333333333333333,0.025423728813559324,"( ( not ( always[27,inf] ( x_5 <= 243.25 ) ) ) and ( always[4,inf] ( x_4 <= 237.19 ) ) ) and ( not ( eventually[2,7] ( x_2 >= 4.38 ) ) )"
749,42,42,2,3,"[[7825, -1.0, 0.24828489124774933], [2636, 1.0, 0.3395971655845642], [6670, 1.0, 0.3468719720840454]]",0.9962038521599509,16,9,431,431,1.0,0.321882001493652,423,421,0.9952718676122931,0.32334869431643626,( ( not ( eventually ( x_2 <= -7.84 ) ) ) and ( always ( x_5 <= 90.0153 ) ) ) and ( always ( x_0 <= 11.98 ) )
750,42,95,13,3,"[[559, -1.0, 0.7291029095649719], [7008, -1.0, 0.20639045536518097], [1462, 1.0, 0.1537838876247406]]",0.799748274342664,19,10,22,20,0.9090909090909091,0.15037593984962405,25,12,0.48,0.1016949152542373,"( ( not ( always[27,inf] ( x_5 <= 243.25 ) ) ) and ( not ( eventually[7,25] ( x_4 >= 26.19 ) ) ) ) and ( always[11,inf] ( x_0 >= -20.42 ) )"
751,42,15,0,3,"[[6670, -1.0, 0.6171448230743408], [4968, -1.0, 0.17962750792503357], [1183, 1.0, 0.03189581632614136]]",0.9259842064731144,16,10,63,61,0.9682539682539683,0.26406926406926406,47,40,0.851063829787234,0.15267175572519084,"( ( not ( always ( x_0 <= 230.02 ) ) ) and ( not ( eventually[3,18] ( x_5 >= 68.68 ) ) ) ) and ( always[8,27] ( x_1 >= -71.34 ) )"
752,42,42,2,3,"[[76, -1.0, 0.23145444691181183], [3226, 1.0, 0.3116869628429413], [6670, 1.0, 0.29133862257003784]]",0.9894801271871129,15,11,316,315,0.9968354430379747,0.2352501867064974,289,283,0.9792387543252595,0.217357910906298,"( ( not ( eventually[1,26] ( ( x_4 >= -815.59 ) and ( x_2 <= -4.06 ) ) ) ) and ( always[4,inf] ( x_4 <= 38.21 ) ) ) and ( always ( x_0 <= 24.54 ) )"
753,42,42,2,3,"[[2636, 1.0, 0.43811360001564026], [8090, 1.0, 0.13673990964889526], [5071, -1.0, 0.2374819815158844]]",0.9853240128954894,17,9,226,225,0.995575221238938,0.16803584764749813,203,201,0.9901477832512315,0.1543778801843318,"( ( always ( x_5 <= 64.63 ) ) and ( always[27,inf] ( x_4 >= -2.82 ) ) ) and ( not ( eventually[17,inf] ( x_1 >= 16.55 ) ) )"
754,42,42,2,3,"[[7825, -1.0, 0.25567829608917236], [2636, 1.0, 0.32410234212875366], [333, -1.0, 0.37571263313293457]]",0.9931465609153722,17,10,238,238,1.0,0.1777445855115758,209,205,0.9808612440191388,0.15745007680491552,( ( not ( eventually ( x_2 <= -3.8366 ) ) ) and ( always ( x_5 <= 94.01 ) ) ) and ( not ( eventually ( x_5 <= -10.86 ) ) )
755,42,42,2,3,"[[7825, -1.0, 0.240497887134552], [2979, 1.0, 0.14752092957496643], [6670, 1.0, 0.011871324852108955]]",0.995880080692477,17,9,397,397,1.0,0.29648991784914114,368,361,0.9809782608695652,0.2772657450076805,"( ( not ( eventually ( x_2 <= -12.0665 ) ) ) and ( always[4,33] ( x_5 <= 43.75 ) ) ) and ( always ( x_0 <= 87.75 ) )"
756,42,42,2,3,"[[7825, -1.0, 0.25136059522628784], [2636, 1.0, 0.15394757688045502], [6670, 1.0, 0.3468719720840454]]",0.9929288613379147,16,9,471,470,0.9978768577494692,0.351008215085885,463,462,0.9978401727861771,0.3548387096774194,( ( not ( eventually ( x_2 <= -6.1774 ) ) ) and ( always ( x_5 <= 137.86 ) ) ) and ( always ( x_0 <= 11.98 ) )
757,42,6,5,3,"[[2636, -1.0, 1.8533506393432617], [5071, -1.0, 0.06747075915336609], [9226, -1.0, 0.2577027976512909]]",0.9138610487425545,19,13,37,36,0.972972972972973,0.19047619047619047,49,39,0.7959183673469388,0.1848341232227488,"( ( not ( always ( ( x_5 <= 655.16 ) or ( x_5 >= 1561.02 ) ) ) ) and ( not ( eventually[17,inf] ( x_1 >= 143.51 ) ) ) ) and ( not ( eventually[29,inf] ( x_2 >= 7.11 ) ) )"
758,42,53,4,2,"[[9736, -1.0, 9.624658584594727], [636, 1.0, 0.11026249825954437]]",0.5135414727563554,11,9,5,4,0.8,0.23529411764705882,3,1,0.3333333333333333,0.058823529411764705,"( not ( always[28,31] ( x_5 <= 6690.85 ) ) ) and ( ( always[7,10] ( x_5 >= 3104.57 ) ) or ( eventually[26,29] ( x_4 <= -157.82 ) ) )"
759,42,15,0,3,"[[6670, -1.0, 0.5975147485733032], [2979, 1.0, 0.029424820095300674], [2415, 1.0, 0.008981136605143547]]",0.9651042199119716,17,12,94,93,0.9893617021276596,0.4025974025974026,102,97,0.9509803921568627,0.3702290076335878,"( ( not ( always ( x_0 <= 225.58 ) ) ) and ( always[4,33] ( x_5 <= 332.92 ) ) ) and ( ( always[1,4] ( x_1 >= -97.2 ) ) and ( always[2,32] ( x_0 >= -405.94 ) ) )"
760,42,95,13,3,"[[2636, -1.0, 0.25694307684898376], [5339, -1.0, 0.2187562882900238], [4869, 1.0, 0.309812068939209]]",0.7527428728793251,18,13,5,5,1.0,0.03759398496240601,5,2,0.4,0.01694915254237288,"( ( not ( always ( x_5 <= 243.75 ) ) ) and ( not ( eventually[0,11] ( x_5 >= 12.57 ) ) ) ) and ( ( always ( x_1 >= -2.46 ) ) or ( eventually[10,14] ( x_0 <= -593.52 ) ) )"
761,42,42,2,3,"[[76, -1.0, 0.21940584480762482], [7339, -1.0, 0.14208149909973145], [6670, 1.0, 0.25445741415023804]]",0.9686384907116946,17,12,397,389,0.9798488664987406,0.2905153099327857,381,365,0.958005249343832,0.2803379416282642,"( ( not ( eventually[1,26] ( ( x_4 >= -810.11 ) and ( x_2 <= -9.54 ) ) ) ) and ( not ( eventually[7,27] ( x_5 >= 36.83 ) ) ) ) and ( always ( x_0 <= 32.88 ) )"
762,42,42,2,3,"[[1462, 1.0, 0.22655120491981506], [2636, 1.0, 0.1518293023109436], [6844, -1.0, 0.18108978867530823]]",0.9796464075767171,16,12,492,486,0.9878048780487805,0.36295743091859595,518,497,0.9594594594594594,0.3817204301075269,"( ( ( always[12,28] ( x_3 <= -951.33 ) ) or ( always[11,inf] ( x_0 >= -9.31 ) ) ) and ( always ( x_5 <= 138.4 ) ) ) and ( not ( eventually[2,7] ( x_2 >= 3.48 ) ) )"
763,42,6,5,2,"[[2636, -1.0, 0.24324443936347961], [6670, 1.0, 0.3775487244129181]]",0.8456759411873505,10,6,9,9,1.0,0.047619047619047616,15,9,0.6,0.04265402843601896,( not ( always ( x_5 <= 240.22 ) ) ) and ( always ( x_0 <= 5.04 ) )
764,42,62,6,3,"[[2636, -1.0, 0.012482235208153725], [9569, -1.0, 0.08448570966720581], [4869, 1.0, 0.26945990324020386]]",0.799748274342664,18,10,22,20,0.9090909090909091,0.2857142857142857,21,12,0.5714285714285714,0.13793103448275862,( ( not ( always ( x_5 <= 180.75 ) ) ) and ( not ( eventually ( x_5 >= 194.52 ) ) ) ) and ( always ( x_1 >= -8.31 ) )
765,42,88,10,3,"[[83, 1.0, 0.062414683401584625], [7008, -1.0, 0.2117304503917694], [7825, -1.0, 0.11129201948642731]]",0.5644618278972349,18,12,62,40,0.6451612903225806,0.2631578947368421,74,36,0.4864864864864865,0.23376623376623376,"( ( always[29,inf] ( ( x_0 >= 34.52 ) or ( x_1 <= 0.1446 ) ) ) and ( not ( eventually[7,25] ( x_4 >= 19.73 ) ) ) ) and ( not ( eventually ( x_2 <= -82.11 ) ) )"
766,42,42,2,2,"[[7825, -1.0, 0.24573515355587006], [2636, 1.0, 0.6276548504829407]]",0.9879804897845237,11,6,135,135,1.0,0.10082150858849888,115,112,0.9739130434782609,0.08602150537634409,( not ( eventually ( x_2 <= -9.23 ) ) ) and ( always ( x_5 <= 15.78 ) )
767,42,42,2,3,"[[4869, 1.0, 0.29951542615890503], [2636, 1.0, 0.4556660056114197], [6670, 1.0, 0.011871324852108955]]",0.9781163310521206,15,11,341,337,0.9882697947214076,0.25168035847647496,322,315,0.9782608695652174,0.24193548387096775,"( ( ( always ( x_1 >= -3.95 ) ) or ( eventually[10,14] ( x_0 <= -592.02 ) ) ) and ( always ( x_5 <= 60.1 ) ) ) and ( always ( x_0 <= 87.75 ) )"
768,42,42,2,3,"[[7825, -1.0, 0.25147226452827454], [6670, 1.0, 0.35336458683013916], [2636, 1.0, 0.006589741446077824]]",0.9928988228423064,16,9,469,468,0.997867803837953,0.34951456310679613,452,451,0.9977876106194691,0.34639016897081415,( ( not ( eventually ( x_2 <= -6.12 ) ) ) and ( always ( x_0 <= 10.51 ) ) ) and ( always ( x_5 <= 175.83 ) )
769,42,42,2,3,"[[1462, 1.0, 0.2611722946166992], [3990, -1.0, 0.32802867889404297], [4869, 1.0, 0.27193310856819153]]",0.9904968125163693,18,9,350,349,0.9971428571428571,0.26064227035100823,342,337,0.9853801169590644,0.2588325652841782,"( ( always[11,inf] ( x_0 >= -4.0286 ) ) and ( not ( eventually ( x_3 >= 74.13 ) ) ) ) and ( always ( x_1 >= -7.95 ) )"
770,42,15,0,3,"[[6670, -1.0, 0.525138258934021], [2979, 1.0, 0.03554437309503555], [2415, 1.0, 0.06392358243465424]]",0.9658177578413549,17,12,96,95,0.9895833333333334,0.41125541125541126,111,105,0.9459459459459459,0.40076335877862596,"( ( not ( always ( x_0 <= 209.21 ) ) ) and ( always[4,33] ( x_5 <= 317.94 ) ) ) and ( ( always[1,4] ( x_1 >= -61.77 ) ) and ( always[2,32] ( x_0 >= -370.52 ) ) )"
771,42,42,2,3,"[[7825, -1.0, 0.2500096261501312], [2636, 1.0, 0.48685264587402344], [6670, 1.0, 0.011871324852108955]]",0.9955926257239869,16,9,371,371,1.0,0.2770724421209858,332,332,1.0,0.25499231950844853,( ( not ( eventually ( x_2 <= -6.91 ) ) ) and ( always ( x_5 <= 52.07 ) ) ) and ( always ( x_0 <= 87.75 ) )
772,42,42,2,3,"[[6670, 1.0, 0.3233538269996643], [1183, 1.0, 0.28507059812545776], [2636, 1.0, 0.0]]",0.9849233773966635,14,8,496,492,0.9919354838709677,0.3674383868558626,499,486,0.9739478957915831,0.37327188940092165,"( ( always ( x_0 <= 17.3 ) ) and ( always[8,27] ( x_1 >= -3.3142 ) ) ) and ( always ( x_5 <= 177.53 ) )"
773,42,42,2,3,"[[333, -1.0, 0.3424757421016693], [2636, 1.0, 0.32548168301582336], [6670, 1.0, 0.011871324852108955]]",0.9932704587484406,15,9,495,494,0.997979797979798,0.36893203883495146,468,463,0.9893162393162394,0.35560675883256526,( ( not ( eventually ( x_5 <= -19.68 ) ) ) and ( always ( x_5 <= 93.65 ) ) ) and ( always ( x_0 <= 87.75 ) )
774,42,42,2,3,"[[7825, -1.0, 0.24828489124774933], [2636, 1.0, 0.3395971655845642], [6670, 1.0, 0.3468719720840454]]",0.9962038521599509,16,9,431,431,1.0,0.321882001493652,423,421,0.9952718676122931,0.32334869431643626,( ( not ( eventually ( x_2 <= -7.84 ) ) ) and ( always ( x_5 <= 90.0153 ) ) ) and ( always ( x_0 <= 11.98 ) )
775,42,42,2,2,"[[333, -1.0, 0.375763475894928], [2636, 1.0, 0.32548168301582336]]",0.9946614167886589,10,6,306,306,1.0,0.22852875280059745,252,247,0.9801587301587301,0.18970814132104455,( not ( eventually ( x_5 <= -10.85 ) ) ) and ( always ( x_5 <= 93.65 ) )
776,42,88,10,3,"[[5339, -1.0, 0.23283377289772034], [1183, 1.0, 0.07783004641532898], [9901, 1.0, 0.07832959294319153]]",0.8099625940446661,15,10,7,7,1.0,0.046052631578947366,7,7,1.0,0.045454545454545456,"( ( not ( eventually[0,11] ( x_5 >= 2.24 ) ) ) and ( always[8,27] ( x_1 >= -59.0 ) ) ) and ( eventually ( always[3,5] ( x_0 <= -38.59 ) ) )"
777,42,42,2,3,"[[7825, -1.0, 0.24828489124774933], [2636, 1.0, 0.3395971655845642], [6670, 1.0, 0.3468719720840454]]",0.9962038521599509,16,9,431,431,1.0,0.321882001493652,423,421,0.9952718676122931,0.32334869431643626,( ( not ( eventually ( x_2 <= -7.84 ) ) ) and ( always ( x_5 <= 90.0153 ) ) ) and ( always ( x_0 <= 11.98 ) )
778,42,42,2,3,"[[333, -1.0, 0.36914706230163574], [2636, 1.0, 0.32548168301582336], [6670, 1.0, 0.011871324852108955]]",0.995869719826602,15,9,396,396,1.0,0.29574309185959674,330,327,0.990909090909091,0.2511520737327189,( ( not ( eventually ( x_5 <= -12.604 ) ) ) and ( always ( x_5 <= 93.65 ) ) ) and ( always ( x_0 <= 87.75 ) )
779,42,42,2,3,"[[2636, 1.0, 0.48685264587402344], [7825, -1.0, 0.2419416308403015], [6670, 1.0, 0.32448506355285645]]",0.995262049488552,16,9,345,345,1.0,0.2576549663928305,317,314,0.9905362776025236,0.2411674347158218,( ( always ( x_5 <= 52.07 ) ) and ( not ( eventually ( x_2 <= -11.28 ) ) ) ) and ( always ( x_0 <= 17.04 ) )
780,42,42,2,3,"[[76, -1.0, 0.23106172680854797], [2636, 1.0, 0.34885841608047485], [6513, 1.0, 0.08579504489898682]]",0.9893795318303847,14,10,153,153,1.0,0.11426437640029873,151,147,0.9735099337748344,0.11290322580645161,"( ( not ( eventually[1,26] ( x_2 <= -4.24 ) ) ) and ( always ( x_5 <= 87.63 ) ) ) and ( eventually ( always[1,11] ( x_2 >= 1.29 ) ) )"
781,42,42,2,3,"[[1462, 1.0, 0.26178720593452454], [3226, 1.0, 0.26823562383651733], [4869, 1.0, 0.2939632833003998]]",0.9898010450727168,16,8,326,325,0.9969325153374233,0.24271844660194175,301,294,0.9767441860465116,0.22580645161290322,"( ( always[11,inf] ( x_0 >= -3.93 ) ) and ( always[4,inf] ( x_4 <= 74.33 ) ) ) and ( always ( x_1 >= -4.76 ) )"
782,42,42,2,3,"[[7825, -1.0, 0.25136059522628784], [6670, 1.0, 0.33941757678985596], [5264, 1.0, 0.15138424932956696]]",0.9899560264290835,17,9,477,475,0.9958071278825996,0.3547423450336072,473,467,0.9873150105708245,0.358678955453149,( ( not ( eventually ( x_2 <= -6.1774 ) ) ) and ( always ( x_0 <= 13.6647 ) ) ) and ( always ( x_4 <= 130.24 ) )
783,42,42,2,3,"[[7825, -1.0, 0.24828489124774933], [2636, 1.0, 0.3395971655845642], [6670, 1.0, 0.3468719720840454]]",0.9962038521599509,16,9,431,431,1.0,0.321882001493652,423,421,0.9952718676122931,0.32334869431643626,( ( not ( eventually ( x_2 <= -7.84 ) ) ) and ( always ( x_5 <= 90.0153 ) ) ) and ( always ( x_0 <= 11.98 ) )
784,42,15,0,3,"[[6670, -1.0, 0.5698592662811279], [2979, 1.0, 0.029424820095300674], [9226, -1.0, 0.2191375195980072]]",0.9749799663741175,18,10,64,64,1.0,0.27705627705627706,79,75,0.9493670886075949,0.2862595419847328,"( ( not ( always ( x_0 <= 219.33 ) ) ) and ( always[4,33] ( x_5 <= 332.92 ) ) ) and ( not ( eventually[29,inf] ( x_2 >= 22.38 ) ) )"
785,42,6,5,3,"[[7339, 1.0, 0.027574433013796806], [6670, 1.0, 0.0036548743955790997], [9736, 1.0, 0.0885092169046402]]",0.970483387303065,15,10,54,54,1.0,0.2857142857142857,44,41,0.9318181818181818,0.1943127962085308,"( ( eventually[7,27] ( x_5 >= 368.2 ) ) and ( always ( ( x_0 <= 89.61 ) or ( x_5 >= 1163.73 ) ) ) ) and ( always[28,31] ( x_5 <= 63.74 ) )"
786,42,62,6,3,"[[2636, -1.0, 0.012482235208153725], [9569, -1.0, 0.0727098360657692], [2979, 1.0, 0.09007993340492249]]",0.9163861567630498,18,10,18,18,1.0,0.2571428571428571,27,13,0.48148148148148145,0.14942528735632185,"( ( not ( always ( x_5 <= 180.75 ) ) ) and ( not ( eventually ( x_5 >= 211.63 ) ) ) ) and ( always[4,33] ( x_5 <= 184.4 ) )"
787,42,42,2,3,"[[7825, -1.0, 0.24683934450149536], [2636, 1.0, 0.48685264587402344], [6670, 1.0, 0.011871324852108955]]",0.9914670069381779,16,9,390,389,0.9974358974358974,0.2905153099327857,349,345,0.9885386819484241,0.26497695852534564,( ( not ( eventually ( x_2 <= -8.63 ) ) ) and ( always ( x_5 <= 52.07 ) ) ) and ( always ( x_0 <= 87.75 ) )
788,42,42,2,3,"[[7825, -1.0, 0.24892975389957428], [2636, 1.0, 0.3349437713623047], [6670, 1.0, 0.3468719720840454]]",0.9961684273110172,16,9,427,427,1.0,0.3188946975354742,425,423,0.9952941176470588,0.3248847926267281,( ( not ( eventually ( x_2 <= -7.4953 ) ) ) and ( always ( x_5 <= 91.21 ) ) ) and ( always ( x_0 <= 11.98 ) )
789,42,42,2,3,"[[7825, -1.0, 0.2419416308403015], [2979, 1.0, 0.144134521484375], [6670, 1.0, 0.32448506355285645]]",0.9957849183687604,17,9,388,388,1.0,0.28976848394324123,353,350,0.9915014164305949,0.26881720430107525,"( ( not ( eventually ( x_2 <= -11.28 ) ) ) and ( always[4,33] ( x_5 <= 52.05 ) ) ) and ( always ( x_0 <= 17.04 ) )"
790,42,42,2,3,"[[76, -1.0, 0.2274511158466339], [3226, 1.0, 0.2789878845214844], [1462, 1.0, 0.21210329234600067]]",0.9718119039619255,16,14,485,476,0.9814432989690721,0.3554891710231516,424,410,0.9669811320754716,0.31490015360983103,"( ( not ( eventually[1,26] ( ( x_4 >= -813.77 ) and ( x_2 <= -5.88 ) ) ) ) and ( always[4,inf] ( x_4 <= 65.39 ) ) ) and ( ( always[12,28] ( x_3 <= -949.12 ) ) or ( always[11,inf] ( x_0 >= -11.52 ) ) )"
791,42,6,5,3,"[[2636, -1.0, 0.14739951491355896], [559, 1.0, 0.03605634719133377], [6670, 1.0, 0.1630564033985138]]",0.8609407082847671,16,11,113,102,0.9026548672566371,0.5396825396825397,118,101,0.8559322033898306,0.4786729857819905,"( ( not ( always ( x_5 <= 215.52 ) ) ) and ( always[27,inf] ( x_5 <= 71.15 ) ) ) and ( always ( ( x_0 <= 53.55 ) or ( x_5 >= 1199.78 ) ) )"
792,42,6,5,3,"[[5264, -1.0, 0.056197408586740494], [5071, -1.0, 0.21906493604183197], [707, 1.0, 0.10421352088451385]]",0.8950047881759461,18,10,14,14,1.0,0.07407407407407407,23,15,0.6521739130434783,0.07109004739336493,"( ( not ( always ( x_4 <= 440.82 ) ) ) and ( not ( eventually[17,inf] ( x_1 >= 30.3 ) ) ) ) and ( always[24,26] ( x_2 >= 0.39 ) )"
793,42,42,2,3,"[[7825, -1.0, 0.24828489124774933], [2636, 1.0, 0.3395971655845642], [6670, 1.0, 0.3468719720840454]]",0.9962038521599509,16,9,431,431,1.0,0.321882001493652,423,421,0.9952718676122931,0.32334869431643626,( ( not ( eventually ( x_2 <= -7.84 ) ) ) and ( always ( x_5 <= 90.0153 ) ) ) and ( always ( x_0 <= 11.98 ) )
794,42,6,5,3,"[[7339, 1.0, 0.001719433581456542], [3990, -1.0, 0.12193021923303604], [7825, -1.0, 0.12426763027906418]]",0.9333516167118984,19,10,23,23,1.0,0.12169312169312169,25,20,0.8,0.0947867298578199,"( ( eventually[7,27] ( x_5 >= 317.7 ) ) and ( not ( eventually ( x_3 >= 156.6 ) ) ) ) and ( not ( eventually ( x_2 <= -75.08 ) ) )"
795,42,15,0,3,"[[6670, -1.0, 0.525138258934021], [2979, 1.0, 0.03554437309503555], [2415, 1.0, 0.06392358243465424]]",0.9658177578413549,17,12,96,95,0.9895833333333334,0.41125541125541126,111,105,0.9459459459459459,0.40076335877862596,"( ( not ( always ( x_0 <= 209.21 ) ) ) and ( always[4,33] ( x_5 <= 317.94 ) ) ) and ( ( always[1,4] ( x_1 >= -61.77 ) ) and ( always[2,32] ( x_0 >= -370.52 ) ) )"
796,42,16,1,3,"[[4869, -1.0, 0.3068576753139496], [3226, 1.0, 0.25689297914505005], [636, -1.0, 0.025705527514219284]]",0.9724629605837316,18,10,58,58,1.0,0.26244343891402716,63,55,0.873015873015873,0.25821596244131456,"( ( not ( always ( x_1 >= -91.94 ) ) ) and ( always[4,inf] ( x_4 <= 83.76 ) ) ) and ( not ( eventually[26,29] ( x_4 <= -62.05 ) ) )"
797,42,42,2,3,"[[7825, -1.0, 0.2532997131347656], [2636, 1.0, 0.0], [6670, 1.0, 0.15701711177825928]]",0.9858127861328336,16,9,618,613,0.9919093851132686,0.45780433159073936,567,563,0.9929453262786596,0.4324116743471582,( ( not ( eventually ( x_2 <= -5.1261 ) ) ) and ( always ( x_5 <= 177.53 ) ) ) and ( always ( x_0 <= 54.92 ) )
798,42,42,2,3,"[[333, -1.0, 0.36914706230163574], [2636, 1.0, 0.0], [6670, 1.0, 0.018576605245471]]",0.9967194658321351,15,9,499,499,1.0,0.3726661687826736,418,412,0.9856459330143541,0.31643625192012287,( ( not ( eventually ( x_5 <= -12.604 ) ) ) and ( always ( x_5 <= 177.53 ) ) ) and ( always ( x_0 <= 86.23 ) )
799,42,42,2,3,"[[7825, -1.0, 0.2500096261501312], [2636, 1.0, 0.48685264587402344], [6670, 1.0, 0.011871324852108955]]",0.9955926257239869,16,9,371,371,1.0,0.2770724421209858,332,332,1.0,0.25499231950844853,( ( not ( eventually ( x_2 <= -6.91 ) ) ) and ( always ( x_5 <= 52.07 ) ) ) and ( always ( x_0 <= 87.75 ) )
800,42,95,13,3,"[[559, -1.0, 0.7291029095649719], [7008, -1.0, 0.20639045536518097], [1462, 1.0, 0.11704940348863602]]",0.7881006494810567,19,10,27,24,0.8888888888888888,0.18045112781954886,29,15,0.5172413793103449,0.1271186440677966,"( ( not ( always[27,inf] ( x_5 <= 243.25 ) ) ) and ( not ( eventually[7,25] ( x_4 >= 26.19 ) ) ) ) and ( always[11,inf] ( x_0 >= -26.03 ) )"
801,42,42,2,3,"[[4869, 1.0, 0.2810823321342468], [2636, 1.0, 0.25012218952178955], [636, -1.0, 0.11097840219736099]]",0.9608084157058446,17,9,410,398,0.9707317073170731,0.2972367438386856,385,366,0.9506493506493506,0.28110599078341014,"( ( always ( x_1 >= -6.62 ) ) and ( always ( x_5 <= 113.07 ) ) ) and ( not ( eventually[26,29] ( x_4 <= -1.9809 ) ) )"
802,42,42,2,2,"[[7825, -1.0, 0.24573515355587006], [2636, 1.0, 0.6276548504829407]]",0.9879804897845237,11,6,135,135,1.0,0.10082150858849888,115,112,0.9739130434782609,0.08602150537634409,( not ( eventually ( x_2 <= -9.23 ) ) ) and ( always ( x_5 <= 15.78 ) )
803,42,42,2,3,"[[76, -1.0, 0.2231259047985077], [2636, 1.0, 0.3395971655845642], [6670, 1.0, 0.3468719720840454]]",0.9924668049177454,15,11,442,441,0.997737556561086,0.32935026138909634,429,423,0.986013986013986,0.3248847926267281,"( ( not ( eventually[1,26] ( ( x_4 >= -811.8 ) and ( x_2 <= -7.85 ) ) ) ) and ( always ( x_5 <= 90.0153 ) ) ) and ( always ( x_0 <= 11.98 ) )"
804,42,6,5,3,"[[7339, 1.0, 0.001719433581456542], [6670, 1.0, 0.28037720918655396], [9736, 1.0, 0.05953573063015938]]",0.9563690006098866,15,8,36,36,1.0,0.19047619047619047,28,27,0.9642857142857143,0.12796208530805686,"( ( eventually[7,27] ( x_5 >= 317.7 ) ) and ( always ( x_0 <= 27.02 ) ) ) and ( always[28,31] ( x_5 <= 83.5 ) )"
805,42,42,2,2,"[[7825, -1.0, 0.25412285327911377], [9736, 1.0, 0.18012940883636475]]",0.9757197403351059,11,6,66,66,1.0,0.04929051530993279,49,41,0.8367346938775511,0.0314900153609831,"( not ( eventually ( x_2 <= -4.68 ) ) ) and ( always[28,31] ( x_5 <= 1.23 ) )"
806,42,6,5,2,"[[2636, -1.0, 0.23280847072601318], [6670, 1.0, 0.3775487244129181]]",0.8456759411873505,10,6,9,9,1.0,0.047619047619047616,16,9,0.5625,0.04265402843601896,( not ( always ( x_5 <= 237.53 ) ) ) and ( always ( x_0 <= 5.04 ) )
807,42,15,0,3,"[[6670, -1.0, 0.08887086808681488], [3226, 1.0, 0.10616514831781387], [636, -1.0, 0.10955682396888733]]",0.9632104152911618,17,10,43,43,1.0,0.18614718614718614,53,49,0.9245283018867925,0.18702290076335878,"( ( not ( always ( x_0 <= 110.54 ) ) ) and ( always[4,inf] ( x_4 <= 209.05 ) ) ) and ( not ( eventually[26,29] ( x_4 <= -2.98 ) ) )"
808,52,42,2,3,"[[7825, -1.0, 0.24828489124774933], [2636, 1.0, 0.3395971655845642], [6670, 1.0, 0.3468719720840454]]",0.9962038521599509,16,9,431,431,1.0,0.321882001493652,423,421,0.9952718676122931,0.32334869431643626,( ( not ( eventually ( x_2 <= -7.84 ) ) ) and ( always ( x_5 <= 90.0153 ) ) ) and ( always ( x_0 <= 11.98 ) )
809,52,42,2,3,"[[7825, -1.0, 0.2529970705509186], [6670, 1.0, 0.34681904315948486], [2636, 1.0, 0.006589741446077824]]",0.9929586467743067,16,9,473,472,0.9978858350951374,0.3525018670649739,453,452,0.9977924944812362,0.34715821812596004,( ( not ( eventually ( x_2 <= -5.29 ) ) ) and ( always ( x_0 <= 11.99 ) ) ) and ( always ( x_5 <= 175.83 ) )
810,52,42,2,3,"[[1462, 1.0, 0.2317415326833725], [5264, 1.0, 0.17398414015769958], [6844, -1.0, 0.17473015189170837]]",0.9758166283280709,17,12,465,458,0.9849462365591398,0.34204630321135177,480,464,0.9666666666666667,0.3563748079877112,"( ( ( always[12,28] ( x_3 <= -952.12 ) ) or ( always[11,inf] ( x_0 >= -8.52 ) ) ) and ( always ( x_4 <= 96.43 ) ) ) and ( not ( eventually[2,7] ( x_2 >= 8.18 ) ) )"
811,52,42,2,3,"[[7825, -1.0, 0.24828489124774933], [2636, 1.0, 0.3395971655845642], [6670, 1.0, 0.3468719720840454]]",0.9962038521599509,16,9,431,431,1.0,0.321882001493652,423,421,0.9952718676122931,0.32334869431643626,( ( not ( eventually ( x_2 <= -7.84 ) ) ) and ( always ( x_5 <= 90.0153 ) ) ) and ( always ( x_0 <= 11.98 ) )
812,52,42,2,2,"[[7825, -1.0, 0.24573515355587006], [2636, 1.0, 0.6276548504829407]]",0.9879804897845237,11,6,135,135,1.0,0.10082150858849888,115,112,0.9739130434782609,0.08602150537634409,( not ( eventually ( x_2 <= -9.23 ) ) ) and ( always ( x_5 <= 15.78 ) )
813,52,88,10,3,"[[9901, 1.0, 0.002289285184815526], [3390, 1.0, 0.26889747381210327], [2415, 1.0, 0.1694526970386505]]",0.7527428728793251,15,12,5,5,1.0,0.03289473684210526,5,1,0.2,0.006493506493506494,"( ( eventually ( always[3,5] ( x_0 <= -29.83 ) ) ) and ( always[12,inf] ( x_1 <= 11.88 ) ) ) and ( ( always[1,4] ( x_1 >= 6.27 ) ) and ( always[2,32] ( x_0 >= -302.47 ) ) )"
814,52,42,2,3,"[[7825, -1.0, 0.25567829608917236], [5264, 1.0, 0.18505455553531647], [333, -1.0, 0.3614077568054199]]",0.9943685329731546,18,10,290,290,1.0,0.21657953696788648,266,261,0.981203007518797,0.20046082949308755,( ( not ( eventually ( x_2 <= -3.8366 ) ) ) and ( always ( x_4 <= 79.87 ) ) ) and ( not ( eventually ( x_5 <= -14.66 ) ) )
815,52,95,13,3,"[[559, -1.0, 0.7291029095649719], [3226, 1.0, 0.13314831256866455], [6844, -1.0, 0.17913012206554413]]",0.8296711635082987,17,10,8,8,1.0,0.06015037593984962,6,3,0.5,0.025423728813559324,"( ( not ( always[27,inf] ( x_5 <= 243.25 ) ) ) and ( always[4,inf] ( x_4 <= 186.62 ) ) ) and ( not ( eventually[2,7] ( x_2 >= 4.93 ) ) )"
816,52,42,2,3,"[[7825, -1.0, 0.24828489124774933], [2636, 1.0, 0.3395971655845642], [6670, 1.0, 0.3468719720840454]]",0.9962038521599509,16,9,431,431,1.0,0.321882001493652,423,421,0.9952718676122931,0.32334869431643626,( ( not ( eventually ( x_2 <= -7.84 ) ) ) and ( always ( x_5 <= 90.0153 ) ) ) and ( always ( x_0 <= 11.98 ) )
817,52,42,2,3,"[[7825, -1.0, 0.24828489124774933], [2636, 1.0, 0.3395971655845642], [6670, 1.0, 0.3468719720840454]]",0.9962038521599509,16,9,431,431,1.0,0.321882001493652,423,421,0.9952718676122931,0.32334869431643626,( ( not ( eventually ( x_2 <= -7.84 ) ) ) and ( always ( x_5 <= 90.0153 ) ) ) and ( always ( x_0 <= 11.98 ) )
818,52,95,13,3,"[[636, -1.0, 0.21937185525894165], [5339, -1.0, 0.22581768035888672], [2415, 1.0, 0.1581088900566101]]",0.7527428728793251,19,10,5,5,1.0,0.03759398496240601,3,3,1.0,0.025423728813559324,"( ( not ( eventually[26,29] ( x_4 <= 74.37 ) ) ) and ( not ( eventually[0,11] ( x_5 >= 7.39 ) ) ) ) and ( always[1,4] ( x_1 >= -1.04 ) )"
819,52,42,2,3,"[[7825, -1.0, 0.2500096261501312], [2636, 1.0, 0.48685264587402344], [6670, 1.0, 0.011871324852108955]]",0.9955926257239869,16,9,371,371,1.0,0.2770724421209858,332,332,1.0,0.25499231950844853,( ( not ( eventually ( x_2 <= -6.91 ) ) ) and ( always ( x_5 <= 52.07 ) ) ) and ( always ( x_0 <= 87.75 ) )
820,52,42,2,3,"[[7825, -1.0, 0.24317100644111633], [2636, 1.0, 0.4379127621650696], [6670, 1.0, 0.011871324852108955]]",0.9779392986907085,16,9,510,503,0.9862745098039216,0.37565347274085137,458,447,0.9759825327510917,0.3433179723502304,( ( not ( eventually ( x_2 <= -10.62 ) ) ) and ( always ( x_5 <= 64.68 ) ) ) and ( always ( x_0 <= 87.75 ) )
821,52,42,2,2,"[[7825, -1.0, 0.24573515355587006], [2636, 1.0, 0.6276548504829407]]",0.9879804897845237,11,6,135,135,1.0,0.10082150858849888,115,112,0.9739130434782609,0.08602150537634409,( not ( eventually ( x_2 <= -9.23 ) ) ) and ( always ( x_5 <= 15.78 ) )
822,52,42,2,3,"[[7825, -1.0, 0.2500096261501312], [2636, 1.0, 0.48685264587402344], [6670, 1.0, 0.011871324852108955]]",0.9955926257239869,16,9,371,371,1.0,0.2770724421209858,332,332,1.0,0.25499231950844853,( ( not ( eventually ( x_2 <= -6.91 ) ) ) and ( always ( x_5 <= 52.07 ) ) ) and ( always ( x_0 <= 87.75 ) )
823,52,42,2,3,"[[7825, -1.0, 0.2500096261501312], [2636, 1.0, 0.48685264587402344], [6670, 1.0, 0.011871324852108955]]",0.9955926257239869,16,9,371,371,1.0,0.2770724421209858,332,332,1.0,0.25499231950844853,( ( not ( eventually ( x_2 <= -6.91 ) ) ) and ( always ( x_5 <= 52.07 ) ) ) and ( always ( x_0 <= 87.75 ) )
824,52,42,2,3,"[[7825, -1.0, 0.2512921392917633], [2636, 1.0, 0.3831334114074707], [6670, 1.0, 0.3049207925796509]]",0.992328519374528,16,9,434,433,0.9976958525345622,0.32337565347274083,413,411,0.9951573849878934,0.315668202764977,( ( not ( eventually ( x_2 <= -6.21 ) ) ) and ( always ( x_5 <= 78.8 ) ) ) and ( always ( x_0 <= 21.47 ) )
825,52,42,2,3,"[[7825, -1.0, 0.2549334764480591], [2636, 1.0, 0.34885841608047485], [6513, 1.0, 0.08234167098999023]]",0.9948131565834063,15,10,315,315,1.0,0.2352501867064974,322,312,0.968944099378882,0.23963133640552994,"( ( not ( eventually ( x_2 <= -4.24 ) ) ) and ( always ( x_5 <= 87.63 ) ) ) and ( eventually ( always[1,11] ( x_2 >= -0.71 ) ) )"
826,52,42,2,3,"[[7825, -1.0, 0.2419416308403015], [2636, 1.0, 0.4386630654335022], [6670, 1.0, 0.32448506355285645]]",0.9918017938288431,16,9,406,405,0.9975369458128078,0.30246452576549665,389,383,0.9845758354755784,0.2941628264208909,( ( not ( eventually ( x_2 <= -11.28 ) ) ) and ( always ( x_5 <= 64.48 ) ) ) and ( always ( x_0 <= 17.04 ) )
827,52,42,2,3,"[[7825, -1.0, 0.25494158267974854], [2636, 1.0, 0.09552662074565887], [9736, 1.0, 0.16890928149223328]]",0.9899542719377787,16,9,331,330,0.9969788519637462,0.24645257654966393,264,254,0.9621212121212122,0.19508448540706605,"( ( not ( eventually ( x_2 <= -4.236 ) ) ) and ( always ( x_5 <= 152.91 ) ) ) and ( always[28,31] ( x_5 <= 8.88 ) )"
828,52,6,5,3,"[[2636, -1.0, 1.8533506393432617], [5071, -1.0, 0.09996989369392395], [559, 1.0, 0.159471794962883]]",0.935950766939138,18,10,24,24,1.0,0.12698412698412698,33,28,0.8484848484848485,0.13270142180094788,"( ( not ( always ( x_5 <= 655.16 ) ) ) and ( not ( eventually[17,inf] ( x_1 >= 119.24 ) ) ) ) and ( always[27,inf] ( x_5 <= 43.39 ) )"
829,52,6,5,3,"[[7339, 1.0, 0.001719433581456542], [3990, -1.0, 0.12193021923303604], [7825, -1.0, 0.12426763027906418]]",0.9333516167118984,19,10,23,23,1.0,0.12169312169312169,25,20,0.8,0.0947867298578199,"( ( eventually[7,27] ( x_5 >= 317.7 ) ) and ( not ( eventually ( x_3 >= 156.6 ) ) ) ) and ( not ( eventually ( x_2 <= -75.08 ) ) )"
830,52,42,2,3,"[[4869, 1.0, 0.2940104007720947], [2636, 1.0, 0.32410234212875366], [1949, -1.0, 0.17372560501098633]]",0.9625188918596108,15,10,266,260,0.9774436090225563,0.1941747572815534,255,248,0.9725490196078431,0.19047619047619047,"( ( always ( x_1 >= -4.75 ) ) and ( always ( x_5 <= 94.01 ) ) ) and ( not ( always[9,inf] ( eventually[6,18] ( x_2 <= -1.25 ) ) ) )"
831,52,42,2,3,"[[7825, -1.0, 0.2500096261501312], [2636, 1.0, 0.48685264587402344], [6670, 1.0, 0.011871324852108955]]",0.9955926257239869,16,9,371,371,1.0,0.2770724421209858,332,332,1.0,0.25499231950844853,( ( not ( eventually ( x_2 <= -6.91 ) ) ) and ( always ( x_5 <= 52.07 ) ) ) and ( always ( x_0 <= 87.75 ) )
832,52,42,2,3,"[[7825, -1.0, 0.2500096261501312], [2636, 1.0, 0.48685264587402344], [6670, 1.0, 0.011871324852108955]]",0.9955926257239869,16,9,371,371,1.0,0.2770724421209858,332,332,1.0,0.25499231950844853,( ( not ( eventually ( x_2 <= -6.91 ) ) ) and ( always ( x_5 <= 52.07 ) ) ) and ( always ( x_0 <= 87.75 ) )
833,52,88,10,3,"[[9736, 1.0, 0.1963469684123993], [1183, 1.0, 0.03189581632614136], [83, 1.0, 0.05997159704566002]]",0.7748248348699284,14,10,31,27,0.8709677419354839,0.17763157894736842,29,22,0.7586206896551724,0.14285714285714285,"( ( always[28,31] ( x_5 <= -9.84 ) ) and ( always[8,27] ( x_1 >= -71.34 ) ) ) and ( always[29,inf] ( ( x_0 >= 34.26 ) or ( x_1 <= 0.41 ) ) )"
834,52,42,2,3,"[[7825, -1.0, 0.2500096261501312], [2636, 1.0, 0.48685264587402344], [6670, 1.0, 0.011871324852108955]]",0.9955926257239869,16,9,371,371,1.0,0.2770724421209858,332,332,1.0,0.25499231950844853,( ( not ( eventually ( x_2 <= -6.91 ) ) ) and ( always ( x_5 <= 52.07 ) ) ) and ( always ( x_0 <= 87.75 ) )
835,52,42,2,3,"[[7825, -1.0, 0.2500096261501312], [2636, 1.0, 0.48685264587402344], [6670, 1.0, 0.011871324852108955]]",0.9955926257239869,16,9,371,371,1.0,0.2770724421209858,332,332,1.0,0.25499231950844853,( ( not ( eventually ( x_2 <= -6.91 ) ) ) and ( always ( x_5 <= 52.07 ) ) ) and ( always ( x_0 <= 87.75 ) )
836,52,42,2,3,"[[7825, -1.0, 0.25535857677459717], [2636, 1.0, 0.0], [6670, 1.0, 0.29133862257003784]]",0.9902610122158424,16,9,492,490,0.9959349593495935,0.3659447348767737,451,450,0.9977827050997783,0.3456221198156682,( ( not ( eventually ( x_2 <= -4.01 ) ) ) and ( always ( x_5 <= 177.53 ) ) ) and ( always ( x_0 <= 24.54 ) )
837,52,42,2,3,"[[7825, -1.0, 0.2500096261501312], [2636, 1.0, 0.48685264587402344], [6670, 1.0, 0.011871324852108955]]",0.9955926257239869,16,9,371,371,1.0,0.2770724421209858,332,332,1.0,0.25499231950844853,( ( not ( eventually ( x_2 <= -6.91 ) ) ) and ( always ( x_5 <= 52.07 ) ) ) and ( always ( x_0 <= 87.75 ) )
838,52,42,2,2,"[[333, -1.0, 0.375763475894928], [2636, 1.0, 0.32548168301582336]]",0.9946614167886589,10,6,306,306,1.0,0.22852875280059745,252,247,0.9801587301587301,0.18970814132104455,( not ( eventually ( x_5 <= -10.85 ) ) ) and ( always ( x_5 <= 93.65 ) )
839,52,42,2,3,"[[6670, 1.0, 0.3145480155944824], [8090, 1.0, 0.13549338281154633], [2636, 1.0, 0.007889500819146633]]",0.9876278484250999,15,8,498,495,0.9939759036144579,0.3696788648244959,468,462,0.9871794871794872,0.3548387096774194,"( ( always ( x_0 <= 19.29 ) ) and ( always[27,inf] ( x_4 >= -3.79 ) ) ) and ( always ( x_5 <= 175.5 ) )"
840,52,42,2,2,"[[7825, -1.0, 0.24573515355587006], [2636, 1.0, 0.6276548504829407]]",0.9879804897845237,11,6,135,135,1.0,0.10082150858849888,115,112,0.9739130434782609,0.08602150537634409,( not ( eventually ( x_2 <= -9.23 ) ) ) and ( always ( x_5 <= 15.78 ) )
841,52,42,2,3,"[[6670, 1.0, 0.3542907238006592], [5500, -1.0, 0.21171465516090393], [2636, 1.0, 0.33489829301834106]]",0.9964652935126352,16,9,463,463,1.0,0.3457804331590739,462,452,0.9783549783549783,0.34715821812596004,"( ( always ( x_0 <= 10.3 ) ) and ( not ( eventually[0,31] ( x_2 <= -25.08 ) ) ) ) and ( always ( x_5 <= 91.23 ) )"
842,52,42,2,3,"[[7825, -1.0, 0.24828489124774933], [2636, 1.0, 0.3395971655845642], [6670, 1.0, 0.3468719720840454]]",0.9962038521599509,16,9,431,431,1.0,0.321882001493652,423,421,0.9952718676122931,0.32334869431643626,( ( not ( eventually ( x_2 <= -7.84 ) ) ) and ( always ( x_5 <= 90.0153 ) ) ) and ( always ( x_0 <= 11.98 ) )
843,52,42,2,3,"[[7825, -1.0, 0.25567829608917236], [2636, 1.0, 0.32410234212875366], [333, -1.0, 0.37571263313293457]]",0.9931465609153722,17,10,238,238,1.0,0.1777445855115758,209,205,0.9808612440191388,0.15745007680491552,( ( not ( eventually ( x_2 <= -3.8366 ) ) ) and ( always ( x_5 <= 94.01 ) ) ) and ( not ( eventually ( x_5 <= -10.86 ) ) )
844,52,42,2,3,"[[7825, -1.0, 0.25136059522628784], [2636, 1.0, 0.15394757688045502], [6670, 1.0, 0.3468719720840454]]",0.9929288613379147,16,9,471,470,0.9978768577494692,0.351008215085885,463,462,0.9978401727861771,0.3548387096774194,( ( not ( eventually ( x_2 <= -6.1774 ) ) ) and ( always ( x_5 <= 137.86 ) ) ) and ( always ( x_0 <= 11.98 ) )
845,52,88,10,3,"[[83, 1.0, 0.059794165194034576], [3990, -1.0, 0.48565375804901123], [7825, -1.0, 0.07343243062496185]]",0.5780397542537178,18,10,51,34,0.6666666666666666,0.2236842105263158,59,34,0.576271186440678,0.22077922077922077,"( ( always[29,inf] ( x_1 <= 0.4258 ) ) and ( not ( eventually ( x_3 >= 11.06 ) ) ) ) and ( not ( eventually ( x_2 <= -102.64 ) ) )"
846,52,15,0,3,"[[6670, -1.0, 0.5975147485733032], [2979, 1.0, 0.029424820095300674], [2415, 1.0, 0.008981136605143547]]",0.9651042199119716,17,12,94,93,0.9893617021276596,0.4025974025974026,102,97,0.9509803921568627,0.3702290076335878,"( ( not ( always ( x_0 <= 225.58 ) ) ) and ( always[4,33] ( x_5 <= 332.92 ) ) ) and ( ( always[1,4] ( x_1 >= -97.2 ) ) and ( always[2,32] ( x_0 >= -405.94 ) ) )"
847,52,42,2,3,"[[7825, -1.0, 0.240497887134552], [2979, 1.0, 0.14752092957496643], [6670, 1.0, 0.011871324852108955]]",0.995880080692477,17,9,397,397,1.0,0.29648991784914114,368,361,0.9809782608695652,0.2772657450076805,"( ( not ( eventually ( x_2 <= -12.0665 ) ) ) and ( always[4,33] ( x_5 <= 43.75 ) ) ) and ( always ( x_0 <= 87.75 ) )"
848,52,42,2,3,"[[7825, -1.0, 0.25412285327911377], [2636, 1.0, 0.02867048978805542], [9736, 1.0, 0.17209899425506592]]",0.9942703013868734,16,9,285,285,1.0,0.2128454070201643,221,214,0.9683257918552036,0.16436251920122888,"( ( not ( eventually ( x_2 <= -4.68 ) ) ) and ( always ( x_5 <= 170.14 ) ) ) and ( always[28,31] ( x_5 <= 6.7 ) )"
849,52,42,2,2,"[[7825, -1.0, 0.24573515355587006], [2636, 1.0, 0.6276548504829407]]",0.9879804897845237,11,6,135,135,1.0,0.10082150858849888,115,112,0.9739130434782609,0.08602150537634409,( not ( eventually ( x_2 <= -9.23 ) ) ) and ( always ( x_5 <= 15.78 ) )
850,52,6,5,3,"[[2636, -1.0, 0.16063204407691956], [559, 1.0, 0.12525314092636108], [6670, 1.0, 0.1630564033985138]]",0.867786382459811,16,11,92,84,0.9130434782608695,0.4444444444444444,93,81,0.8709677419354839,0.38388625592417064,"( ( not ( always ( x_5 <= 218.93 ) ) ) and ( always[27,inf] ( x_5 <= 51.09 ) ) ) and ( always ( ( x_0 <= 53.55 ) or ( x_5 >= 1199.78 ) ) )"
851,52,42,2,2,"[[7825, -1.0, 0.24573515355587006], [2636, 1.0, 0.6276548504829407]]",0.9879804897845237,11,6,135,135,1.0,0.10082150858849888,115,112,0.9739130434782609,0.08602150537634409,( not ( eventually ( x_2 <= -9.23 ) ) ) and ( always ( x_5 <= 15.78 ) )
852,52,42,2,3,"[[333, -1.0, 0.3341033458709717], [2636, 1.0, 0.32439035177230835], [6670, 1.0, 0.011871324852108955]]",0.9906399694036173,15,9,512,510,0.99609375,0.38088125466766243,478,473,0.9895397489539749,0.3632872503840246,( ( not ( eventually ( x_5 <= -21.9 ) ) ) and ( always ( x_5 <= 93.93 ) ) ) and ( always ( x_0 <= 87.75 ) )
853,52,42,2,2,"[[7825, -1.0, 0.25412285327911377], [9736, 1.0, 0.18012940883636475]]",0.9757197403351059,11,6,66,66,1.0,0.04929051530993279,49,41,0.8367346938775511,0.0314900153609831,"( not ( eventually ( x_2 <= -4.68 ) ) ) and ( always[28,31] ( x_5 <= 1.23 ) )"
854,52,42,2,3,"[[76, -1.0, 0.22542746365070343], [5264, 1.0, 0.21117541193962097], [9736, 1.0, 0.17203958332538605]]",0.9815090527406821,16,11,179,178,0.994413407821229,0.13293502613890965,143,134,0.9370629370629371,0.10291858678955453,"( ( not ( eventually[1,26] ( ( x_4 >= -812.85 ) and ( x_2 <= -6.8 ) ) ) ) and ( always ( x_4 <= 40.79 ) ) ) and ( always[28,31] ( x_5 <= 6.75 ) )"
855,52,42,2,2,"[[333, -1.0, 0.375763475894928], [2636, 1.0, 0.32548168301582336]]",0.9946614167886589,10,6,306,306,1.0,0.22852875280059745,252,247,0.9801587301587301,0.18970814132104455,( not ( eventually ( x_5 <= -10.85 ) ) ) and ( always ( x_5 <= 93.65 ) )
856,52,6,5,3,"[[2636, -1.0, 1.8533506393432617], [5071, -1.0, 0.09996989369392395], [559, 1.0, 0.159471794962883]]",0.935950766939138,18,10,24,24,1.0,0.12698412698412698,33,28,0.8484848484848485,0.13270142180094788,"( ( not ( always ( x_5 <= 655.16 ) ) ) and ( not ( eventually[17,inf] ( x_1 >= 119.24 ) ) ) ) and ( always[27,inf] ( x_5 <= 43.39 ) )"
857,52,42,2,3,"[[333, -1.0, 0.36914706230163574], [2636, 1.0, 0.0], [6670, 1.0, 0.018576605245471]]",0.9967194658321351,15,9,499,499,1.0,0.3726661687826736,418,412,0.9856459330143541,0.31643625192012287,( ( not ( eventually ( x_5 <= -12.604 ) ) ) and ( always ( x_5 <= 177.53 ) ) ) and ( always ( x_0 <= 86.23 ) )
858,52,42,2,2,"[[7825, -1.0, 0.24573515355587006], [2636, 1.0, 0.6276548504829407]]",0.9879804897845237,11,6,135,135,1.0,0.10082150858849888,115,112,0.9739130434782609,0.08602150537634409,( not ( eventually ( x_2 <= -9.23 ) ) ) and ( always ( x_5 <= 15.78 ) )
859,52,42,2,3,"[[333, -1.0, 0.3050939738750458], [2636, 1.0, 0.0], [6670, 1.0, 0.09818723797798157]]",0.9836720200418648,15,9,690,683,0.9898550724637681,0.5100821508588499,657,642,0.9771689497716894,0.4930875576036866,( ( not ( eventually ( x_5 <= -29.6 ) ) ) and ( always ( x_5 <= 177.53 ) ) ) and ( always ( x_0 <= 68.23 ) )
860,52,62,6,3,"[[2636, -1.0, 0.003812121693044901], [9569, -1.0, 0.09016875922679901], [3990, -1.0, 0.058791838586330414]]",0.8878341470731327,19,11,13,13,1.0,0.18571428571428572,20,9,0.45,0.10344827586206896,( ( not ( always ( x_5 <= 178.52 ) ) ) and ( not ( eventually ( x_5 >= 186.27 ) ) ) ) and ( not ( eventually ( x_3 >= 181.87 ) ) )
861,52,42,2,3,"[[7825, -1.0, 0.25490015745162964], [3990, -1.0, 0.10387778282165527], [9736, 1.0, 0.17209899425506592]]",0.9937939854916304,18,10,263,263,1.0,0.1964152352501867,201,191,0.9502487562189055,0.14669738863287252,"( ( not ( eventually ( x_2 <= -4.26 ) ) ) and ( not ( eventually ( x_3 >= 163.82 ) ) ) ) and ( always[28,31] ( x_5 <= 6.7 ) )"
862,52,42,2,2,"[[7825, -1.0, 0.25412285327911377], [9736, 1.0, 0.18012940883636475]]",0.9757197403351059,11,6,66,66,1.0,0.04929051530993279,49,41,0.8367346938775511,0.0314900153609831,"( not ( eventually ( x_2 <= -4.68 ) ) ) and ( always[28,31] ( x_5 <= 1.23 ) )"
863,52,62,6,3,"[[2636, -1.0, 0.003812121693044901], [5264, 1.0, 0.09879960864782333], [1462, 1.0, 0.2405613362789154]]",0.7545681192971723,17,12,23,20,0.8695652173913043,0.2857142857142857,29,18,0.6206896551724138,0.20689655172413793,"( ( not ( always ( x_5 <= 178.52 ) ) ) and ( ( always ( x_4 <= 208.92 ) ) or ( eventually ( x_5 >= 56692.62 ) ) ) ) and ( always[11,inf] ( x_0 >= -7.18 ) )"
864,52,42,2,3,"[[2636, 1.0, 0.4769623875617981], [1949, -1.0, 0.17281605303287506], [2415, 1.0, 0.15681853890419006]]",0.9827493693111442,15,10,192,191,0.9947916666666666,0.1426437640029873,184,177,0.9619565217391305,0.1359447004608295,"( ( always ( x_5 <= 54.61 ) ) and ( not ( always[9,inf] ( eventually[6,18] ( x_2 <= -1.797 ) ) ) ) ) and ( always[1,4] ( x_1 >= -1.87 ) )"
865,52,42,2,3,"[[7825, -1.0, 0.2549334764480591], [2636, 1.0, 0.34843021631240845], [6513, 1.0, 0.08234167098999023]]",0.9948131565834063,15,10,315,315,1.0,0.2352501867064974,322,312,0.968944099378882,0.23963133640552994,"( ( not ( eventually ( x_2 <= -4.24 ) ) ) and ( always ( x_5 <= 87.74 ) ) ) and ( eventually ( always[1,11] ( x_2 >= -0.71 ) ) )"
866,52,42,2,3,"[[7825, -1.0, 0.2549334764480591], [2636, 1.0, 0.34885841608047485], [6513, 1.0, 0.08234167098999023]]",0.9948131565834063,15,10,315,315,1.0,0.2352501867064974,322,312,0.968944099378882,0.23963133640552994,"( ( not ( eventually ( x_2 <= -4.24 ) ) ) and ( always ( x_5 <= 87.63 ) ) ) and ( eventually ( always[1,11] ( x_2 >= -0.71 ) ) )"
867,52,42,2,2,"[[7825, -1.0, 0.24573515355587006], [2636, 1.0, 0.6276548504829407]]",0.9879804897845237,11,6,135,135,1.0,0.10082150858849888,115,112,0.9739130434782609,0.08602150537634409,( not ( eventually ( x_2 <= -9.23 ) ) ) and ( always ( x_5 <= 15.78 ) )
868,52,42,2,2,"[[7825, -1.0, 0.24573515355587006], [2636, 1.0, 0.6276548504829407]]",0.9879804897845237,11,6,135,135,1.0,0.10082150858849888,115,112,0.9739130434782609,0.08602150537634409,( not ( eventually ( x_2 <= -9.23 ) ) ) and ( always ( x_5 <= 15.78 ) )
869,52,42,2,3,"[[6670, 1.0, 0.35336458683013916], [2268, 1.0, 0.20106634497642517], [9569, -1.0, 0.09715677052736282]]",0.9868663283798327,17,12,469,466,0.9936034115138592,0.3480209111277072,448,442,0.9866071428571429,0.33947772657450076,"( ( always ( x_0 <= 10.51 ) ) and ( ( always[10,24] ( x_5 <= -994.11 ) ) or ( always[8,20] ( x_2 >= -3.6 ) ) ) ) and ( not ( eventually ( x_5 >= 176.11 ) ) )"
870,53,53,4,2,"[[9736, -1.0, 9.624658584594727], [636, 1.0, 0.1103973239660263]]",0.5135414727563554,11,9,5,4,0.8,0.23529411764705882,3,1,0.3333333333333333,0.058823529411764705,"( not ( always[28,31] ( x_5 <= 6690.85 ) ) ) and ( ( always[7,10] ( x_5 >= 3104.66 ) ) or ( eventually[26,29] ( x_4 <= -157.92 ) ) )"
871,53,53,4,2,"[[9736, -1.0, 9.624658584594727], [636, 1.0, 0.1103973239660263]]",0.5135414727563554,11,9,5,4,0.8,0.23529411764705882,3,1,0.3333333333333333,0.058823529411764705,"( not ( always[28,31] ( x_5 <= 6690.85 ) ) ) and ( ( always[7,10] ( x_5 >= 3104.66 ) ) or ( eventually[26,29] ( x_4 <= -157.92 ) ) )"
872,53,53,4,1,"[[636, 1.0, 6.564503192901611]]",0.3304211243962074,5,5,5,3,0.6,0.17647058823529413,11,4,0.36363636363636365,0.23529411764705882,"( always[7,10] ( x_5 >= 7650.85 ) ) or ( eventually[26,29] ( x_4 <= -4704.1 ) )"
873,53,53,4,2,"[[9736, -1.0, 9.624658584594727], [636, 1.0, 0.1103973239660263]]",0.5135414727563554,11,9,5,4,0.8,0.23529411764705882,3,1,0.3333333333333333,0.058823529411764705,"( not ( always[28,31] ( x_5 <= 6690.85 ) ) ) and ( ( always[7,10] ( x_5 >= 3104.66 ) ) or ( eventually[26,29] ( x_4 <= -157.92 ) ) )"
874,53,53,4,2,"[[9736, -1.0, 9.624658584594727], [636, 1.0, 0.1103973239660263]]",0.5135414727563554,11,9,5,4,0.8,0.23529411764705882,3,1,0.3333333333333333,0.058823529411764705,"( not ( always[28,31] ( x_5 <= 6690.85 ) ) ) and ( ( always[7,10] ( x_5 >= 3104.66 ) ) or ( eventually[26,29] ( x_4 <= -157.92 ) ) )"
875,53,53,4,3,"[[9736, -1.0, 2.9019923210144043], [6670, 1.0, 0.0641794204711914], [636, 1.0, 0.4177144169807434]]",0.7527428728793251,16,14,5,5,1.0,0.29411764705882354,1,0,0.0,0.0,"( ( not ( always[28,31] ( x_5 <= 2104.1 ) ) ) and ( always ( ( x_0 <= 75.92 ) or ( x_5 >= 1177.42 ) ) ) ) and ( ( always[7,10] ( x_5 >= 3321.13 ) ) or ( eventually[26,29] ( x_4 <= -374.39 ) ) )"
876,53,53,4,1,"[[636, 1.0, 6.564503192901611]]",0.3304211243962074,5,5,5,3,0.6,0.17647058823529413,11,4,0.36363636363636365,0.23529411764705882,"( always[7,10] ( x_5 >= 7650.85 ) ) or ( eventually[26,29] ( x_4 <= -4704.1 ) )"
877,62,42,2,3,"[[333, -1.0, 0.36914706230163574], [3226, 1.0, 0.26824796199798584], [6670, 1.0, 0.011871324852108955]]",0.9953294183675063,15,9,350,350,1.0,0.26138909634055263,285,280,0.9824561403508771,0.21505376344086022,"( ( not ( eventually ( x_5 <= -12.604 ) ) ) and ( always[4,inf] ( x_4 <= 74.32 ) ) ) and ( always ( x_0 <= 87.75 ) )"
878,62,95,13,3,"[[559, -1.0, 0.7291029095649719], [3390, 1.0, 0.038094259798526764], [954, 1.0, 0.13843214511871338]]",0.6491636701812787,16,10,19,15,0.7894736842105263,0.11278195488721804,13,9,0.6923076923076923,0.07627118644067797,"( ( not ( always[27,inf] ( x_5 <= 243.25 ) ) ) and ( always[12,inf] ( x_1 <= 201.05 ) ) ) and ( eventually[19,inf] ( always[1,8] ( x_2 >= 12.69 ) ) )"
879,62,62,6,3,"[[2636, -1.0, 0.012482235208153725], [9569, -1.0, 0.09137018024921417], [4869, 1.0, 0.1540294885635376]]",0.8796122753143348,18,7,12,12,1.0,0.17142857142857143,15,6,0.4,0.06896551724137931,( not ( always ( x_5 <= 180.75 ) ) ) and ( not ( eventually ( x_5 >= 184.52 ) ) )
880,62,42,2,3,"[[4869, 1.0, 0.29951542615890503], [2636, 1.0, 0.43811360001564026], [1462, 1.0, 0.19565513730049133]]",0.9902187835078976,16,8,340,339,0.9970588235294118,0.25317401045556387,319,313,0.9811912225705329,0.2403993855606759,"( ( always ( x_1 >= -3.95 ) ) and ( always ( x_5 <= 64.63 ) ) ) and ( always[11,inf] ( x_0 >= -14.03 ) )"
881,62,62,6,3,"[[2636, -1.0, 0.012482235208153725], [9569, -1.0, 0.0807231217622757], [7825, -1.0, 0.23767617344856262]]",0.7117261666200994,19,11,28,23,0.8214285714285714,0.32857142857142857,36,20,0.5555555555555556,0.22988505747126436,( ( not ( always ( x_5 <= 180.75 ) ) ) and ( not ( eventually ( x_5 >= 199.99 ) ) ) ) and ( not ( eventually ( x_2 <= -13.6 ) ) )
882,62,92,12,3,"[[9226, 1.0, 4.332080841064453], [333, 1.0, 1.1118247509002686], [2338, -1.0, 0.7395575046539307]]",0.9585702309869168,16,12,38,38,1.0,0.3877551020408163,32,27,0.84375,0.2647058823529412,"( ( ( always[26,28] ( x_0 >= -535.01 ) ) and ( eventually[29,inf] ( x_2 >= 1824.62 ) ) ) and ( eventually ( x_5 <= -405.65 ) ) ) and ( not ( always[16,27] ( x_1 <= 477.37 ) ) )"
883,62,42,2,3,"[[333, -1.0, 0.33422762155532837], [6670, 1.0, 0.015267141163349152], [2636, 1.0, 0.003990222699940205]]",0.9926436812174171,15,9,652,650,0.9969325153374233,0.4854368932038835,610,601,0.9852459016393442,0.46159754224270355,( ( not ( eventually ( x_5 <= -21.87 ) ) ) and ( always ( x_0 <= 86.98 ) ) ) and ( always ( x_5 <= 176.5 ) )
884,62,6,5,3,"[[2636, -1.0, 1.1044087409973145], [6670, 1.0, 0.058052703738212585], [559, 1.0, 0.014817647635936737]]",0.9655270243074291,16,11,46,46,1.0,0.24338624338624337,41,40,0.975609756097561,0.1895734597156398,"( ( not ( always ( x_5 <= 462.15 ) ) ) and ( always ( ( x_0 <= 77.3 ) or ( x_5 >= 1176.03 ) ) ) ) and ( always[27,inf] ( x_5 <= 75.93 ) )"
885,62,6,5,3,"[[2636, -1.0, 1.8533506393432617], [5071, -1.0, 0.09996989369392395], [559, 1.0, 0.159471794962883]]",0.935950766939138,18,10,24,24,1.0,0.12698412698412698,33,28,0.8484848484848485,0.13270142180094788,"( ( not ( always ( x_5 <= 655.16 ) ) ) and ( not ( eventually[17,inf] ( x_1 >= 119.24 ) ) ) ) and ( always[27,inf] ( x_5 <= 43.39 ) )"
886,62,62,6,3,"[[2636, -1.0, 0.012482235208153725], [9569, -1.0, 0.0727098360657692], [4869, 1.0, 0.27451735734939575]]",0.7714200018516574,18,10,36,31,0.8611111111111112,0.44285714285714284,40,26,0.65,0.2988505747126437,( ( not ( always ( x_5 <= 180.75 ) ) ) and ( not ( eventually ( x_5 >= 211.63 ) ) ) ) and ( always ( x_1 >= -7.58 ) )
887,62,42,2,3,"[[7825, -1.0, 0.240497887134552], [2979, 1.0, 0.14752092957496643], [6670, 1.0, 0.011871324852108955]]",0.995880080692477,17,9,397,397,1.0,0.29648991784914114,368,361,0.9809782608695652,0.2772657450076805,"( ( not ( eventually ( x_2 <= -12.0665 ) ) ) and ( always[4,33] ( x_5 <= 43.75 ) ) ) and ( always ( x_0 <= 87.75 ) )"
888,62,62,6,3,"[[2636, -1.0, 0.012482235208153725], [9569, -1.0, 0.0727098360657692], [4869, 1.0, 0.27451735734939575]]",0.7714200018516574,18,10,36,31,0.8611111111111112,0.44285714285714284,40,26,0.65,0.2988505747126437,( ( not ( always ( x_5 <= 180.75 ) ) ) and ( not ( eventually ( x_5 >= 211.63 ) ) ) ) and ( always ( x_1 >= -7.58 ) )
889,62,6,5,3,"[[2636, -1.0, 0.2180601954460144], [559, 1.0, 0.03759878873825073], [6670, 1.0, 0.1630564033985138]]",0.9009105801794496,16,11,99,93,0.9393939393939394,0.49206349206349204,106,93,0.8773584905660378,0.44075829383886256,"( ( not ( always ( x_5 <= 233.73 ) ) ) and ( always[27,inf] ( x_5 <= 70.8 ) ) ) and ( always ( ( x_0 <= 53.55 ) or ( x_5 >= 1199.78 ) ) )"
890,62,42,2,3,"[[7825, -1.0, 0.2500096261501312], [2636, 1.0, 0.48685264587402344], [6670, 1.0, 0.011871324852108955]]",0.9955926257239869,16,9,371,371,1.0,0.2770724421209858,332,332,1.0,0.25499231950844853,( ( not ( eventually ( x_2 <= -6.91 ) ) ) and ( always ( x_5 <= 52.07 ) ) ) and ( always ( x_0 <= 87.75 ) )
891,62,62,6,3,"[[2636, -1.0, 0.003812121693044901], [9569, -1.0, 0.046841301023960114], [3390, 1.0, 0.27931398153305054]]",0.7333162569397972,18,10,16,14,0.875,0.2,21,6,0.2857142857142857,0.06896551724137931,"( ( not ( always ( x_5 <= 178.52 ) ) ) and ( not ( eventually ( x_5 >= 249.2 ) ) ) ) and ( always[12,inf] ( x_1 <= 3.34 ) )"
892,62,42,2,3,"[[76, -1.0, 0.23106172680854797], [2636, 1.0, 0.3690217137336731], [6513, 1.0, 0.08234167098999023]]",0.9891735304459996,14,10,307,306,0.996742671009772,0.22852875280059745,314,305,0.9713375796178344,0.23425499231950844,"( ( not ( eventually[1,26] ( x_2 <= -4.24 ) ) ) and ( always ( x_5 <= 82.43 ) ) ) and ( eventually ( always[1,11] ( x_2 >= -0.71 ) ) )"
893,62,42,2,2,"[[7825, -1.0, 0.25535857677459717], [3390, 1.0, 0.2809258699417114]]",0.9693828911740721,12,6,52,52,1.0,0.038834951456310676,38,37,0.9736842105263158,0.028417818740399385,"( not ( eventually ( x_2 <= -4.01 ) ) ) and ( always[12,inf] ( x_1 <= 2.02 ) )"
894,62,6,5,3,"[[2636, -1.0, 1.8533506393432617], [5071, -1.0, 0.06747075915336609], [9226, -1.0, 0.2678878903388977]]",0.9163861567630498,19,11,18,18,1.0,0.09523809523809523,32,25,0.78125,0.11848341232227488,"( ( not ( always ( x_5 <= 655.16 ) ) ) and ( not ( eventually[17,inf] ( x_1 >= 143.51 ) ) ) ) and ( not ( eventually[29,inf] ( x_2 >= 3.08 ) ) )"
895,62,42,2,3,"[[7825, -1.0, 0.2163173258304596], [5264, 1.0, 0.21575313806533813], [6513, 1.0, 0.08270679414272308]]",0.9648722877130368,16,10,174,171,0.9827586206896551,0.1277072442120986,192,186,0.96875,0.14285714285714285,"( ( not ( eventually ( x_2 <= -25.18 ) ) ) and ( always ( x_4 <= 33.94 ) ) ) and ( eventually ( always[1,11] ( x_2 >= -0.5 ) ) )"
896,62,95,13,3,"[[636, -1.0, 0.2975674867630005], [5071, -1.0, 0.0], [3990, 1.0, 0.04669180139899254]]",0.8456759411873505,19,13,9,9,1.0,0.06766917293233082,10,5,0.5,0.0423728813559322,"( ( not ( ( always[7,10] ( x_5 >= 2817.3 ) ) or ( eventually[26,29] ( x_4 <= 129.45 ) ) ) ) and ( not ( eventually[17,inf] ( x_1 >= 193.9 ) ) ) ) and ( eventually ( x_3 >= 224.07 ) )"
897,62,42,2,3,"[[7825, -1.0, 0.240497887134552], [2979, 1.0, 0.14752092957496643], [6670, 1.0, 0.011871324852108955]]",0.995880080692477,17,9,397,397,1.0,0.29648991784914114,368,361,0.9809782608695652,0.2772657450076805,"( ( not ( eventually ( x_2 <= -12.0665 ) ) ) and ( always[4,33] ( x_5 <= 43.75 ) ) ) and ( always ( x_0 <= 87.75 ) )"
898,62,42,2,3,"[[333, -1.0, 0.36914706230163574], [2636, 1.0, 0.0], [6670, 1.0, 0.018576605245471]]",0.9967194658321351,15,9,499,499,1.0,0.3726661687826736,418,412,0.9856459330143541,0.31643625192012287,( ( not ( eventually ( x_5 <= -12.604 ) ) ) and ( always ( x_5 <= 177.53 ) ) ) and ( always ( x_0 <= 86.23 ) )
899,62,42,2,2,"[[333, -1.0, 0.375763475894928], [3990, -1.0, 0.31438136100769043]]",0.9936253715295161,12,7,256,256,1.0,0.19118745332337567,224,220,0.9821428571428571,0.16897081413210446,( not ( eventually ( x_5 <= -10.85 ) ) ) and ( not ( eventually ( x_3 >= 79.59 ) ) )
900,62,42,2,3,"[[7825, -1.0, 0.240497887134552], [2979, 1.0, 0.1475352942943573], [6670, 1.0, 0.011871324852108955]]",0.995880080692477,17,9,397,397,1.0,0.29648991784914114,367,360,0.9809264305177112,0.2764976958525346,"( ( not ( eventually ( x_2 <= -12.0665 ) ) ) and ( always[4,33] ( x_5 <= 43.72 ) ) ) and ( always ( x_0 <= 87.75 ) )"
901,62,42,2,3,"[[7825, -1.0, 0.24892975389957428], [2636, 1.0, 0.32681554555892944], [636, -1.0, 0.11324664205312729]]",0.9903753424623937,18,10,169,169,1.0,0.1262135922330097,177,167,0.943502824858757,0.1282642089093702,"( ( not ( eventually ( x_2 <= -7.4953 ) ) ) and ( always ( x_5 <= 93.31 ) ) ) and ( not ( eventually[26,29] ( x_4 <= -0.3832 ) ) )"
902,62,42,2,3,"[[7825, -1.0, 0.25535857677459717], [3990, -1.0, 0.2085999846458435], [6670, 1.0, 0.29133862257003784]]",0.9923982909941227,18,10,438,437,0.997716894977169,0.3263629574309186,424,416,0.9811320754716981,0.3195084485407066,( ( not ( eventually ( x_2 <= -4.01 ) ) ) and ( not ( eventually ( x_3 >= 121.92 ) ) ) ) and ( always ( x_0 <= 24.54 ) )
903,62,6,5,3,"[[7339, 1.0, 0.0], [6670, 1.0, 0.09644290804862976], [9736, 1.0, 0.11579660326242447]]",0.968197155267361,15,10,50,50,1.0,0.26455026455026454,47,45,0.9574468085106383,0.2132701421800948,"( ( eventually[7,27] ( x_5 >= 314.34 ) ) and ( always ( ( x_0 <= 68.62 ) or ( x_5 >= 1184.72 ) ) ) ) and ( always[28,31] ( x_5 <= 45.12 ) )"
904,62,62,6,3,"[[2636, -1.0, 0.003812121693044901], [6670, 1.0, 0.34329479932785034], [3990, -1.0, 0.009647328406572342]]",0.629130020253943,17,10,34,25,0.7352941176470589,0.35714285714285715,31,21,0.6774193548387096,0.2413793103448276,( ( not ( always ( x_5 <= 178.52 ) ) ) and ( always ( x_0 <= 12.79 ) ) ) and ( not ( eventually ( x_3 >= 201.53 ) ) )
905,62,6,5,3,"[[2636, -1.0, 0.34032851457595825], [559, 1.0, 0.016506627202033997], [6670, 1.0, 0.09268765151500702]]",0.9228005373048752,16,11,95,91,0.9578947368421052,0.48148148148148145,93,86,0.9247311827956989,0.4075829383886256,"( ( not ( always ( x_5 <= 265.24 ) ) ) and ( always[27,inf] ( x_5 <= 75.55 ) ) ) and ( always ( ( x_0 <= 69.47 ) or ( x_5 >= 1183.87 ) ) )"
906,62,6,5,3,"[[2636, -1.0, 1.8533506393432617], [5071, -1.0, 0.0], [636, -1.0, 0.10912859439849854]]",0.9305325943024827,19,14,22,22,1.0,0.1164021164021164,19,12,0.631578947368421,0.05687203791469194,"( ( not ( always ( x_5 <= 655.16 ) ) ) and ( not ( eventually[17,inf] ( x_1 >= 193.9 ) ) ) ) and ( not ( ( always[7,10] ( x_5 >= 2950.03 ) ) or ( eventually[26,29] ( x_4 <= -3.28 ) ) ) )"
907,62,6,5,3,"[[2636, -1.0, 1.8533506393432617], [5071, -1.0, 0.09996989369392395], [559, 1.0, 0.159471794962883]]",0.935950766939138,18,10,24,24,1.0,0.12698412698412698,33,28,0.8484848484848485,0.13270142180094788,"( ( not ( always ( x_5 <= 655.16 ) ) ) and ( not ( eventually[17,inf] ( x_1 >= 119.24 ) ) ) ) and ( always[27,inf] ( x_5 <= 43.39 ) )"
908,62,62,6,3,"[[2636, -1.0, 0.003812121693044901], [6670, 1.0, 0.37789952754974365], [9569, -1.0, 0.053925782442092896]]",0.7582809685228542,17,10,12,11,0.9166666666666666,0.15714285714285714,8,6,0.75,0.06896551724137931,( ( not ( always ( x_5 <= 178.52 ) ) ) and ( always ( x_0 <= 4.9608 ) ) ) and ( not ( eventually ( x_5 >= 238.91 ) ) )
909,62,42,2,3,"[[7825, -1.0, 0.25535857677459717], [2636, 1.0, 0.055537231266498566], [6670, 1.0, 0.09084294736385345]]",0.9884153634233802,16,9,532,529,0.9943609022556391,0.3950709484690067,484,483,0.9979338842975206,0.3709677419354839,( ( not ( eventually ( x_2 <= -4.01 ) ) ) and ( always ( x_5 <= 163.22 ) ) ) and ( always ( x_0 <= 69.89 ) )
910,62,88,10,3,"[[83, 1.0, 0.05681879073381424], [3990, -1.0, 0.49264582991600037], [7825, -1.0, 0.07343243062496185]]",0.5236592187720968,18,10,47,29,0.6170212765957447,0.19078947368421054,53,31,0.5849056603773585,0.2012987012987013,"( ( always[29,inf] ( x_1 <= 0.75 ) ) and ( not ( eventually ( x_3 >= 8.26 ) ) ) ) and ( not ( eventually ( x_2 <= -102.64 ) ) )"
911,62,88,10,3,"[[8005, -1.0, 0.09342555701732635], [5071, -1.0, 0.23952457308769226], [6513, 1.0, 0.08120745420455933]]",0.6102444165551337,14,11,20,15,0.75,0.09868421052631579,14,9,0.6428571428571429,0.05844155844155844,"( ( not ( always[21,24] ( x_0 >= -27.37 ) ) ) and ( not ( eventually[17,inf] ( x_1 >= 15.02 ) ) ) ) and ( eventually ( always[1,11] ( x_2 >= -1.36 ) ) )"
912,62,95,13,3,"[[559, -1.0, 0.7291029095649719], [7008, -1.0, 0.20639045536518097], [2338, 1.0, 0.2877979278564453]]",0.8296711635082987,18,10,8,8,1.0,0.06015037593984962,9,5,0.5555555555555556,0.0423728813559322,"( ( not ( always[27,inf] ( x_5 <= 243.25 ) ) ) and ( not ( eventually[7,25] ( x_4 >= 26.19 ) ) ) ) and ( always[16,27] ( x_1 <= 2.76 ) )"
913,62,6,5,3,"[[7339, 1.0, 0.05320394039154053], [3990, -1.0, 0.03327632695436478], [1183, 1.0, 0.1367940902709961]]",0.9163861567630498,17,9,18,18,1.0,0.09523809523809523,19,15,0.7894736842105263,0.07109004739336493,"( ( eventually[7,27] ( x_5 >= 418.26 ) ) and ( not ( eventually ( x_3 >= 192.08 ) ) ) ) and ( always[8,27] ( x_1 >= -43.15 ) )"
914,62,42,2,2,"[[7825, -1.0, 0.25412285327911377], [9736, 1.0, 0.18012940883636475]]",0.9757197403351059,11,6,66,66,1.0,0.04929051530993279,49,41,0.8367346938775511,0.0314900153609831,"( not ( eventually ( x_2 <= -4.68 ) ) ) and ( always[28,31] ( x_5 <= 1.23 ) )"
915,62,6,5,3,"[[2636, -1.0, 1.8533506393432617], [5071, -1.0, 0.09996989369392395], [559, 1.0, 0.159471794962883]]",0.935950766939138,18,10,24,24,1.0,0.12698412698412698,33,28,0.8484848484848485,0.13270142180094788,"( ( not ( always ( x_5 <= 655.16 ) ) ) and ( not ( eventually[17,inf] ( x_1 >= 119.24 ) ) ) ) and ( always[27,inf] ( x_5 <= 43.39 ) )"
916,62,42,2,3,"[[7825, -1.0, 0.25535857677459717], [2636, 1.0, 0.34885841608047485], [6670, 1.0, 0.011871324852108955]]",0.9923809673417401,16,9,437,436,0.9977116704805492,0.32561613144137413,395,394,0.9974683544303797,0.30261136712749614,( ( not ( eventually ( x_2 <= -4.01 ) ) ) and ( always ( x_5 <= 87.63 ) ) ) and ( always ( x_0 <= 87.75 ) )
917,62,6,5,2,"[[7339, 1.0, 0.001719433581456542], [3990, -1.0, 0.41952088475227356]]",0.901313696340425,12,6,15,15,1.0,0.07936507936507936,15,13,0.8666666666666667,0.061611374407582936,"( eventually[7,27] ( x_5 >= 317.7 ) ) and ( not ( eventually ( x_3 >= 37.52 ) ) )"
918,62,6,5,3,"[[7339, 1.0, 0.0], [6670, 1.0, 0.09644290804862976], [9736, 1.0, 0.09196585416793823]]",0.9450203968609339,15,10,59,58,0.9830508474576272,0.30687830687830686,51,48,0.9411764705882353,0.22748815165876776,"( ( eventually[7,27] ( x_5 >= 314.34 ) ) and ( always ( ( x_0 <= 68.62 ) or ( x_5 >= 1184.72 ) ) ) ) and ( always[28,31] ( x_5 <= 61.38 ) )"
919,62,42,2,3,"[[7825, -1.0, 0.24828489124774933], [2636, 1.0, 0.3395971655845642], [6670, 1.0, 0.3468719720840454]]",0.9962038521599509,16,9,431,431,1.0,0.321882001493652,423,421,0.9952718676122931,0.32334869431643626,( ( not ( eventually ( x_2 <= -7.84 ) ) ) and ( always ( x_5 <= 90.0153 ) ) ) and ( always ( x_0 <= 11.98 ) )
920,62,6,5,3,"[[2636, -1.0, 0.18370182812213898], [559, 1.0, 0.12525314092636108], [6670, 1.0, 0.2775869369506836]]",0.8849982007166411,16,9,63,59,0.9365079365079365,0.31216931216931215,66,56,0.8484848484848485,0.26540284360189575,"( ( not ( always ( x_5 <= 224.87 ) ) ) and ( always[27,inf] ( x_5 <= 51.09 ) ) ) and ( always ( x_0 <= 27.65 ) )"
921,62,42,2,3,"[[5500, -1.0, 0.24001538753509521], [3390, 1.0, 0.28056782484054565], [7339, -1.0, 0.1278490424156189]]",0.9843048819913625,19,10,103,103,1.0,0.07692307692307693,81,76,0.9382716049382716,0.05837173579109063,"( ( not ( eventually[0,31] ( x_2 <= -9.61 ) ) ) and ( always[12,inf] ( x_1 <= 2.31 ) ) ) and ( not ( eventually[7,27] ( x_5 >= 64.63 ) ) )"
922,62,42,2,2,"[[7825, -1.0, 0.25427958369255066], [9736, 1.0, 0.18012940883636475]]",0.9757197403351059,11,6,66,66,1.0,0.04929051530993279,49,41,0.8367346938775511,0.0314900153609831,"( not ( eventually ( x_2 <= -4.59 ) ) ) and ( always[28,31] ( x_5 <= 1.23 ) )"
923,62,42,2,3,"[[6670, 1.0, 0.3678901791572571], [333, -1.0, 0.26900848746299744], [3990, -1.0, 0.3536320626735687]]",0.9814816523252561,17,10,332,329,0.9909638554216867,0.24570575056011948,333,324,0.972972972972973,0.2488479262672811,( ( always ( x_0 <= 7.22 ) ) and ( not ( eventually ( x_5 <= -39.18 ) ) ) ) and ( not ( eventually ( x_3 >= 63.89 ) ) )
924,62,6,5,3,"[[9569, 1.0, 0.16140690445899963], [5071, -1.0, 0.22017157077789307], [954, 1.0, 0.11272428929805756]]",0.8700897188124962,16,10,11,11,1.0,0.0582010582010582,8,7,0.875,0.03317535545023697,"( ( eventually ( x_5 >= 551.69 ) ) and ( not ( eventually[17,inf] ( x_1 >= 29.47 ) ) ) ) and ( eventually[19,inf] ( always[1,8] ( x_2 >= -0.62 ) ) )"
925,62,95,13,3,"[[636, -1.0, 0.30140775442123413], [4968, -1.0, 0.3179599344730377], [707, 1.0, 0.10034311562776566]]",0.7527428728793251,17,10,5,5,1.0,0.03759398496240601,11,5,0.45454545454545453,0.0423728813559322,"( ( not ( eventually[26,29] ( x_4 <= 132.15 ) ) ) and ( not ( eventually[3,18] ( x_5 >= 12.77 ) ) ) ) and ( always[24,26] ( x_2 >= -1.74 ) )"
926,62,42,2,3,"[[4869, 1.0, 0.2936301529407501], [2979, 1.0, 0.13919270038604736], [6670, 1.0, 0.011871324852108955]]",0.9597705914060619,16,11,486,472,0.9711934156378601,0.3525018670649739,447,431,0.9642058165548099,0.33102918586789554,"( ( ( always ( x_1 >= -4.8 ) ) or ( eventually[10,14] ( x_0 <= -591.17 ) ) ) and ( always[4,33] ( x_5 <= 64.15 ) ) ) and ( always ( x_0 <= 87.75 ) )"
927,62,42,2,3,"[[2268, 1.0, 0.2010740041732788], [5264, 1.0, 0.1633782684803009], [6670, 1.0, 0.3090236186981201]]",0.968087621905736,16,11,503,492,0.9781312127236581,0.3674383868558626,488,474,0.9713114754098361,0.3640552995391705,"( ( ( always[10,24] ( x_5 <= -994.12 ) ) or ( always[8,20] ( x_2 >= -3.6 ) ) ) and ( always ( x_4 <= 112.3 ) ) ) and ( always ( x_0 <= 20.54 ) )"
928,62,6,5,3,"[[2636, -1.0, 0.051747847348451614], [5071, -1.0, 0.25665879249572754], [6670, 1.0, 0.19198235869407654]]",0.7157829478329317,17,10,37,30,0.8108108108108109,0.15873015873015872,23,17,0.7391304347826086,0.08056872037914692,"( ( not ( always ( x_5 <= 190.87 ) ) ) and ( not ( eventually[17,inf] ( x_1 >= 2.2263 ) ) ) ) and ( always ( x_0 <= 47.01 ) )"
929,62,42,2,3,"[[7825, -1.0, 0.240497887134552], [2636, 1.0, 0.1253301352262497], [1462, 1.0, 0.19670982658863068]]",0.9581070024743388,17,9,820,793,0.9670731707317073,0.5922330097087378,799,759,0.9499374217772215,0.5829493087557603,"( ( not ( eventually ( x_2 <= -12.0665 ) ) ) and ( always ( x_5 <= 145.23 ) ) ) and ( always[11,inf] ( x_0 >= -13.87 ) )"
930,62,42,2,3,"[[7825, -1.0, 0.2500096261501312], [2636, 1.0, 0.48685264587402344], [6670, 1.0, 0.011871324852108955]]",0.9955926257239869,16,9,371,371,1.0,0.2770724421209858,332,332,1.0,0.25499231950844853,( ( not ( eventually ( x_2 <= -6.91 ) ) ) and ( always ( x_5 <= 52.07 ) ) ) and ( always ( x_0 <= 87.75 ) )
931,62,95,13,3,"[[2636, -1.0, 0.25694307684898376], [4968, -1.0, 0.17880111932754517], [559, -1.0, 0.08937588334083557]]",0.517976711431683,18,15,96,56,0.5833333333333334,0.42105263157894735,83,39,0.46987951807228917,0.3305084745762712,"( ( not ( always ( ( x_5 <= 243.75 ) or ( x_5 >= 1972.43 ) ) ) ) and ( not ( eventually[3,18] ( ( x_4 <= 2044.37 ) and ( x_5 >= 69.01 ) ) ) ) ) and ( not ( always[27,inf] ( x_5 <= 99.36 ) ) )"
932,62,62,6,3,"[[2636, -1.0, 0.012482235208153725], [9569, -1.0, 0.0727098360657692], [6670, 1.0, 0.2757033705711365]]",0.7632326290285795,17,13,45,38,0.8444444444444444,0.5428571428571428,34,23,0.6764705882352942,0.26436781609195403,"( ( not ( always ( x_5 <= 180.75 ) ) ) and ( not ( ( eventually ( x_5 >= 211.63 ) ) and ( always[16,inf] ( x_4 <= 37735.34 ) ) ) ) ) and ( always ( x_0 <= 28.08 ) )"
933,62,95,13,3,"[[559, -1.0, 0.7291029095649719], [7008, -1.0, 0.20639045536518097], [1462, 1.0, 0.0486324168741703]]",0.7450072385371668,19,10,32,27,0.84375,0.20300751879699247,31,15,0.4838709677419355,0.1271186440677966,"( ( not ( always[27,inf] ( x_5 <= 243.25 ) ) ) and ( not ( eventually[7,25] ( x_4 >= 26.19 ) ) ) ) and ( always[11,inf] ( x_0 >= -36.48 ) )"
934,62,42,2,3,"[[7825, -1.0, 0.25003212690353394], [2636, 1.0, 0.24350211024284363], [6670, 1.0, 0.3159447908401489]]",0.9866155686791835,16,9,559,555,0.9928443649373881,0.4144884241971621,535,527,0.9850467289719627,0.40476190476190477,( ( not ( eventually ( x_2 <= -6.9 ) ) ) and ( always ( x_5 <= 114.78 ) ) ) and ( always ( x_0 <= 18.97 ) )
935,62,6,5,3,"[[2636, -1.0, 1.8533506393432617], [5071, -1.0, 0.09996989369392395], [559, 1.0, 0.159471794962883]]",0.935950766939138,18,10,24,24,1.0,0.12698412698412698,33,28,0.8484848484848485,0.13270142180094788,"( ( not ( always ( x_5 <= 655.16 ) ) ) and ( not ( eventually[17,inf] ( x_1 >= 119.24 ) ) ) ) and ( always[27,inf] ( x_5 <= 43.39 ) )"
936,62,42,2,3,"[[6670, 1.0, 0.32134827971458435], [8090, 1.0, 0.1315372884273529], [3990, -1.0, 0.2660861611366272]]",0.9902412572312941,17,9,491,489,0.9959266802443992,0.36519790888722925,485,467,0.9628865979381444,0.358678955453149,"( ( always ( x_0 <= 17.75 ) ) and ( always[27,inf] ( x_4 >= -6.88 ) ) ) and ( not ( eventually ( x_3 >= 98.92 ) ) )"
937,62,42,2,3,"[[7825, -1.0, 0.24422746896743774], [2636, 1.0, 0.24963712692260742], [1462, 1.0, 0.2072787880897522]]",0.9727833009264747,17,9,677,664,0.9807976366322009,0.4958924570575056,642,619,0.9641744548286605,0.4754224270353303,"( ( not ( eventually ( x_2 <= -10.04 ) ) ) and ( always ( x_5 <= 113.2 ) ) ) and ( always[11,inf] ( x_0 >= -12.26 ) )"
938,62,6,5,3,"[[2636, -1.0, 1.4518537521362305], [3390, 1.0, 0.2713657319545746], [559, 1.0, 0.014817647635936737]]",0.9204367490813241,17,9,19,19,1.0,0.10052910052910052,21,20,0.9523809523809523,0.0947867298578199,"( ( not ( always ( x_5 <= 551.69 ) ) ) and ( always[12,inf] ( x_1 <= 9.85 ) ) ) and ( always[27,inf] ( x_5 <= 75.93 ) )"
939,62,6,5,3,"[[2636, -1.0, 1.8533506393432617], [5071, -1.0, 0.09996989369392395], [559, 1.0, 0.159471794962883]]",0.935950766939138,18,10,24,24,1.0,0.12698412698412698,33,28,0.8484848484848485,0.13270142180094788,"( ( not ( always ( x_5 <= 655.16 ) ) ) and ( not ( eventually[17,inf] ( x_1 >= 119.24 ) ) ) ) and ( always[27,inf] ( x_5 <= 43.39 ) )"
940,62,42,2,3,"[[7825, -1.0, 0.2459287941455841], [3990, -1.0, 0.48898017406463623], [6670, 1.0, 0.2598058581352234]]",0.9835173095303105,18,10,98,98,1.0,0.07318894697535475,98,95,0.9693877551020408,0.07296466973886329,( ( not ( eventually ( x_2 <= -9.12 ) ) ) and ( not ( eventually ( x_3 >= 9.73 ) ) ) ) and ( always ( x_0 <= 31.67 ) )
941,62,42,2,3,"[[7825, -1.0, 0.25136059522628784], [2636, 1.0, 0.15394757688045502], [6670, 1.0, 0.3468719720840454]]",0.9929288613379147,16,9,471,470,0.9978768577494692,0.351008215085885,463,462,0.9978401727861771,0.3548387096774194,( ( not ( eventually ( x_2 <= -6.1774 ) ) ) and ( always ( x_5 <= 137.86 ) ) ) and ( always ( x_0 <= 11.98 ) )
942,62,42,2,3,"[[1183, 1.0, 0.28234562277793884], [2636, 1.0, 0.23681005835533142], [3390, 1.0, 0.28016364574432373]]",0.9886452747903881,15,8,143,143,1.0,0.10679611650485436,124,113,0.9112903225806451,0.08678955453149001,"( ( always[8,27] ( x_1 >= -4.0464 ) ) and ( always ( x_5 <= 116.5 ) ) ) and ( always[12,inf] ( x_1 <= 2.64 ) )"
943,62,42,2,3,"[[7825, -1.0, 0.25252872705459595], [2636, 1.0, 0.31102895736694336], [9736, 1.0, 0.17203958332538605]]",0.9937939854916304,16,9,263,263,1.0,0.1964152352501867,197,192,0.9746192893401016,0.14746543778801843,"( ( not ( eventually ( x_2 <= -5.54 ) ) ) and ( always ( x_5 <= 97.38 ) ) ) and ( always[28,31] ( x_5 <= 6.75 ) )"
944,62,88,10,3,"[[8005, -1.0, 0.09342555701732635], [5071, -1.0, 0.24693553149700165], [5500, -1.0, 0.12006044387817383]]",0.6419486412437596,17,11,64,46,0.71875,0.3026315789473684,64,41,0.640625,0.2662337662337662,"( ( not ( always[21,24] ( x_0 >= -27.37 ) ) ) and ( not ( eventually[17,inf] ( x_1 >= 9.49 ) ) ) ) and ( not ( eventually[0,31] ( x_2 <= -75.19 ) ) )"
945,62,6,5,3,"[[2636, -1.0, 1.8533506393432617], [5071, -1.0, 0.09996989369392395], [1462, 1.0, 0.2125386893749237]]",0.9204367490813241,18,10,19,19,1.0,0.10052910052910052,17,15,0.8823529411764706,0.07109004739336493,"( ( not ( always ( x_5 <= 655.16 ) ) ) and ( not ( eventually[17,inf] ( x_1 >= 119.24 ) ) ) ) and ( always[11,inf] ( x_0 >= -11.45 ) )"
946,62,42,2,3,"[[7825, -1.0, 0.2500096261501312], [2979, 1.0, 0.14267802238464355], [6670, 1.0, 0.3177937865257263]]",0.991574528073396,17,9,395,394,0.9974683544303797,0.29424943988050783,356,354,0.9943820224719101,0.271889400921659,"( ( not ( eventually ( x_2 <= -6.91 ) ) ) and ( always[4,33] ( x_5 <= 55.61 ) ) ) and ( always ( x_0 <= 18.56 ) )"
947,62,42,2,3,"[[7825, -1.0, 0.240497887134552], [2979, 1.0, 0.14752092957496643], [6670, 1.0, 0.011871324852108955]]",0.995880080692477,17,9,397,397,1.0,0.29648991784914114,368,361,0.9809782608695652,0.2772657450076805,"( ( not ( eventually ( x_2 <= -12.0665 ) ) ) and ( always[4,33] ( x_5 <= 43.75 ) ) ) and ( always ( x_0 <= 87.75 ) )"
948,62,6,5,3,"[[2636, -1.0, 0.34032851457595825], [559, 1.0, 0.0], [6670, 1.0, 0.27012282609939575]]",0.927105447187666,16,9,64,62,0.96875,0.328042328042328,61,57,0.9344262295081968,0.27014218009478674,"( ( not ( always ( x_5 <= 265.24 ) ) ) and ( always[27,inf] ( x_5 <= 79.26 ) ) ) and ( always ( x_0 <= 29.34 ) )"
949,62,42,2,3,"[[1462, 1.0, 0.25280308723449707], [3990, -1.0, 0.3927900195121765], [4869, 1.0, 0.2954775094985962]]",0.9942502423930883,18,9,284,284,1.0,0.21209858103061988,283,278,0.9823321554770318,0.21351766513056836,"( ( always[11,inf] ( x_0 >= -5.31 ) ) and ( not ( eventually ( x_3 >= 48.22 ) ) ) ) and ( always ( x_1 >= -4.5357 ) )"
950,62,42,2,3,"[[7825, -1.0, 0.25330597162246704], [2636, 1.0, 0.19827580451965332], [6670, 1.0, 0.29133862257003784]]",0.9883718246294434,16,9,530,527,0.9943396226415094,0.39357729648991785,499,496,0.9939879759519038,0.38095238095238093,( ( not ( eventually ( x_2 <= -5.12 ) ) ) and ( always ( x_5 <= 126.44 ) ) ) and ( always ( x_0 <= 24.54 ) )
951,62,42,2,3,"[[333, -1.0, 0.3424757421016693], [3990, -1.0, 0.20771408081054688], [6670, 1.0, 0.018576605245471]]",0.9934420616781174,17,10,508,507,0.9980314960629921,0.3786407766990291,498,489,0.9819277108433735,0.37557603686635943,( ( not ( eventually ( x_5 <= -19.68 ) ) ) and ( not ( eventually ( x_3 >= 122.27 ) ) ) ) and ( always ( x_0 <= 86.23 ) )
952,62,42,2,3,"[[7825, -1.0, 0.24715818464756012], [5264, 1.0, 0.2128935158252716], [6670, 1.0, 0.32511216402053833]]",0.9942300424575772,17,9,283,283,1.0,0.21135175504107542,293,288,0.9829351535836177,0.22119815668202766,( ( not ( eventually ( x_2 <= -8.46 ) ) ) and ( always ( x_4 <= 38.22 ) ) ) and ( always ( x_0 <= 16.9 ) )
953,62,6,5,3,"[[2636, -1.0, 0.4259307384490967], [3390, 1.0, 0.2790350317955017], [559, 1.0, 0.014817647635936737]]",0.9163861567630498,17,9,18,18,1.0,0.09523809523809523,22,17,0.7727272727272727,0.08056872037914692,"( ( not ( always ( x_5 <= 287.3 ) ) ) and ( always[12,inf] ( x_1 <= 3.57 ) ) ) and ( always[27,inf] ( x_5 <= 75.93 ) )"
954,62,42,2,3,"[[7825, -1.0, 0.24739685654640198], [3390, 1.0, 0.2809258699417114], [333, -1.0, 0.17531132698059082]]",0.9782876406531616,18,10,74,74,1.0,0.05526512322628827,51,43,0.8431372549019608,0.03302611367127496,"( ( not ( eventually ( x_2 <= -8.33 ) ) ) and ( always[12,inf] ( x_1 <= 2.02 ) ) ) and ( not ( eventually ( x_5 <= -64.05 ) ) )"
955,62,6,5,3,"[[2636, -1.0, 0.25832241773605347], [559, 1.0, 0.0], [6670, 1.0, 0.09268765151500702]]",0.9064348997500519,16,11,105,99,0.9428571428571428,0.5238095238095238,108,96,0.8888888888888888,0.4549763033175355,"( ( not ( always ( x_5 <= 244.11 ) ) ) and ( always[27,inf] ( x_5 <= 79.26 ) ) ) and ( always ( ( x_0 <= 69.47 ) or ( x_5 >= 1183.87 ) ) )"
956,62,62,6,3,"[[2636, -1.0, 0.012482235208153725], [9569, -1.0, 0.0776493102312088], [2979, 1.0, 0.0900755524635315]]",0.9163861567630498,18,10,18,18,1.0,0.2571428571428571,26,12,0.46153846153846156,0.13793103448275862,"( ( not ( always ( x_5 <= 180.75 ) ) ) and ( not ( eventually ( x_5 >= 204.45 ) ) ) ) and ( always[4,33] ( x_5 <= 184.42 ) )"
957,62,42,2,3,"[[1462, 1.0, 0.25280308723449707], [2636, 1.0, 0.0], [3390, 1.0, 0.27708321809768677]]",0.9843794827298127,16,11,306,304,0.9934640522875817,0.2270351008215086,297,291,0.9797979797979798,0.22350230414746544,"( ( ( always[12,28] ( x_3 <= -955.33 ) ) or ( always[11,inf] ( x_0 >= -5.31 ) ) ) and ( always ( x_5 <= 177.53 ) ) ) and ( always[12,inf] ( x_1 <= 5.17 ) )"
958,62,92,12,2,"[[5071, 1.0, 2.4887237548828125], [1949, 1.0, 0.23875194787979126]]",0.9640164554058636,9,9,44,44,1.0,0.4489795918367347,56,54,0.9642857142857143,0.5294117647058824,"( ( eventually[17,inf] ( x_1 >= 2052.45 ) ) and ( always ( x_3 >= -6584.62 ) ) ) and ( always[9,inf] ( eventually[6,18] ( x_2 <= -251.02 ) ) )"
959,62,6,5,3,"[[2636, -1.0, 0.18379655480384827], [559, 1.0, 0.12525314092636108], [6670, 1.0, 0.1630564033985138]]",0.8753239981284938,16,11,88,81,0.9204545454545454,0.42857142857142855,90,80,0.8888888888888888,0.3791469194312796,"( ( not ( always ( x_5 <= 224.9 ) ) ) and ( always[27,inf] ( x_5 <= 51.09 ) ) ) and ( always ( ( x_0 <= 53.55 ) or ( x_5 >= 1199.78 ) ) )"
960,62,42,2,3,"[[1462, 1.0, 0.25280308723449707], [3990, -1.0, 0.30367976427078247], [9226, -1.0, 0.2696881592273712]]",0.9832946911798514,19,13,286,284,0.993006993006993,0.21209858103061988,275,266,0.9672727272727273,0.20430107526881722,"( ( ( always[12,28] ( x_3 <= -955.33 ) ) or ( always[11,inf] ( x_0 >= -5.31 ) ) ) and ( not ( eventually ( x_3 >= 83.87 ) ) ) ) and ( not ( eventually[29,inf] ( x_2 >= 2.36 ) ) )"
961,62,95,13,3,"[[559, -1.0, 0.7291029095649719], [7008, -1.0, 0.20639045536518097], [2338, 1.0, 0.2877979278564453]]",0.8296711635082987,18,10,8,8,1.0,0.06015037593984962,9,5,0.5555555555555556,0.0423728813559322,"( ( not ( always[27,inf] ( x_5 <= 243.25 ) ) ) and ( not ( eventually[7,25] ( x_4 >= 26.19 ) ) ) ) and ( always[16,27] ( x_1 <= 2.76 ) )"
962,62,42,2,3,"[[7825, -1.0, 0.2463223785161972], [3226, 1.0, 0.3261832594871521], [1462, 1.0, 0.19726276397705078]]",0.988093990816329,17,9,279,278,0.996415770609319,0.20761762509335324,271,264,0.974169741697417,0.20276497695852536,"( ( not ( eventually ( x_2 <= -8.91 ) ) ) and ( always[4,inf] ( x_4 <= 26.16 ) ) ) and ( always[11,inf] ( x_0 >= -13.79 ) )"
963,62,42,2,3,"[[7825, -1.0, 0.2500096261501312], [2636, 1.0, 0.48685264587402344], [6670, 1.0, 0.011871324852108955]]",0.9955926257239869,16,9,371,371,1.0,0.2770724421209858,332,332,1.0,0.25499231950844853,( ( not ( eventually ( x_2 <= -6.91 ) ) ) and ( always ( x_5 <= 52.07 ) ) ) and ( always ( x_0 <= 87.75 ) )
964,62,42,2,3,"[[7825, -1.0, 0.24892975389957428], [2636, 1.0, 0.3349437713623047], [6670, 1.0, 0.3468719720840454]]",0.9961684273110172,16,9,427,427,1.0,0.3188946975354742,425,423,0.9952941176470588,0.3248847926267281,( ( not ( eventually ( x_2 <= -7.4953 ) ) ) and ( always ( x_5 <= 91.21 ) ) ) and ( always ( x_0 <= 11.98 ) )
965,62,42,2,3,"[[7825, -1.0, 0.25412285327911377], [2636, 1.0, 0.02867048978805542], [9736, 1.0, 0.17209899425506592]]",0.9942703013868734,16,9,285,285,1.0,0.2128454070201643,221,214,0.9683257918552036,0.16436251920122888,"( ( not ( eventually ( x_2 <= -4.68 ) ) ) and ( always ( x_5 <= 170.14 ) ) ) and ( always[28,31] ( x_5 <= 6.7 ) )"
966,62,6,5,3,"[[2636, -1.0, 1.1044087409973145], [6670, 1.0, 0.058052703738212585], [559, 1.0, 0.014817647635936737]]",0.9655270243074291,16,11,46,46,1.0,0.24338624338624337,41,40,0.975609756097561,0.1895734597156398,"( ( not ( always ( x_5 <= 462.15 ) ) ) and ( always ( ( x_0 <= 77.3 ) or ( x_5 >= 1176.03 ) ) ) ) and ( always[27,inf] ( x_5 <= 75.93 ) )"
967,62,62,6,3,"[[2636, -1.0, 0.012482235208153725], [9569, -1.0, 0.0727098360657692], [4869, 1.0, 0.27451735734939575]]",0.7714200018516574,18,10,36,31,0.8611111111111112,0.44285714285714284,40,26,0.65,0.2988505747126437,( ( not ( always ( x_5 <= 180.75 ) ) ) and ( not ( eventually ( x_5 >= 211.63 ) ) ) ) and ( always ( x_1 >= -7.58 ) )
968,62,6,5,3,"[[2636, -1.0, 0.5448265075683594], [5071, -1.0, 0.2299327403306961], [6670, 1.0, 0.1838090866804123]]",0.8302229341973094,17,12,71,63,0.8873239436619719,0.3333333333333333,71,61,0.8591549295774648,0.2890995260663507,"( ( not ( always ( x_5 <= 317.94 ) ) ) and ( not ( eventually[17,inf] ( x_1 >= 22.19 ) ) ) ) and ( always ( ( x_0 <= 48.86 ) or ( x_5 >= 1204.48 ) ) )"
969,62,62,6,3,"[[2636, -1.0, 0.003812121693044901], [6670, 1.0, 0.37789952754974365], [4968, -1.0, 0.1258593499660492]]",0.8099625940446661,16,10,7,7,1.0,0.1,12,5,0.4166666666666667,0.05747126436781609,"( ( not ( always ( x_5 <= 178.52 ) ) ) and ( always ( x_0 <= 4.96 ) ) ) and ( not ( eventually[3,18] ( x_5 >= 90.41 ) ) )"
970,62,6,5,3,"[[2636, -1.0, 1.8533506393432617], [5071, -1.0, 0.09996989369392395], [559, 1.0, 0.159471794962883]]",0.935950766939138,18,10,24,24,1.0,0.12698412698412698,33,28,0.8484848484848485,0.13270142180094788,"( ( not ( always ( x_5 <= 655.16 ) ) ) and ( not ( eventually[17,inf] ( x_1 >= 119.24 ) ) ) ) and ( always[27,inf] ( x_5 <= 43.39 ) )"
971,62,95,13,3,"[[559, -1.0, 0.7291029095649719], [3226, 1.0, 0.07190446555614471], [6844, -1.0, 0.1798669695854187]]",0.8700897188124962,17,10,11,11,1.0,0.08270676691729323,9,3,0.3333333333333333,0.025423728813559324,"( ( not ( always[27,inf] ( x_5 <= 243.25 ) ) ) and ( always[4,inf] ( x_4 <= 237.53 ) ) ) and ( not ( eventually[2,7] ( x_2 >= 4.38 ) ) )"
972,62,62,6,3,"[[2636, -1.0, 0.003812121693044901], [6670, 1.0, 0.34329479932785034], [3990, -1.0, 0.009647328406572342]]",0.629130020253943,17,10,34,25,0.7352941176470589,0.35714285714285715,31,21,0.6774193548387096,0.2413793103448276,( ( not ( always ( x_5 <= 178.52 ) ) ) and ( always ( x_0 <= 12.79 ) ) ) and ( not ( eventually ( x_3 >= 201.53 ) ) )
973,62,6,5,3,"[[2636, -1.0, 1.4518537521362305], [6670, 1.0, 0.1277111917734146], [8090, 1.0, 0.12439229339361191]]",0.9464018553882751,16,16,29,29,1.0,0.15343915343915343,18,15,0.8333333333333334,0.07109004739336493,"( ( not ( always ( ( x_5 <= 551.69 ) or ( x_5 >= 1664.49 ) ) ) ) and ( always ( ( x_0 <= 61.55 ) or ( x_5 >= 1191.79 ) ) ) ) and ( ( always[27,inf] ( x_4 >= -12.45 ) ) and ( eventually[28,30] ( x_4 <= 16245.67 ) ) )"
974,62,42,2,3,"[[7825, -1.0, 0.24715818464756012], [6670, 1.0, 0.31754985451698303], [2636, 1.0, 0.003990222699940205]]",0.9779726169894847,16,9,676,666,0.985207100591716,0.49738610903659447,636,625,0.9827044025157232,0.48003072196620583,( ( not ( eventually ( x_2 <= -8.46 ) ) ) and ( always ( x_0 <= 18.61 ) ) ) and ( always ( x_5 <= 176.5 ) )
975,62,95,13,3,"[[559, -1.0, 0.7291029095649719], [7008, -1.0, 0.20271772146224976], [3226, 1.0, 0.11787046492099762]]",0.7582809685228542,18,10,12,11,0.9166666666666666,0.08270676691729323,7,3,0.42857142857142855,0.025423728813559324,"( ( not ( always[27,inf] ( x_5 <= 243.25 ) ) ) and ( not ( eventually[7,25] ( x_4 >= 30.64 ) ) ) ) and ( always[4,inf] ( x_4 <= 199.32 ) )"
976,62,42,2,3,"[[7825, -1.0, 0.2541652023792267], [6670, 1.0, 0.37992990016937256], [7008, -1.0, 0.20671415328979492]]",0.991430003827901,18,10,190,190,1.0,0.14189693801344286,166,165,0.9939759036144579,0.12672811059907835,"( ( not ( eventually ( x_2 <= -4.66 ) ) ) and ( always ( x_0 <= 4.5 ) ) ) and ( not ( eventually[7,25] ( x_4 >= 25.8 ) ) )"
977,62,42,2,2,"[[7825, -1.0, 0.25412285327911377], [9736, 1.0, 0.18012940883636475]]",0.9757197403351059,11,6,66,66,1.0,0.04929051530993279,49,41,0.8367346938775511,0.0314900153609831,"( not ( eventually ( x_2 <= -4.68 ) ) ) and ( always[28,31] ( x_5 <= 1.23 ) )"
978,62,88,10,3,"[[8005, -1.0, 0.020535212010145187], [3390, 1.0, 0.22464774549007416], [83, 1.0, 0.04357972741127014]]",0.4668502796747697,14,11,126,66,0.5238095238095238,0.4342105263157895,144,63,0.4375,0.4090909090909091,"( ( not ( always[21,24] ( x_0 >= -17.14 ) ) ) and ( always[12,inf] ( x_1 <= 48.14 ) ) ) and ( always[29,inf] ( ( x_0 >= 32.5 ) or ( x_1 <= 2.166 ) ) )"
979,62,62,6,3,"[[2636, -1.0, 0.012482235208153725], [9569, -1.0, 0.09137018024921417], [4869, 1.0, 0.1540294885635376]]",0.8796122753143348,18,7,12,12,1.0,0.17142857142857143,15,6,0.4,0.06896551724137931,( not ( always ( x_5 <= 180.75 ) ) ) and ( not ( eventually ( x_5 >= 184.52 ) ) )
980,62,6,5,3,"[[7339, 1.0, 0.027574433013796806], [5071, -1.0, 0.16176629066467285], [6670, 1.0, 0.1353210210800171]]",0.9655270243074291,17,11,46,46,1.0,0.24338624338624337,36,32,0.8888888888888888,0.15165876777251186,"( ( eventually[7,27] ( x_5 >= 368.2 ) ) and ( not ( eventually[17,inf] ( x_1 >= 73.09 ) ) ) ) and ( always ( ( x_0 <= 59.83 ) or ( x_5 >= 1193.51 ) ) )"
981,62,95,13,3,"[[2636, -1.0, 0.24615469574928284], [5339, -1.0, 0.14775624871253967], [4869, 1.0, 0.31133976578712463]]",0.5746713830471678,18,13,6,5,0.8333333333333334,0.03759398496240601,10,4,0.4,0.03389830508474576,"( ( not ( always ( x_5 <= 240.97 ) ) ) and ( not ( eventually[0,11] ( x_5 >= 64.63 ) ) ) ) and ( ( always ( x_1 >= -2.23 ) ) or ( eventually[10,14] ( x_0 <= -593.74 ) ) )"
982,62,42,2,3,"[[7825, -1.0, 0.24828489124774933], [2636, 1.0, 0.3395971655845642], [6670, 1.0, 0.3468719720840454]]",0.9962038521599509,16,9,431,431,1.0,0.321882001493652,423,421,0.9952718676122931,0.32334869431643626,( ( not ( eventually ( x_2 <= -7.84 ) ) ) and ( always ( x_5 <= 90.0153 ) ) ) and ( always ( x_0 <= 11.98 ) )
983,62,42,2,3,"[[7825, -1.0, 0.24828489124774933], [2636, 1.0, 0.3395971655845642], [6670, 1.0, 0.34681904315948486]]",0.9962038521599509,16,9,431,431,1.0,0.321882001493652,423,421,0.9952718676122931,0.32334869431643626,( ( not ( eventually ( x_2 <= -7.84 ) ) ) and ( always ( x_5 <= 90.0153 ) ) ) and ( always ( x_0 <= 11.99 ) )
984,62,95,13,3,"[[559, -1.0, 0.7291029095649719], [7008, -1.0, 0.20583336055278778], [1462, 1.0, 0.11704940348863602]]",0.7605059030210016,19,10,29,25,0.8620689655172413,0.18796992481203006,30,16,0.5333333333333333,0.13559322033898305,"( ( not ( always[27,inf] ( x_5 <= 243.25 ) ) ) and ( not ( eventually[7,25] ( x_4 >= 26.87 ) ) ) ) and ( always[11,inf] ( x_0 >= -26.03 ) )"
985,62,88,10,3,"[[6844, -1.0, 0.18608662486076355], [83, 1.0, 0.05231478065252304], [7825, -1.0, 0.07343243062496185]]",0.6777573397174032,17,12,54,41,0.7592592592592593,0.26973684210526316,58,40,0.6896551724137931,0.2597402597402597,"( ( not ( eventually[2,7] ( x_2 >= -0.22 ) ) ) and ( always[29,inf] ( ( x_0 >= 33.43 ) or ( x_1 <= 1.2285 ) ) ) ) and ( not ( eventually ( x_2 <= -102.64 ) ) )"
986,62,42,2,3,"[[7825, -1.0, 0.2500096261501312], [2636, 1.0, 0.48685264587402344], [6670, 1.0, 0.011871324852108955]]",0.9955926257239869,16,9,371,371,1.0,0.2770724421209858,332,332,1.0,0.25499231950844853,( ( not ( eventually ( x_2 <= -6.91 ) ) ) and ( always ( x_5 <= 52.07 ) ) ) and ( always ( x_0 <= 87.75 ) )
987,62,42,2,3,"[[333, -1.0, 0.3424757421016693], [2636, 1.0, 0.32410234212875366], [6670, 1.0, 0.011871324852108955]]",0.9932704587484406,15,9,495,494,0.997979797979798,0.36893203883495146,470,465,0.9893617021276596,0.35714285714285715,( ( not ( eventually ( x_5 <= -19.68 ) ) ) and ( always ( x_5 <= 94.01 ) ) ) and ( always ( x_0 <= 87.75 ) )
988,62,42,2,3,"[[7825, -1.0, 0.24849474430084229], [2636, 1.0, 0.15394757688045502], [6670, 1.0, 0.2418779730796814]]",0.9732648484256735,16,9,733,719,0.9809004092769441,0.5369678864824496,697,679,0.9741750358680057,0.521505376344086,( ( not ( eventually ( x_2 <= -7.73 ) ) ) and ( always ( x_5 <= 137.86 ) ) ) and ( always ( x_0 <= 35.73 ) )
989,62,6,5,3,"[[2636, -1.0, 1.8533506393432617], [5071, -1.0, 0.0], [636, -1.0, 0.10912859439849854]]",0.9305325943024827,19,14,22,22,1.0,0.1164021164021164,19,12,0.631578947368421,0.05687203791469194,"( ( not ( always ( x_5 <= 655.16 ) ) ) and ( not ( eventually[17,inf] ( x_1 >= 193.9 ) ) ) ) and ( not ( ( always[7,10] ( x_5 >= 2950.03 ) ) or ( eventually[26,29] ( x_4 <= -3.28 ) ) ) )"
990,62,6,5,3,"[[2636, -1.0, 0.11396955698728561], [559, 1.0, 0.03605634719133377], [6670, 1.0, 0.10801416635513306]]",0.847887095252167,16,11,126,112,0.8888888888888888,0.5925925925925926,140,112,0.8,0.5308056872037915,"( ( not ( always ( x_5 <= 206.9 ) ) ) and ( always[27,inf] ( x_5 <= 71.15 ) ) ) and ( always ( ( x_0 <= 66.0 ) or ( x_5 >= 1187.33 ) ) )"
991,62,62,6,3,"[[2636, -1.0, 0.012482235208153725], [5264, 1.0, 0.09879960864782333], [2979, 1.0, 0.0900755524635315]]",0.621094663790662,17,9,27,20,0.7407407407407407,0.2857142857142857,20,12,0.6,0.13793103448275862,"( ( not ( always ( x_5 <= 180.75 ) ) ) and ( always ( x_4 <= 208.92 ) ) ) and ( always[4,33] ( x_5 <= 184.42 ) )"
992,62,95,13,3,"[[559, -1.0, 0.7291029095649719], [7008, -1.0, 0.20639045536518097], [1462, 1.0, 0.21936741471290588]]",0.8589313179094591,19,10,10,10,1.0,0.07518796992481203,14,6,0.42857142857142855,0.05084745762711865,"( ( not ( always[27,inf] ( x_5 <= 243.25 ) ) ) and ( not ( eventually[7,25] ( x_4 >= 26.19 ) ) ) ) and ( always[11,inf] ( x_0 >= -10.41 ) )"
993,62,6,5,3,"[[2636, -1.0, 1.8533506393432617], [5071, -1.0, 0.09996989369392395], [559, 1.0, 0.159471794962883]]",0.935950766939138,18,10,24,24,1.0,0.12698412698412698,33,28,0.8484848484848485,0.13270142180094788,"( ( not ( always ( x_5 <= 655.16 ) ) ) and ( not ( eventually[17,inf] ( x_1 >= 119.24 ) ) ) ) and ( always[27,inf] ( x_5 <= 43.39 ) )"
994,62,42,2,3,"[[7825, -1.0, 0.24828489124774933], [2636, 1.0, 0.3395971655845642], [6670, 1.0, 0.3468719720840454]]",0.9962038521599509,16,9,431,431,1.0,0.321882001493652,423,421,0.9952718676122931,0.32334869431643626,( ( not ( eventually ( x_2 <= -7.84 ) ) ) and ( always ( x_5 <= 90.0153 ) ) ) and ( always ( x_0 <= 11.98 ) )
995,62,6,5,3,"[[7339, 1.0, 0.0459437221288681], [3390, 1.0, 0.25626617670059204], [599, -1.0, 0.004144921898841858]]",0.9069074050633751,16,10,16,16,1.0,0.08465608465608465,20,18,0.9,0.08530805687203792,"( ( eventually[7,27] ( x_5 >= 404.08 ) ) and ( always[12,inf] ( x_1 <= 22.23 ) ) ) and ( not ( eventually[10,18] ( always[7,12] ( x_0 >= -0.82 ) ) ) )"
996,62,6,5,3,"[[2636, -1.0, 1.8533506393432617], [5071, -1.0, 0.09996989369392395], [559, 1.0, 0.159471794962883]]",0.935950766939138,18,10,24,24,1.0,0.12698412698412698,33,28,0.8484848484848485,0.13270142180094788,"( ( not ( always ( x_5 <= 655.16 ) ) ) and ( not ( eventually[17,inf] ( x_1 >= 119.24 ) ) ) ) and ( always[27,inf] ( x_5 <= 43.39 ) )"
997,62,42,2,3,"[[7825, -1.0, 0.2500096261501312], [2636, 1.0, 0.48685264587402344], [6670, 1.0, 0.011871324852108955]]",0.9955926257239869,16,9,371,371,1.0,0.2770724421209858,332,332,1.0,0.25499231950844853,( ( not ( eventually ( x_2 <= -6.91 ) ) ) and ( always ( x_5 <= 52.07 ) ) ) and ( always ( x_0 <= 87.75 ) )
998,62,42,2,3,"[[7825, -1.0, 0.24715818464756012], [5264, 1.0, 0.2048414945602417], [6670, 1.0, 0.32511216402053833]]",0.9906036482515921,17,9,354,353,0.9971751412429378,0.26362957430918593,346,336,0.9710982658959537,0.25806451612903225,( ( not ( eventually ( x_2 <= -8.46 ) ) ) and ( always ( x_4 <= 50.26 ) ) ) and ( always ( x_0 <= 16.9 ) )
999,62,42,2,3,"[[7825, -1.0, 0.2500096261501312], [2636, 1.0, 0.48685264587402344], [6670, 1.0, 0.011871324852108955]]",0.9955926257239869,16,9,371,371,1.0,0.2770724421209858,332,332,1.0,0.25499231950844853,( ( not ( eventually ( x_2 <= -6.91 ) ) ) and ( always ( x_5 <= 52.07 ) ) ) and ( always ( x_0 <= 87.75 ) )
1000,62,42,2,3,"[[7825, -1.0, 0.25412285327911377], [2636, 1.0, 0.02867048978805542], [9736, 1.0, 0.17209899425506592]]",0.9942703013868734,16,9,285,285,1.0,0.2128454070201643,221,214,0.9683257918552036,0.16436251920122888,"( ( not ( eventually ( x_2 <= -4.68 ) ) ) and ( always ( x_5 <= 170.14 ) ) ) and ( always[28,31] ( x_5 <= 6.7 ) )"
1001,62,6,5,3,"[[2636, -1.0, 0.32725512981414795], [559, 1.0, 0.0], [6670, 1.0, 0.31786611676216125]]",0.9585702309869168,16,9,38,38,1.0,0.20105820105820105,34,32,0.9411764705882353,0.15165876777251186,"( ( not ( always ( x_5 <= 261.87 ) ) ) and ( always[27,inf] ( x_5 <= 79.26 ) ) ) and ( always ( x_0 <= 18.54 ) )"
1002,62,42,2,3,"[[333, -1.0, 0.3424757421016693], [3990, -1.0, 0.13372763991355896], [6670, 1.0, 0.018576605245471]]",0.9913000936286803,17,10,551,549,0.9963702359346642,0.4100074682598954,534,523,0.9794007490636704,0.40168970814132104,( ( not ( eventually ( x_5 <= -19.68 ) ) ) and ( not ( eventually ( x_3 >= 151.88 ) ) ) ) and ( always ( x_0 <= 86.23 ) )
1003,62,6,5,3,"[[7339, 1.0, 0.027574433013796806], [5071, -1.0, 0.16176629066467285], [6670, 1.0, 0.1353210210800171]]",0.9655270243074291,17,11,46,46,1.0,0.24338624338624337,36,32,0.8888888888888888,0.15165876777251186,"( ( eventually[7,27] ( x_5 >= 368.2 ) ) and ( not ( eventually[17,inf] ( x_1 >= 73.09 ) ) ) ) and ( always ( ( x_0 <= 59.83 ) or ( x_5 >= 1193.51 ) ) )"
1004,62,62,6,3,"[[2636, -1.0, 0.012482235208153725], [9569, -1.0, 0.0776493102312088], [2979, 1.0, 0.0900755524635315]]",0.9163861567630498,18,10,18,18,1.0,0.2571428571428571,26,12,0.46153846153846156,0.13793103448275862,"( ( not ( always ( x_5 <= 180.75 ) ) ) and ( not ( eventually ( x_5 >= 204.45 ) ) ) ) and ( always[4,33] ( x_5 <= 184.42 ) )"
1005,62,42,2,3,"[[7825, -1.0, 0.2529970705509186], [6670, 1.0, 0.34681904315948486], [2636, 1.0, 0.005502187646925449]]",0.9929586467743067,16,9,473,472,0.9978858350951374,0.3525018670649739,453,452,0.9977924944812362,0.34715821812596004,( ( not ( eventually ( x_2 <= -5.29 ) ) ) and ( always ( x_0 <= 11.99 ) ) ) and ( always ( x_5 <= 176.11 ) )
1006,62,62,6,3,"[[2636, -1.0, 0.012482235208153725], [9569, -1.0, 0.08782810717821121], [4869, 1.0, 0.26941952109336853]]",0.8012986329005676,18,10,15,14,0.9333333333333333,0.2,16,8,0.5,0.09195402298850575,( ( not ( always ( x_5 <= 180.75 ) ) ) and ( not ( eventually ( x_5 >= 189.67 ) ) ) ) and ( always ( x_1 >= -8.32 ) )
1007,62,62,6,3,"[[2636, -1.0, 0.003812121693044901], [6670, 1.0, 0.3467230200767517], [9569, -1.0, 0.05429051071405411]]",0.700808017619278,17,13,35,28,0.8,0.4,26,18,0.6923076923076923,0.20689655172413793,"( ( not ( always ( x_5 <= 178.52 ) ) ) and ( always ( x_0 <= 12.01 ) ) ) and ( not ( ( eventually ( x_5 >= 238.38 ) ) and ( always[16,inf] ( x_4 <= 37708.58 ) ) ) )"
1008,62,62,6,3,"[[2636, -1.0, 0.003812121693044901], [6670, 1.0, 0.34329479932785034], [5264, 1.0, 0.08400838822126389]]",0.6841772660975199,16,12,33,26,0.7878787878787878,0.37142857142857144,34,21,0.6176470588235294,0.2413793103448276,( ( not ( always ( x_5 <= 178.52 ) ) ) and ( always ( x_0 <= 12.79 ) ) ) and ( ( always ( x_4 <= 231.05 ) ) or ( eventually ( x_5 >= 56670.49 ) ) )
1009,62,42,2,3,"[[7825, -1.0, 0.2551865577697754], [3226, 1.0, 0.3117409944534302], [6670, 1.0, 0.29133862257003784]]",0.9946088444908465,16,9,303,303,1.0,0.22628827483196415,282,280,0.9929078014184397,0.21505376344086022,"( ( not ( eventually ( x_2 <= -4.1 ) ) ) and ( always[4,inf] ( x_4 <= 38.17 ) ) ) and ( always ( x_0 <= 24.54 ) )"
1010,62,42,2,3,"[[7825, -1.0, 0.25003212690353394], [2636, 1.0, 0.3831334114074707], [6670, 1.0, 0.30489593744277954]]",0.9894494103613496,16,9,454,452,0.9955947136563876,0.33756534727408516,436,432,0.9908256880733946,0.3317972350230415,( ( not ( eventually ( x_2 <= -6.9 ) ) ) and ( always ( x_5 <= 78.8 ) ) ) and ( always ( x_0 <= 21.47 ) )
1011,62,95,13,3,"[[559, -1.0, 0.6361140608787537], [7008, -1.0, 0.20639045536518097], [1462, 1.0, 0.1537838876247406]]",0.7352681917666174,19,10,26,22,0.8461538461538461,0.16541353383458646,32,16,0.5,0.13559322033898305,"( ( not ( always[27,inf] ( x_5 <= 222.33 ) ) ) and ( not ( eventually[7,25] ( x_4 >= 26.19 ) ) ) ) and ( always[11,inf] ( x_0 >= -20.42 ) )"
1012,62,42,2,3,"[[333, -1.0, 0.3424757421016693], [2636, 1.0, 0.0], [6670, 1.0, 0.018576605245471]]",0.994699995075089,15,9,629,628,0.9984101748807631,0.4690067214339059,592,583,0.9847972972972973,0.4477726574500768,( ( not ( eventually ( x_5 <= -19.68 ) ) ) and ( always ( x_5 <= 177.53 ) ) ) and ( always ( x_0 <= 86.23 ) )
1013,62,42,2,3,"[[7825, -1.0, 0.2551865577697754], [3226, 1.0, 0.3116869628429413], [6670, 1.0, 0.29133862257003784]]",0.9946088444908465,16,9,303,303,1.0,0.22628827483196415,282,280,0.9929078014184397,0.21505376344086022,"( ( not ( eventually ( x_2 <= -4.1 ) ) ) and ( always[4,inf] ( x_4 <= 38.21 ) ) ) and ( always ( x_0 <= 24.54 ) )"
1014,62,42,2,3,"[[7825, -1.0, 0.24892975389957428], [2636, 1.0, 0.0], [6670, 1.0, 0.2418779730796814]]",0.9712439533663204,16,9,762,746,0.979002624671916,0.5571321882001493,717,697,0.9721059972105998,0.5353302611367128,( ( not ( eventually ( x_2 <= -7.4953 ) ) ) and ( always ( x_5 <= 177.53 ) ) ) and ( always ( x_0 <= 35.73 ) )
1015,62,42,2,3,"[[7825, -1.0, 0.25136059522628784], [2636, 1.0, 0.15394757688045502], [6670, 1.0, 0.2167234718799591]]",0.9807044715721351,16,9,647,639,0.9876352395672334,0.4772218073188947,609,601,0.986863711001642,0.46159754224270355,( ( not ( eventually ( x_2 <= -6.1774 ) ) ) and ( always ( x_5 <= 137.86 ) ) ) and ( always ( x_0 <= 41.42 ) )
1016,62,6,5,3,"[[2636, -1.0, 1.8533506393432617], [5071, -1.0, 0.09996989369392395], [1462, 1.0, 0.2125386893749237]]",0.9204367490813241,18,10,19,19,1.0,0.10052910052910052,17,15,0.8823529411764706,0.07109004739336493,"( ( not ( always ( x_5 <= 655.16 ) ) ) and ( not ( eventually[17,inf] ( x_1 >= 119.24 ) ) ) ) and ( always[11,inf] ( x_0 >= -11.45 ) )"
1017,62,42,2,2,"[[7825, -1.0, 0.24573515355587006], [2636, 1.0, 0.6276548504829407]]",0.9879804897845237,11,6,135,135,1.0,0.10082150858849888,115,112,0.9739130434782609,0.08602150537634409,( not ( eventually ( x_2 <= -9.23 ) ) ) and ( always ( x_5 <= 15.78 ) )
1018,62,6,5,3,"[[2636, -1.0, 0.4259307384490967], [3390, 1.0, 0.27902430295944214], [559, 1.0, 0.014817647635936737]]",0.9163861567630498,17,9,18,18,1.0,0.09523809523809523,22,17,0.7727272727272727,0.08056872037914692,"( ( not ( always ( x_5 <= 287.3 ) ) ) and ( always[12,inf] ( x_1 <= 3.58 ) ) ) and ( always[27,inf] ( x_5 <= 75.93 ) )"
1019,62,62,6,3,"[[2636, -1.0, 0.012482235208153725], [5264, 1.0, 0.09879960864782333], [8090, 1.0, 0.12980517745018005]]",0.5820584182626695,17,15,27,19,0.7037037037037037,0.2714285714285714,51,26,0.5098039215686274,0.2988505747126437,"( ( not ( always ( x_5 <= 180.75 ) ) ) and ( ( always ( x_4 <= 208.92 ) ) or ( eventually ( x_5 >= 56692.62 ) ) ) ) and ( ( always[27,inf] ( x_4 >= -8.23 ) ) and ( eventually[28,30] ( x_4 <= 16241.44 ) ) )"
1020,62,62,6,3,"[[2636, -1.0, 0.012482235208153725], [9569, -1.0, 0.09137018024921417], [4869, 1.0, 0.1540294885635376]]",0.8796122753143348,18,7,12,12,1.0,0.17142857142857143,15,6,0.4,0.06896551724137931,( not ( always ( x_5 <= 180.75 ) ) ) and ( not ( eventually ( x_5 >= 184.52 ) ) )
1021,62,6,5,3,"[[2636, -1.0, 1.4518537521362305], [5071, -1.0, 0.23554202914237976], [9114, -1.0, 0.027504630386829376]]",0.9069074050633751,18,11,16,16,1.0,0.08465608465608465,26,18,0.6923076923076923,0.08530805687203792,"( ( not ( always ( x_5 <= 551.69 ) ) ) and ( not ( eventually[17,inf] ( x_1 >= 18.0 ) ) ) ) and ( not ( always[4,5] ( x_0 >= -4.51 ) ) )"
1022,62,42,2,3,"[[1462, 1.0, 0.26178720593452454], [3226, 1.0, 0.25208401679992676], [3390, 1.0, 0.2716941237449646]]",0.9885034049512184,16,11,289,288,0.9965397923875432,0.2150858849887976,275,266,0.9672727272727273,0.20430107526881722,"( ( ( always[12,28] ( x_3 <= -956.7 ) ) or ( always[11,inf] ( x_0 >= -3.93 ) ) ) and ( always[4,inf] ( x_4 <= 87.76 ) ) ) and ( always[12,inf] ( x_1 <= 9.58 ) )"
1023,62,42,2,3,"[[7825, -1.0, 0.2538932263851166], [3226, 1.0, 0.3163267970085144], [6670, 1.0, 0.29133862257003784]]",0.9945910895397481,16,9,302,302,1.0,0.22554144884241972,277,273,0.9855595667870036,0.20967741935483872,"( ( not ( eventually ( x_2 <= -4.8 ) ) ) and ( always[4,inf] ( x_4 <= 34.35 ) ) ) and ( always ( x_0 <= 24.54 ) )"
1024,62,42,2,3,"[[1462, 1.0, 0.22333914041519165], [3990, -1.0, 0.3642653226852417], [4869, 1.0, 0.2982670068740845]]",0.9860950772878188,18,9,344,342,0.9941860465116279,0.2554144884241972,317,309,0.9747634069400631,0.23732718894009217,"( ( always[11,inf] ( x_0 >= -9.8 ) ) and ( not ( eventually ( x_3 >= 59.63 ) ) ) ) and ( always ( x_1 >= -4.13 ) )"
1025,62,6,5,3,"[[7339, 1.0, 0.027574433013796806], [5071, -1.0, 0.16176629066467285], [6670, 1.0, 0.1353210210800171]]",0.9655270243074291,17,11,46,46,1.0,0.24338624338624337,36,32,0.8888888888888888,0.15165876777251186,"( ( eventually[7,27] ( x_5 >= 368.2 ) ) and ( not ( eventually[17,inf] ( x_1 >= 73.09 ) ) ) ) and ( always ( ( x_0 <= 59.83 ) or ( x_5 >= 1193.51 ) ) )"
1026,62,95,13,3,"[[559, -1.0, 0.7291029095649719], [7008, -1.0, 0.20639045536518097], [1462, 1.0, 0.21936741471290588]]",0.8589313179094591,19,10,10,10,1.0,0.07518796992481203,14,6,0.42857142857142855,0.05084745762711865,"( ( not ( always[27,inf] ( x_5 <= 243.25 ) ) ) and ( not ( eventually[7,25] ( x_4 >= 26.19 ) ) ) ) and ( always[11,inf] ( x_0 >= -10.41 ) )"
1027,62,6,5,2,"[[7339, 1.0, 0.001719433581456542], [3990, -1.0, 0.41952088475227356]]",0.901313696340425,12,6,15,15,1.0,0.07936507936507936,15,13,0.8666666666666667,0.061611374407582936,"( eventually[7,27] ( x_5 >= 317.7 ) ) and ( not ( eventually ( x_3 >= 37.52 ) ) )"
1028,62,42,2,3,"[[7825, -1.0, 0.2500096261501312], [2636, 1.0, 0.48685264587402344], [6670, 1.0, 0.011871324852108955]]",0.9955926257239869,16,9,371,371,1.0,0.2770724421209858,332,332,1.0,0.25499231950844853,( ( not ( eventually ( x_2 <= -6.91 ) ) ) and ( always ( x_5 <= 52.07 ) ) ) and ( always ( x_0 <= 87.75 ) )
1029,62,42,2,2,"[[7825, -1.0, 0.24573515355587006], [2636, 1.0, 0.6276548504829407]]",0.9879804897845237,11,6,135,135,1.0,0.10082150858849888,115,112,0.9739130434782609,0.08602150537634409,( not ( eventually ( x_2 <= -9.23 ) ) ) and ( always ( x_5 <= 15.78 ) )
1030,64,95,13,3,"[[2636, -1.0, 0.25694307684898376], [2979, 1.0, 0.13534244894981384], [3990, 1.0, 0.1446830928325653]]",0.8099625940446661,17,9,7,7,1.0,0.05263157894736842,5,2,0.4,0.01694915254237288,"( ( not ( always ( x_5 <= 243.75 ) ) ) and ( always[4,33] ( x_5 <= 73.57 ) ) ) and ( eventually ( x_3 >= 263.29 ) )"
1031,64,42,2,3,"[[4869, 1.0, 0.29824012517929077], [5264, 1.0, 0.20822955667972565], [1462, 1.0, 0.1728527992963791]]",0.9844802632117505,17,8,308,306,0.9935064935064936,0.22852875280059745,288,281,0.9756944444444444,0.21582181259600614,"( ( always ( x_1 >= -4.13 ) ) and ( always ( x_4 <= 45.2 ) ) ) and ( always[11,inf] ( x_0 >= -17.51 ) )"
1032,64,42,2,3,"[[7825, -1.0, 0.25003212690353394], [2636, 1.0, 0.24350211024284363], [6670, 1.0, 0.29133862257003784]]",0.9812025080884182,16,9,599,592,0.988313856427379,0.4421209858103062,574,563,0.980836236933798,0.4324116743471582,( ( not ( eventually ( x_2 <= -6.9 ) ) ) and ( always ( x_5 <= 114.78 ) ) ) and ( always ( x_0 <= 24.54 ) )
1033,64,42,2,3,"[[4869, 1.0, 0.24656492471694946], [5264, 1.0, 0.22095143795013428], [1462, 1.0, 0.15776360034942627]]",0.9863987109957911,17,8,244,243,0.9959016393442623,0.18147871545929797,261,251,0.9616858237547893,0.19278033794162827,"( ( always ( x_1 >= -11.63 ) ) and ( always ( x_4 <= 26.16 ) ) ) and ( always[11,inf] ( x_0 >= -19.815 ) )"
1034,64,62,6,3,"[[2636, -1.0, 0.012482235208153725], [9569, -1.0, 0.09137018024921417], [4869, 1.0, 0.1540294885635376]]",0.8796122753143348,18,7,12,12,1.0,0.17142857142857143,15,6,0.4,0.06896551724137931,( not ( always ( x_5 <= 180.75 ) ) ) and ( not ( eventually ( x_5 >= 184.52 ) ) )
1035,64,42,2,3,"[[6670, 1.0, 0.2972656190395355], [7825, -1.0, 0.23216059803962708], [5264, 1.0, 0.22095143795013428]]",0.9632380376980373,17,9,237,232,0.9789029535864979,0.17326362957430919,248,241,0.9717741935483871,0.18509984639016897,( ( always ( x_0 <= 23.2 ) ) and ( not ( eventually ( x_2 <= -16.59 ) ) ) ) and ( always ( x_4 <= 26.16 ) )
1036,64,42,2,3,"[[4869, 1.0, 0.29951542615890503], [3226, 1.0, 0.3261832594871521], [1462, 1.0, 0.15776360034942627]]",0.9928481212610147,16,8,228,228,1.0,0.17027632561613143,202,198,0.9801980198019802,0.15207373271889402,"( ( always ( x_1 >= -3.95 ) ) and ( always[4,inf] ( x_4 <= 26.16 ) ) ) and ( always[11,inf] ( x_0 >= -19.815 ) )"
1037,64,42,2,3,"[[7825, -1.0, 0.25535857677459717], [2636, 1.0, 0.34885841608047485], [6670, 1.0, 0.011871324852108955]]",0.9923809673417401,16,9,437,436,0.9977116704805492,0.32561613144137413,395,394,0.9974683544303797,0.30261136712749614,( ( not ( eventually ( x_2 <= -4.01 ) ) ) and ( always ( x_5 <= 87.63 ) ) ) and ( always ( x_0 <= 87.75 ) )
1038,64,88,10,3,"[[9736, 1.0, 0.20526695251464844], [1183, 1.0, 0.07749475538730621], [2636, 1.0, 0.25462019443511963]]",0.9204367490813241,14,8,19,19,1.0,0.125,18,12,0.6666666666666666,0.07792207792207792,"( ( always[28,31] ( x_5 <= -15.93 ) ) and ( always[8,27] ( x_1 >= -59.09 ) ) ) and ( always ( x_5 <= 111.91 ) )"
1039,64,42,2,3,"[[1462, 1.0, 0.24290740489959717], [2636, 1.0, 0.0], [6670, 1.0, 0.3477117419242859]]",0.9779178089450327,15,11,565,557,0.9858407079646018,0.41598207617625094,553,538,0.972875226039783,0.41321044546851,"( ( ( always[12,28] ( x_3 <= -953.82 ) ) or ( always[11,inf] ( x_0 >= -6.8169 ) ) ) and ( always ( x_5 <= 177.53 ) ) ) and ( always ( x_0 <= 11.79 ) )"
1040,64,42,2,3,"[[7825, -1.0, 0.25003212690353394], [2636, 1.0, 0.3831334114074707], [6670, 1.0, 0.3159447908401489]]",0.9923982909941227,16,9,438,437,0.997716894977169,0.3263629574309186,428,424,0.9906542056074766,0.32565284178187404,( ( not ( eventually ( x_2 <= -6.9 ) ) ) and ( always ( x_5 <= 78.8 ) ) ) and ( always ( x_0 <= 18.97 ) )
1041,64,42,2,3,"[[6670, 1.0, 0.33941757678985596], [954, 1.0, 0.1055043637752533], [3226, 1.0, 0.32026171684265137]]",0.9835235378593057,13,9,290,288,0.993103448275862,0.2150858849887976,291,283,0.9725085910652921,0.217357910906298,"( ( always ( x_0 <= 13.66 ) ) and ( eventually[19,inf] ( always[1,8] ( x_2 >= -4.36 ) ) ) ) and ( always[4,inf] ( x_4 <= 31.08 ) )"
1042,64,6,5,3,"[[2636, -1.0, 1.4518537521362305], [3390, 1.0, 0.2713657319545746], [559, 1.0, 0.014817647635936737]]",0.9204367490813241,17,9,19,19,1.0,0.10052910052910052,21,20,0.9523809523809523,0.0947867298578199,"( ( not ( always ( x_5 <= 551.69 ) ) ) and ( always[12,inf] ( x_1 <= 9.85 ) ) ) and ( always[27,inf] ( x_5 <= 75.93 ) )"
1043,64,42,2,3,"[[7825, -1.0, 0.2472275197505951], [2636, 1.0, 0.3485969305038452], [6670, 1.0, 0.2869313955307007]]",0.9756541696394594,16,9,562,553,0.9839857651245552,0.4129947722180732,531,520,0.9792843691148776,0.39938556067588327,( ( not ( eventually ( x_2 <= -8.42 ) ) ) and ( always ( x_5 <= 87.7 ) ) ) and ( always ( x_0 <= 25.54 ) )
1044,64,42,2,3,"[[1183, 1.0, 0.2826445698738098], [5264, 1.0, 0.21365410089492798], [6844, -1.0, 0.18209338188171387]]",0.973993544251292,16,9,183,181,0.9890710382513661,0.13517550410754295,176,168,0.9545454545454546,0.12903225806451613,"( ( always[8,27] ( x_1 >= -3.9661 ) ) and ( always ( x_4 <= 37.08 ) ) ) and ( not ( eventually[2,7] ( x_2 >= 2.74 ) ) )"
1045,64,42,2,3,"[[2636, 1.0, 0.4842531681060791], [4869, 1.0, 0.24656492471694946], [1462, 1.0, 0.18007096648216248]]",0.99155324116712,16,8,394,393,0.9974619289340102,0.2935026138909634,374,366,0.9786096256684492,0.28110599078341014,"( ( always ( x_5 <= 52.74 ) ) and ( always ( x_1 >= -11.63 ) ) ) and ( always[11,inf] ( x_0 >= -16.41 ) )"
1046,64,42,2,3,"[[2979, 1.0, 0.1484450101852417], [1183, 1.0, 0.2543051242828369], [6670, 1.0, 0.2802865505218506]]",0.9911037128548496,15,8,374,373,0.9973262032085561,0.27856609410007466,340,334,0.9823529411764705,0.2565284178187404,"( ( always[4,33] ( x_5 <= 41.49 ) ) and ( always[8,27] ( x_1 >= -11.58 ) ) ) and ( always ( x_0 <= 27.04 ) )"
1047,64,42,2,3,"[[5500, -1.0, 0.2480999231338501], [9569, -1.0, 0.16415566205978394], [3390, 1.0, 0.27954885363578796]]",0.9888759956506002,19,10,146,146,1.0,0.10903659447348768,140,137,0.9785714285714285,0.10522273425499232,"( ( not ( eventually[0,31] ( x_2 <= -5.1854 ) ) ) and ( not ( eventually ( x_5 >= 78.8 ) ) ) ) and ( always[12,inf] ( x_1 <= 3.15 ) )"
1048,64,42,2,3,"[[2979, 1.0, 0.14752092957496643], [7825, -1.0, 0.240497887134552], [6670, 1.0, 0.011871324852108955]]",0.995880080692477,17,9,397,397,1.0,0.29648991784914114,368,361,0.9809782608695652,0.2772657450076805,"( ( always[4,33] ( x_5 <= 43.75 ) ) and ( not ( eventually ( x_2 <= -12.0665 ) ) ) ) and ( always ( x_0 <= 87.75 ) )"
1049,64,42,2,3,"[[7825, -1.0, 0.24771207571029663], [5264, 1.0, 0.21781840920448303], [6513, 1.0, 0.08234167098999023]]",0.9901443170087206,16,10,165,165,1.0,0.12322628827483197,190,183,0.9631578947368421,0.14055299539170507,"( ( not ( eventually ( x_2 <= -8.16 ) ) ) and ( always ( x_4 <= 30.85 ) ) ) and ( eventually ( always[1,11] ( x_2 >= -0.71 ) ) )"
1050,64,42,2,3,"[[7825, -1.0, 0.240497887134552], [2636, 1.0, 0.5175883769989014], [6670, 1.0, 0.011871324852108955]]",0.9952067387521663,16,9,341,341,1.0,0.2546676624346527,325,320,0.9846153846153847,0.2457757296466974,( ( not ( eventually ( x_2 <= -12.0665 ) ) ) and ( always ( x_5 <= 44.15 ) ) ) and ( always ( x_0 <= 87.75 ) )
1051,64,6,5,3,"[[2636, -1.0, 0.23280847072601318], [559, 1.0, 0.0], [6670, 1.0, 0.3304736018180847]]",0.9539207350211852,16,9,34,34,1.0,0.17989417989417988,32,27,0.84375,0.12796208530805686,"( ( not ( always ( x_5 <= 237.53 ) ) ) and ( always[27,inf] ( x_5 <= 79.26 ) ) ) and ( always ( x_0 <= 15.69 ) )"
1052,64,95,13,3,"[[559, -1.0, 0.7291029095649719], [7008, -1.0, 0.2064029574394226], [2338, 1.0, 0.2877863049507141]]",0.8296711635082987,18,10,8,8,1.0,0.06015037593984962,9,5,0.5555555555555556,0.0423728813559322,"( ( not ( always[27,inf] ( x_5 <= 243.25 ) ) ) and ( not ( eventually[7,25] ( x_4 >= 26.18 ) ) ) ) and ( always[16,27] ( x_1 <= 2.76 ) )"
1053,65,16,1,3,"[[4869, -1.0, 0.3249408006668091], [3226, 1.0, 0.25689297914505005], [636, -1.0, 0.025705527514219284]]",0.9724629605837316,18,10,58,58,1.0,0.26244343891402716,62,54,0.8709677419354839,0.2535211267605634,"( ( not ( always ( x_1 >= -94.56 ) ) ) and ( always[4,inf] ( x_4 <= 83.76 ) ) ) and ( not ( eventually[26,29] ( x_4 <= -62.05 ) ) )"
1054,65,42,2,3,"[[76, -1.0, 0.22396819293498993], [5264, 1.0, 0.22156107425689697], [6670, 1.0, 0.011871324852108955]]",0.9858219121203624,16,11,234,233,0.9957264957264957,0.1740104555638536,236,227,0.961864406779661,0.17434715821812596,"( ( not ( eventually[1,26] ( ( x_4 >= -812.18 ) and ( x_2 <= -7.47 ) ) ) ) and ( always ( x_4 <= 25.25 ) ) ) and ( always ( x_0 <= 87.75 ) )"
1055,65,6,5,2,"[[7339, 1.0, 0.0017859309446066618], [3990, -1.0, 0.41952088475227356]]",0.901313696340425,12,6,15,15,1.0,0.07936507936507936,15,13,0.8666666666666667,0.061611374407582936,"( eventually[7,27] ( x_5 >= 317.83 ) ) and ( not ( eventually ( x_3 >= 37.52 ) ) )"
1056,65,42,2,3,"[[7825, -1.0, 0.2500096261501312], [2636, 1.0, 0.48685264587402344], [6670, 1.0, 0.011871324852108955]]",0.9955926257239869,16,9,371,371,1.0,0.2770724421209858,332,332,1.0,0.25499231950844853,( ( not ( eventually ( x_2 <= -6.91 ) ) ) and ( always ( x_5 <= 52.07 ) ) ) and ( always ( x_0 <= 87.75 ) )
1057,65,42,2,3,"[[7825, -1.0, 0.24596482515335083], [2636, 1.0, 0.422118604183197], [1462, 1.0, 0.16589611768722534]]",0.974190402236785,17,9,483,475,0.9834368530020704,0.3547423450336072,455,443,0.9736263736263736,0.3402457757296467,"( ( not ( eventually ( x_2 <= -9.1 ) ) ) and ( always ( x_5 <= 68.75 ) ) ) and ( always[11,inf] ( x_0 >= -18.57 ) )"
1058,65,42,2,3,"[[7825, -1.0, 0.2500096261501312], [2636, 1.0, 0.48685264587402344], [6670, 1.0, 0.011871324852108955]]",0.9955926257239869,16,9,371,371,1.0,0.2770724421209858,332,332,1.0,0.25499231950844853,( ( not ( eventually ( x_2 <= -6.91 ) ) ) and ( always ( x_5 <= 52.07 ) ) ) and ( always ( x_0 <= 87.75 ) )
1059,65,42,2,2,"[[7825, -1.0, 0.24573515355587006], [2636, 1.0, 0.6276548504829407]]",0.9879804897845237,11,6,135,135,1.0,0.10082150858849888,115,112,0.9739130434782609,0.08602150537634409,( not ( eventually ( x_2 <= -9.23 ) ) ) and ( always ( x_5 <= 15.78 ) )
1060,65,42,2,3,"[[7825, -1.0, 0.25330597162246704], [2636, 1.0, 0.34885841608047485], [6670, 1.0, 0.12599709630012512]]",0.9899977902698359,16,9,479,477,0.9958246346555324,0.35623599701269604,448,446,0.9955357142857143,0.3425499231950845,( ( not ( eventually ( x_2 <= -5.12 ) ) ) and ( always ( x_5 <= 87.63 ) ) ) and ( always ( x_0 <= 61.94 ) )
1061,65,42,2,2,"[[7825, -1.0, 0.24573515355587006], [2636, 1.0, 0.6276548504829407]]",0.9879804897845237,11,6,135,135,1.0,0.10082150858849888,115,112,0.9739130434782609,0.08602150537634409,( not ( eventually ( x_2 <= -9.23 ) ) ) and ( always ( x_5 <= 15.78 ) )
1062,65,42,2,2,"[[333, -1.0, 0.375763475894928], [2636, 1.0, 0.32548168301582336]]",0.9946614167886589,10,6,306,306,1.0,0.22852875280059745,252,247,0.9801587301587301,0.18970814132104455,( not ( eventually ( x_5 <= -10.85 ) ) ) and ( always ( x_5 <= 93.65 ) )
1063,65,15,0,3,"[[6670, -1.0, 0.09428733587265015], [5264, 1.0, 0.07489495724439621], [2415, 1.0, 0.1570199579000473]]",0.9779967554888438,17,12,73,73,1.0,0.31601731601731603,79,70,0.8860759493670886,0.26717557251908397,"( ( not ( always ( x_0 <= 111.76 ) ) ) and ( always ( x_4 <= 244.69 ) ) ) and ( ( always[1,4] ( x_1 >= -1.74 ) ) and ( always[2,32] ( x_0 >= -310.49 ) ) )"
1064,65,88,10,3,"[[5071, -1.0, 0.2610267698764801], [333, -1.0, 0.09301584213972092], [6670, 1.0, 0.060814905911684036]]",0.9204367490813241,17,10,19,19,1.0,0.125,25,18,0.72,0.11688311688311688,"( ( not ( eventually[17,inf] ( x_1 >= -1.04 ) ) ) and ( not ( eventually ( x_5 <= -85.89 ) ) ) ) and ( always ( x_0 <= 76.68 ) )"
1065,65,6,5,3,"[[2636, -1.0, 1.4518537521362305], [3390, 1.0, 0.2713657319545746], [559, 1.0, 0.014817647635936737]]",0.9204367490813241,17,9,19,19,1.0,0.10052910052910052,21,20,0.9523809523809523,0.0947867298578199,"( ( not ( always ( x_5 <= 551.69 ) ) ) and ( always[12,inf] ( x_1 <= 9.85 ) ) ) and ( always[27,inf] ( x_5 <= 75.93 ) )"
1066,65,42,2,3,"[[7825, -1.0, 0.2419416308403015], [2636, 1.0, 0.4379127621650696], [6670, 1.0, 0.32448506355285645]]",0.9918017938288431,16,9,406,405,0.9975369458128078,0.30246452576549665,390,383,0.982051282051282,0.2941628264208909,( ( not ( eventually ( x_2 <= -11.28 ) ) ) and ( always ( x_5 <= 64.68 ) ) ) and ( always ( x_0 <= 17.04 ) )
1067,65,42,2,3,"[[76, -1.0, 0.22010543942451477], [2636, 1.0, 0.5966084003448486], [4869, 1.0, 0.2825191617012024]]",0.991430003827901,16,9,190,190,1.0,0.14189693801344286,173,169,0.976878612716763,0.12980030721966207,"( ( not ( eventually[1,26] ( x_2 <= -9.23 ) ) ) and ( always ( x_5 <= 23.78 ) ) ) and ( always ( x_1 >= -6.42 ) )"
1068,65,42,2,3,"[[6670, 1.0, 0.3542907238006592], [5500, -1.0, 0.21171465516090393], [2636, 1.0, 0.33489829301834106]]",0.9964652935126352,16,9,463,463,1.0,0.3457804331590739,462,452,0.9783549783549783,0.34715821812596004,"( ( always ( x_0 <= 10.3 ) ) and ( not ( eventually[0,31] ( x_2 <= -25.08 ) ) ) ) and ( always ( x_5 <= 91.23 ) )"
1069,65,42,2,3,"[[333, -1.0, 0.36914706230163574], [2636, 1.0, 0.32548168301582336], [6670, 1.0, 0.011871324852108955]]",0.995869719826602,15,9,396,396,1.0,0.29574309185959674,330,327,0.990909090909091,0.2511520737327189,( ( not ( eventually ( x_5 <= -12.604 ) ) ) and ( always ( x_5 <= 93.65 ) ) ) and ( always ( x_0 <= 87.75 ) )
1070,65,42,2,3,"[[7825, -1.0, 0.2500096261501312], [2636, 1.0, 0.48685264587402344], [6670, 1.0, 0.011871324852108955]]",0.9955926257239869,16,9,371,371,1.0,0.2770724421209858,332,332,1.0,0.25499231950844853,( ( not ( eventually ( x_2 <= -6.91 ) ) ) and ( always ( x_5 <= 52.07 ) ) ) and ( always ( x_0 <= 87.75 ) )
1071,65,6,5,3,"[[2636, -1.0, 1.8533506393432617], [5071, -1.0, 0.09996989369392395], [559, 1.0, 0.159471794962883]]",0.935950766939138,18,10,24,24,1.0,0.12698412698412698,33,28,0.8484848484848485,0.13270142180094788,"( ( not ( always ( x_5 <= 655.16 ) ) ) and ( not ( eventually[17,inf] ( x_1 >= 119.24 ) ) ) ) and ( always[27,inf] ( x_5 <= 43.39 ) )"
1072,65,6,5,3,"[[2636, -1.0, 0.23280847072601318], [559, 1.0, 0.0], [6670, 1.0, 0.3304736018180847]]",0.9539207350211852,16,9,34,34,1.0,0.17989417989417988,32,27,0.84375,0.12796208530805686,"( ( not ( always ( x_5 <= 237.53 ) ) ) and ( always[27,inf] ( x_5 <= 79.26 ) ) ) and ( always ( x_0 <= 15.69 ) )"
1073,65,88,10,3,"[[5071, -1.0, 0.2607296109199524], [1949, -1.0, 0.10513201355934143], [6670, 1.0, 0.060814905911684036]]",0.9274645677596903,16,11,21,21,1.0,0.13815789473684212,27,20,0.7407407407407407,0.12987012987012986,"( ( not ( eventually[17,inf] ( x_1 >= -0.81 ) ) ) and ( not ( always[9,inf] ( eventually[6,18] ( x_2 <= -42.78 ) ) ) ) ) and ( always ( x_0 <= 76.68 ) )"
1074,65,42,2,3,"[[6670, 1.0, 0.3302847146987915], [2268, 1.0, 0.19388999044895172], [9569, -1.0, 0.12378603219985962]]",0.9801547300471026,17,12,629,621,0.9872813990461049,0.46377893950709487,632,617,0.9762658227848101,0.4738863287250384,"( ( always ( x_0 <= 15.73 ) ) and ( ( always[10,24] ( x_5 <= -990.22 ) ) or ( always[8,20] ( x_2 >= -7.4962 ) ) ) ) and ( not ( eventually ( x_5 >= 137.43 ) ) )"
1075,65,62,6,3,"[[2636, -1.0, 0.003812121693044901], [5264, 1.0, 0.08400838822126389], [6670, 1.0, 0.31861305236816406]]",0.6320908047501167,16,12,53,38,0.7169811320754716,0.5428571428571428,56,35,0.625,0.40229885057471265,( ( not ( always ( x_5 <= 178.52 ) ) ) and ( ( always ( x_4 <= 231.05 ) ) or ( eventually ( x_5 >= 56670.49 ) ) ) ) and ( always ( x_0 <= 18.37 ) )
1076,65,6,5,3,"[[2636, -1.0, 1.8533506393432617], [5071, -1.0, 0.09996989369392395], [6513, 1.0, 0.08128520846366882]]",0.9274645677596903,16,13,21,21,1.0,0.1111111111111111,29,27,0.9310344827586207,0.12796208530805686,"( ( not ( always ( ( x_5 <= 655.16 ) or ( x_5 >= 1561.02 ) ) ) ) and ( not ( eventually[17,inf] ( x_1 >= 119.24 ) ) ) ) and ( eventually ( always[1,11] ( x_2 >= -1.32 ) ) )"
1077,65,42,2,2,"[[333, -1.0, 0.375763475894928], [2636, 1.0, 0.32548168301582336]]",0.9946614167886589,10,6,306,306,1.0,0.22852875280059745,252,247,0.9801587301587301,0.18970814132104455,( not ( eventually ( x_5 <= -10.85 ) ) ) and ( always ( x_5 <= 93.65 ) )
1078,65,42,2,3,"[[2636, 1.0, 0.4769623875617981], [4869, 1.0, 0.29951542615890503], [1462, 1.0, 0.18007096648216248]]",0.9945910895397481,16,8,302,302,1.0,0.22554144884241972,289,285,0.986159169550173,0.21889400921658986,"( ( always ( x_5 <= 54.61 ) ) and ( always ( x_1 >= -3.95 ) ) ) and ( always[11,inf] ( x_0 >= -16.41 ) )"
1079,65,42,2,3,"[[2979, 1.0, 0.14736101031303406], [5500, -1.0, 0.23566660284996033], [6670, 1.0, 0.011871324852108955]]",0.9917816411770783,17,9,405,404,0.9975308641975309,0.3017176997759522,371,364,0.9811320754716981,0.27956989247311825,"( ( always[4,33] ( x_5 <= 44.15 ) ) and ( not ( eventually[0,31] ( x_2 <= -11.98 ) ) ) ) and ( always ( x_0 <= 87.75 ) )"
1080,65,42,2,3,"[[2636, 1.0, 0.4842531681060791], [7825, -1.0, 0.2420659214258194], [1462, 1.0, 0.16589611768722534]]",0.9916377498754618,17,9,398,397,0.9974874371859297,0.29648991784914114,365,355,0.9726027397260274,0.2726574500768049,"( ( always ( x_5 <= 52.74 ) ) and ( not ( eventually ( x_2 <= -11.22 ) ) ) ) and ( always[11,inf] ( x_0 >= -18.57 ) )"
1081,65,42,2,3,"[[7825, -1.0, 0.2500096261501312], [2636, 1.0, 0.48685264587402344], [6670, 1.0, 0.011871324852108955]]",0.9955926257239869,16,9,371,371,1.0,0.2770724421209858,332,332,1.0,0.25499231950844853,( ( not ( eventually ( x_2 <= -6.91 ) ) ) and ( always ( x_5 <= 52.07 ) ) ) and ( always ( x_0 <= 87.75 ) )
1082,65,42,2,2,"[[7825, -1.0, 0.24573515355587006], [2636, 1.0, 0.6276548504829407]]",0.9879804897845237,11,6,135,135,1.0,0.10082150858849888,115,112,0.9739130434782609,0.08602150537634409,( not ( eventually ( x_2 <= -9.23 ) ) ) and ( always ( x_5 <= 15.78 ) )
1083,65,42,2,3,"[[333, -1.0, 0.36914706230163574], [3226, 1.0, 0.26824796199798584], [6670, 1.0, 0.011871324852108955]]",0.9953294183675063,15,9,350,350,1.0,0.26138909634055263,285,280,0.9824561403508771,0.21505376344086022,"( ( not ( eventually ( x_5 <= -12.604 ) ) ) and ( always[4,inf] ( x_4 <= 74.32 ) ) ) and ( always ( x_0 <= 87.75 ) )"
1084,65,42,2,3,"[[7825, -1.0, 0.24892975389957428], [2636, 1.0, 0.33267396688461304], [6670, 1.0, 0.32359886169433594]]",0.9902015058524645,16,9,489,487,0.9959100204498977,0.3637042569081404,480,475,0.9895833333333334,0.36482334869431643,( ( not ( eventually ( x_2 <= -7.4953 ) ) ) and ( always ( x_5 <= 91.8 ) ) ) and ( always ( x_0 <= 17.24 ) )
1085,65,42,2,2,"[[7825, -1.0, 0.24573515355587006], [2636, 1.0, 0.6276548504829407]]",0.9879804897845237,11,6,135,135,1.0,0.10082150858849888,115,112,0.9739130434782609,0.08602150537634409,( not ( eventually ( x_2 <= -9.23 ) ) ) and ( always ( x_5 <= 15.78 ) )
1086,65,15,0,3,"[[6670, -1.0, 0.39250069856643677], [2636, 1.0, 0.003990222699940205], [707, 1.0, 0.08993542194366455]]",0.9724629605837316,15,9,58,58,1.0,0.2510822510822511,55,54,0.9818181818181818,0.20610687022900764,"( ( not ( always ( x_0 <= 179.21 ) ) ) and ( always ( x_5 <= 176.5 ) ) ) and ( always[24,26] ( x_2 >= -7.47 ) )"
1087,65,15,0,2,"[[6670, -1.0, 0.47197315096855164], [2636, 1.0, 0.31807345151901245]]",0.9163861567630498,10,6,18,18,1.0,0.07792207792207792,34,30,0.8823529411764706,0.11450381679389313,( not ( always ( x_0 <= 197.19 ) ) ) and ( always ( x_5 <= 95.56 ) )
1088,65,95,13,3,"[[559, -1.0, 0.7291029095649719], [3226, 1.0, 0.13314831256866455], [6844, -1.0, 0.17913012206554413]]",0.8296711635082987,17,10,8,8,1.0,0.06015037593984962,6,3,0.5,0.025423728813559324,"( ( not ( always[27,inf] ( x_5 <= 243.25 ) ) ) and ( always[4,inf] ( x_4 <= 186.62 ) ) ) and ( not ( eventually[2,7] ( x_2 >= 4.93 ) ) )"
1089,65,42,2,3,"[[7825, -1.0, 0.25452637672424316], [3226, 1.0, 0.30380648374557495], [7876, 1.0, 0.2665882110595703]]",0.9909581978300057,16,9,180,180,1.0,0.1344286781179985,170,163,0.9588235294117647,0.1251920122887865,"( ( not ( eventually ( x_2 <= -4.46 ) ) ) and ( always[4,inf] ( x_4 <= 44.76 ) ) ) and ( always[10,18] ( x_2 <= 2.79 ) )"
1090,65,42,2,3,"[[6670, 1.0, 0.3427119255065918], [1183, 1.0, 0.23608337342739105], [5264, 1.0, 0.2128935158252716]]",0.9883022790933922,15,8,284,283,0.9964788732394366,0.21135175504107542,301,292,0.9700996677740864,0.22427035330261136,"( ( always ( x_0 <= 12.92 ) ) and ( always[8,27] ( x_1 >= -16.48 ) ) ) and ( always ( x_4 <= 38.22 ) )"
1091,65,42,2,3,"[[4869, 1.0, 0.29951542615890503], [2636, 1.0, 0.3395971655845642], [6670, 1.0, 0.2790236473083496]]",0.9748486088775187,15,11,447,440,0.9843400447427293,0.3286034353995519,435,425,0.9770114942528736,0.32642089093702,"( ( ( always ( x_1 >= -3.95 ) ) or ( eventually[10,14] ( x_0 <= -592.02 ) ) ) and ( always ( x_5 <= 90.0153 ) ) ) and ( always ( x_0 <= 27.32 ) )"
1092,65,15,0,3,"[[6670, -1.0, 0.01045406237244606], [2636, 1.0, 0.20291781425476074], [1949, -1.0, 0.16541387140750885]]",0.9749799663741175,15,11,64,64,1.0,0.27705627705627706,51,51,1.0,0.1946564885496183,"( ( not ( always ( x_0 <= 92.8 ) ) ) and ( always ( x_5 <= 125.24 ) ) ) and ( not ( always[9,inf] ( eventually[6,18] ( x_2 <= -6.28 ) ) ) )"
1093,65,42,2,3,"[[7825, -1.0, 0.25535857677459717], [2636, 1.0, 0.34885841608047485], [6670, 1.0, 0.011871324852108955]]",0.9923809673417401,16,9,437,436,0.9977116704805492,0.32561613144137413,395,394,0.9974683544303797,0.30261136712749614,( ( not ( eventually ( x_2 <= -4.01 ) ) ) and ( always ( x_5 <= 87.63 ) ) ) and ( always ( x_0 <= 87.75 ) )
1094,65,6,5,3,"[[2636, -1.0, 1.8533506393432617], [5071, -1.0, 0.06747075915336609], [5264, -1.0, 0.020091582089662552]]",0.899780018522741,19,13,46,44,0.9565217391304348,0.2328042328042328,54,39,0.7222222222222222,0.1848341232227488,"( ( not ( always ( ( x_5 <= 655.16 ) or ( x_5 >= 1561.02 ) ) ) ) and ( not ( eventually[17,inf] ( x_1 >= 143.51 ) ) ) ) and ( not ( always ( x_4 <= 386.8 ) ) )"
1095,65,92,12,2,"[[2338, -1.0, 0.7932612299919128], [9736, 1.0, 0.18422439694404602]]",0.6604299156391836,10,6,8,7,0.875,0.07142857142857142,14,6,0.42857142857142855,0.058823529411764705,"( not ( always[16,27] ( x_1 <= 502.18 ) ) ) and ( always[28,31] ( x_5 <= -1.57 ) )"
1096,65,6,5,3,"[[5264, -1.0, 0.06874623149633408], [559, 1.0, 0.05075947940349579], [3990, -1.0, 0.4182542562484741]]",0.8296711635082987,19,10,8,8,1.0,0.042328042328042326,11,7,0.6363636363636364,0.03317535545023697,"( ( not ( always ( x_4 <= 459.59 ) ) ) and ( always[27,inf] ( x_5 <= 67.84 ) ) ) and ( not ( eventually ( x_3 >= 38.03 ) ) )"
1097,65,42,2,3,"[[2979, 1.0, 0.14752092957496643], [5500, -1.0, 0.21171465516090393], [6670, 1.0, 0.011871324852108955]]",0.9885993413246705,17,9,420,418,0.9952380952380953,0.3121732636295743,400,387,0.9675,0.29723502304147464,"( ( always[4,33] ( x_5 <= 43.75 ) ) and ( not ( eventually[0,31] ( x_2 <= -25.08 ) ) ) ) and ( always ( x_0 <= 87.75 ) )"
1098,65,16,1,3,"[[6670, 1.0, 0.469076007604599], [4869, -1.0, 0.13382309675216675], [9736, 1.0, 0.15553432703018188]]",0.9119010068902417,16,9,17,17,1.0,0.07692307692307693,12,11,0.9166666666666666,0.051643192488262914,"( always ( x_0 <= -15.66 ) ) and ( not ( ( always ( x_1 >= -66.83 ) ) or ( eventually[10,14] ( x_0 <= -529.14 ) ) ) )"
1099,65,42,2,3,"[[7825, -1.0, 0.25535857677459717], [2636, 1.0, 0.34885841608047485], [6670, 1.0, 0.011871324852108955]]",0.9923809673417401,16,9,437,436,0.9977116704805492,0.32561613144137413,395,394,0.9974683544303797,0.30261136712749614,( ( not ( eventually ( x_2 <= -4.01 ) ) ) and ( always ( x_5 <= 87.63 ) ) ) and ( always ( x_0 <= 87.75 ) )
1100,65,42,2,3,"[[1462, 1.0, 0.25280308723449707], [3226, 1.0, 0.3099946677684784], [2415, 1.0, 0.1568048894405365]]",0.9934210911949644,16,8,248,248,1.0,0.18521284540702015,223,219,0.9820627802690582,0.16820276497695852,"( ( always[11,inf] ( x_0 >= -5.31 ) ) and ( always[4,inf] ( x_4 <= 39.62 ) ) ) and ( always[1,4] ( x_1 >= -1.8822 ) )"
1101,65,42,2,3,"[[7825, -1.0, 0.2549334764480591], [2636, 1.0, 0.34885841608047485], [6513, 1.0, 0.08234167098999023]]",0.9948131565834063,15,10,315,315,1.0,0.2352501867064974,322,312,0.968944099378882,0.23963133640552994,"( ( not ( eventually ( x_2 <= -4.24 ) ) ) and ( always ( x_5 <= 87.63 ) ) ) and ( eventually ( always[1,11] ( x_2 >= -0.71 ) ) )"
1102,65,6,5,3,"[[2636, -1.0, 0.44884514808654785], [559, 1.0, 0.0], [6670, 1.0, 0.30434006452560425]]",0.9614849210984293,16,9,41,41,1.0,0.21693121693121692,39,35,0.8974358974358975,0.16587677725118483,"( ( not ( always ( x_5 <= 293.2 ) ) ) and ( always[27,inf] ( x_5 <= 79.26 ) ) ) and ( always ( x_0 <= 21.6 ) )"
1103,65,42,2,3,"[[7825, -1.0, 0.24892975389957428], [2636, 1.0, 0.33267396688461304], [6670, 1.0, 0.34681904315948486]]",0.9961684273110172,16,9,427,427,1.0,0.3188946975354742,426,424,0.9953051643192489,0.32565284178187404,( ( not ( eventually ( x_2 <= -7.4953 ) ) ) and ( always ( x_5 <= 91.8 ) ) ) and ( always ( x_0 <= 11.99 ) )
1104,65,95,13,3,"[[3990, 1.0, 0.2957139015197754], [7008, -1.0, 0.17277151346206665], [1462, 1.0, 0.20748507976531982]]",0.5755254859518883,18,12,32,22,0.6875,0.16541353383458646,20,11,0.55,0.09322033898305085,"( ( eventually ( x_3 >= 323.72 ) ) and ( not ( eventually[7,25] ( x_4 >= 66.92 ) ) ) ) and ( ( always[12,28] ( x_3 <= -948.41 ) ) or ( always[11,inf] ( x_0 >= -12.22 ) ) )"
1105,65,42,2,2,"[[7825, -1.0, 0.24573515355587006], [2636, 1.0, 0.6276548504829407]]",0.9879804897845237,11,6,135,135,1.0,0.10082150858849888,115,112,0.9739130434782609,0.08602150537634409,( not ( eventually ( x_2 <= -9.23 ) ) ) and ( always ( x_5 <= 15.78 ) )
1106,65,15,0,3,"[[6670, -1.0, 0.09428733587265015], [5264, 1.0, 0.07489495724439621], [2415, 1.0, 0.1570199579000473]]",0.9779967554888438,17,12,73,73,1.0,0.31601731601731603,79,70,0.8860759493670886,0.26717557251908397,"( ( not ( always ( x_0 <= 111.76 ) ) ) and ( always ( x_4 <= 244.69 ) ) ) and ( ( always[1,4] ( x_1 >= -1.74 ) ) and ( always[2,32] ( x_0 >= -310.49 ) ) )"
1107,65,15,0,3,"[[6670, -1.0, 0.47197315096855164], [2636, 1.0, 0.24635553359985352], [1183, 1.0, 0.047111816704273224]]",0.9511813763534412,15,9,32,32,1.0,0.13852813852813853,38,37,0.9736842105263158,0.14122137404580154,"( ( not ( always ( x_0 <= 197.19 ) ) ) and ( always ( x_5 <= 114.04 ) ) ) and ( always[8,27] ( x_1 >= -67.25 ) )"
1108,65,95,13,3,"[[559, -1.0, 0.7291029095649719], [3226, 1.0, 0.13314831256866455], [6844, -1.0, 0.17913012206554413]]",0.8296711635082987,17,10,8,8,1.0,0.06015037593984962,6,3,0.5,0.025423728813559324,"( ( not ( always[27,inf] ( x_5 <= 243.25 ) ) ) and ( always[4,inf] ( x_4 <= 186.62 ) ) ) and ( not ( eventually[2,7] ( x_2 >= 4.93 ) ) )"
1109,65,95,13,3,"[[559, -1.0, 0.7291029095649719], [3226, 1.0, 0.13314831256866455], [1462, 1.0, 0.13267195224761963]]",0.8296711635082987,17,9,8,8,1.0,0.06015037593984962,9,3,0.3333333333333333,0.025423728813559324,"( ( not ( always[27,inf] ( x_5 <= 243.25 ) ) ) and ( always[4,inf] ( x_4 <= 186.62 ) ) ) and ( always[11,inf] ( x_0 >= -23.65 ) )"
1110,65,88,10,3,"[[83, 1.0, 0.07421155273914337], [3990, -1.0, 0.41631650924682617], [2415, 1.0, 0.10045696794986725]]",0.7814879934698804,17,11,49,42,0.8571428571428571,0.27631578947368424,40,27,0.675,0.17532467532467533,"( ( always[29,inf] ( ( x_0 >= 35.78 ) or ( x_1 <= -1.12 ) ) ) and ( not ( eventually ( x_3 >= 38.8 ) ) ) ) and ( always[1,4] ( x_1 >= -38.22 ) )"
1111,65,42,2,3,"[[1183, 1.0, 0.28504881262779236], [2636, 1.0, 0.15512986481189728], [6670, 1.0, 0.14360439777374268]]",0.9549289255460017,14,8,637,615,0.9654631083202512,0.4592979835698282,619,590,0.9531502423263328,0.45314900153609833,"( ( always[8,27] ( x_1 >= -3.32 ) ) and ( always ( x_5 <= 137.55 ) ) ) and ( always ( x_0 <= 57.95 ) )"
1112,65,42,2,2,"[[7825, -1.0, 0.24573515355587006], [2636, 1.0, 0.6276548504829407]]",0.9879804897845237,11,6,135,135,1.0,0.10082150858849888,115,112,0.9739130434782609,0.08602150537634409,( not ( eventually ( x_2 <= -9.23 ) ) ) and ( always ( x_5 <= 15.78 ) )
1113,65,88,10,3,"[[83, 1.0, 0.06557659059762955], [3990, -1.0, 0.41631650924682617], [7825, -1.0, 0.06938402354717255]]",0.6140297548872086,18,12,82,56,0.6829268292682927,0.3684210526315789,91,48,0.5274725274725275,0.3116883116883117,"( ( always[29,inf] ( ( x_0 >= 34.86 ) or ( x_1 <= -0.19 ) ) ) and ( not ( eventually ( x_3 >= 38.8 ) ) ) ) and ( not ( eventually ( x_2 <= -104.84 ) ) )"
1114,65,42,2,3,"[[6670, 1.0, 0.3678901791572571], [333, -1.0, 0.3180745244026184], [3990, -1.0, 0.3536320626735687]]",0.9895131249354001,17,10,317,316,0.9968454258675079,0.2359970126960418,311,308,0.9903536977491961,0.23655913978494625,( ( always ( x_0 <= 7.22 ) ) and ( not ( eventually ( x_5 <= -26.16 ) ) ) ) and ( not ( eventually ( x_3 >= 63.89 ) ) )
1115,65,42,2,3,"[[1462, 1.0, 0.21210329234600067], [3226, 1.0, 0.3163861036300659], [4869, 1.0, 0.2939632833003998]]",0.9944258716404595,16,8,293,293,1.0,0.21882001493651979,279,275,0.985663082437276,0.21121351766513058,"( ( always[11,inf] ( x_0 >= -11.52 ) ) and ( always[4,inf] ( x_4 <= 34.31 ) ) ) and ( always ( x_1 >= -4.76 ) )"
1116,65,42,2,2,"[[7825, -1.0, 0.24573515355587006], [2636, 1.0, 0.6276548504829407]]",0.9879804897845237,11,6,135,135,1.0,0.10082150858849888,115,112,0.9739130434782609,0.08602150537634409,( not ( eventually ( x_2 <= -9.23 ) ) ) and ( always ( x_5 <= 15.78 ) )
1117,65,42,2,2,"[[7825, -1.0, 0.24573515355587006], [2636, 1.0, 0.6276548504829407]]",0.9879804897845237,11,6,135,135,1.0,0.10082150858849888,115,112,0.9739130434782609,0.08602150537634409,( not ( eventually ( x_2 <= -9.23 ) ) ) and ( always ( x_5 <= 15.78 ) )
1118,65,15,0,3,"[[6670, -1.0, 0.09428733587265015], [5264, 1.0, 0.07489495724439621], [2415, 1.0, 0.1570199579000473]]",0.9779967554888438,17,12,73,73,1.0,0.31601731601731603,79,70,0.8860759493670886,0.26717557251908397,"( ( not ( always ( x_0 <= 111.76 ) ) ) and ( always ( x_4 <= 244.69 ) ) ) and ( ( always[1,4] ( x_1 >= -1.74 ) ) and ( always[2,32] ( x_0 >= -310.49 ) ) )"
1119,65,42,2,3,"[[6670, 1.0, 0.3563157021999359], [1183, 1.0, 0.2292422652244568], [2636, 1.0, 0.003990222699940205]]",0.9888736228212766,14,8,554,551,0.9945848375451264,0.41150112023898433,550,542,0.9854545454545455,0.4162826420890937,"( ( always ( x_0 <= 9.84 ) ) and ( always[8,27] ( x_1 >= -18.31 ) ) ) and ( always ( x_5 <= 176.5 ) )"
1120,65,92,12,3,"[[2338, -1.0, 0.7395575046539307], [6513, -1.0, 0.012643764726817608], [3390, -1.0, 1.4098703861236572]]",0.9366926374050217,17,12,51,50,0.9803921568627451,0.5102040816326531,58,52,0.896551724137931,0.5098039215686274,"( ( not ( always[16,27] ( x_1 <= 477.37 ) ) ) and ( not ( eventually ( always[1,11] ( x_2 >= -55.58 ) ) ) ) ) and ( not ( always[12,inf] ( x_1 <= 1387.85 ) ) )"
1121,65,42,2,3,"[[7825, -1.0, 0.25330597162246704], [2636, 1.0, 0.19827580451965332], [6670, 1.0, 0.12599709630012512]]",0.9871203821993259,16,9,581,577,0.9931153184165232,0.43091859596713966,540,536,0.9925925925925926,0.4116743471582181,( ( not ( eventually ( x_2 <= -5.1227 ) ) ) and ( always ( x_5 <= 126.44 ) ) ) and ( always ( x_0 <= 61.94 ) )
1122,65,42,2,3,"[[7825, -1.0, 0.25273770093917847], [5264, 1.0, 0.19055595993995667], [6670, 1.0, 0.12977609038352966]]",0.9801050107459249,17,9,440,435,0.9886363636363636,0.32486930545182974,412,407,0.9878640776699029,0.31259600614439326,( ( not ( eventually ( x_2 <= -5.43 ) ) ) and ( always ( x_4 <= 71.64 ) ) ) and ( always ( x_0 <= 61.08 ) )
1123,65,88,10,3,"[[3990, -1.0, 0.5046824216842651], [9114, -1.0, 0.060931023210287094], [333, -1.0, 0.09871281683444977]]",0.8700897188124962,18,11,11,11,1.0,0.07236842105263158,14,9,0.6428571428571429,0.05844155844155844,"( ( not ( eventually ( x_3 >= 3.44 ) ) ) and ( not ( always[4,5] ( x_0 >= -9.94 ) ) ) ) and ( not ( eventually ( x_5 <= -84.38 ) ) )"
1124,65,42,2,3,"[[4869, 1.0, 0.27665746212005615], [2636, 1.0, 0.40433502197265625], [6670, 1.0, 0.011871324852108955]]",0.9656643211328916,15,11,570,556,0.9754385964912281,0.4152352501867065,530,511,0.9641509433962264,0.3924731182795699,"( ( ( always ( x_1 >= -7.2667 ) ) or ( eventually[10,14] ( x_0 <= -588.71 ) ) ) and ( always ( x_5 <= 73.33 ) ) ) and ( always ( x_0 <= 87.75 ) )"
1125,65,88,10,3,"[[5071, -1.0, 0.2593470513820648], [7825, -1.0, 0.07197608053684235], [8005, -1.0, 0.03733089566230774]]",0.8664013274690943,17,11,34,32,0.9411764705882353,0.21052631578947367,41,35,0.8536585365853658,0.22727272727272727,"( ( not ( eventually[17,inf] ( x_1 >= 0.22 ) ) ) and ( not ( eventually ( x_2 <= -103.43 ) ) ) ) and ( not ( always[21,24] ( x_0 >= -19.5 ) ) )"
1126,65,15,0,3,"[[6670, -1.0, 0.09428733587265015], [5264, 1.0, 0.07604797184467316], [2415, 1.0, 0.15616273880004883]]",0.9591326596741044,17,12,80,79,0.9875,0.341991341991342,87,78,0.896551724137931,0.29770992366412213,"( ( not ( always ( x_0 <= 111.76 ) ) ) and ( always ( x_4 <= 242.96 ) ) ) and ( ( always[1,4] ( x_1 >= -2.3 ) ) and ( always[2,32] ( x_0 >= -311.04 ) ) )"
1127,65,95,13,3,"[[2636, -1.0, 0.10853937268257141], [4968, -1.0, 0.31623709201812744], [1462, 1.0, 0.20777654647827148]]",0.5438238932456315,17,12,27,18,0.6666666666666666,0.13533834586466165,26,12,0.46153846153846156,0.1016949152542373,"( ( not ( always ( x_5 <= 205.5 ) ) ) and ( not ( eventually[3,18] ( ( x_4 <= 2099.92 ) and ( x_5 >= 13.47 ) ) ) ) ) and ( always[11,inf] ( x_0 >= -12.18 ) )"
1128,65,42,2,3,"[[4869, 1.0, 0.2701362371444702], [2636, 1.0, 0.32410234212875366], [636, -1.0, 0.11136685311794281]]",0.9666055504507906,17,9,336,329,0.9791666666666666,0.24570575056011948,327,315,0.963302752293578,0.24193548387096775,"( ( always ( x_1 >= -8.21 ) ) and ( always ( x_5 <= 94.01 ) ) ) and ( not ( eventually[26,29] ( x_4 <= -1.71 ) ) )"
1129,65,16,1,2,"[[6670, 1.0, 0.5020163059234619], [4869, -1.0, 0.22168803215026855]]",0.8950047881759461,11,9,14,14,1.0,0.06334841628959276,12,11,0.9166666666666666,0.051643192488262914,"( always ( x_0 <= -23.11 ) ) and ( not ( ( always ( x_1 >= -79.58 ) ) or ( eventually[10,14] ( x_0 <= -516.39 ) ) ) )"
1130,65,42,2,2,"[[7825, -1.0, 0.24573515355587006], [2636, 1.0, 0.6276548504829407]]",0.9879804897845237,11,6,135,135,1.0,0.10082150858849888,115,112,0.9739130434782609,0.08602150537634409,( not ( eventually ( x_2 <= -9.23 ) ) ) and ( always ( x_5 <= 15.78 ) )
1131,65,15,0,3,"[[6670, -1.0, 0.08128802478313446], [2636, 1.0, 0.020712781697511673], [1949, -1.0, 0.16541387140750885]]",0.9791159101265204,15,11,77,77,1.0,0.3333333333333333,71,68,0.9577464788732394,0.2595419847328244,"( ( not ( always ( x_0 <= 108.82 ) ) ) and ( always ( x_5 <= 172.19 ) ) ) and ( not ( always[9,inf] ( eventually[6,18] ( x_2 <= -6.28 ) ) ) )"
1132,65,42,2,3,"[[7825, -1.0, 0.2500096261501312], [2636, 1.0, 0.48685264587402344], [6670, 1.0, 0.011871324852108955]]",0.9955926257239869,16,9,371,371,1.0,0.2770724421209858,332,332,1.0,0.25499231950844853,( ( not ( eventually ( x_2 <= -6.91 ) ) ) and ( always ( x_5 <= 52.07 ) ) ) and ( always ( x_0 <= 87.75 ) )
1133,65,16,1,3,"[[4869, -1.0, 0.4260433316230774], [2979, 1.0, 0.11257240176200867], [2415, 1.0, 0.04174335300922394]]",0.9715075162705622,18,12,56,56,1.0,0.25339366515837103,62,59,0.9516129032258065,0.27699530516431925,"( ( not ( always ( x_1 >= -109.23 ) ) ) and ( always[4,33] ( x_5 <= 129.33 ) ) ) and ( ( always[1,4] ( x_1 >= -76.07 ) ) and ( always[2,32] ( x_0 >= -384.82 ) ) )"
1134,65,95,13,3,"[[559, -1.0, 0.7291029095649719], [3226, 1.0, 0.13314831256866455], [1462, 1.0, 0.13267195224761963]]",0.8296711635082987,17,9,8,8,1.0,0.06015037593984962,9,3,0.3333333333333333,0.025423728813559324,"( ( not ( always[27,inf] ( x_5 <= 243.25 ) ) ) and ( always[4,inf] ( x_4 <= 186.62 ) ) ) and ( always[11,inf] ( x_0 >= -23.65 ) )"
1135,65,88,10,3,"[[83, 1.0, 0.06400701403617859], [3990, -1.0, 0.41631650924682617], [7825, -1.0, 0.06938402354717255]]",0.5752599711770034,18,12,92,59,0.6413043478260869,0.3881578947368421,102,51,0.5,0.33116883116883117,"( ( always[29,inf] ( ( x_0 >= 34.69 ) or ( x_1 <= -0.03 ) ) ) and ( not ( eventually ( x_3 >= 38.8 ) ) ) ) and ( not ( eventually ( x_2 <= -104.84 ) ) )"
1136,65,42,2,3,"[[2636, 1.0, 0.40433502197265625], [2268, 1.0, 0.18890035152435303], [6670, 1.0, 0.2014908641576767]]",0.9530234195186932,15,11,611,589,0.9639934533551555,0.4398805078416729,565,536,0.9486725663716814,0.4116743471582181,"( ( always ( x_5 <= 73.33 ) ) and ( ( always[10,24] ( x_5 <= -987.51 ) ) or ( always[8,20] ( x_2 >= -10.2 ) ) ) ) and ( always ( x_0 <= 44.86 ) )"
1137,65,42,2,3,"[[333, -1.0, 0.3591393828392029], [3226, 1.0, 0.26824796199798584], [2338, 1.0, 0.28697460889816284]]",0.9925899800546553,15,9,220,220,1.0,0.16430171769977595,187,179,0.9572192513368984,0.13748079877112135,"( ( not ( eventually ( x_5 <= -15.26 ) ) ) and ( always[4,inf] ( x_4 <= 74.32 ) ) ) and ( always[16,27] ( x_1 <= 3.14 ) )"
1138,65,42,2,3,"[[1462, 1.0, 0.24889135360717773], [3990, -1.0, 0.3927900195121765], [4869, 1.0, 0.2982670068740845]]",0.9941478031656037,18,9,279,279,1.0,0.2083644510828977,264,259,0.9810606060606061,0.1989247311827957,"( ( always[11,inf] ( x_0 >= -5.9 ) ) and ( not ( eventually ( x_3 >= 48.22 ) ) ) ) and ( always ( x_1 >= -4.13 ) )"
1139,65,42,2,2,"[[7825, -1.0, 0.25412285327911377], [9736, 1.0, 0.18012940883636475]]",0.9757197403351059,11,6,66,66,1.0,0.04929051530993279,49,41,0.8367346938775511,0.0314900153609831,"( not ( eventually ( x_2 <= -4.68 ) ) ) and ( always[28,31] ( x_5 <= 1.23 ) )"
1140,65,88,10,3,"[[5071, -1.0, 0.2610267698764801], [7825, -1.0, 0.11100561171770096], [8005, -1.0, 0.11606980115175247]]",0.9241130208892355,17,11,20,20,1.0,0.13157894736842105,24,21,0.875,0.13636363636363635,"( ( not ( eventually[17,inf] ( x_1 >= -1.04 ) ) ) and ( not ( eventually ( x_2 <= -82.27 ) ) ) ) and ( not ( always[21,24] ( x_0 >= -30.54 ) ) )"
1141,65,88,10,3,"[[3390, 1.0, 0.2827710211277008], [7825, -1.0, 0.07197608053684235], [5339, -1.0, 0.10969512164592743]]",0.8305827856945516,19,10,42,38,0.9047619047619048,0.25,49,37,0.7551020408163265,0.24025974025974026,"( ( always[12,inf] ( x_1 <= 0.5 ) ) and ( not ( eventually ( x_2 <= -103.43 ) ) ) ) and ( not ( eventually[0,11] ( x_5 >= 92.53 ) ) )"
1142,65,15,0,3,"[[6670, -1.0, 0.08128802478313446], [2636, 1.0, 0.020712781697511673], [1949, -1.0, 0.16541387140750885]]",0.9791159101265204,15,11,77,77,1.0,0.3333333333333333,71,68,0.9577464788732394,0.2595419847328244,"( ( not ( always ( x_0 <= 108.82 ) ) ) and ( always ( x_5 <= 172.19 ) ) ) and ( not ( always[9,inf] ( eventually[6,18] ( x_2 <= -6.28 ) ) ) )"
1143,65,42,2,2,"[[7825, -1.0, 0.24573515355587006], [2636, 1.0, 0.6276548504829407]]",0.9879804897845237,11,6,135,135,1.0,0.10082150858849888,115,112,0.9739130434782609,0.08602150537634409,( not ( eventually ( x_2 <= -9.23 ) ) ) and ( always ( x_5 <= 15.78 ) )
1144,65,6,5,3,"[[5264, -1.0, 0.05320977419614792], [559, 1.0, 0.05075947940349579], [6670, 1.0, 0.1630564033985138]]",0.9655270243074291,17,11,46,46,1.0,0.24338624338624337,45,37,0.8222222222222222,0.17535545023696683,"( ( not ( always ( x_4 <= 436.35 ) ) ) and ( always[27,inf] ( x_5 <= 67.84 ) ) ) and ( always ( ( x_0 <= 53.55 ) or ( x_5 >= 1199.78 ) ) )"
1145,65,42,2,3,"[[7825, -1.0, 0.2500096261501312], [2636, 1.0, 0.48685264587402344], [6670, 1.0, 0.011871324852108955]]",0.9955926257239869,16,9,371,371,1.0,0.2770724421209858,332,332,1.0,0.25499231950844853,( ( not ( eventually ( x_2 <= -6.91 ) ) ) and ( always ( x_5 <= 52.07 ) ) ) and ( always ( x_0 <= 87.75 ) )
1146,65,42,2,3,"[[76, -1.0, 0.2251989245414734], [2636, 1.0, 0.4917788505554199], [6670, 1.0, 0.16350218653678894]]",0.9906299829078141,15,11,355,354,0.9971830985915493,0.2643764002987304,334,329,0.9850299401197605,0.25268817204301075,"( ( not ( eventually[1,26] ( ( x_4 >= -812.74 ) and ( x_2 <= -6.91 ) ) ) ) and ( always ( x_5 <= 50.8 ) ) ) and ( always ( x_0 <= 53.45 ) )"
1147,65,42,2,3,"[[6670, 1.0, 0.32503554224967957], [7825, -1.0, 0.21649476885795593], [5264, 1.0, 0.2128935158252716]]",0.9803027251146131,17,9,312,309,0.9903846153846154,0.23076923076923078,330,314,0.9515151515151515,0.2411674347158218,( ( always ( x_0 <= 16.92 ) ) and ( not ( eventually ( x_2 <= -25.08 ) ) ) ) and ( always ( x_4 <= 38.22 ) )
1148,65,95,13,3,"[[2636, -1.0, 0.25694307684898376], [9569, -1.0, 0.04424281418323517], [8090, 1.0, 0.11867153644561768]]",0.7850963161535156,18,10,6,6,1.0,0.045112781954887216,11,5,0.45454545454545453,0.0423728813559322,"( ( not ( always ( x_5 <= 243.75 ) ) ) and ( not ( eventually ( x_5 >= 252.97 ) ) ) ) and ( always[27,inf] ( x_4 >= -16.92 ) )"
1149,65,42,2,2,"[[7825, -1.0, 0.24573515355587006], [2636, 1.0, 0.6276548504829407]]",0.9879804897845237,11,6,135,135,1.0,0.10082150858849888,115,112,0.9739130434782609,0.08602150537634409,( not ( eventually ( x_2 <= -9.23 ) ) ) and ( always ( x_5 <= 15.78 ) )
1150,65,6,5,3,"[[2636, -1.0, 1.8533506393432617], [5071, -1.0, 0.06747075915336609], [1949, -1.0, 0.16785869002342224]]",0.9333516167118984,17,14,23,23,1.0,0.12169312169312169,30,25,0.8333333333333334,0.11848341232227488,"( ( not ( always ( ( x_5 <= 655.16 ) or ( x_5 >= 1561.02 ) ) ) ) and ( not ( eventually[17,inf] ( x_1 >= 143.51 ) ) ) ) and ( not ( always[9,inf] ( eventually[6,18] ( x_2 <= -4.8 ) ) ) )"
1151,65,88,10,3,"[[5071, -1.0, 0.2610267698764801], [333, -1.0, 0.09301584213972092], [6670, 1.0, 0.060814905911684036]]",0.9204367490813241,17,10,19,19,1.0,0.125,25,18,0.72,0.11688311688311688,"( ( not ( eventually[17,inf] ( x_1 >= -1.04 ) ) ) and ( not ( eventually ( x_5 <= -85.89 ) ) ) ) and ( always ( x_0 <= 76.68 ) )"
1152,65,42,2,3,"[[76, -1.0, 0.2251989245414734], [2636, 1.0, 0.4917788505554199], [6670, 1.0, 0.16350218653678894]]",0.9906299829078141,15,11,355,354,0.9971830985915493,0.2643764002987304,334,329,0.9850299401197605,0.25268817204301075,"( ( not ( eventually[1,26] ( ( x_4 >= -812.74 ) and ( x_2 <= -6.91 ) ) ) ) and ( always ( x_5 <= 50.8 ) ) ) and ( always ( x_0 <= 53.45 ) )"
1153,65,6,5,3,"[[5264, -1.0, 0.05521825700998306], [6670, 1.0, 0.15660585463047028], [559, 1.0, 0.04005301743745804]]",0.9655270243074291,17,11,46,46,1.0,0.24338624338624337,46,37,0.8043478260869565,0.17535545023696683,"( ( not ( always ( x_4 <= 439.35 ) ) ) and ( always ( ( x_0 <= 55.01 ) or ( x_5 >= 1198.32 ) ) ) ) and ( always[27,inf] ( x_5 <= 70.25 ) )"
1154,65,42,2,3,"[[1462, 1.0, 0.2395022213459015], [3226, 1.0, 0.3117409944534302], [2415, 1.0, 0.1568048894405365]]",0.9936744746736765,16,8,258,258,1.0,0.19268110530246452,232,228,0.9827586206896551,0.17511520737327188,"( ( always[11,inf] ( x_0 >= -7.34 ) ) and ( always[4,inf] ( x_4 <= 38.17 ) ) ) and ( always[1,4] ( x_1 >= -1.8822 ) )"
1155,65,42,2,3,"[[7825, -1.0, 0.25147226452827454], [2636, 1.0, 0.4556660056114197], [6670, 1.0, 0.30084386467933655]]",0.9908605156523218,16,9,364,363,0.9972527472527473,0.2710978342046303,344,344,1.0,0.2642089093701997,( ( not ( eventually ( x_2 <= -6.12 ) ) ) and ( always ( x_5 <= 60.1 ) ) ) and ( always ( x_0 <= 22.39 ) )
1156,65,42,2,3,"[[7825, -1.0, 0.2500096261501312], [2636, 1.0, 0.4268818497657776], [6670, 1.0, 0.011871324852108955]]",0.9832791470349374,16,9,447,443,0.9910514541387024,0.3308439133681852,421,418,0.9928741092636579,0.3210445468509985,( ( not ( eventually ( x_2 <= -6.91 ) ) ) and ( always ( x_5 <= 67.52 ) ) ) and ( always ( x_0 <= 87.75 ) )
1157,65,42,2,3,"[[7825, -1.0, 0.2500096261501312], [2636, 1.0, 0.48685264587402344], [6670, 1.0, 0.011871324852108955]]",0.9955926257239869,16,9,371,371,1.0,0.2770724421209858,332,332,1.0,0.25499231950844853,( ( not ( eventually ( x_2 <= -6.91 ) ) ) and ( always ( x_5 <= 52.07 ) ) ) and ( always ( x_0 <= 87.75 ) )
1158,65,42,2,3,"[[2636, 1.0, 0.422118604183197], [7825, -1.0, 0.23565331101417542], [6670, 1.0, 0.011871324852108955]]",0.9603673712768115,16,9,581,564,0.9707401032702238,0.421209858103062,535,517,0.9663551401869159,0.3970814132104455,( ( always ( x_5 <= 68.75 ) ) and ( not ( eventually ( x_2 <= -14.69 ) ) ) ) and ( always ( x_0 <= 87.75 ) )
1159,65,15,0,3,"[[6670, -1.0, 0.20647664368152618], [5264, 1.0, 0.09097619354724884], [333, -1.0, 0.07815314829349518]]",0.9281844044729828,17,10,84,81,0.9642857142857143,0.35064935064935066,87,83,0.9540229885057471,0.31679389312977096,( ( not ( always ( x_0 <= 137.14 ) ) ) and ( always ( x_4 <= 220.62 ) ) ) and ( not ( eventually ( x_5 <= -89.83 ) ) )
1160,65,6,5,3,"[[2636, -1.0, 1.8533506393432617], [5071, -1.0, 0.06747075915336609], [1949, -1.0, 0.16785869002342224]]",0.9333516167118984,17,14,23,23,1.0,0.12169312169312169,30,25,0.8333333333333334,0.11848341232227488,"( ( not ( always ( ( x_5 <= 655.16 ) or ( x_5 >= 1561.02 ) ) ) ) and ( not ( eventually[17,inf] ( x_1 >= 143.51 ) ) ) ) and ( not ( always[9,inf] ( eventually[6,18] ( x_2 <= -4.8 ) ) ) )"
1161,65,6,5,3,"[[2636, -1.0, 1.8533506393432617], [5071, -1.0, 0.06747075915336609], [9226, -1.0, 0.25638341903686523]]",0.8881334551527932,19,13,41,39,0.9512195121951219,0.20634920634920634,50,40,0.8,0.1895734597156398,"( ( not ( always ( ( x_5 <= 655.16 ) or ( x_5 >= 1561.02 ) ) ) ) and ( not ( eventually[17,inf] ( x_1 >= 143.51 ) ) ) ) and ( not ( eventually[29,inf] ( x_2 >= 7.63 ) ) )"
1162,65,42,2,3,"[[7825, -1.0, 0.25567829608917236], [2636, 1.0, 0.32410234212875366], [333, -1.0, 0.37571263313293457]]",0.9931465609153722,17,10,238,238,1.0,0.1777445855115758,209,205,0.9808612440191388,0.15745007680491552,( ( not ( eventually ( x_2 <= -3.8366 ) ) ) and ( always ( x_5 <= 94.01 ) ) ) and ( not ( eventually ( x_5 <= -10.86 ) ) )
1163,65,42,2,2,"[[7825, -1.0, 0.24573515355587006], [2636, 1.0, 0.6276548504829407]]",0.9879804897845237,11,6,135,135,1.0,0.10082150858849888,115,112,0.9739130434782609,0.08602150537634409,( not ( eventually ( x_2 <= -9.23 ) ) ) and ( always ( x_5 <= 15.78 ) )
1164,65,88,10,3,"[[5071, -1.0, 0.26004207134246826], [333, -1.0, 0.0], [9226, -1.0, 0.2802826464176178]]",0.9405849009030973,19,11,26,26,1.0,0.17105263157894737,36,28,0.7777777777777778,0.18181818181818182,"( ( not ( eventually[17,inf] ( x_1 >= -0.3 ) ) ) and ( not ( eventually ( x_5 <= -110.57 ) ) ) ) and ( not ( eventually[29,inf] ( x_2 >= -1.83 ) ) )"
1165,65,88,10,3,"[[83, 1.0, 0.054152779281139374], [9114, -1.0, 0.02604372799396515], [5264, 1.0, 0.19575726985931396]]",0.4155787391059345,16,11,107,51,0.4766355140186916,0.3355263157894737,99,43,0.43434343434343436,0.2792207792207792,"( ( always[29,inf] ( ( x_0 >= 33.63 ) or ( x_1 <= 1.0313 ) ) ) and ( not ( always[4,5] ( x_0 >= -4.28 ) ) ) ) and ( always ( x_4 <= 63.86 ) )"
1166,65,42,2,2,"[[7825, -1.0, 0.24573515355587006], [2636, 1.0, 0.6276548504829407]]",0.9879804897845237,11,6,135,135,1.0,0.10082150858849888,115,112,0.9739130434782609,0.08602150537634409,( not ( eventually ( x_2 <= -9.23 ) ) ) and ( always ( x_5 <= 15.78 ) )
1167,65,42,2,3,"[[333, -1.0, 0.3424757421016693], [2636, 1.0, 0.32410234212875366], [6670, 1.0, 0.011871324852108955]]",0.9932704587484406,15,9,495,494,0.997979797979798,0.36893203883495146,470,465,0.9893617021276596,0.35714285714285715,( ( not ( eventually ( x_5 <= -19.68 ) ) ) and ( always ( x_5 <= 94.01 ) ) ) and ( always ( x_0 <= 87.75 ) )
1168,65,15,0,3,"[[6670, -1.0, 0.5698592662811279], [2979, 1.0, 0.029424820095300674], [9226, -1.0, 0.2191375195980072]]",0.9749799663741175,18,10,64,64,1.0,0.27705627705627706,79,75,0.9493670886075949,0.2862595419847328,"( ( not ( always ( x_0 <= 219.33 ) ) ) and ( always[4,33] ( x_5 <= 332.92 ) ) ) and ( not ( eventually[29,inf] ( x_2 >= 22.38 ) ) )"
1169,65,62,6,3,"[[2636, -1.0, 0.003812121693044901], [3990, -1.0, 0.13300281763076782], [9569, -1.0, 0.02681111730635166]]",0.5760841849481197,19,11,56,37,0.6607142857142857,0.5285714285714286,75,40,0.5333333333333333,0.45977011494252873,( ( not ( always ( x_5 <= 178.52 ) ) ) and ( not ( eventually ( x_3 >= 152.17 ) ) ) ) and ( not ( eventually ( x_5 >= 278.3 ) ) )
1170,65,42,2,3,"[[7825, -1.0, 0.2551865577697754], [3226, 1.0, 0.3116869628429413], [6670, 1.0, 0.29133862257003784]]",0.9946088444908465,16,9,303,303,1.0,0.22628827483196415,282,280,0.9929078014184397,0.21505376344086022,"( ( not ( eventually ( x_2 <= -4.1 ) ) ) and ( always[4,inf] ( x_4 <= 38.21 ) ) ) and ( always ( x_0 <= 24.54 ) )"
1171,65,42,2,3,"[[76, -1.0, 0.21705064177513123], [2636, 1.0, 0.34400421380996704], [1462, 1.0, 0.17727749049663544]]",0.9659510607029518,16,14,643,627,0.9751166407465007,0.4682598954443615,618,590,0.9546925566343042,0.45314900153609833,"( ( not ( eventually[1,26] ( ( x_4 >= -809.03 ) and ( x_2 <= -10.62 ) ) ) ) and ( always ( x_5 <= 88.88 ) ) ) and ( ( always[12,28] ( x_3 <= -943.8 ) ) or ( always[11,inf] ( x_0 >= -16.84 ) ) )"
1172,65,15,0,2,"[[6670, -1.0, 0.47197315096855164], [2636, 1.0, 0.31807345151901245]]",0.9163861567630498,10,6,18,18,1.0,0.07792207792207792,34,30,0.8823529411764706,0.11450381679389313,( not ( always ( x_0 <= 197.19 ) ) ) and ( always ( x_5 <= 95.56 ) )
1173,65,42,2,3,"[[4869, 1.0, 0.2989097237586975], [9569, -1.0, 0.0962202399969101], [6670, 1.0, 0.32359886169433594]]",0.9807000640933311,17,12,519,513,0.9884393063583815,0.38312173263629573,496,485,0.9778225806451613,0.3725038402457757,"( ( ( always ( x_1 >= -4.0377 ) ) or ( eventually[10,14] ( x_0 <= -591.94 ) ) ) and ( not ( eventually ( x_5 >= 177.48 ) ) ) ) and ( always ( x_0 <= 17.24 ) )"
1174,65,15,0,2,"[[6670, -1.0, 0.4797329902648926], [2636, 1.0, 0.31807345151901245]]",0.9163861567630498,10,6,18,18,1.0,0.07792207792207792,33,30,0.9090909090909091,0.11450381679389313,( not ( always ( x_0 <= 198.94 ) ) ) and ( always ( x_5 <= 95.56 ) )
1175,65,95,13,3,"[[2636, -1.0, 0.25694307684898376], [6844, -1.0, 0.18100658059120178], [7339, -1.0, 0.0002514902735128999]]",0.5396422868917722,18,13,56,35,0.625,0.2631578947368421,66,27,0.4090909090909091,0.2288135593220339,"( ( not ( always ( ( x_5 <= 243.75 ) or ( x_5 >= 1972.43 ) ) ) ) and ( not ( eventually[2,7] ( x_2 >= 3.54 ) ) ) ) and ( not ( eventually[7,27] ( x_5 >= 313.85 ) ) )"
1176,65,42,2,3,"[[7825, -1.0, 0.25567829608917236], [2636, 1.0, 0.32410234212875366], [333, -1.0, 0.37571263313293457]]",0.9931465609153722,17,10,238,238,1.0,0.1777445855115758,209,205,0.9808612440191388,0.15745007680491552,( ( not ( eventually ( x_2 <= -3.8366 ) ) ) and ( always ( x_5 <= 94.01 ) ) ) and ( not ( eventually ( x_5 <= -10.86 ) ) )
1177,65,15,0,2,"[[6670, -1.0, 0.47197315096855164], [2636, 1.0, 0.31807345151901245]]",0.9163861567630498,10,6,18,18,1.0,0.07792207792207792,34,30,0.8823529411764706,0.11450381679389313,( not ( always ( x_0 <= 197.19 ) ) ) and ( always ( x_5 <= 95.56 ) )
1178,65,88,10,3,"[[5071, -1.0, 0.2610267698764801], [333, -1.0, 0.02494233474135399], [9114, -1.0, 0.060931023210287094]]",0.9163861567630498,18,11,18,18,1.0,0.11842105263157894,24,19,0.7916666666666666,0.12337662337662338,"( ( not ( eventually[17,inf] ( x_1 >= -1.04 ) ) ) and ( not ( eventually ( x_5 <= -103.96 ) ) ) ) and ( not ( always[4,5] ( x_0 >= -9.94 ) ) )"
1179,65,42,2,3,"[[5500, -1.0, 0.24322381615638733], [9569, -1.0, 0.15721368789672852], [1462, 1.0, 0.19726276397705078]]",0.9819137635572917,19,10,554,548,0.9891696750902527,0.409260642270351,525,512,0.9752380952380952,0.3932411674347158,"( ( not ( eventually[0,31] ( x_2 <= -7.85 ) ) ) and ( not ( eventually ( x_5 >= 88.88 ) ) ) ) and ( always[11,inf] ( x_0 >= -13.79 ) )"
1180,65,42,2,3,"[[7825, -1.0, 0.24596482515335083], [2636, 1.0, 0.40433502197265625], [6670, 1.0, 0.32448506355285645]]",0.9890905380006427,16,9,439,437,0.9954441913439636,0.3263629574309186,417,411,0.9856115107913669,0.315668202764977,( ( not ( eventually ( x_2 <= -9.1 ) ) ) and ( always ( x_5 <= 73.33 ) ) ) and ( always ( x_0 <= 17.04 ) )
1181,65,42,2,2,"[[7825, -1.0, 0.24573515355587006], [2636, 1.0, 0.6276548504829407]]",0.9879804897845237,11,6,135,135,1.0,0.10082150858849888,115,112,0.9739130434782609,0.08602150537634409,( not ( eventually ( x_2 <= -9.23 ) ) ) and ( always ( x_5 <= 15.78 ) )
1182,65,15,0,3,"[[6670, -1.0, 0.5698592662811279], [2979, 1.0, 0.029424820095300674], [9226, -1.0, 0.2191375195980072]]",0.9749799663741175,18,10,64,64,1.0,0.27705627705627706,79,75,0.9493670886075949,0.2862595419847328,"( ( not ( always ( x_0 <= 219.33 ) ) ) and ( always[4,33] ( x_5 <= 332.92 ) ) ) and ( not ( eventually[29,inf] ( x_2 >= 22.38 ) ) )"
1183,65,42,2,3,"[[2636, 1.0, 0.10132437944412231], [8090, 1.0, 0.12877391278743744], [6670, 1.0, 0.19467224180698395]]",0.9629611089546584,15,8,776,754,0.9716494845360825,0.5631067961165048,761,735,0.9658344283837057,0.5645161290322581,"( ( always ( x_5 <= 151.42 ) ) and ( always[27,inf] ( x_4 >= -9.04 ) ) ) and ( always ( x_0 <= 46.4 ) )"
1184,65,42,2,3,"[[7825, -1.0, 0.2500096261501312], [2636, 1.0, 0.48685264587402344], [6670, 1.0, 0.011871324852108955]]",0.9955926257239869,16,9,371,371,1.0,0.2770724421209858,332,332,1.0,0.25499231950844853,( ( not ( eventually ( x_2 <= -6.91 ) ) ) and ( always ( x_5 <= 52.07 ) ) ) and ( always ( x_0 <= 87.75 ) )
1185,65,42,2,2,"[[7825, -1.0, 0.24573515355587006], [2636, 1.0, 0.6276548504829407]]",0.9879804897845237,11,6,135,135,1.0,0.10082150858849888,115,112,0.9739130434782609,0.08602150537634409,( not ( eventually ( x_2 <= -9.23 ) ) ) and ( always ( x_5 <= 15.78 ) )
1186,65,88,10,3,"[[6844, -1.0, 0.18703871965408325], [7825, -1.0, 0.10796773433685303], [83, 1.0, 0.06846097856760025]]",0.7474127083551302,17,12,42,35,0.8333333333333334,0.23026315789473684,43,34,0.7906976744186046,0.22077922077922077,"( ( not ( eventually[2,7] ( x_2 >= -0.92 ) ) ) and ( not ( eventually ( x_2 <= -83.92 ) ) ) ) and ( always[29,inf] ( ( x_0 >= 35.17 ) or ( x_1 <= -0.5 ) ) )"
1187,65,16,1,2,"[[6670, 1.0, 0.5020163059234619], [4869, -1.0, 0.22168803215026855]]",0.8950047881759461,11,9,14,14,1.0,0.06334841628959276,12,11,0.9166666666666666,0.051643192488262914,"( always ( x_0 <= -23.11 ) ) and ( not ( ( always ( x_1 >= -79.58 ) ) or ( eventually[10,14] ( x_0 <= -516.39 ) ) ) )"
1188,65,15,0,3,"[[6670, -1.0, 0.5975147485733032], [2979, 1.0, 0.029424820095300674], [7825, -1.0, 0.09188397228717804]]",0.9518877577185184,18,13,98,96,0.9795918367346939,0.4155844155844156,102,97,0.9509803921568627,0.3702290076335878,"( ( not ( always ( x_0 <= 225.58 ) ) ) and ( always[4,33] ( x_5 <= 332.92 ) ) ) and ( not ( ( eventually ( x_2 <= -92.64 ) ) and ( always[1,9] ( x_0 <= 2998.05 ) ) ) )"
1189,65,15,0,2,"[[6670, -1.0, 0.47197315096855164], [2636, 1.0, 0.31807345151901245]]",0.9163861567630498,10,6,18,18,1.0,0.07792207792207792,34,30,0.8823529411764706,0.11450381679389313,( not ( always ( x_0 <= 197.19 ) ) ) and ( always ( x_5 <= 95.56 ) )
1190,65,6,5,3,"[[5264, -1.0, 0.06874623149633408], [559, 1.0, 0.05075947940349579], [3990, -1.0, 0.4182542562484741]]",0.8296711635082987,19,10,8,8,1.0,0.042328042328042326,11,7,0.6363636363636364,0.03317535545023697,"( ( not ( always ( x_4 <= 459.59 ) ) ) and ( always[27,inf] ( x_5 <= 67.84 ) ) ) and ( not ( eventually ( x_3 >= 38.03 ) ) )"
1191,65,88,10,3,"[[5071, -1.0, 0.26004207134246826], [8499, -1.0, 0.07799748331308365], [9226, -1.0, 0.2802826464176178]]",0.9426592784751422,20,11,27,27,1.0,0.17763157894736842,36,28,0.7777777777777778,0.18181818181818182,"( ( not ( eventually[17,inf] ( x_1 >= -0.3 ) ) ) and ( not ( eventually ( x_5 <= -111.79 ) ) ) ) and ( not ( eventually[29,inf] ( x_2 >= -1.83 ) ) )"
1192,65,42,2,3,"[[333, -1.0, 0.36914706230163574], [3226, 1.0, 0.26824796199798584], [6670, 1.0, 0.011871324852108955]]",0.9953294183675063,15,9,350,350,1.0,0.26138909634055263,285,280,0.9824561403508771,0.21505376344086022,"( ( not ( eventually ( x_5 <= -12.604 ) ) ) and ( always[4,inf] ( x_4 <= 74.32 ) ) ) and ( always ( x_0 <= 87.75 ) )"
1193,65,42,2,2,"[[7825, -1.0, 0.24573515355587006], [2636, 1.0, 0.6276548504829407]]",0.9879804897845237,11,6,135,135,1.0,0.10082150858849888,115,112,0.9739130434782609,0.08602150537634409,( not ( eventually ( x_2 <= -9.23 ) ) ) and ( always ( x_5 <= 15.78 ) )
1194,65,42,2,2,"[[333, -1.0, 0.3756316900253296], [2636, 1.0, 0.46385490894317627]]",0.9926232622183262,10,6,221,221,1.0,0.1650485436893204,190,187,0.9842105263157894,0.1436251920122888,( not ( eventually ( x_5 <= -10.88 ) ) ) and ( always ( x_5 <= 57.99 ) )
1195,65,42,2,2,"[[7825, -1.0, 0.24573515355587006], [2636, 1.0, 0.6276548504829407]]",0.9879804897845237,11,6,135,135,1.0,0.10082150858849888,115,112,0.9739130434782609,0.08602150537634409,( not ( eventually ( x_2 <= -9.23 ) ) ) and ( always ( x_5 <= 15.78 ) )
1196,65,42,2,2,"[[7825, -1.0, 0.24573515355587006], [2636, 1.0, 0.6276548504829407]]",0.9879804897845237,11,6,135,135,1.0,0.10082150858849888,115,112,0.9739130434782609,0.08602150537634409,( not ( eventually ( x_2 <= -9.23 ) ) ) and ( always ( x_5 <= 15.78 ) )
1197,65,16,1,2,"[[6670, 1.0, 0.46003812551498413], [4869, -1.0, 0.3428354561328888]]",0.9119010068902417,11,9,17,17,1.0,0.07692307692307693,12,12,1.0,0.056338028169014086,"( always ( x_0 <= -13.62 ) ) and ( not ( ( always ( x_1 >= -97.16 ) ) or ( eventually[10,14] ( x_0 <= -498.81 ) ) ) )"
1198,65,42,2,3,"[[333, -1.0, 0.3591393828392029], [3226, 1.0, 0.26824796199798584], [6670, 1.0, 0.011871324852108955]]",0.9917816411770783,15,9,405,404,0.9975308641975309,0.3017176997759522,342,336,0.9824561403508771,0.25806451612903225,"( ( not ( eventually ( x_5 <= -15.26 ) ) ) and ( always[4,inf] ( x_4 <= 74.32 ) ) ) and ( always ( x_0 <= 87.75 ) )"
1199,65,42,2,3,"[[333, -1.0, 0.36145108938217163], [2636, 1.0, 0.5831409692764282], [4869, 1.0, 0.014469181187450886]]",0.9912937142556558,16,9,187,187,1.0,0.13965646004480955,174,169,0.9712643678160919,0.12980030721966207,( ( not ( eventually ( x_5 <= -14.6465 ) ) ) and ( always ( x_5 <= 27.25 ) ) ) and ( always ( x_1 >= -45.31 ) )
1200,65,42,2,3,"[[7825, -1.0, 0.2500096261501312], [2636, 1.0, 0.48685264587402344], [6670, 1.0, 0.011871324852108955]]",0.9955926257239869,16,9,371,371,1.0,0.2770724421209858,332,332,1.0,0.25499231950844853,( ( not ( eventually ( x_2 <= -6.91 ) ) ) and ( always ( x_5 <= 52.07 ) ) ) and ( always ( x_0 <= 87.75 ) )
1201,65,42,2,3,"[[7825, -1.0, 0.24828489124774933], [2636, 1.0, 0.3395971655845642], [6670, 1.0, 0.3468719720840454]]",0.9962038521599509,16,9,431,431,1.0,0.321882001493652,423,421,0.9952718676122931,0.32334869431643626,( ( not ( eventually ( x_2 <= -7.84 ) ) ) and ( always ( x_5 <= 90.0153 ) ) ) and ( always ( x_0 <= 11.98 ) )
1202,65,6,5,3,"[[5264, -1.0, 0.041436292231082916], [6670, 1.0, 0.3040831685066223], [9226, -1.0, 0.024806763976812363]]",0.9496858165321587,18,10,31,31,1.0,0.164021164021164,33,23,0.696969696969697,0.10900473933649289,"( ( not ( always ( x_4 <= 418.73 ) ) ) and ( always ( x_0 <= 21.66 ) ) ) and ( not ( eventually[29,inf] ( x_2 >= 99.34 ) ) )"
1203,65,42,2,3,"[[7825, -1.0, 0.2500096261501312], [2636, 1.0, 0.48685264587402344], [6670, 1.0, 0.011871324852108955]]",0.9955926257239869,16,9,371,371,1.0,0.2770724421209858,332,332,1.0,0.25499231950844853,( ( not ( eventually ( x_2 <= -6.91 ) ) ) and ( always ( x_5 <= 52.07 ) ) ) and ( always ( x_0 <= 87.75 ) )
1204,65,42,2,3,"[[4869, 1.0, 0.2982670068740845], [5264, 1.0, 0.20357489585876465], [707, 1.0, 0.10357938706874847]]",0.9847423059545716,16,8,106,106,1.0,0.07916355489171023,111,107,0.963963963963964,0.08218125960061444,"( ( always ( x_1 >= -4.13 ) ) and ( always ( x_4 <= 52.16 ) ) ) and ( always[24,26] ( x_2 >= 0.04 ) )"
1205,65,42,2,3,"[[7825, -1.0, 0.2500096261501312], [2636, 1.0, 0.48685264587402344], [6670, 1.0, 0.011871324852108955]]",0.9955926257239869,16,9,371,371,1.0,0.2770724421209858,332,332,1.0,0.25499231950844853,( ( not ( eventually ( x_2 <= -6.91 ) ) ) and ( always ( x_5 <= 52.07 ) ) ) and ( always ( x_0 <= 87.75 ) )
1206,65,42,2,3,"[[4869, 1.0, 0.2989097237586975], [2636, 1.0, 0.3395971655845642], [6670, 1.0, 0.3049207925796509]]",0.976995008064617,15,11,435,429,0.9862068965517241,0.32038834951456313,423,416,0.983451536643026,0.3195084485407066,"( ( ( always ( x_1 >= -4.0377 ) ) or ( eventually[10,14] ( x_0 <= -591.94 ) ) ) and ( always ( x_5 <= 90.0153 ) ) ) and ( always ( x_0 <= 21.47 ) )"
1207,65,92,12,3,"[[2338, -1.0, 0.9586571455001831], [1183, -1.0, 0.06899356842041016], [7876, -1.0, 0.019935056567192078]]",0.6831852432598529,17,13,94,70,0.7446808510638298,0.7142857142857143,95,69,0.7263157894736842,0.6764705882352942,"( ( not ( always[16,27] ( x_1 <= 578.59 ) ) ) and ( not ( always[8,27] ( x_1 >= -98.45 ) ) ) ) and ( not ( always[10,18] ( ( x_3 >= 1874.85 ) or ( x_2 <= 123.72 ) ) ) )"
1208,65,6,5,3,"[[2636, -1.0, 1.8533506393432617], [5071, -1.0, 0.0], [636, -1.0, 0.10912859439849854]]",0.9305325943024827,19,14,22,22,1.0,0.1164021164021164,19,12,0.631578947368421,0.05687203791469194,"( ( not ( always ( x_5 <= 655.16 ) ) ) and ( not ( eventually[17,inf] ( x_1 >= 193.9 ) ) ) ) and ( not ( ( always[7,10] ( x_5 >= 2950.03 ) ) or ( eventually[26,29] ( x_4 <= -3.28 ) ) ) )"
1209,65,88,10,3,"[[5071, -1.0, 0.2610267698764801], [7825, -1.0, 0.11129201948642731], [8005, -1.0, 0.11606980115175247]]",0.9241130208892355,17,11,20,20,1.0,0.13157894736842105,24,21,0.875,0.13636363636363635,"( ( not ( eventually[17,inf] ( x_1 >= -1.04 ) ) ) and ( not ( eventually ( x_2 <= -82.11 ) ) ) ) and ( not ( always[21,24] ( x_0 >= -30.54 ) ) )"
1210,65,42,2,2,"[[7825, -1.0, 0.24573515355587006], [2636, 1.0, 0.6276548504829407]]",0.9879804897845237,11,6,135,135,1.0,0.10082150858849888,115,112,0.9739130434782609,0.08602150537634409,( not ( eventually ( x_2 <= -9.23 ) ) ) and ( always ( x_5 <= 15.78 ) )
1211,65,42,2,3,"[[2636, 1.0, 0.3928910493850708], [636, -1.0, 0.10778829455375671], [9226, -1.0, 0.27186328172683716]]",0.9725074177270822,18,10,173,171,0.9884393063583815,0.1277072442120986,143,138,0.965034965034965,0.10599078341013825,"( ( always ( x_5 <= 76.28 ) ) and ( not ( eventually[26,29] ( x_4 <= -4.23 ) ) ) ) and ( not ( eventually[29,inf] ( x_2 >= 1.5035 ) ) )"
1212,65,95,13,3,"[[3990, 1.0, 0.2957139015197754], [7008, -1.0, 0.18923410773277283], [1462, 1.0, 0.2077173888683319]]",0.5820584182626695,18,12,27,19,0.7037037037037037,0.14285714285714285,19,11,0.5789473684210527,0.09322033898305085,"( ( eventually ( x_3 >= 323.72 ) ) and ( not ( eventually[7,25] ( x_4 >= 46.9754 ) ) ) ) and ( ( always[12,28] ( x_3 <= -948.45 ) ) or ( always[11,inf] ( x_0 >= -12.19 ) ) )"
1213,65,42,2,3,"[[7825, -1.0, 0.2500096261501312], [2636, 1.0, 0.48685264587402344], [6670, 1.0, 0.011871324852108955]]",0.9955926257239869,16,9,371,371,1.0,0.2770724421209858,332,332,1.0,0.25499231950844853,( ( not ( eventually ( x_2 <= -6.91 ) ) ) and ( always ( x_5 <= 52.07 ) ) ) and ( always ( x_0 <= 87.75 ) )
1214,65,42,2,3,"[[333, -1.0, 0.3612343668937683], [3226, 1.0, 0.26824796199798584], [1462, 1.0, 0.26635462045669556]]",0.9922398601901518,16,9,210,210,1.0,0.15683345780433158,189,183,0.9682539682539683,0.14055299539170507,"( ( not ( eventually ( x_5 <= -14.7 ) ) ) and ( always[4,inf] ( x_4 <= 74.32 ) ) ) and ( always[11,inf] ( x_0 >= -3.2375 ) )"
1215,65,42,2,2,"[[333, -1.0, 0.36914706230163574], [2636, 1.0, 0.5831409692764282]]",0.9898394562620587,10,6,160,160,1.0,0.11949215832710978,158,153,0.9683544303797469,0.1175115207373272,( not ( eventually ( x_5 <= -12.604 ) ) ) and ( always ( x_5 <= 27.25 ) )
1216,65,42,2,3,"[[333, -1.0, 0.36914706230163574], [3226, 1.0, 0.26824796199798584], [6670, 1.0, 0.011871324852108955]]",0.9953294183675063,15,9,350,350,1.0,0.26138909634055263,285,280,0.9824561403508771,0.21505376344086022,"( ( not ( eventually ( x_5 <= -12.604 ) ) ) and ( always[4,inf] ( x_4 <= 74.32 ) ) ) and ( always ( x_0 <= 87.75 ) )"
1217,65,42,2,3,"[[7825, -1.0, 0.2500096261501312], [2636, 1.0, 0.48685264587402344], [6670, 1.0, 0.011871324852108955]]",0.9955926257239869,16,9,371,371,1.0,0.2770724421209858,332,332,1.0,0.25499231950844853,( ( not ( eventually ( x_2 <= -6.91 ) ) ) and ( always ( x_5 <= 52.07 ) ) ) and ( always ( x_0 <= 87.75 ) )
1218,65,42,2,3,"[[7825, -1.0, 0.24828489124774933], [2636, 1.0, 0.3395971655845642], [6670, 1.0, 0.3468719720840454]]",0.9962038521599509,16,9,431,431,1.0,0.321882001493652,423,421,0.9952718676122931,0.32334869431643626,( ( not ( eventually ( x_2 <= -7.84 ) ) ) and ( always ( x_5 <= 90.0153 ) ) ) and ( always ( x_0 <= 11.98 ) )
1219,65,6,5,3,"[[5264, -1.0, 0.041436292231082916], [6670, 1.0, 0.3040831685066223], [9226, -1.0, 0.024806763976812363]]",0.9496858165321587,18,10,31,31,1.0,0.164021164021164,33,23,0.696969696969697,0.10900473933649289,"( ( not ( always ( x_4 <= 418.73 ) ) ) and ( always ( x_0 <= 21.66 ) ) ) and ( not ( eventually[29,inf] ( x_2 >= 99.34 ) ) )"
1220,65,95,13,3,"[[559, -1.0, 0.7291029095649719], [3226, 1.0, 0.13314831256866455], [707, 1.0, 0.08003857731819153]]",0.7177292905524709,16,9,15,13,0.8666666666666667,0.09774436090225563,12,5,0.4166666666666667,0.0423728813559322,"( ( not ( always[27,inf] ( x_5 <= 243.25 ) ) ) and ( always[4,inf] ( x_4 <= 186.62 ) ) ) and ( always[24,26] ( x_2 >= -12.92 ) )"
1221,65,42,2,3,"[[7825, -1.0, 0.240497887134552], [2979, 1.0, 0.14752092957496643], [6670, 1.0, 0.011871324852108955]]",0.995880080692477,17,9,397,397,1.0,0.29648991784914114,368,361,0.9809782608695652,0.2772657450076805,"( ( not ( eventually ( x_2 <= -12.0665 ) ) ) and ( always[4,33] ( x_5 <= 43.75 ) ) ) and ( always ( x_0 <= 87.75 ) )"
1222,65,42,2,3,"[[7825, -1.0, 0.2500096261501312], [2636, 1.0, 0.48685264587402344], [6670, 1.0, 0.011871324852108955]]",0.9955926257239869,16,9,371,371,1.0,0.2770724421209858,332,332,1.0,0.25499231950844853,( ( not ( eventually ( x_2 <= -6.91 ) ) ) and ( always ( x_5 <= 52.07 ) ) ) and ( always ( x_0 <= 87.75 ) )
1223,65,6,5,3,"[[2636, -1.0, 1.8533506393432617], [5071, -1.0, 0.09996989369392395], [9901, -1.0, 0.23175621032714844]]",0.8878341470731327,17,12,13,13,1.0,0.06878306878306878,17,12,0.7058823529411765,0.05687203791469194,"( ( not ( always ( x_5 <= 655.16 ) ) ) and ( not ( eventually[17,inf] ( x_1 >= 119.24 ) ) ) ) and ( not ( eventually ( always[3,5] ( x_0 <= -2.87 ) ) ) )"
1224,65,16,1,3,"[[4869, -1.0, 0.4260433316230774], [3226, 1.0, 0.22088217735290527], [2415, 1.0, 0.04174335300922394]]",0.9655270243074291,17,12,46,46,1.0,0.2081447963800905,47,45,0.9574468085106383,0.2112676056338028,"( ( not ( always ( x_1 >= -109.23 ) ) ) and ( always[4,inf] ( x_4 <= 113.69 ) ) ) and ( ( always[1,4] ( x_1 >= -76.07 ) ) and ( always[2,32] ( x_0 >= -384.82 ) ) )"
1225,65,42,2,3,"[[7825, -1.0, 0.2500096261501312], [2636, 1.0, 0.48685264587402344], [6670, 1.0, 0.011871324852108955]]",0.9955926257239869,16,9,371,371,1.0,0.2770724421209858,332,332,1.0,0.25499231950844853,( ( not ( eventually ( x_2 <= -6.91 ) ) ) and ( always ( x_5 <= 52.07 ) ) ) and ( always ( x_0 <= 87.75 ) )
1226,65,42,2,2,"[[7825, -1.0, 0.24573515355587006], [2636, 1.0, 0.6276548504829407]]",0.9879804897845237,11,6,135,135,1.0,0.10082150858849888,115,112,0.9739130434782609,0.08602150537634409,( not ( eventually ( x_2 <= -9.23 ) ) ) and ( always ( x_5 <= 15.78 ) )
1227,65,42,2,2,"[[333, -1.0, 0.375763475894928], [2636, 1.0, 0.32548168301582336]]",0.9946614167886589,10,6,306,306,1.0,0.22852875280059745,252,247,0.9801587301587301,0.18970814132104455,( not ( eventually ( x_5 <= -10.85 ) ) ) and ( always ( x_5 <= 93.65 ) )
1228,65,42,2,3,"[[7825, -1.0, 0.2500096261501312], [2636, 1.0, 0.48685264587402344], [6670, 1.0, 0.011871324852108955]]",0.9955926257239869,16,9,371,371,1.0,0.2770724421209858,332,332,1.0,0.25499231950844853,( ( not ( eventually ( x_2 <= -6.91 ) ) ) and ( always ( x_5 <= 52.07 ) ) ) and ( always ( x_0 <= 87.75 ) )
1229,65,42,2,3,"[[6670, 1.0, 0.3422251343727112], [2268, 1.0, 0.20106634497642517], [9569, -1.0, 0.14536520838737488]]",0.9865230789685182,17,12,457,454,0.9934354485776805,0.339058999253174,436,429,0.9839449541284404,0.3294930875576037,"( ( always ( x_0 <= 13.03 ) ) and ( ( always[10,24] ( x_5 <= -994.11 ) ) or ( always[8,20] ( x_2 >= -3.6 ) ) ) ) and ( not ( eventually ( x_5 >= 106.09 ) ) )"
1230,65,6,5,3,"[[5264, -1.0, 0.05320977419614792], [559, 1.0, 0.05075947940349579], [6670, 1.0, 0.0036548743955790997]]",0.9211317916946523,17,11,59,57,0.9661016949152542,0.30158730158730157,52,43,0.8269230769230769,0.2037914691943128,"( ( not ( always ( x_4 <= 436.35 ) ) ) and ( always[27,inf] ( x_5 <= 67.84 ) ) ) and ( always ( ( x_0 <= 89.61 ) or ( x_5 >= 1163.73 ) ) )"
1231,65,88,10,3,"[[5071, -1.0, 0.2610267698764801], [333, -1.0, 0.09301584213972092], [6670, 1.0, 0.060814905911684036]]",0.9204367490813241,17,10,19,19,1.0,0.125,25,18,0.72,0.11688311688311688,"( ( not ( eventually[17,inf] ( x_1 >= -1.04 ) ) ) and ( not ( eventually ( x_5 <= -85.89 ) ) ) ) and ( always ( x_0 <= 76.68 ) )"
1232,65,42,2,3,"[[7825, -1.0, 0.2500096261501312], [2636, 1.0, 0.48685264587402344], [6670, 1.0, 0.011871324852108955]]",0.9955926257239869,16,9,371,371,1.0,0.2770724421209858,332,332,1.0,0.25499231950844853,( ( not ( eventually ( x_2 <= -6.91 ) ) ) and ( always ( x_5 <= 52.07 ) ) ) and ( always ( x_0 <= 87.75 ) )
1233,65,88,10,3,"[[5071, -1.0, 0.26004207134246826], [333, -1.0, 0.0], [9226, -1.0, 0.2802826464176178]]",0.9405849009030973,19,11,26,26,1.0,0.17105263157894737,36,28,0.7777777777777778,0.18181818181818182,"( ( not ( eventually[17,inf] ( x_1 >= -0.3 ) ) ) and ( not ( eventually ( x_5 <= -110.57 ) ) ) ) and ( not ( eventually[29,inf] ( x_2 >= -1.83 ) ) )"
1234,65,62,6,3,"[[2636, -1.0, 0.012482235208153725], [9569, -1.0, 0.0807231217622757], [4869, 1.0, 0.27451735734939575]]",0.7806044987038846,18,10,26,23,0.8846153846153846,0.32857142857142857,27,17,0.6296296296296297,0.19540229885057472,( ( not ( always ( x_5 <= 180.75 ) ) ) and ( not ( eventually ( x_5 >= 199.99 ) ) ) ) and ( always ( x_1 >= -7.58 ) )
1235,65,42,2,2,"[[333, -1.0, 0.375763475894928], [2636, 1.0, 0.32548168301582336]]",0.9946614167886589,10,6,306,306,1.0,0.22852875280059745,252,247,0.9801587301587301,0.18970814132104455,( not ( eventually ( x_5 <= -10.85 ) ) ) and ( always ( x_5 <= 93.65 ) )
1236,65,42,2,3,"[[7825, -1.0, 0.2500096261501312], [2636, 1.0, 0.48685264587402344], [6670, 1.0, 0.011871324852108955]]",0.9955926257239869,16,9,371,371,1.0,0.2770724421209858,332,332,1.0,0.25499231950844853,( ( not ( eventually ( x_2 <= -6.91 ) ) ) and ( always ( x_5 <= 52.07 ) ) ) and ( always ( x_0 <= 87.75 ) )
1237,65,42,2,2,"[[7825, -1.0, 0.24573515355587006], [2636, 1.0, 0.6276548504829407]]",0.9879804897845237,11,6,135,135,1.0,0.10082150858849888,115,112,0.9739130434782609,0.08602150537634409,( not ( eventually ( x_2 <= -9.23 ) ) ) and ( always ( x_5 <= 15.78 ) )
1238,65,42,2,2,"[[7825, -1.0, 0.24573515355587006], [2636, 1.0, 0.6276548504829407]]",0.9879804897845237,11,6,135,135,1.0,0.10082150858849888,115,112,0.9739130434782609,0.08602150537634409,( not ( eventually ( x_2 <= -9.23 ) ) ) and ( always ( x_5 <= 15.78 ) )
1239,65,42,2,3,"[[7825, -1.0, 0.2410806119441986], [5264, 1.0, 0.21055150032043457], [1462, 1.0, 0.16193601489067078]]",0.9642687552050683,18,9,382,373,0.9764397905759162,0.27856609410007466,378,359,0.9497354497354498,0.27572964669738864,"( ( not ( eventually ( x_2 <= -11.75 ) ) ) and ( always ( x_4 <= 41.72 ) ) ) and ( always[11,inf] ( x_0 >= -19.18 ) )"
1240,65,88,10,3,"[[2338, 1.0, 0.2929864227771759], [1183, 1.0, 0.03189581632614136], [9901, 1.0, 0.12644273042678833]]",0.8223836000128961,13,9,17,16,0.9411764705882353,0.10526315789473684,19,14,0.7368421052631579,0.09090909090909091,"( ( always[16,27] ( x_1 <= 0.36 ) ) and ( always[8,27] ( x_1 >= -71.34 ) ) ) and ( eventually ( always[3,5] ( x_0 <= -44.13 ) ) )"
1241,65,15,0,3,"[[6670, -1.0, 0.13458701968193054], [9569, -1.0, 0.0663897693157196], [7825, -1.0, 0.1737554669380188]]",0.948502220179169,19,11,118,115,0.9745762711864406,0.49783549783549785,123,120,0.975609756097561,0.4580152671755725,( ( not ( always ( x_0 <= 120.88 ) ) ) and ( not ( eventually ( x_5 >= 220.81 ) ) ) ) and ( not ( eventually ( x_2 <= -48.25 ) ) )
1242,65,95,13,3,"[[559, -1.0, 0.7291029095649719], [3226, 1.0, 0.13314831256866455], [6844, -1.0, 0.17913012206554413]]",0.8296711635082987,17,10,8,8,1.0,0.06015037593984962,6,3,0.5,0.025423728813559324,"( ( not ( always[27,inf] ( x_5 <= 243.25 ) ) ) and ( always[4,inf] ( x_4 <= 186.62 ) ) ) and ( not ( eventually[2,7] ( x_2 >= 4.93 ) ) )"
1243,65,15,0,3,"[[6670, -1.0, 0.5698592662811279], [2979, 1.0, 0.029424820095300674], [9226, -1.0, 0.2191375195980072]]",0.9749799663741175,18,10,64,64,1.0,0.27705627705627706,79,75,0.9493670886075949,0.2862595419847328,"( ( not ( always ( x_0 <= 219.33 ) ) ) and ( always[4,33] ( x_5 <= 332.92 ) ) ) and ( not ( eventually[29,inf] ( x_2 >= 22.38 ) ) )"
1244,65,6,5,3,"[[5264, -1.0, 0.05521825700998306], [6670, 1.0, 0.22636473178863525], [8090, 1.0, 0.07276283204555511]]",0.9285793476418497,17,12,45,44,0.9777777777777777,0.2328042328042328,45,35,0.7777777777777778,0.16587677725118483,"( ( not ( always ( x_4 <= 439.35 ) ) ) and ( always ( x_0 <= 39.24 ) ) ) and ( ( always[27,inf] ( x_4 >= -52.74 ) ) and ( eventually[28,30] ( x_4 <= 16285.95 ) ) )"
1245,65,15,0,3,"[[6670, -1.0, 0.5975147485733032], [2979, 1.0, 0.029424820095300674], [2415, 1.0, 0.008981136605143547]]",0.9651042199119716,17,12,94,93,0.9893617021276596,0.4025974025974026,102,97,0.9509803921568627,0.3702290076335878,"( ( not ( always ( x_0 <= 225.58 ) ) ) and ( always[4,33] ( x_5 <= 332.92 ) ) ) and ( ( always[1,4] ( x_1 >= -97.2 ) ) and ( always[2,32] ( x_0 >= -405.94 ) ) )"
1246,65,42,2,2,"[[333, -1.0, 0.375763475894928], [2636, 1.0, 0.32548168301582336]]",0.9946614167886589,10,6,306,306,1.0,0.22852875280059745,252,247,0.9801587301587301,0.18970814132104455,( not ( eventually ( x_5 <= -10.85 ) ) ) and ( always ( x_5 <= 93.65 ) )
1247,65,88,10,3,"[[5071, -1.0, 0.2610267698764801], [1949, -1.0, 0.10513201355934143], [6670, 1.0, 0.060814905911684036]]",0.9274645677596903,16,11,21,21,1.0,0.13815789473684212,26,20,0.7692307692307693,0.12987012987012986,"( ( not ( eventually[17,inf] ( x_1 >= -1.04 ) ) ) and ( not ( always[9,inf] ( eventually[6,18] ( x_2 <= -42.78 ) ) ) ) ) and ( always ( x_0 <= 76.68 ) )"
1248,65,42,2,2,"[[7825, -1.0, 0.24573515355587006], [2636, 1.0, 0.6276548504829407]]",0.9879804897845237,11,6,135,135,1.0,0.10082150858849888,115,112,0.9739130434782609,0.08602150537634409,( not ( eventually ( x_2 <= -9.23 ) ) ) and ( always ( x_5 <= 15.78 ) )
1249,65,88,10,3,"[[9226, -1.0, 0.2889510989189148], [7825, -1.0, 0.11129201948642731], [6670, 1.0, 0.053590431809425354]]",0.96236743675936,18,10,42,42,1.0,0.27631578947368424,39,34,0.8717948717948718,0.22077922077922077,"( ( not ( eventually[29,inf] ( x_2 >= -5.26 ) ) ) and ( not ( eventually ( x_2 <= -82.11 ) ) ) ) and ( always ( x_0 <= 78.31 ) )"
1250,65,42,2,3,"[[333, -1.0, 0.3591393828392029], [3226, 1.0, 0.1880045235157013], [6670, 1.0, 0.3818296492099762]]",0.9933139613266638,15,9,244,244,1.0,0.18222554144884243,194,191,0.9845360824742269,0.14669738863287252,"( ( not ( eventually ( x_5 <= -15.26 ) ) ) and ( always[4,inf] ( x_4 <= 141.02 ) ) ) and ( always ( x_0 <= 4.07 ) )"
1251,65,42,2,3,"[[7825, -1.0, 0.23216059803962708], [5264, 1.0, 0.22095143795013428], [1462, 1.0, 0.12191587686538696]]",0.9712490663725718,18,9,259,255,0.9845559845559846,0.19044062733383121,273,258,0.945054945054945,0.19815668202764977,"( ( not ( eventually ( x_2 <= -16.59 ) ) ) and ( always ( x_4 <= 26.16 ) ) ) and ( always[11,inf] ( x_0 >= -25.29 ) )"
1252,65,42,2,3,"[[2636, 1.0, 0.4842531681060791], [7825, -1.0, 0.24065010249614716], [1462, 1.0, 0.18027445673942566]]",0.991531846426132,17,9,393,392,0.9974554707379135,0.292755787901419,368,358,0.9728260869565217,0.2749615975422427,"( ( always ( x_5 <= 52.74 ) ) and ( not ( eventually ( x_2 <= -11.98 ) ) ) ) and ( always[11,inf] ( x_0 >= -16.38 ) )"
1253,65,42,2,2,"[[333, -1.0, 0.36914706230163574], [2636, 1.0, 0.5831409692764282]]",0.9898394562620587,10,6,160,160,1.0,0.11949215832710978,158,153,0.9683544303797469,0.1175115207373272,( not ( eventually ( x_5 <= -12.604 ) ) ) and ( always ( x_5 <= 27.25 ) )
1254,65,42,2,3,"[[7825, -1.0, 0.25003212690353394], [2636, 1.0, 0.48685264587402344], [6670, 1.0, 0.011871324852108955]]",0.9955926257239869,16,9,371,371,1.0,0.2770724421209858,332,332,1.0,0.25499231950844853,( ( not ( eventually ( x_2 <= -6.9 ) ) ) and ( always ( x_5 <= 52.07 ) ) ) and ( always ( x_0 <= 87.75 ) )
1255,65,88,10,3,"[[5071, -1.0, 0.2610267698764801], [333, -1.0, 0.09301584213972092], [6670, 1.0, 0.05944190174341202]]",0.9204367490813241,17,10,19,19,1.0,0.125,25,18,0.72,0.11688311688311688,"( ( not ( eventually[17,inf] ( x_1 >= -1.04 ) ) ) and ( not ( eventually ( x_5 <= -85.89 ) ) ) ) and ( always ( x_0 <= 76.99 ) )"
1256,65,42,2,2,"[[7825, -1.0, 0.24573515355587006], [2636, 1.0, 0.6276548504829407]]",0.9879804897845237,11,6,135,135,1.0,0.10082150858849888,115,112,0.9739130434782609,0.08602150537634409,( not ( eventually ( x_2 <= -9.23 ) ) ) and ( always ( x_5 <= 15.78 ) )
1257,65,62,6,3,"[[2636, -1.0, 0.012482235208153725], [9569, -1.0, 0.0807231217622757], [6670, 1.0, 0.2757033705711365]]",0.7748248348699284,17,13,31,27,0.8709677419354839,0.38571428571428573,23,16,0.6956521739130435,0.1839080459770115,"( ( not ( always ( x_5 <= 180.75 ) ) ) and ( not ( ( eventually ( x_5 >= 199.99 ) ) and ( always[16,inf] ( x_4 <= 37746.98 ) ) ) ) ) and ( always ( x_0 <= 28.08 ) )"
1258,65,16,1,3,"[[4869, -1.0, 0.0], [2979, 1.0, 0.11327433586120605], [76, 1.0, 0.1072184145450592]]",0.9818807216189239,17,14,89,89,1.0,0.40271493212669685,84,80,0.9523809523809523,0.3755868544600939,"( ( not ( ( always ( x_1 >= -47.41 ) ) or ( eventually[10,14] ( x_0 <= -548.56 ) ) ) ) and ( always[4,33] ( x_5 <= 127.61 ) ) ) and ( eventually[1,26] ( ( x_4 >= -661.47 ) and ( x_2 <= -158.18 ) ) )"
1259,65,15,0,3,"[[6670, -1.0, 0.47197315096855164], [2636, 1.0, 0.24635553359985352], [1183, 1.0, 0.047111816704273224]]",0.9511813763534412,15,9,32,32,1.0,0.13852813852813853,38,37,0.9736842105263158,0.14122137404580154,"( ( not ( always ( x_0 <= 197.19 ) ) ) and ( always ( x_5 <= 114.04 ) ) ) and ( always[8,27] ( x_1 >= -67.25 ) )"
1260,65,42,2,2,"[[333, -1.0, 0.375763475894928], [2636, 1.0, 0.32548168301582336]]",0.9946614167886589,10,6,306,306,1.0,0.22852875280059745,252,247,0.9801587301587301,0.18970814132104455,( not ( eventually ( x_5 <= -10.85 ) ) ) and ( always ( x_5 <= 93.65 ) )
1261,65,6,5,3,"[[2636, -1.0, 0.051747847348451614], [559, 1.0, 0.12525314092636108], [6670, 1.0, 0.11508752405643463]]",0.7418371452382343,16,11,125,99,0.792,0.5238095238095238,134,96,0.7164179104477612,0.4549763033175355,"( ( not ( always ( x_5 <= 190.87 ) ) ) and ( always[27,inf] ( x_5 <= 51.09 ) ) ) and ( always ( ( x_0 <= 64.4 ) or ( x_5 >= 1188.93 ) ) )"
1262,65,42,2,2,"[[333, -1.0, 0.375763475894928], [2636, 1.0, 0.32548168301582336]]",0.9946614167886589,10,6,306,306,1.0,0.22852875280059745,252,247,0.9801587301587301,0.18970814132104455,( not ( eventually ( x_5 <= -10.85 ) ) ) and ( always ( x_5 <= 93.65 ) )
1263,65,42,2,3,"[[2636, 1.0, 0.41158410906791687], [7825, -1.0, 0.23661071062088013], [6670, 1.0, 0.13691315054893494]]",0.9595784129072534,16,9,598,580,0.9698996655518395,0.43315907393577296,544,527,0.96875,0.40476190476190477,( ( always ( x_5 <= 71.46 ) ) and ( not ( eventually ( x_2 <= -14.17 ) ) ) ) and ( always ( x_0 <= 59.47 ) )
1264,65,42,2,3,"[[5500, -1.0, 0.2449464350938797], [2979, 1.0, 0.144134521484375], [6670, 1.0, 0.30434006452560425]]",0.9876954287844383,17,9,389,387,0.9948586118251928,0.2890216579536968,343,341,0.9941690962099126,0.2619047619047619,"( ( not ( eventually[0,31] ( x_2 <= -6.91 ) ) ) and ( always[4,33] ( x_5 <= 52.05 ) ) ) and ( always ( x_0 <= 21.6 ) )"
1265,65,42,2,3,"[[7825, -1.0, 0.2459287941455841], [2636, 1.0, 0.3395971655845642], [6670, 1.0, 0.32359886169433594]]",0.985752548128288,16,9,525,521,0.9923809523809524,0.38909634055265124,497,490,0.9859154929577465,0.3763440860215054,( ( not ( eventually ( x_2 <= -9.12 ) ) ) and ( always ( x_5 <= 90.0153 ) ) ) and ( always ( x_0 <= 17.24 ) )
1266,65,15,0,3,"[[6670, -1.0, 0.5698592662811279], [2979, 1.0, 0.029424820095300674], [9226, -1.0, 0.2191375195980072]]",0.9749799663741175,18,10,64,64,1.0,0.27705627705627706,79,75,0.9493670886075949,0.2862595419847328,"( ( not ( always ( x_0 <= 219.33 ) ) ) and ( always[4,33] ( x_5 <= 332.92 ) ) ) and ( not ( eventually[29,inf] ( x_2 >= 22.38 ) ) )"
1267,65,88,10,3,"[[9736, 1.0, 0.19599127769470215], [1183, 1.0, 0.03189581632614136], [8005, -1.0, 0.11606980115175247]]",0.9163861567630498,13,9,18,18,1.0,0.11842105263157894,20,13,0.65,0.08441558441558442,"( ( always[28,31] ( x_5 <= -9.6 ) ) and ( always[8,27] ( x_1 >= -71.34 ) ) ) and ( not ( always[21,24] ( x_0 >= -30.54 ) ) )"
1268,65,42,2,3,"[[7825, -1.0, 0.2500096261501312], [2636, 1.0, 0.48685264587402344], [6670, 1.0, 0.011871324852108955]]",0.9955926257239869,16,9,371,371,1.0,0.2770724421209858,332,332,1.0,0.25499231950844853,( ( not ( eventually ( x_2 <= -6.91 ) ) ) and ( always ( x_5 <= 52.07 ) ) ) and ( always ( x_0 <= 87.75 ) )
1269,65,42,2,3,"[[7825, -1.0, 0.2500096261501312], [2636, 1.0, 0.48685264587402344], [6670, 1.0, 0.011871324852108955]]",0.9955926257239869,16,9,371,371,1.0,0.2770724421209858,332,332,1.0,0.25499231950844853,( ( not ( eventually ( x_2 <= -6.91 ) ) ) and ( always ( x_5 <= 52.07 ) ) ) and ( always ( x_0 <= 87.75 ) )
1270,65,42,2,2,"[[7825, -1.0, 0.24573515355587006], [2636, 1.0, 0.6276548504829407]]",0.9879804897845237,11,6,135,135,1.0,0.10082150858849888,115,112,0.9739130434782609,0.08602150537634409,( not ( eventually ( x_2 <= -9.23 ) ) ) and ( always ( x_5 <= 15.78 ) )
1271,65,42,2,2,"[[333, -1.0, 0.375763475894928], [2636, 1.0, 0.32548168301582336]]",0.9946614167886589,10,6,306,306,1.0,0.22852875280059745,252,247,0.9801587301587301,0.18970814132104455,( not ( eventually ( x_5 <= -10.85 ) ) ) and ( always ( x_5 <= 93.65 ) )
1272,65,95,13,3,"[[3990, 1.0, 0.2957139015197754], [7008, -1.0, 0.18923410773277283], [1462, 1.0, 0.1962408423423767]]",0.5632573803698532,18,12,31,21,0.6774193548387096,0.15789473684210525,21,12,0.5714285714285714,0.1016949152542373,"( ( eventually ( x_3 >= 323.72 ) ) and ( not ( eventually[7,25] ( x_4 >= 46.9754 ) ) ) ) and ( ( always[12,28] ( x_3 <= -946.7 ) ) or ( always[11,inf] ( x_0 >= -13.94 ) ) )"
1273,65,42,2,2,"[[7825, -1.0, 0.24573515355587006], [2636, 1.0, 0.6276548504829407]]",0.9879804897845237,11,6,135,135,1.0,0.10082150858849888,115,112,0.9739130434782609,0.08602150537634409,( not ( eventually ( x_2 <= -9.23 ) ) ) and ( always ( x_5 <= 15.78 ) )
1274,65,53,4,3,"[[333, 1.0, 0.21616780757904053], [76, -1.0, 0.18239417672157288], [2636, 1.0, 0.292006254196167]]",0.40940130682725634,15,11,6,4,0.6666666666666666,0.23529411764705882,4,2,0.5,0.11764705882352941,"( ( eventually ( x_5 <= -167.95 ) ) and ( not ( eventually[1,26] ( ( x_4 >= -793.26 ) and ( x_2 <= -26.39 ) ) ) ) ) and ( always ( x_5 <= 102.28 ) )"
1275,65,6,5,2,"[[7339, 1.0, 0.001719433581456542], [3990, -1.0, 0.41952088475227356]]",0.901313696340425,12,6,15,15,1.0,0.07936507936507936,15,13,0.8666666666666667,0.061611374407582936,"( eventually[7,27] ( x_5 >= 317.7 ) ) and ( not ( eventually ( x_3 >= 37.52 ) ) )"
1276,65,42,2,2,"[[7825, -1.0, 0.24573515355587006], [2636, 1.0, 0.6276548504829407]]",0.9879804897845237,11,6,135,135,1.0,0.10082150858849888,115,112,0.9739130434782609,0.08602150537634409,( not ( eventually ( x_2 <= -9.23 ) ) ) and ( always ( x_5 <= 15.78 ) )
1277,65,42,2,2,"[[7825, -1.0, 0.24573515355587006], [2636, 1.0, 0.6276548504829407]]",0.9879804897845237,11,6,135,135,1.0,0.10082150858849888,115,112,0.9739130434782609,0.08602150537634409,( not ( eventually ( x_2 <= -9.23 ) ) ) and ( always ( x_5 <= 15.78 ) )
1278,65,6,5,3,"[[2636, -1.0, 0.11602719128131866], [559, 1.0, 0.03605634719133377], [6670, 1.0, 0.1630564033985138]]",0.855816992678912,16,11,117,105,0.8974358974358975,0.5555555555555556,130,107,0.823076923076923,0.5071090047393365,"( ( not ( always ( x_5 <= 207.43 ) ) ) and ( always[27,inf] ( x_5 <= 71.15 ) ) ) and ( always ( ( x_0 <= 53.55 ) or ( x_5 >= 1199.78 ) ) )"
1279,65,42,2,2,"[[7825, -1.0, 0.24573515355587006], [2636, 1.0, 0.6276548504829407]]",0.9879804897845237,11,6,135,135,1.0,0.10082150858849888,115,112,0.9739130434782609,0.08602150537634409,( not ( eventually ( x_2 <= -9.23 ) ) ) and ( always ( x_5 <= 15.78 ) )
1280,65,42,2,3,"[[6670, 1.0, 0.34763509035110474], [8090, 1.0, 0.13549338281154633], [2636, 1.0, 0.006589741446077824]]",0.9891642523621947,15,8,442,440,0.995475113122172,0.3286034353995519,418,416,0.9952153110047847,0.3195084485407066,"( ( always ( x_0 <= 11.81 ) ) and ( always[27,inf] ( x_4 >= -3.79 ) ) ) and ( always ( x_5 <= 175.83 ) )"
1281,65,6,5,3,"[[2636, -1.0, 1.8533506393432617], [5071, -1.0, 0.06747075915336609], [9226, -1.0, 0.2577027976512909]]",0.9138610487425545,19,13,37,36,0.972972972972973,0.19047619047619047,49,39,0.7959183673469388,0.1848341232227488,"( ( not ( always ( ( x_5 <= 655.16 ) or ( x_5 >= 1561.02 ) ) ) ) and ( not ( eventually[17,inf] ( x_1 >= 143.51 ) ) ) ) and ( not ( eventually[29,inf] ( x_2 >= 7.11 ) ) )"
1282,65,42,2,2,"[[7825, -1.0, 0.24573515355587006], [2636, 1.0, 0.6276548504829407]]",0.9879804897845237,11,6,135,135,1.0,0.10082150858849888,115,112,0.9739130434782609,0.08602150537634409,( not ( eventually ( x_2 <= -9.23 ) ) ) and ( always ( x_5 <= 15.78 ) )
1283,65,42,2,3,"[[7825, -1.0, 0.25003212690353394], [2636, 1.0, 0.4560752809047699], [6670, 1.0, 0.011871324852108955]]",0.9851661909783282,16,9,415,412,0.9927710843373494,0.3076923076923077,384,383,0.9973958333333334,0.2941628264208909,( ( not ( eventually ( x_2 <= -6.9 ) ) ) and ( always ( x_5 <= 60.0 ) ) ) and ( always ( x_0 <= 87.75 ) )
1284,65,95,13,3,"[[559, -1.0, 0.7291029095649719], [3226, 1.0, 0.13314831256866455], [1462, 1.0, 0.13267195224761963]]",0.8296711635082987,17,9,8,8,1.0,0.06015037593984962,9,3,0.3333333333333333,0.025423728813559324,"( ( not ( always[27,inf] ( x_5 <= 243.25 ) ) ) and ( always[4,inf] ( x_4 <= 186.62 ) ) ) and ( always[11,inf] ( x_0 >= -23.65 ) )"
1285,65,42,2,2,"[[333, -1.0, 0.375763475894928], [2636, 1.0, 0.32548168301582336]]",0.9946614167886589,10,6,306,306,1.0,0.22852875280059745,252,247,0.9801587301587301,0.18970814132104455,( not ( eventually ( x_5 <= -10.85 ) ) ) and ( always ( x_5 <= 93.65 ) )
1286,65,15,0,2,"[[6670, -1.0, 0.47197315096855164], [2636, 1.0, 0.31807345151901245]]",0.9163861567630498,10,6,18,18,1.0,0.07792207792207792,34,30,0.8823529411764706,0.11450381679389313,( not ( always ( x_0 <= 197.19 ) ) ) and ( always ( x_5 <= 95.56 ) )
1287,65,42,2,3,"[[6670, 1.0, 0.35265326499938965], [76, -1.0, 0.21700450778007507], [2636, 1.0, 0.33489829301834106]]",0.9925507299170649,15,11,447,446,0.9977628635346756,0.3330843913368185,433,426,0.9838337182448037,0.3271889400921659,"( ( always ( x_0 <= 10.67 ) ) and ( not ( eventually[1,26] ( ( x_4 >= -809.01 ) and ( x_2 <= -10.64 ) ) ) ) ) and ( always ( x_5 <= 91.23 ) )"
1288,65,15,0,3,"[[6670, -1.0, 0.5698592662811279], [2979, 1.0, 0.029424820095300674], [9226, -1.0, 0.2191375195980072]]",0.9749799663741175,18,10,64,64,1.0,0.27705627705627706,79,75,0.9493670886075949,0.2862595419847328,"( ( not ( always ( x_0 <= 219.33 ) ) ) and ( always[4,33] ( x_5 <= 332.92 ) ) ) and ( not ( eventually[29,inf] ( x_2 >= 22.38 ) ) )"
1289,65,42,2,2,"[[7825, -1.0, 0.24573515355587006], [2636, 1.0, 0.6276548504829407]]",0.9879804897845237,11,6,135,135,1.0,0.10082150858849888,115,112,0.9739130434782609,0.08602150537634409,( not ( eventually ( x_2 <= -9.23 ) ) ) and ( always ( x_5 <= 15.78 ) )
1290,65,16,1,2,"[[6670, 1.0, 0.5020163059234619], [4869, -1.0, 0.22168803215026855]]",0.8950047881759461,11,9,14,14,1.0,0.06334841628959276,12,11,0.9166666666666666,0.051643192488262914,"( always ( x_0 <= -23.11 ) ) and ( not ( ( always ( x_1 >= -79.58 ) ) or ( eventually[10,14] ( x_0 <= -516.39 ) ) ) )"
1291,65,42,2,3,"[[7825, -1.0, 0.2419416308403015], [2636, 1.0, 0.48685264587402344], [6670, 1.0, 0.32448506355285645]]",0.995262049488552,16,9,345,345,1.0,0.2576549663928305,317,314,0.9905362776025236,0.2411674347158218,( ( not ( eventually ( x_2 <= -11.28 ) ) ) and ( always ( x_5 <= 52.07 ) ) ) and ( always ( x_0 <= 17.04 ) )
1292,65,42,2,2,"[[7825, -1.0, 0.24573515355587006], [2636, 1.0, 0.6276548504829407]]",0.9879804897845237,11,6,135,135,1.0,0.10082150858849888,115,112,0.9739130434782609,0.08602150537634409,( not ( eventually ( x_2 <= -9.23 ) ) ) and ( always ( x_5 <= 15.78 ) )
1293,65,42,2,3,"[[7825, -1.0, 0.2463953197002411], [5264, 1.0, 0.21772417426109314], [1462, 1.0, 0.1579894870519638]]",0.9776731698136761,18,9,275,272,0.9890909090909091,0.20313666915608664,272,263,0.9669117647058824,0.2019969278033794,"( ( not ( eventually ( x_2 <= -8.87 ) ) ) and ( always ( x_4 <= 30.99 ) ) ) and ( always[11,inf] ( x_0 >= -19.78 ) )"
1294,65,42,2,3,"[[6670, 1.0, 0.3090236186981201], [7825, -1.0, 0.21649476885795593], [5264, 1.0, 0.22455433011054993]]",0.9821029572040468,17,9,185,184,0.9945945945945946,0.13741598207617625,198,191,0.9646464646464646,0.14669738863287252,( ( always ( x_0 <= 20.54 ) ) and ( not ( eventually ( x_2 <= -25.08 ) ) ) ) and ( always ( x_4 <= 20.77 ) )
1295,65,42,2,3,"[[7825, -1.0, 0.2500096261501312], [2636, 1.0, 0.48685264587402344], [6670, 1.0, 0.011871324852108955]]",0.9955926257239869,16,9,371,371,1.0,0.2770724421209858,332,332,1.0,0.25499231950844853,( ( not ( eventually ( x_2 <= -6.91 ) ) ) and ( always ( x_5 <= 52.07 ) ) ) and ( always ( x_0 <= 87.75 ) )
1296,65,88,10,3,"[[9226, -1.0, 0.2889510989189148], [7825, -1.0, 0.11129201948642731], [6670, 1.0, 0.053590431809425354]]",0.96236743675936,18,10,42,42,1.0,0.27631578947368424,39,34,0.8717948717948718,0.22077922077922077,"( ( not ( eventually[29,inf] ( x_2 >= -5.26 ) ) ) and ( not ( eventually ( x_2 <= -82.11 ) ) ) ) and ( always ( x_0 <= 78.31 ) )"
1297,65,42,2,3,"[[2979, 1.0, 0.14752092957496643], [5500, -1.0, 0.23566660284996033], [6670, 1.0, 0.011871324852108955]]",0.9959006472604219,17,9,399,399,1.0,0.29798356982823004,370,363,0.981081081081081,0.27880184331797236,"( ( always[4,33] ( x_5 <= 43.75 ) ) and ( not ( eventually[0,31] ( x_2 <= -11.98 ) ) ) ) and ( always ( x_0 <= 87.75 ) )"
1298,65,16,1,2,"[[6670, 1.0, 0.5020163059234619], [4869, -1.0, 0.22168803215026855]]",0.8950047881759461,11,9,14,14,1.0,0.06334841628959276,12,11,0.9166666666666666,0.051643192488262914,"( always ( x_0 <= -23.11 ) ) and ( not ( ( always ( x_1 >= -79.58 ) ) or ( eventually[10,14] ( x_0 <= -516.39 ) ) ) )"
1299,65,42,2,3,"[[4869, 1.0, 0.29939427971839905], [5264, 1.0, 0.2081833779811859], [1462, 1.0, 0.1728527992963791]]",0.9887358112438257,17,8,295,294,0.9966101694915255,0.21956684092606424,272,265,0.9742647058823529,0.20353302611367127,"( ( always ( x_1 >= -3.9674 ) ) and ( always ( x_4 <= 45.26 ) ) ) and ( always[11,inf] ( x_0 >= -17.51 ) )"
1300,65,16,1,3,"[[4869, -1.0, 0.3068576753139496], [3226, 1.0, 0.25689297914505005], [636, -1.0, 0.025705527514219284]]",0.9724629605837316,18,10,58,58,1.0,0.26244343891402716,63,55,0.873015873015873,0.25821596244131456,"( ( not ( always ( x_1 >= -91.94 ) ) ) and ( always[4,inf] ( x_4 <= 83.76 ) ) ) and ( not ( eventually[26,29] ( x_4 <= -62.05 ) ) )"
1301,65,15,0,3,"[[6670, -1.0, 0.5975147485733032], [2979, 1.0, 0.029424820095300674], [2415, 1.0, 0.008981136605143547]]",0.9651042199119716,17,12,94,93,0.9893617021276596,0.4025974025974026,102,97,0.9509803921568627,0.3702290076335878,"( ( not ( always ( x_0 <= 225.58 ) ) ) and ( always[4,33] ( x_5 <= 332.92 ) ) ) and ( ( always[1,4] ( x_1 >= -97.2 ) ) and ( always[2,32] ( x_0 >= -405.94 ) ) )"
1302,65,42,2,2,"[[333, -1.0, 0.375763475894928], [2636, 1.0, 0.32548168301582336]]",0.9946614167886589,10,6,306,306,1.0,0.22852875280059745,252,247,0.9801587301587301,0.18970814132104455,( not ( eventually ( x_5 <= -10.85 ) ) ) and ( always ( x_5 <= 93.65 ) )
1303,65,42,2,3,"[[4869, 1.0, 0.27929556369781494], [2636, 1.0, 0.43365728855133057], [6670, 1.0, 0.011871324852108955]]",0.9748630768587604,15,11,496,488,0.9838709677419355,0.36445108289768485,457,444,0.9715536105032823,0.34101382488479265,"( ( ( always ( x_1 >= -6.8839 ) ) or ( eventually[10,14] ( x_0 <= -589.09 ) ) ) and ( always ( x_5 <= 65.78 ) ) ) and ( always ( x_0 <= 87.75 ) )"
1304,65,42,2,3,"[[333, -1.0, 0.3296911120414734], [2636, 1.0, 0.5966084003448486], [7876, 1.0, 0.26186230778694153]]",0.9883223358395397,15,9,139,139,1.0,0.10380881254667662,123,117,0.9512195121951219,0.08986175115207373,"( ( not ( eventually ( x_5 <= -23.08 ) ) ) and ( always ( x_5 <= 23.78 ) ) ) and ( always[10,18] ( x_2 <= 4.78 ) )"
1305,65,6,5,2,"[[7339, 1.0, 0.027574433013796806], [3990, -1.0, 0.1494201123714447]]",0.9163861567630498,12,6,18,18,1.0,0.09523809523809523,19,17,0.8947368421052632,0.08056872037914692,"( eventually[7,27] ( x_5 >= 368.2 ) ) and ( not ( eventually ( x_3 >= 145.6 ) ) )"
1306,65,6,5,3,"[[7339, 1.0, 0.001719433581456542], [6670, 1.0, 0.28037720918655396], [9736, 1.0, 0.05953573063015938]]",0.9563690006098866,15,8,36,36,1.0,0.19047619047619047,28,27,0.9642857142857143,0.12796208530805686,"( ( eventually[7,27] ( x_5 >= 317.7 ) ) and ( always ( x_0 <= 27.02 ) ) ) and ( always[28,31] ( x_5 <= 83.5 ) )"
1307,65,88,10,3,"[[5071, -1.0, 0.2610267698764801], [1949, -1.0, 0.10606091469526291], [6670, 1.0, 0.060814905911684036]]",0.9274645677596903,16,11,21,21,1.0,0.13815789473684212,24,18,0.75,0.11688311688311688,"( ( not ( eventually[17,inf] ( x_1 >= -1.04 ) ) ) and ( not ( always[9,inf] ( eventually[6,18] ( x_2 <= -42.22 ) ) ) ) ) and ( always ( x_0 <= 76.68 ) )"
1308,65,42,2,3,"[[7825, -1.0, 0.2419416308403015], [2636, 1.0, 0.40433502197265625], [6670, 1.0, 0.32387301325798035]]",0.9864046404439766,16,9,453,450,0.9933774834437086,0.33607169529499625,432,423,0.9791666666666666,0.3248847926267281,( ( not ( eventually ( x_2 <= -11.28 ) ) ) and ( always ( x_5 <= 73.33 ) ) ) and ( always ( x_0 <= 17.18 ) )
1309,65,42,2,3,"[[1183, 1.0, 0.2844763696193695], [5264, 1.0, 0.20357489585876465], [6670, 1.0, 0.1353210210800171]]",0.9617867766838583,15,8,357,348,0.9747899159663865,0.2598954443614638,319,305,0.9561128526645768,0.23425499231950844,"( ( always[8,27] ( x_1 >= -3.47 ) ) and ( always ( x_4 <= 52.16 ) ) ) and ( always ( x_0 <= 59.83 ) )"
1310,65,42,2,2,"[[333, -1.0, 0.375763475894928], [2636, 1.0, 0.32548168301582336]]",0.9946614167886589,10,6,306,306,1.0,0.22852875280059745,252,247,0.9801587301587301,0.18970814132104455,( not ( eventually ( x_5 <= -10.85 ) ) ) and ( always ( x_5 <= 93.65 ) )
1311,65,42,2,2,"[[7825, -1.0, 0.24573515355587006], [2636, 1.0, 0.6276548504829407]]",0.9879804897845237,11,6,135,135,1.0,0.10082150858849888,115,112,0.9739130434782609,0.08602150537634409,( not ( eventually ( x_2 <= -9.23 ) ) ) and ( always ( x_5 <= 15.78 ) )
1312,65,42,2,2,"[[7825, -1.0, 0.24573515355587006], [2636, 1.0, 0.6276548504829407]]",0.9879804897845237,11,6,135,135,1.0,0.10082150858849888,115,112,0.9739130434782609,0.08602150537634409,( not ( eventually ( x_2 <= -9.23 ) ) ) and ( always ( x_5 <= 15.78 ) )
1313,65,42,2,3,"[[2636, 1.0, 0.40433502197265625], [7825, -1.0, 0.22398903965950012], [6670, 1.0, 0.2862167954444885]]",0.9612796693461988,16,9,565,549,0.9716814159292035,0.4100074682598954,525,510,0.9714285714285714,0.391705069124424,( ( always ( x_5 <= 73.33 ) ) and ( not ( eventually ( x_2 <= -21.02 ) ) ) ) and ( always ( x_0 <= 25.7 ) )
1314,65,15,0,3,"[[6670, -1.0, 0.1417272984981537], [2636, 1.0, 0.11663728952407837], [333, -1.0, 0.14785432815551758]]",0.9688012854018005,16,10,51,51,1.0,0.22077922077922077,56,55,0.9821428571428571,0.2099236641221374,( ( not ( always ( x_0 <= 122.49 ) ) ) and ( always ( x_5 <= 147.47 ) ) ) and ( not ( eventually ( x_5 <= -71.33 ) ) )
1315,65,15,0,3,"[[6670, -1.0, 0.012551352381706238], [3226, 1.0, 0.3135284185409546], [1949, -1.0, 0.15087881684303284]]",0.9274645677596903,15,11,21,21,1.0,0.09090909090909091,24,24,1.0,0.0916030534351145,"( ( not ( always ( x_0 <= 93.27 ) ) ) and ( always[4,inf] ( x_4 <= 36.68 ) ) ) and ( not ( always[9,inf] ( eventually[6,18] ( x_2 <= -15.08 ) ) ) )"
1316,65,42,2,3,"[[7825, -1.0, 0.240497887134552], [2636, 1.0, 0.47696995735168457], [1462, 1.0, 0.19800961017608643]]",0.9916586134940225,17,9,399,398,0.9974937343358395,0.2972367438386856,378,370,0.9788359788359788,0.28417818740399386,"( ( not ( eventually ( x_2 <= -12.0665 ) ) ) and ( always ( x_5 <= 54.61 ) ) ) and ( always[11,inf] ( x_0 >= -13.67 ) )"
1317,65,88,10,3,"[[5071, -1.0, 0.2610267698764801], [7825, -1.0, 0.11129201948642731], [8005, -1.0, 0.11606980115175247]]",0.9241130208892355,17,11,20,20,1.0,0.13157894736842105,24,21,0.875,0.13636363636363635,"( ( not ( eventually[17,inf] ( x_1 >= -1.04 ) ) ) and ( not ( eventually ( x_2 <= -82.11 ) ) ) ) and ( not ( always[21,24] ( x_0 >= -30.54 ) ) )"
1318,65,6,5,3,"[[7339, 1.0, 0.001719433581456542], [3990, -1.0, 0.2578689455986023], [1949, -1.0, 0.0837462991476059]]",0.9305325943024827,17,11,22,22,1.0,0.1164021164021164,19,16,0.8421052631578947,0.07582938388625593,"( ( eventually[7,27] ( x_5 >= 317.7 ) ) and ( not ( eventually ( x_3 >= 102.21 ) ) ) ) and ( not ( always[9,inf] ( eventually[6,18] ( x_2 <= -55.73 ) ) ) )"
1319,65,88,10,3,"[[9226, -1.0, 0.2889510989189148], [7825, -1.0, 0.11129201948642731], [6670, 1.0, 0.053590431809425354]]",0.96236743675936,18,10,42,42,1.0,0.27631578947368424,39,34,0.8717948717948718,0.22077922077922077,"( ( not ( eventually[29,inf] ( x_2 >= -5.26 ) ) ) and ( not ( eventually ( x_2 <= -82.11 ) ) ) ) and ( always ( x_0 <= 78.31 ) )"
1320,65,92,12,2,"[[7876, -1.0, 2.9791998863220215], [9114, -1.0, 0.016238253563642502]]",0.9241130208892355,11,9,20,20,1.0,0.20408163265306123,24,19,0.7916666666666666,0.18627450980392157,"( not ( always[10,18] ( ( x_3 >= 625.86 ) or ( x_2 <= 1372.71 ) ) ) ) and ( not ( always[4,5] ( x_0 >= -2.68 ) ) )"
1321,65,42,2,3,"[[333, -1.0, 0.36914706230163574], [3226, 1.0, 0.26824796199798584], [6670, 1.0, 0.011871324852108955]]",0.9953294183675063,15,9,350,350,1.0,0.26138909634055263,285,280,0.9824561403508771,0.21505376344086022,"( ( not ( eventually ( x_5 <= -12.604 ) ) ) and ( always[4,inf] ( x_4 <= 74.32 ) ) ) and ( always ( x_0 <= 87.75 ) )"
1322,65,42,2,3,"[[76, -1.0, 0.22330938279628754], [5264, 1.0, 0.2128935158252716], [6670, 1.0, 0.32511216402053833]]",0.9884237902904847,16,11,287,286,0.9965156794425087,0.21359223300970873,291,284,0.9759450171821306,0.21812596006144394,"( ( not ( eventually[1,26] ( ( x_4 >= -811.88 ) and ( x_2 <= -7.7684 ) ) ) ) and ( always ( x_4 <= 38.22 ) ) ) and ( always ( x_0 <= 16.9 ) )"
1323,65,88,10,3,"[[5071, -1.0, 0.2610267698764801], [333, -1.0, 0.09301584213972092], [6670, 1.0, 0.060814905911684036]]",0.9204367490813241,17,10,19,19,1.0,0.125,25,18,0.72,0.11688311688311688,"( ( not ( eventually[17,inf] ( x_1 >= -1.04 ) ) ) and ( not ( eventually ( x_5 <= -85.89 ) ) ) ) and ( always ( x_0 <= 76.68 ) )"
1324,65,16,1,2,"[[6670, 1.0, 0.5020163059234619], [4869, -1.0, 0.22168803215026855]]",0.8950047881759461,11,9,14,14,1.0,0.06334841628959276,12,11,0.9166666666666666,0.051643192488262914,"( always ( x_0 <= -23.11 ) ) and ( not ( ( always ( x_1 >= -79.58 ) ) or ( eventually[10,14] ( x_0 <= -516.39 ) ) ) )"
1325,65,42,2,3,"[[7825, -1.0, 0.24688617885112762], [2636, 1.0, 0.48685264587402344], [6670, 1.0, 0.011871324852108955]]",0.9914670069381779,16,9,390,389,0.9974358974358974,0.2905153099327857,348,344,0.9885057471264368,0.2642089093701997,( ( not ( eventually ( x_2 <= -8.6 ) ) ) and ( always ( x_5 <= 52.07 ) ) ) and ( always ( x_0 <= 87.75 ) )
1326,65,42,2,3,"[[7339, -1.0, 0.14724279940128326], [1183, 1.0, 0.2796669602394104], [2636, 1.0, 0.24812138080596924]]",0.9760971897515722,16,9,312,308,0.9871794871794872,0.23002240477968633,290,279,0.9620689655172414,0.21428571428571427,"( ( not ( eventually[7,27] ( x_5 >= 26.75 ) ) ) and ( always[8,27] ( x_1 >= -4.7661 ) ) ) and ( always ( x_5 <= 113.59 ) )"
1327,65,42,2,2,"[[7825, -1.0, 0.24573515355587006], [2636, 1.0, 0.6276548504829407]]",0.9879804897845237,11,6,135,135,1.0,0.10082150858849888,115,112,0.9739130434782609,0.08602150537634409,( not ( eventually ( x_2 <= -9.23 ) ) ) and ( always ( x_5 <= 15.78 ) )
1328,65,6,5,3,"[[7339, 1.0, 0.001719433581456542], [3990, -1.0, 0.2578689455986023], [1949, -1.0, 0.0837462991476059]]",0.9305325943024827,17,11,22,22,1.0,0.1164021164021164,19,16,0.8421052631578947,0.07582938388625593,"( ( eventually[7,27] ( x_5 >= 317.7 ) ) and ( not ( eventually ( x_3 >= 102.21 ) ) ) ) and ( not ( always[9,inf] ( eventually[6,18] ( x_2 <= -55.73 ) ) ) )"
1329,65,42,2,3,"[[333, -1.0, 0.3050939738750458], [2636, 1.0, 0.5894389152526855], [2415, 1.0, 0.1564701795578003]]",0.9895151333010501,16,9,155,155,1.0,0.1157580283793876,139,131,0.9424460431654677,0.10061443932411675,"( ( not ( eventually ( x_5 <= -29.6 ) ) ) and ( always ( x_5 <= 25.63 ) ) ) and ( always[1,4] ( x_1 >= -2.1 ) )"
1330,65,42,2,3,"[[2979, 1.0, 0.1484450101852417], [1183, 1.0, 0.2543051242828369], [6670, 1.0, 0.2802865505218506]]",0.9911037128548496,15,8,374,373,0.9973262032085561,0.27856609410007466,340,334,0.9823529411764705,0.2565284178187404,"( ( always[4,33] ( x_5 <= 41.49 ) ) and ( always[8,27] ( x_1 >= -11.58 ) ) ) and ( always ( x_0 <= 27.04 ) )"
1331,65,42,2,2,"[[7825, -1.0, 0.24573515355587006], [2636, 1.0, 0.6276548504829407]]",0.9879804897845237,11,6,135,135,1.0,0.10082150858849888,115,112,0.9739130434782609,0.08602150537634409,( not ( eventually ( x_2 <= -9.23 ) ) ) and ( always ( x_5 <= 15.78 ) )
1332,65,95,13,3,"[[3990, 1.0, 0.2957139015197754], [1462, 1.0, 0.20421265065670013], [6844, -1.0, 0.1808890700340271]]",0.48690544332365404,17,12,54,31,0.5740740740740741,0.23308270676691728,49,24,0.4897959183673469,0.2033898305084746,"( ( eventually ( x_3 >= 323.72 ) ) and ( ( always[12,28] ( x_3 <= -947.92 ) ) or ( always[11,inf] ( x_0 >= -12.72 ) ) ) ) and ( not ( eventually[2,7] ( x_2 >= 3.63 ) ) )"
1333,65,42,2,2,"[[333, -1.0, 0.375763475894928], [2636, 1.0, 0.32548168301582336]]",0.9946614167886589,10,6,306,306,1.0,0.22852875280059745,252,247,0.9801587301587301,0.18970814132104455,( not ( eventually ( x_5 <= -10.85 ) ) ) and ( always ( x_5 <= 93.65 ) )
1334,65,6,5,3,"[[2636, -1.0, 1.8533506393432617], [5071, -1.0, 0.06747075915336609], [1949, -1.0, 0.16785869002342224]]",0.9333516167118984,17,14,23,23,1.0,0.12169312169312169,30,25,0.8333333333333334,0.11848341232227488,"( ( not ( always ( ( x_5 <= 655.16 ) or ( x_5 >= 1561.02 ) ) ) ) and ( not ( eventually[17,inf] ( x_1 >= 143.51 ) ) ) ) and ( not ( always[9,inf] ( eventually[6,18] ( x_2 <= -4.8 ) ) ) )"
1335,65,16,1,2,"[[6670, 1.0, 0.5020163059234619], [4869, -1.0, 0.22168803215026855]]",0.8950047881759461,11,9,14,14,1.0,0.06334841628959276,12,11,0.9166666666666666,0.051643192488262914,"( always ( x_0 <= -23.11 ) ) and ( not ( ( always ( x_1 >= -79.58 ) ) or ( eventually[10,14] ( x_0 <= -516.39 ) ) ) )"
1336,65,16,1,3,"[[5500, 1.0, 0.0348745658993721], [2979, 1.0, 0.1261136680841446], [8982, -1.0, 0.06281311810016632]]",0.8971626581757232,18,12,58,55,0.9482758620689655,0.248868778280543,55,46,0.8363636363636363,0.215962441314554,"( ( eventually[0,31] ( x_2 <= -159.9 ) ) and ( always[4,33] ( x_5 <= 96.17 ) ) ) and ( not ( ( eventually ( x_0 <= -875.42 ) ) or ( always[16,18] ( x_0 >= -5.67 ) ) ) )"
1337,65,42,2,3,"[[2979, 1.0, 0.1446581780910492], [8090, 1.0, 0.1332068294286728], [3390, 1.0, 0.27326828241348267]]",0.9886977315854972,17,8,294,293,0.9965986394557823,0.21882001493651979,272,268,0.9852941176470589,0.20583717357910905,"( ( always[4,33] ( x_5 <= 50.76 ) ) and ( always[27,inf] ( x_4 >= -5.58 ) ) ) and ( always[12,inf] ( x_1 <= 8.29 ) )"
1338,65,42,2,2,"[[7825, -1.0, 0.24573515355587006], [2636, 1.0, 0.6276548504829407]]",0.9879804897845237,11,6,135,135,1.0,0.10082150858849888,115,112,0.9739130434782609,0.08602150537634409,( not ( eventually ( x_2 <= -9.23 ) ) ) and ( always ( x_5 <= 15.78 ) )
1339,65,42,2,2,"[[333, -1.0, 0.375763475894928], [2636, 1.0, 0.32548168301582336]]",0.9946614167886589,10,6,306,306,1.0,0.22852875280059745,252,247,0.9801587301587301,0.18970814132104455,( not ( eventually ( x_5 <= -10.85 ) ) ) and ( always ( x_5 <= 93.65 ) )
1340,65,88,10,3,"[[5071, -1.0, 0.2610267698764801], [333, -1.0, 0.09301584213972092], [6670, 1.0, 0.060814905911684036]]",0.9204367490813241,17,10,19,19,1.0,0.125,25,18,0.72,0.11688311688311688,"( ( not ( eventually[17,inf] ( x_1 >= -1.04 ) ) ) and ( not ( eventually ( x_5 <= -85.89 ) ) ) ) and ( always ( x_0 <= 76.68 ) )"
1341,65,42,2,3,"[[4869, 1.0, 0.2818899154663086], [5264, 1.0, 0.20742052793502808], [6513, 1.0, 0.08404554426670074]]",0.9804264918488623,15,9,169,168,0.9940828402366864,0.12546676624346528,160,155,0.96875,0.11904761904761904,"( ( always ( x_1 >= -6.51 ) ) and ( always ( x_4 <= 46.41 ) ) ) and ( eventually ( always[1,11] ( x_2 >= 0.2761 ) ) )"
1342,65,42,2,3,"[[4869, 1.0, 0.2940104007720947], [5264, 1.0, 0.2081833779811859], [1462, 1.0, 0.17203718423843384]]",0.9816464280070993,17,8,335,332,0.991044776119403,0.2479462285287528,328,318,0.9695121951219512,0.24423963133640553,"( ( always ( x_1 >= -4.75 ) ) and ( always ( x_4 <= 45.26 ) ) ) and ( always[11,inf] ( x_0 >= -17.64 ) )"
1343,65,42,2,3,"[[7825, -1.0, 0.2500096261501312], [2636, 1.0, 0.48685264587402344], [6670, 1.0, 0.011871324852108955]]",0.9955926257239869,16,9,371,371,1.0,0.2770724421209858,332,332,1.0,0.25499231950844853,( ( not ( eventually ( x_2 <= -6.91 ) ) ) and ( always ( x_5 <= 52.07 ) ) ) and ( always ( x_0 <= 87.75 ) )
1344,65,15,0,3,"[[6670, -1.0, 0.47197315096855164], [2636, 1.0, 0.24635553359985352], [1183, 1.0, 0.047111816704273224]]",0.9511813763534412,15,9,32,32,1.0,0.13852813852813853,38,37,0.9736842105263158,0.14122137404580154,"( ( not ( always ( x_0 <= 197.19 ) ) ) and ( always ( x_5 <= 114.04 ) ) ) and ( always[8,27] ( x_1 >= -67.25 ) )"
1345,65,42,2,2,"[[7825, -1.0, 0.24573515355587006], [2636, 1.0, 0.6276548504829407]]",0.9879804897845237,11,6,135,135,1.0,0.10082150858849888,115,112,0.9739130434782609,0.08602150537634409,( not ( eventually ( x_2 <= -9.23 ) ) ) and ( always ( x_5 <= 15.78 ) )
1346,65,42,2,2,"[[7825, -1.0, 0.24573515355587006], [2636, 1.0, 0.6276548504829407]]",0.9879804897845237,11,6,135,135,1.0,0.10082150858849888,115,112,0.9739130434782609,0.08602150537634409,( not ( eventually ( x_2 <= -9.23 ) ) ) and ( always ( x_5 <= 15.78 ) )
1347,65,42,2,3,"[[7825, -1.0, 0.24068252742290497], [2636, 1.0, 0.3395971655845642], [9226, -1.0, 0.2729434370994568]]",0.9755620172627774,18,10,136,134,0.9852941176470589,0.10007468259895444,135,126,0.9333333333333333,0.0967741935483871,"( ( not ( eventually ( x_2 <= -11.97 ) ) ) and ( always ( x_5 <= 90.0153 ) ) ) and ( not ( eventually[29,inf] ( x_2 >= 1.08 ) ) )"
1348,65,15,0,3,"[[6670, -1.0, 0.09428733587265015], [5264, 1.0, 0.07489495724439621], [2415, 1.0, 0.1570199579000473]]",0.9779967554888438,17,12,73,73,1.0,0.31601731601731603,79,70,0.8860759493670886,0.26717557251908397,"( ( not ( always ( x_0 <= 111.76 ) ) ) and ( always ( x_4 <= 244.69 ) ) ) and ( ( always[1,4] ( x_1 >= -1.74 ) ) and ( always[2,32] ( x_0 >= -310.49 ) ) )"
1349,65,88,10,3,"[[5071, -1.0, 0.2610267698764801], [333, -1.0, 0.09301584213972092], [6670, 1.0, 0.060814905911684036]]",0.9204367490813241,17,10,19,19,1.0,0.125,25,18,0.72,0.11688311688311688,"( ( not ( eventually[17,inf] ( x_1 >= -1.04 ) ) ) and ( not ( eventually ( x_5 <= -85.89 ) ) ) ) and ( always ( x_0 <= 76.68 ) )"
1350,65,42,2,2,"[[7825, -1.0, 0.24573515355587006], [2636, 1.0, 0.6276548504829407]]",0.9879804897845237,11,6,135,135,1.0,0.10082150858849888,115,112,0.9739130434782609,0.08602150537634409,( not ( eventually ( x_2 <= -9.23 ) ) ) and ( always ( x_5 <= 15.78 ) )
1351,65,42,2,3,"[[7825, -1.0, 0.2500096261501312], [2636, 1.0, 0.48685264587402344], [6670, 1.0, 0.011871324852108955]]",0.9955926257239869,16,9,371,371,1.0,0.2770724421209858,332,332,1.0,0.25499231950844853,( ( not ( eventually ( x_2 <= -6.91 ) ) ) and ( always ( x_5 <= 52.07 ) ) ) and ( always ( x_0 <= 87.75 ) )
1352,65,62,6,3,"[[2636, -1.0, 0.012482235208153725], [9569, -1.0, 0.0776493102312088], [2979, 1.0, 0.0900755524635315]]",0.9163861567630498,18,10,18,18,1.0,0.2571428571428571,26,12,0.46153846153846156,0.13793103448275862,"( ( not ( always ( x_5 <= 180.75 ) ) ) and ( not ( eventually ( x_5 >= 204.45 ) ) ) ) and ( always[4,33] ( x_5 <= 184.42 ) )"
1353,65,42,2,3,"[[2979, 1.0, 0.13663583993911743], [954, 1.0, 0.11099641025066376], [3226, 1.0, 0.3203299045562744]]",0.969269914603508,14,9,284,279,0.9823943661971831,0.2083644510828977,260,248,0.9538461538461539,0.19047619047619047,"( ( always[4,33] ( x_5 <= 70.41 ) ) and ( eventually[19,inf] ( always[1,8] ( x_2 >= -1.51 ) ) ) ) and ( always[4,inf] ( x_4 <= 31.03 ) )"
1354,65,42,2,3,"[[7825, -1.0, 0.24828489124774933], [2636, 1.0, 0.3831334114074707], [6670, 1.0, 0.3159447908401489]]",0.9894954838961282,16,9,456,454,0.9956140350877193,0.339058999253174,441,436,0.9886621315192744,0.3348694316436252,( ( not ( eventually ( x_2 <= -7.84 ) ) ) and ( always ( x_5 <= 78.8 ) ) ) and ( always ( x_0 <= 18.97 ) )
1355,65,95,13,3,"[[559, -1.0, 0.22534307837486267], [3226, 1.0, 0.30069562792778015], [9226, -1.0, 0.22761112451553345]]",0.4724628165565969,18,10,7,5,0.7142857142857143,0.03759398496240601,7,4,0.5714285714285714,0.03389830508474576,"( ( not ( always[27,inf] ( x_5 <= 129.94 ) ) ) and ( always[4,inf] ( x_4 <= 47.35 ) ) ) and ( not ( eventually[29,inf] ( x_2 >= 19.03 ) ) )"
1356,65,16,1,2,"[[6670, 1.0, 0.5020163059234619], [4869, -1.0, 0.22168803215026855]]",0.8950047881759461,11,9,14,14,1.0,0.06334841628959276,12,11,0.9166666666666666,0.051643192488262914,"( always ( x_0 <= -23.11 ) ) and ( not ( ( always ( x_1 >= -79.58 ) ) or ( eventually[10,14] ( x_0 <= -516.39 ) ) ) )"
1357,65,42,2,3,"[[333, -1.0, 0.3424757421016693], [2636, 1.0, 0.32410234212875366], [6670, 1.0, 0.011871324852108955]]",0.9932704587484406,15,9,495,494,0.997979797979798,0.36893203883495146,470,465,0.9893617021276596,0.35714285714285715,( ( not ( eventually ( x_5 <= -19.68 ) ) ) and ( always ( x_5 <= 94.01 ) ) ) and ( always ( x_0 <= 87.75 ) )
1358,65,42,2,3,"[[333, -1.0, 0.36914706230163574], [3226, 1.0, 0.26824796199798584], [6670, 1.0, 0.011871324852108955]]",0.9953294183675063,15,9,350,350,1.0,0.26138909634055263,285,280,0.9824561403508771,0.21505376344086022,"( ( not ( eventually ( x_5 <= -12.604 ) ) ) and ( always[4,inf] ( x_4 <= 74.32 ) ) ) and ( always ( x_0 <= 87.75 ) )"
1359,65,42,2,3,"[[333, -1.0, 0.36145108938217163], [2636, 1.0, 0.5831409692764282], [4869, 1.0, 0.014469181187450886]]",0.9912937142556558,16,9,187,187,1.0,0.13965646004480955,174,169,0.9712643678160919,0.12980030721966207,( ( not ( eventually ( x_5 <= -14.6465 ) ) ) and ( always ( x_5 <= 27.25 ) ) ) and ( always ( x_1 >= -45.31 ) )
1360,65,88,10,3,"[[5071, -1.0, 0.2610267698764801], [7825, -1.0, 0.11129201948642731], [8005, -1.0, 0.11606980115175247]]",0.9241130208892355,17,11,20,20,1.0,0.13157894736842105,24,21,0.875,0.13636363636363635,"( ( not ( eventually[17,inf] ( x_1 >= -1.04 ) ) ) and ( not ( eventually ( x_2 <= -82.11 ) ) ) ) and ( not ( always[21,24] ( x_0 >= -30.54 ) ) )"
1361,65,42,2,3,"[[7825, -1.0, 0.2500096261501312], [2636, 1.0, 0.48685264587402344], [6670, 1.0, 0.011871324852108955]]",0.9955926257239869,16,9,371,371,1.0,0.2770724421209858,332,332,1.0,0.25499231950844853,( ( not ( eventually ( x_2 <= -6.91 ) ) ) and ( always ( x_5 <= 52.07 ) ) ) and ( always ( x_0 <= 87.75 ) )
1362,65,15,0,3,"[[6670, -1.0, 0.2761329710483551], [2636, 1.0, 0.020712781697511673], [707, 1.0, 0.08993542194366455]]",0.9767508605316981,15,9,69,69,1.0,0.2987012987012987,65,65,1.0,0.2480916030534351,"( ( not ( always ( x_0 <= 152.89 ) ) ) and ( always ( x_5 <= 172.19 ) ) ) and ( always[24,26] ( x_2 >= -7.47 ) )"
1363,65,15,0,3,"[[6670, -1.0, 0.47197315096855164], [2636, 1.0, 0.24635553359985352], [1183, 1.0, 0.047111816704273224]]",0.9511813763534412,15,9,32,32,1.0,0.13852813852813853,38,37,0.9736842105263158,0.14122137404580154,"( ( not ( always ( x_0 <= 197.19 ) ) ) and ( always ( x_5 <= 114.04 ) ) ) and ( always[8,27] ( x_1 >= -67.25 ) )"
1364,65,88,10,3,"[[5071, -1.0, 0.2610267698764801], [333, -1.0, 0.09301584213972092], [4189, -1.0, 0.0017854280304163694]]",0.9069074050633751,18,11,16,16,1.0,0.10526315789473684,16,15,0.9375,0.09740259740259741,"( ( not ( eventually[17,inf] ( x_1 >= -1.04 ) ) ) and ( not ( eventually ( x_5 <= -85.89 ) ) ) ) and ( not ( always[16,21] ( x_0 >= -18.76 ) ) )"
1365,65,42,2,3,"[[7825, -1.0, 0.240497887134552], [2979, 1.0, 0.14752092957496643], [6670, 1.0, 0.011871324852108955]]",0.995880080692477,17,9,397,397,1.0,0.29648991784914114,368,361,0.9809782608695652,0.2772657450076805,"( ( not ( eventually ( x_2 <= -12.0665 ) ) ) and ( always[4,33] ( x_5 <= 43.75 ) ) ) and ( always ( x_0 <= 87.75 ) )"
1366,67,42,2,3,"[[333, -1.0, 0.3612343668937683], [3226, 1.0, 0.26824796199798584], [5500, -1.0, 0.25056716799736023]]",0.9949096134129096,17,10,321,321,1.0,0.239731142643764,278,270,0.9712230215827338,0.2073732718894009,"( ( not ( eventually ( x_5 <= -14.7 ) ) ) and ( always[4,inf] ( x_4 <= 74.32 ) ) ) and ( not ( eventually[0,31] ( x_2 <= -3.8364 ) ) )"
1367,67,42,2,3,"[[7825, -1.0, 0.24828489124774933], [2636, 1.0, 0.3395971655845642], [6670, 1.0, 0.3468719720840454]]",0.9962038521599509,16,9,431,431,1.0,0.321882001493652,423,421,0.9952718676122931,0.32334869431643626,( ( not ( eventually ( x_2 <= -7.84 ) ) ) and ( always ( x_5 <= 90.0153 ) ) ) and ( always ( x_0 <= 11.98 ) )
1368,67,42,2,3,"[[7825, -1.0, 0.25252872705459595], [2636, 1.0, 0.31102895736694336], [9736, 1.0, 0.17203958332538605]]",0.9937939854916304,16,9,263,263,1.0,0.1964152352501867,197,192,0.9746192893401016,0.14746543778801843,"( ( not ( eventually ( x_2 <= -5.54 ) ) ) and ( always ( x_5 <= 97.38 ) ) ) and ( always[28,31] ( x_5 <= 6.75 ) )"
1369,67,6,5,3,"[[2636, -1.0, 0.34032851457595825], [559, 1.0, 0.0], [6670, 1.0, 0.27012282609939575]]",0.927105447187666,16,9,64,62,0.96875,0.328042328042328,61,57,0.9344262295081968,0.27014218009478674,"( ( not ( always ( x_5 <= 265.24 ) ) ) and ( always[27,inf] ( x_5 <= 79.26 ) ) ) and ( always ( x_0 <= 29.34 ) )"
1370,67,6,5,3,"[[2636, -1.0, 1.8533506393432617], [5071, -1.0, 0.09996989369392395], [559, 1.0, 0.159471794962883]]",0.935950766939138,18,10,24,24,1.0,0.12698412698412698,33,28,0.8484848484848485,0.13270142180094788,"( ( not ( always ( x_5 <= 655.16 ) ) ) and ( not ( eventually[17,inf] ( x_1 >= 119.24 ) ) ) ) and ( always[27,inf] ( x_5 <= 43.39 ) )"
1371,67,42,2,3,"[[7825, -1.0, 0.2500096261501312], [2636, 1.0, 0.48685264587402344], [6670, 1.0, 0.011871324852108955]]",0.9955926257239869,16,9,371,371,1.0,0.2770724421209858,332,332,1.0,0.25499231950844853,( ( not ( eventually ( x_2 <= -6.91 ) ) ) and ( always ( x_5 <= 52.07 ) ) ) and ( always ( x_0 <= 87.75 ) )
1372,67,88,10,3,"[[3390, 1.0, 0.2827710211277008], [7825, -1.0, 0.07197608053684235], [5339, -1.0, 0.10969512164592743]]",0.8305827856945516,19,10,42,38,0.9047619047619048,0.25,49,37,0.7551020408163265,0.24025974025974026,"( ( always[12,inf] ( x_1 <= 0.5 ) ) and ( not ( eventually ( x_2 <= -103.43 ) ) ) ) and ( not ( eventually[0,11] ( x_5 >= 92.53 ) ) )"
1373,67,95,13,3,"[[559, -1.0, 0.7291029095649719], [7008, -1.0, 0.20639045536518097], [1462, 1.0, 0.21936741471290588]]",0.8589313179094591,19,10,10,10,1.0,0.07518796992481203,14,6,0.42857142857142855,0.05084745762711865,"( ( not ( always[27,inf] ( x_5 <= 243.25 ) ) ) and ( not ( eventually[7,25] ( x_4 >= 26.19 ) ) ) ) and ( always[11,inf] ( x_0 >= -10.41 ) )"
1374,67,42,2,3,"[[7825, -1.0, 0.2500096261501312], [2636, 1.0, 0.48685264587402344], [6670, 1.0, 0.011871324852108955]]",0.9955926257239869,16,9,371,371,1.0,0.2770724421209858,332,332,1.0,0.25499231950844853,( ( not ( eventually ( x_2 <= -6.91 ) ) ) and ( always ( x_5 <= 52.07 ) ) ) and ( always ( x_0 <= 87.75 ) )
1375,67,42,2,3,"[[333, -1.0, 0.36914706230163574], [2636, 1.0, 0.005502187646925449], [6670, 1.0, 0.018576605245471]]",0.9967194658321351,15,9,499,499,1.0,0.3726661687826736,418,412,0.9856459330143541,0.31643625192012287,( ( not ( eventually ( x_5 <= -12.604 ) ) ) and ( always ( x_5 <= 176.11 ) ) ) and ( always ( x_0 <= 86.23 ) )
1376,67,42,2,2,"[[7825, -1.0, 0.24573515355587006], [2636, 1.0, 0.6276548504829407]]",0.9879804897845237,11,6,135,135,1.0,0.10082150858849888,115,112,0.9739130434782609,0.08602150537634409,( not ( eventually ( x_2 <= -9.23 ) ) ) and ( always ( x_5 <= 15.78 ) )
1377,67,42,2,3,"[[7825, -1.0, 0.2500096261501312], [2636, 1.0, 0.48685264587402344], [6670, 1.0, 0.011871324852108955]]",0.9955926257239869,16,9,371,371,1.0,0.2770724421209858,332,332,1.0,0.25499231950844853,( ( not ( eventually ( x_2 <= -6.91 ) ) ) and ( always ( x_5 <= 52.07 ) ) ) and ( always ( x_0 <= 87.75 ) )
1378,67,42,2,3,"[[76, -1.0, 0.22691677510738373], [6670, 1.0, 0.35336458683013916], [2636, 1.0, 0.003990222699940205]]",0.9900185422172506,15,11,480,478,0.9958333333333333,0.3569828230022405,462,458,0.9913419913419913,0.35176651305683565,"( ( not ( eventually[1,26] ( ( x_4 >= -813.52 ) and ( x_2 <= -6.1268 ) ) ) ) and ( always ( x_0 <= 10.51 ) ) ) and ( always ( x_5 <= 176.5 ) )"
1379,67,42,2,3,"[[7825, -1.0, 0.25136059522628784], [2636, 1.0, 0.15394757688045502], [6670, 1.0, 0.3468719720840454]]",0.9929288613379147,16,9,471,470,0.9978768577494692,0.351008215085885,463,462,0.9978401727861771,0.3548387096774194,( ( not ( eventually ( x_2 <= -6.1774 ) ) ) and ( always ( x_5 <= 137.86 ) ) ) and ( always ( x_0 <= 11.98 ) )
1380,67,42,2,3,"[[6670, 1.0, 0.3438647389411926], [7825, -1.0, 0.21649476885795593], [2636, 1.0, 0.33994197845458984]]",0.9852779125387077,16,9,508,504,0.9921259842519685,0.3764002987303958,496,485,0.9778225806451613,0.3725038402457757,( ( always ( x_0 <= 12.6588 ) ) and ( not ( eventually ( x_2 <= -25.08 ) ) ) ) and ( always ( x_5 <= 89.93 ) )
1381,67,42,2,3,"[[7825, -1.0, 0.2475859820842743], [5264, 1.0, 0.22156107425689697], [6670, 1.0, 0.011871324852108955]]",0.9928168415003961,17,9,227,227,1.0,0.169529499626587,235,230,0.9787234042553191,0.17665130568356374,( ( not ( eventually ( x_2 <= -8.22 ) ) ) and ( always ( x_4 <= 25.25 ) ) ) and ( always ( x_0 <= 87.75 ) )
1382,67,92,12,3,"[[9226, 1.0, 4.729729175567627], [76, 1.0, 0.03399765491485596], [333, 1.0, 0.07451227307319641]]",0.9539207350211852,15,13,34,34,1.0,0.3469387755102041,27,23,0.8518518518518519,0.22549019607843138,"( ( ( always[26,28] ( x_0 >= -377.55 ) ) and ( eventually[29,inf] ( x_2 >= 1982.09 ) ) ) and ( eventually[1,26] ( ( x_4 >= -694.79 ) and ( x_2 <= -124.86 ) ) ) ) and ( eventually ( x_5 <= -130.35 ) )"
1383,67,6,5,3,"[[2636, -1.0, 0.23280847072601318], [559, 1.0, 0.009066867642104626], [6670, 1.0, 0.3304736018180847]]",0.9539207350211852,16,9,34,34,1.0,0.17989417989417988,32,27,0.84375,0.12796208530805686,"( ( not ( always ( x_5 <= 237.53 ) ) ) and ( always[27,inf] ( x_5 <= 77.22 ) ) ) and ( always ( x_0 <= 15.69 ) )"
1384,67,6,5,3,"[[2636, -1.0, 0.32725512981414795], [6670, 1.0, 0.31749480962753296], [559, 1.0, 0.0281731765717268]]",0.9585702309869168,16,9,38,38,1.0,0.20105820105820105,35,33,0.9428571428571428,0.15639810426540285,"( ( not ( always ( x_5 <= 261.87 ) ) ) and ( always ( x_0 <= 18.62 ) ) ) and ( always[27,inf] ( x_5 <= 72.92 ) )"
1385,67,42,2,3,"[[7825, -1.0, 0.2500096261501312], [2636, 1.0, 0.19827580451965332], [6670, 1.0, 0.29133862257003784]]",0.9799964205865427,16,9,624,616,0.9871794871794872,0.46004480955937266,592,581,0.981418918918919,0.44623655913978494,( ( not ( eventually ( x_2 <= -6.91 ) ) ) and ( always ( x_5 <= 126.44 ) ) ) and ( always ( x_0 <= 24.54 ) )
1386,67,42,2,3,"[[4869, 1.0, 0.27929556369781494], [2636, 1.0, 0.40433502197265625], [6670, 1.0, 0.285666286945343]]",0.9673125744844742,15,11,491,480,0.9775967413441955,0.35847647498132934,471,458,0.9723991507430998,0.35176651305683565,"( ( ( always ( x_1 >= -6.88 ) ) or ( eventually[10,14] ( x_0 <= -589.09 ) ) ) and ( always ( x_5 <= 73.33 ) ) ) and ( always ( x_0 <= 25.82 ) )"
1387,67,42,2,3,"[[7825, -1.0, 0.240497887134552], [2979, 1.0, 0.14752092957496643], [6670, 1.0, 0.011871324852108955]]",0.995880080692477,17,9,397,397,1.0,0.29648991784914114,368,361,0.9809782608695652,0.2772657450076805,"( ( not ( eventually ( x_2 <= -12.0665 ) ) ) and ( always[4,33] ( x_5 <= 43.75 ) ) ) and ( always ( x_0 <= 87.75 ) )"
1388,67,42,2,3,"[[7825, -1.0, 0.2459287941455841], [2636, 1.0, 0.15394757688045502], [6670, 1.0, 0.29539501667022705]]",0.9643666203975673,16,9,743,723,0.9730820995962315,0.5399551904406273,700,682,0.9742857142857143,0.5238095238095238,( ( not ( eventually ( x_2 <= -9.1222 ) ) ) and ( always ( x_5 <= 137.86 ) ) ) and ( always ( x_0 <= 23.62 ) )
1389,67,62,6,3,"[[2636, -1.0, 0.003812121693044901], [3390, 1.0, 0.27817076444625854], [1183, 1.0, 0.290330708026886]]",0.5660581495362461,16,9,9,7,0.7777777777777778,0.1,9,3,0.3333333333333333,0.034482758620689655,"( ( not ( always ( x_5 <= 178.52 ) ) ) and ( always[12,inf] ( x_1 <= 4.28 ) ) ) and ( always[8,27] ( x_1 >= -1.9 ) )"
1390,67,42,2,3,"[[7825, -1.0, 0.24828489124774933], [2636, 1.0, 0.3395971655845642], [6670, 1.0, 0.3468719720840454]]",0.9962038521599509,16,9,431,431,1.0,0.321882001493652,423,421,0.9952718676122931,0.32334869431643626,( ( not ( eventually ( x_2 <= -7.84 ) ) ) and ( always ( x_5 <= 90.0153 ) ) ) and ( always ( x_0 <= 11.98 ) )
1391,67,6,5,3,"[[2636, -1.0, 1.1044087409973145], [6670, 1.0, 0.058052703738212585], [559, 1.0, 0.014817647635936737]]",0.9655270243074291,16,11,46,46,1.0,0.24338624338624337,41,40,0.975609756097561,0.1895734597156398,"( ( not ( always ( x_5 <= 462.15 ) ) ) and ( always ( ( x_0 <= 77.3 ) or ( x_5 >= 1176.03 ) ) ) ) and ( always[27,inf] ( x_5 <= 75.93 ) )"
1392,67,62,6,3,"[[2636, -1.0, 0.012482235208153725], [9569, -1.0, 0.08786273002624512], [4869, 1.0, 0.26941952109336853]]",0.8012986329005676,18,10,15,14,0.9333333333333333,0.2,15,7,0.4666666666666667,0.08045977011494253,( ( not ( always ( x_5 <= 180.75 ) ) ) and ( not ( eventually ( x_5 >= 189.61 ) ) ) ) and ( always ( x_1 >= -8.32 ) )
1393,67,42,2,3,"[[7825, -1.0, 0.2500096261501312], [2636, 1.0, 0.48685264587402344], [6670, 1.0, 0.011871324852108955]]",0.9955926257239869,16,9,371,371,1.0,0.2770724421209858,332,332,1.0,0.25499231950844853,( ( not ( eventually ( x_2 <= -6.91 ) ) ) and ( always ( x_5 <= 52.07 ) ) ) and ( always ( x_0 <= 87.75 ) )
1394,67,6,5,3,"[[2636, -1.0, 1.1044087409973145], [6670, 1.0, 0.058052703738212585], [559, 1.0, 0.014817647635936737]]",0.9655270243074291,16,11,46,46,1.0,0.24338624338624337,41,40,0.975609756097561,0.1895734597156398,"( ( not ( always ( x_5 <= 462.15 ) ) ) and ( always ( ( x_0 <= 77.3 ) or ( x_5 >= 1176.03 ) ) ) ) and ( always[27,inf] ( x_5 <= 75.93 ) )"
1395,67,42,2,3,"[[76, -1.0, 0.22819684445858002], [5264, 1.0, 0.18505455553531647], [1183, 1.0, 0.29074597358703613]]",0.9866084261416016,16,9,121,121,1.0,0.09036594473487677,117,114,0.9743589743589743,0.08755760368663594,"( ( not ( eventually[1,26] ( x_2 <= -5.54 ) ) ) and ( always ( x_4 <= 79.87 ) ) ) and ( always[8,27] ( x_1 >= -1.79 ) )"
1396,67,6,5,2,"[[7339, 1.0, 0.027574433013796806], [3990, -1.0, 0.1494201123714447]]",0.9163861567630498,12,6,18,18,1.0,0.09523809523809523,19,17,0.8947368421052632,0.08056872037914692,"( eventually[7,27] ( x_5 >= 368.2 ) ) and ( not ( eventually ( x_3 >= 145.6 ) ) )"
1397,67,42,2,3,"[[7825, -1.0, 0.25136059522628784], [2636, 1.0, 0.15394757688045502], [6670, 1.0, 0.3049207925796509]]",0.9893705476499502,16,9,580,577,0.9948275862068966,0.43091859596713966,544,539,0.9908088235294118,0.41397849462365593,( ( not ( eventually ( x_2 <= -6.1774 ) ) ) and ( always ( x_5 <= 137.86 ) ) ) and ( always ( x_0 <= 21.47 ) )
1398,67,42,2,3,"[[7825, -1.0, 0.24683934450149536], [2636, 1.0, 0.41546064615249634], [954, 1.0, 0.11399756371974945]]",0.9855478695899997,15,10,112,112,1.0,0.08364451082897685,127,122,0.9606299212598425,0.09370199692780339,"( ( not ( eventually ( x_2 <= -8.63 ) ) ) and ( always ( x_5 <= 70.46 ) ) ) and ( eventually[19,inf] ( always[1,8] ( x_2 >= 0.0406 ) ) )"
1399,67,42,2,3,"[[7825, -1.0, 0.25273770093917847], [3226, 1.0, 0.306637704372406], [6670, 1.0, 0.3179837763309479]]",0.9904968125163693,16,9,350,349,0.9971428571428571,0.26064227035100823,307,303,0.9869706840390879,0.23271889400921658,"( ( not ( eventually ( x_2 <= -5.43 ) ) ) and ( always[4,inf] ( x_4 <= 42.41 ) ) ) and ( always ( x_0 <= 18.51 ) )"
1400,67,42,2,2,"[[7825, -1.0, 0.24573515355587006], [2636, 1.0, 0.6276548504829407]]",0.9879804897845237,11,6,135,135,1.0,0.10082150858849888,115,112,0.9739130434782609,0.08602150537634409,( not ( eventually ( x_2 <= -9.23 ) ) ) and ( always ( x_5 <= 15.78 ) )
1401,67,42,2,3,"[[7825, -1.0, 0.25136780738830566], [2636, 1.0, 0.15394757688045502], [6670, 1.0, 0.3468719720840454]]",0.9929288613379147,16,9,471,470,0.9978768577494692,0.351008215085885,463,462,0.9978401727861771,0.3548387096774194,( ( not ( eventually ( x_2 <= -6.17 ) ) ) and ( always ( x_5 <= 137.86 ) ) ) and ( always ( x_0 <= 11.98 ) )
1402,67,42,2,3,"[[7825, -1.0, 0.2512921392917633], [2636, 1.0, 0.41158410906791687], [6670, 1.0, 0.011871324852108955]]",0.9864046404439766,16,9,453,450,0.9933774834437086,0.33607169529499625,418,417,0.9976076555023924,0.32027649769585254,( ( not ( eventually ( x_2 <= -6.21 ) ) ) and ( always ( x_5 <= 71.46 ) ) ) and ( always ( x_0 <= 87.75 ) )
1403,67,42,2,3,"[[76, -1.0, 0.2281271070241928], [5264, 1.0, 0.17759469151496887], [6670, 1.0, 0.30855730175971985]]",0.9785627611770347,16,11,467,461,0.987152034261242,0.34428678117998507,446,439,0.984304932735426,0.337173579109063,"( ( not ( eventually[1,26] ( ( x_4 >= -814.07 ) and ( x_2 <= -5.576 ) ) ) ) and ( always ( x_4 <= 91.03 ) ) ) and ( always ( x_0 <= 20.64 ) )"
1404,67,95,13,3,"[[636, -1.0, 0.21951380372047424], [5339, -1.0, 0.22581768035888672], [1949, -1.0, 0.171901673078537]]",0.8099625940446661,18,12,7,7,1.0,0.05263157894736842,5,2,0.4,0.01694915254237288,"( ( not ( eventually[26,29] ( x_4 <= 74.47 ) ) ) and ( not ( eventually[0,11] ( x_5 >= 7.39 ) ) ) ) and ( not ( always[9,inf] ( eventually[6,18] ( x_2 <= -2.35 ) ) ) )"
1405,67,42,2,3,"[[7825, -1.0, 0.24828489124774933], [2636, 1.0, 0.3395971655845642], [6670, 1.0, 0.3468719720840454]]",0.9962038521599509,16,9,431,431,1.0,0.321882001493652,423,421,0.9952718676122931,0.32334869431643626,( ( not ( eventually ( x_2 <= -7.84 ) ) ) and ( always ( x_5 <= 90.0153 ) ) ) and ( always ( x_0 <= 11.98 ) )
1406,67,42,2,3,"[[76, -1.0, 0.23014646768569946], [2636, 1.0, 0.171988844871521], [9736, 1.0, 0.17209899425506592]]",0.9833524967543659,15,11,287,285,0.9930313588850174,0.2128454070201643,220,208,0.9454545454545454,0.1597542242703533,"( ( not ( eventually[1,26] ( ( x_4 >= -814.99 ) and ( x_2 <= -4.66 ) ) ) ) and ( always ( x_5 <= 133.21 ) ) ) and ( always[28,31] ( x_5 <= 6.7 ) )"
1407,67,42,2,3,"[[7825, -1.0, 0.25136059522628784], [2636, 1.0, 0.15394757688045502], [6670, 1.0, 0.3049207925796509]]",0.9893705476499502,16,9,580,577,0.9948275862068966,0.43091859596713966,544,539,0.9908088235294118,0.41397849462365593,( ( not ( eventually ( x_2 <= -6.1774 ) ) ) and ( always ( x_5 <= 137.86 ) ) ) and ( always ( x_0 <= 21.47 ) )
1408,67,42,2,3,"[[4869, 1.0, 0.2702977657318115], [2636, 1.0, 0.0], [6670, 1.0, 0.245934396982193]]",0.9484636995498459,15,11,1009,966,0.9573835480673935,0.7214339058999253,971,927,0.9546858908341915,0.7119815668202765,"( ( ( always ( x_1 >= -8.19 ) ) or ( eventually[10,14] ( x_0 <= -587.78 ) ) ) and ( always ( x_5 <= 177.53 ) ) ) and ( always ( x_0 <= 34.81 ) )"
1409,67,6,5,3,"[[2636, -1.0, 0.23280847072601318], [559, 1.0, 0.0], [6670, 1.0, 0.3304736018180847]]",0.9539207350211852,16,9,34,34,1.0,0.17989417989417988,32,27,0.84375,0.12796208530805686,"( ( not ( always ( x_5 <= 237.53 ) ) ) and ( always[27,inf] ( x_5 <= 79.26 ) ) ) and ( always ( x_0 <= 15.69 ) )"
1410,67,42,2,3,"[[7825, -1.0, 0.25330597162246704], [2636, 1.0, 0.19827580451965332], [6670, 1.0, 0.29133862257003784]]",0.9883718246294434,16,9,530,527,0.9943396226415094,0.39357729648991785,499,496,0.9939879759519038,0.38095238095238093,( ( not ( eventually ( x_2 <= -5.12 ) ) ) and ( always ( x_5 <= 126.44 ) ) ) and ( always ( x_0 <= 24.54 ) )
1411,67,42,2,3,"[[7825, -1.0, 0.2500096261501312], [2636, 1.0, 0.48685264587402344], [6670, 1.0, 0.011871324852108955]]",0.9955926257239869,16,9,371,371,1.0,0.2770724421209858,332,332,1.0,0.25499231950844853,( ( not ( eventually ( x_2 <= -6.91 ) ) ) and ( always ( x_5 <= 52.07 ) ) ) and ( always ( x_0 <= 87.75 ) )
1412,67,42,2,3,"[[6670, 1.0, 0.2790236473083496], [2268, 1.0, 0.19388999044895172], [9569, -1.0, 0.09656782448291779]]",0.9555023687390146,17,12,897,865,0.9643255295429208,0.6460044809559373,866,823,0.9503464203233256,0.6321044546850998,"( ( always ( x_0 <= 27.32 ) ) and ( ( always[10,24] ( x_5 <= -990.22 ) ) or ( always[8,20] ( x_2 >= -7.4962 ) ) ) ) and ( not ( eventually ( x_5 >= 176.97 ) ) )"
1413,67,42,2,3,"[[7825, -1.0, 0.2529970705509186], [2636, 1.0, 0.0], [6670, 1.0, 0.3468719720840454]]",0.9929586467743067,16,9,473,472,0.9978858350951374,0.3525018670649739,453,452,0.9977924944812362,0.34715821812596004,( ( not ( eventually ( x_2 <= -5.29 ) ) ) and ( always ( x_5 <= 177.53 ) ) ) and ( always ( x_0 <= 11.98 ) )
1414,67,6,5,3,"[[2636, -1.0, 0.23280847072601318], [6670, 1.0, 0.3304498493671417], [559, 1.0, 0.007127688731998205]]",0.9539207350211852,16,9,34,34,1.0,0.17989417989417988,32,27,0.84375,0.12796208530805686,"( ( not ( always ( x_5 <= 237.53 ) ) ) and ( always ( x_0 <= 15.69 ) ) ) and ( always[27,inf] ( x_5 <= 77.66 ) )"
1415,67,6,5,3,"[[2636, -1.0, 0.027598094195127487], [5071, -1.0, 0.2565590739250183], [6844, -1.0, 0.18442541360855103]]",0.8296711635082987,18,11,8,8,1.0,0.042328042328042326,7,2,0.2857142857142857,0.009478672985781991,"( ( not ( always ( x_5 <= 184.65 ) ) ) and ( not ( eventually[17,inf] ( x_1 >= 2.3 ) ) ) ) and ( not ( eventually[2,7] ( x_2 >= 1.01 ) ) )"
1416,67,88,10,3,"[[5071, -1.0, 0.25849610567092896], [7825, -1.0, 0.07197608053684235], [8005, -1.0, 0.11839461326599121]]",0.8705027374561716,17,11,24,23,0.9583333333333334,0.1513157894736842,31,25,0.8064516129032258,0.16233766233766234,"( ( not ( eventually[17,inf] ( x_1 >= 0.85 ) ) ) and ( not ( eventually ( x_2 <= -103.43 ) ) ) ) and ( not ( always[21,24] ( x_0 >= -30.87 ) ) )"
1417,67,42,2,3,"[[7825, -1.0, 0.24892975389957428], [2636, 1.0, 0.33267396688461304], [6670, 1.0, 0.34681904315948486]]",0.9961684273110172,16,9,427,427,1.0,0.3188946975354742,426,424,0.9953051643192489,0.32565284178187404,( ( not ( eventually ( x_2 <= -7.4953 ) ) ) and ( always ( x_5 <= 91.8 ) ) ) and ( always ( x_0 <= 11.99 ) )
1418,67,6,5,3,"[[2636, -1.0, 0.4259307384490967], [3390, 1.0, 0.2790350317955017], [559, 1.0, 0.014817647635936737]]",0.9163861567630498,17,9,18,18,1.0,0.09523809523809523,22,17,0.7727272727272727,0.08056872037914692,"( ( not ( always ( x_5 <= 287.3 ) ) ) and ( always[12,inf] ( x_1 <= 3.57 ) ) ) and ( always[27,inf] ( x_5 <= 75.93 ) )"
1419,67,42,2,3,"[[7825, -1.0, 0.24828489124774933], [2636, 1.0, 0.24350211024284363], [6670, 1.0, 0.3159447908401489]]",0.9830125626163202,16,9,590,584,0.9898305084745763,0.4361463778939507,560,551,0.9839285714285714,0.42319508448540705,( ( not ( eventually ( x_2 <= -7.84 ) ) ) and ( always ( x_5 <= 114.78 ) ) ) and ( always ( x_0 <= 18.97 ) )
1420,67,42,2,3,"[[7825, -1.0, 0.2500096261501312], [2636, 1.0, 0.48685264587402344], [6670, 1.0, 0.011871324852108955]]",0.9955926257239869,16,9,371,371,1.0,0.2770724421209858,332,332,1.0,0.25499231950844853,( ( not ( eventually ( x_2 <= -6.91 ) ) ) and ( always ( x_5 <= 52.07 ) ) ) and ( always ( x_0 <= 87.75 ) )
1421,67,42,2,3,"[[7825, -1.0, 0.24828489124774933], [2636, 1.0, 0.3395971655845642], [6670, 1.0, 0.3468719720840454]]",0.9962038521599509,16,9,431,431,1.0,0.321882001493652,423,421,0.9952718676122931,0.32334869431643626,( ( not ( eventually ( x_2 <= -7.84 ) ) ) and ( always ( x_5 <= 90.0153 ) ) ) and ( always ( x_0 <= 11.98 ) )
1422,67,6,5,3,"[[2636, -1.0, 1.4518537521362305], [6670, 1.0, 0.1277111917734146], [8090, 1.0, 0.12439229339361191]]",0.9464018553882751,16,16,29,29,1.0,0.15343915343915343,18,15,0.8333333333333334,0.07109004739336493,"( ( not ( always ( ( x_5 <= 551.69 ) or ( x_5 >= 1664.49 ) ) ) ) and ( always ( ( x_0 <= 61.55 ) or ( x_5 >= 1191.79 ) ) ) ) and ( ( always[27,inf] ( x_4 >= -12.45 ) ) and ( eventually[28,30] ( x_4 <= 16245.67 ) ) )"
1423,67,95,13,3,"[[559, -1.0, 0.7291029095649719], [3390, 1.0, 0.01634671911597252], [6844, -1.0, 0.1804189532995224]]",0.8077370231927278,18,10,23,21,0.9130434782608695,0.15789473684210525,32,18,0.5625,0.15254237288135594,"( ( not ( always[27,inf] ( x_5 <= 243.25 ) ) ) and ( always[12,inf] ( x_1 <= 218.88 ) ) ) and ( not ( eventually[2,7] ( x_2 >= 3.98 ) ) )"
1424,67,42,2,3,"[[7825, -1.0, 0.240497887134552], [2979, 1.0, 0.14752092957496643], [6670, 1.0, 0.011871324852108955]]",0.995880080692477,17,9,397,397,1.0,0.29648991784914114,368,361,0.9809782608695652,0.2772657450076805,"( ( not ( eventually ( x_2 <= -12.0665 ) ) ) and ( always[4,33] ( x_5 <= 43.75 ) ) ) and ( always ( x_0 <= 87.75 ) )"
1425,67,6,5,2,"[[2636, -1.0, 0.23280847072601318], [6670, 1.0, 0.3775487244129181]]",0.8456759411873505,10,6,9,9,1.0,0.047619047619047616,16,9,0.5625,0.04265402843601896,( not ( always ( x_5 <= 237.53 ) ) ) and ( always ( x_0 <= 5.04 ) )
1426,67,42,2,3,"[[7825, -1.0, 0.24828489124774933], [2636, 1.0, 0.3395971655845642], [6670, 1.0, 0.3468719720840454]]",0.9962038521599509,16,9,431,431,1.0,0.321882001493652,423,421,0.9952718676122931,0.32334869431643626,( ( not ( eventually ( x_2 <= -7.84 ) ) ) and ( always ( x_5 <= 90.0153 ) ) ) and ( always ( x_0 <= 11.98 ) )
1427,67,62,6,3,"[[2636, -1.0, 0.012482235208153725], [9569, -1.0, 0.09137018024921417], [4869, 1.0, 0.1540294885635376]]",0.8796122753143348,18,7,12,12,1.0,0.17142857142857143,15,6,0.4,0.06896551724137931,( not ( always ( x_5 <= 180.75 ) ) ) and ( not ( eventually ( x_5 >= 184.52 ) ) )
1428,67,42,2,3,"[[7825, -1.0, 0.2500096261501312], [2636, 1.0, 0.48685264587402344], [6670, 1.0, 0.011871324852108955]]",0.9955926257239869,16,9,371,371,1.0,0.2770724421209858,332,332,1.0,0.25499231950844853,( ( not ( eventually ( x_2 <= -6.91 ) ) ) and ( always ( x_5 <= 52.07 ) ) ) and ( always ( x_0 <= 87.75 ) )
1429,67,42,2,2,"[[7825, -1.0, 0.24573515355587006], [2636, 1.0, 0.6276548504829407]]",0.9879804897845237,11,6,135,135,1.0,0.10082150858849888,115,112,0.9739130434782609,0.08602150537634409,( not ( eventually ( x_2 <= -9.23 ) ) ) and ( always ( x_5 <= 15.78 ) )
1430,67,6,5,3,"[[2636, -1.0, 0.32725512981414795], [6670, 1.0, 0.31749480962753296], [559, 1.0, 0.0281731765717268]]",0.9585702309869168,16,9,38,38,1.0,0.20105820105820105,35,33,0.9428571428571428,0.15639810426540285,"( ( not ( always ( x_5 <= 261.87 ) ) ) and ( always ( x_0 <= 18.62 ) ) ) and ( always[27,inf] ( x_5 <= 72.92 ) )"
1431,67,42,2,3,"[[6670, 1.0, 0.3592074513435364], [2268, 1.0, 0.20111316442489624], [9569, -1.0, 0.09688818454742432]]",0.9892128443295154,17,12,444,442,0.9954954954954955,0.3300970873786408,428,423,0.9883177570093458,0.3248847926267281,"( ( always ( x_0 <= 9.1886 ) ) and ( ( always[10,24] ( x_5 <= -994.14 ) ) or ( always[8,20] ( x_2 >= -3.58 ) ) ) ) and ( not ( eventually ( x_5 >= 176.51 ) ) )"
1432,67,42,2,3,"[[7825, -1.0, 0.2500096261501312], [2636, 1.0, 0.48685264587402344], [6670, 1.0, 0.011871324852108955]]",0.9955926257239869,16,9,371,371,1.0,0.2770724421209858,332,332,1.0,0.25499231950844853,( ( not ( eventually ( x_2 <= -6.91 ) ) ) and ( always ( x_5 <= 52.07 ) ) ) and ( always ( x_0 <= 87.75 ) )
1433,67,88,10,3,"[[9736, 1.0, 0.18650878965854645], [7825, -1.0, 0.1241658627986908], [83, 1.0, 0.05997159704566002]]",0.8041191075007702,16,11,36,32,0.8888888888888888,0.21052631578947367,38,27,0.7105263157894737,0.17532467532467533,"( ( always[28,31] ( x_5 <= -3.13 ) ) and ( not ( eventually ( x_2 <= -75.14 ) ) ) ) and ( always[29,inf] ( ( x_0 >= 34.26 ) or ( x_1 <= 0.41 ) ) )"
1434,88,15,0,3,"[[6670, -1.0, 0.0], [2636, 1.0, 0.020712781697511673], [1462, 1.0, 0.14503607153892517]]",0.9499576255867844,16,9,65,64,0.9846153846153847,0.27705627705627706,62,59,0.9516129032258065,0.22519083969465647,"( ( not ( always ( x_0 <= 90.43 ) ) ) and ( always ( x_5 <= 172.19 ) ) ) and ( always[11,inf] ( x_0 >= -21.76 ) )"
1435,88,88,10,3,"[[5071, -1.0, 0.26004207134246826], [4869, 1.0, 0.05276539921760559], [9226, -1.0, 0.2802826464176178]]",0.8467799153536958,19,13,20,19,0.95,0.125,16,11,0.6875,0.07142857142857142,"( ( not ( eventually[17,inf] ( x_1 >= -0.3 ) ) ) and ( ( always ( x_1 >= -39.76 ) ) or ( eventually[10,14] ( x_0 <= -556.22 ) ) ) ) and ( not ( eventually[29,inf] ( x_2 >= -1.83 ) ) )"
1436,88,88,10,3,"[[5071, -1.0, 0.26004207134246826], [7825, -1.0, 0.11129201948642731], [5339, -1.0, 0.10969512164592743]]",0.911583564462748,20,11,36,35,0.9722222222222222,0.23026315789473684,44,34,0.7727272727272727,0.22077922077922077,"( ( not ( eventually[17,inf] ( x_1 >= -0.3 ) ) ) and ( not ( eventually ( x_2 <= -82.11 ) ) ) ) and ( not ( eventually[0,11] ( x_5 >= 92.53 ) ) )"
1437,88,15,0,3,"[[6670, -1.0, 0.08128802478313446], [2636, 1.0, 0.020712781697511673], [1949, -1.0, 0.16541387140750885]]",0.9791159101265204,15,11,77,77,1.0,0.3333333333333333,71,68,0.9577464788732394,0.2595419847328244,"( ( not ( always ( x_0 <= 108.82 ) ) ) and ( always ( x_5 <= 172.19 ) ) ) and ( not ( always[9,inf] ( eventually[6,18] ( x_2 <= -6.28 ) ) ) )"
1438,88,88,10,3,"[[6844, -1.0, 0.1977177858352661], [7825, -1.0, 0.10796773433685303], [83, 1.0, 0.057874277234077454]]",0.854270708349122,17,12,31,29,0.9354838709677419,0.19078947368421054,31,28,0.9032258064516129,0.18181818181818182,"( ( not ( eventually[2,7] ( x_2 >= -8.82 ) ) ) and ( not ( eventually ( x_2 <= -83.92 ) ) ) ) and ( always[29,inf] ( ( x_0 >= 34.03 ) or ( x_1 <= 0.63 ) ) )"
1439,88,15,0,3,"[[6670, -1.0, 0.09428733587265015], [5264, 1.0, 0.07489495724439621], [2415, 1.0, 0.1570199579000473]]",0.9779967554888438,17,12,73,73,1.0,0.31601731601731603,79,70,0.8860759493670886,0.26717557251908397,"( ( not ( always ( x_0 <= 111.76 ) ) ) and ( always ( x_4 <= 244.69 ) ) ) and ( ( always[1,4] ( x_1 >= -1.74 ) ) and ( always[2,32] ( x_0 >= -310.49 ) ) )"
1440,88,16,1,2,"[[6670, 1.0, 0.5020163059234619], [4869, -1.0, 0.1994997262954712]]",0.8950047881759461,11,9,14,14,1.0,0.06334841628959276,12,11,0.9166666666666666,0.051643192488262914,"( always ( x_0 <= -23.11 ) ) and ( not ( ( always ( x_1 >= -76.36 ) ) or ( eventually[10,14] ( x_0 <= -519.61 ) ) ) )"
1441,88,88,10,3,"[[5071, -1.0, 0.2610267698764801], [7825, -1.0, 0.0706017017364502], [2636, 1.0, 0.12043803930282593]]",0.8906742909551517,18,10,42,40,0.9523809523809523,0.2631578947368421,45,38,0.8444444444444444,0.24675324675324675,"( ( not ( eventually[17,inf] ( x_1 >= -1.04 ) ) ) and ( not ( eventually ( x_2 <= -104.17 ) ) ) ) and ( always ( x_5 <= 146.49 ) )"
1442,88,15,0,3,"[[8005, 1.0, 0.324359267950058], [3990, -1.0, 0.07193641364574432], [7008, -1.0, 0.16097977757453918]]",0.8589313179094591,16,10,10,10,1.0,0.04329004329004329,15,9,0.6,0.03435114503816794,"( ( always[21,24] ( x_0 >= 31.25 ) ) and ( not ( eventually ( x_3 >= 176.61 ) ) ) ) and ( not ( eventually[7,25] ( x_4 >= 81.2 ) ) )"
1443,88,95,13,3,"[[559, -1.0, 0.14055651426315308], [333, -1.0, 0.08747318387031555], [2636, -1.0, 0.48398029804229736]]",0.5695679588021966,18,14,73,47,0.6438356164383562,0.3533834586466165,63,35,0.5555555555555556,0.2966101694915254,"( ( not ( ( always[27,inf] ( x_5 <= 110.87 ) ) or ( always[7,35] ( x_0 >= 227.85 ) ) ) ) and ( not ( eventually ( x_5 <= -87.36 ) ) ) ) and ( not ( always ( x_5 <= 302.26 ) ) )"
1444,88,95,13,3,"[[559, -1.0, 0.7291029095649719], [1462, 1.0, 0.21205410361289978], [7825, -1.0, 0.10434623062610626]]",0.6479890592512607,19,13,36,27,0.75,0.20300751879699247,29,14,0.4827586206896552,0.11864406779661017,"( ( not ( ( always[27,inf] ( x_5 <= 243.25 ) ) or ( always[7,35] ( x_0 >= 95.48 ) ) ) ) and ( always[11,inf] ( x_0 >= -11.53 ) ) ) and ( not ( eventually ( x_2 <= -85.88 ) ) )"
1445,88,88,10,3,"[[5071, -1.0, 0.26004207134246826], [333, -1.0, 0.0], [9226, -1.0, 0.2802826464176178]]",0.9405849009030973,19,11,26,26,1.0,0.17105263157894737,36,28,0.7777777777777778,0.18181818181818182,"( ( not ( eventually[17,inf] ( x_1 >= -0.3 ) ) ) and ( not ( eventually ( x_5 <= -110.57 ) ) ) ) and ( not ( eventually[29,inf] ( x_2 >= -1.83 ) ) )"
1446,88,88,10,3,"[[9226, -1.0, 0.2889510989189148], [7825, -1.0, 0.11129201948642731], [6670, 1.0, 0.053590431809425354]]",0.96236743675936,18,10,42,42,1.0,0.27631578947368424,39,34,0.8717948717948718,0.22077922077922077,"( ( not ( eventually[29,inf] ( x_2 >= -5.26 ) ) ) and ( not ( eventually ( x_2 <= -82.11 ) ) ) ) and ( always ( x_0 <= 78.31 ) )"
1447,88,88,10,3,"[[5071, -1.0, 0.2610267698764801], [7825, -1.0, 0.11129201948642731], [8005, -1.0, 0.11606980115175247]]",0.9241130208892355,17,11,20,20,1.0,0.13157894736842105,24,21,0.875,0.13636363636363635,"( ( not ( eventually[17,inf] ( x_1 >= -1.04 ) ) ) and ( not ( eventually ( x_2 <= -82.11 ) ) ) ) and ( not ( always[21,24] ( x_0 >= -30.54 ) ) )"
1448,88,15,0,3,"[[6670, -1.0, 0.08128802478313446], [2636, 1.0, 0.020712781697511673], [1949, -1.0, 0.16541387140750885]]",0.9791159101265204,15,11,77,77,1.0,0.3333333333333333,71,68,0.9577464788732394,0.2595419847328244,"( ( not ( always ( x_0 <= 108.82 ) ) ) and ( always ( x_5 <= 172.19 ) ) ) and ( not ( always[9,inf] ( eventually[6,18] ( x_2 <= -6.28 ) ) ) )"
1449,88,42,2,3,"[[2979, 1.0, 0.13899008929729462], [8090, 1.0, 0.13565483689308167], [2415, 1.0, 0.15757426619529724]]",0.984579405458399,17,8,214,213,0.9953271028037384,0.1590739357729649,204,197,0.9656862745098039,0.15130568356374807,"( ( always[4,33] ( x_5 <= 64.64 ) ) and ( always[27,inf] ( x_4 >= -3.6667 ) ) ) and ( always[1,4] ( x_1 >= -1.39 ) )"
1450,88,88,10,3,"[[9226, -1.0, 0.2860262393951416], [7825, -1.0, 0.11129201948642731], [2636, 1.0, 0.2921805679798126]]",0.96236743675936,18,10,42,42,1.0,0.27631578947368424,40,35,0.875,0.22727272727272727,"( ( not ( eventually[29,inf] ( x_2 >= -4.1 ) ) ) and ( not ( eventually ( x_2 <= -82.11 ) ) ) ) and ( always ( x_5 <= 102.24 ) )"
1451,88,16,1,2,"[[6670, 1.0, 0.5020163059234619], [4869, -1.0, 0.22168803215026855]]",0.8950047881759461,11,9,14,14,1.0,0.06334841628959276,12,11,0.9166666666666666,0.051643192488262914,"( always ( x_0 <= -23.11 ) ) and ( not ( ( always ( x_1 >= -79.58 ) ) or ( eventually[10,14] ( x_0 <= -516.39 ) ) ) )"
1452,88,15,0,3,"[[6670, -1.0, 0.09742625057697296], [5264, 1.0, 0.09097619354724884], [636, -1.0, 0.10951375961303711]]",0.9285793476418497,18,10,45,44,0.9777777777777777,0.19047619047619047,50,46,0.92,0.17557251908396945,"( ( not ( always ( x_0 <= 112.47 ) ) ) and ( always ( x_4 <= 220.62 ) ) ) and ( not ( eventually[26,29] ( x_4 <= -3.01 ) ) )"
1453,88,16,1,3,"[[4869, -1.0, 0.4260433316230774], [3990, -1.0, 0.1539326012134552], [2415, 1.0, 0.04174335300922394]]",0.9632104152911618,19,13,43,43,1.0,0.19457013574660634,52,47,0.9038461538461539,0.22065727699530516,"( ( not ( always ( x_1 >= -109.23 ) ) ) and ( not ( eventually ( x_3 >= 143.8 ) ) ) ) and ( ( always[1,4] ( x_1 >= -76.07 ) ) and ( always[2,32] ( x_0 >= -384.82 ) ) )"
1454,88,15,0,3,"[[9114, 1.0, 0.2985529899597168], [7008, -1.0, 0.16138207912445068], [8499, -1.0, 0.039869870990514755]]",0.9241130208892355,18,10,20,20,1.0,0.08658008658008658,23,18,0.782608695652174,0.06870229007633588,"( ( always[4,5] ( x_0 >= 48.45 ) ) and ( not ( eventually[7,25] ( x_4 >= 80.71 ) ) ) ) and ( not ( eventually ( x_5 <= -136.11 ) ) )"
1455,88,16,1,2,"[[6670, 1.0, 0.5020163059234619], [4869, -1.0, 0.1994997262954712]]",0.8950047881759461,11,9,14,14,1.0,0.06334841628959276,12,11,0.9166666666666666,0.051643192488262914,"( always ( x_0 <= -23.11 ) ) and ( not ( ( always ( x_1 >= -76.36 ) ) or ( eventually[10,14] ( x_0 <= -519.61 ) ) ) )"
1456,88,88,10,3,"[[5071, -1.0, 0.2610267698764801], [333, -1.0, 0.09301584213972092], [6670, 1.0, 0.060814905911684036]]",0.9204367490813241,17,10,19,19,1.0,0.125,25,18,0.72,0.11688311688311688,"( ( not ( eventually[17,inf] ( x_1 >= -1.04 ) ) ) and ( not ( eventually ( x_5 <= -85.89 ) ) ) ) and ( always ( x_0 <= 76.68 ) )"
1457,88,88,10,3,"[[5071, -1.0, 0.2610267698764801], [333, -1.0, 0.09301584213972092], [6670, 1.0, 0.060814905911684036]]",0.9204367490813241,17,10,19,19,1.0,0.125,25,18,0.72,0.11688311688311688,"( ( not ( eventually[17,inf] ( x_1 >= -1.04 ) ) ) and ( not ( eventually ( x_5 <= -85.89 ) ) ) ) and ( always ( x_0 <= 76.68 ) )"
1458,88,88,10,3,"[[83, 1.0, 0.0810358077287674], [7825, -1.0, 0.07494551688432693], [9901, 1.0, 0.12644273042678833]]",0.7444649432857798,15,12,22,19,0.8636363636363636,0.125,32,19,0.59375,0.12337662337662338,"( ( always[29,inf] ( ( x_0 >= 36.52 ) or ( x_1 <= -1.85 ) ) ) and ( not ( eventually ( x_2 <= -101.82 ) ) ) ) and ( eventually ( always[3,5] ( x_0 <= -44.13 ) ) )"
1459,88,88,10,3,"[[2338, 1.0, 0.29877418279647827], [7825, -1.0, 0.1507844626903534], [2636, 1.0, 0.12043803930282593]]",0.9011273313882473,16,9,32,31,0.96875,0.20394736842105263,30,25,0.8333333333333334,0.16233766233766234,"( ( always[16,27] ( x_1 <= -2.31 ) ) and ( not ( eventually ( x_2 <= -60.7 ) ) ) ) and ( always ( x_5 <= 146.49 ) )"
1460,88,16,1,3,"[[4869, -1.0, 0.3068576753139496], [3226, 1.0, 0.25689297914505005], [6513, 1.0, 0.0]]",0.9693828911740721,15,10,52,52,1.0,0.23529411764705882,59,51,0.864406779661017,0.23943661971830985,"( ( not ( always ( x_1 >= -91.94 ) ) ) and ( always[4,inf] ( x_4 <= 83.76 ) ) ) and ( eventually ( always[1,11] ( x_2 >= -48.28 ) ) )"
1461,88,88,10,3,"[[5071, -1.0, 0.26004207134246826], [4869, 1.0, 0.05276539921760559], [9226, -1.0, 0.2802826464176178]]",0.8467799153536958,19,13,20,19,0.95,0.125,16,11,0.6875,0.07142857142857142,"( ( not ( eventually[17,inf] ( x_1 >= -0.3 ) ) ) and ( ( always ( x_1 >= -39.76 ) ) or ( eventually[10,14] ( x_0 <= -556.22 ) ) ) ) and ( not ( eventually[29,inf] ( x_2 >= -1.83 ) ) )"
1462,88,16,1,3,"[[4869, -1.0, 0.3068576753139496], [3226, 1.0, 0.25689297914505005], [6513, 1.0, 0.0]]",0.9693828911740721,15,10,52,52,1.0,0.23529411764705882,59,51,0.864406779661017,0.23943661971830985,"( ( not ( always ( x_1 >= -91.94 ) ) ) and ( always[4,inf] ( x_4 <= 83.76 ) ) ) and ( eventually ( always[1,11] ( x_2 >= -48.28 ) ) )"
1463,88,88,10,3,"[[83, 1.0, 0.07952538132667542], [3990, -1.0, 0.34802865982055664], [6513, 1.0, 0.06429725885391235]]",0.901313696340425,15,10,15,15,1.0,0.09868421052631579,21,13,0.6190476190476191,0.08441558441558442,"( ( always[29,inf] ( x_1 <= -1.69 ) ) and ( not ( eventually ( x_3 >= 66.13 ) ) ) ) and ( eventually ( always[1,11] ( x_2 >= -11.13 ) ) )"
1464,88,95,13,3,"[[636, -1.0, 0.30140775442123413], [4869, 1.0, 0.10241487622261047], [3990, 1.0, 0.0818936824798584]]",0.6087160295666563,18,12,23,17,0.7391304347826086,0.12781954887218044,24,12,0.5,0.1016949152542373,"( ( not ( ( always[7,10] ( x_5 >= 2814.59 ) ) or ( eventually[26,29] ( x_4 <= 132.15 ) ) ) ) and ( always ( x_1 >= -32.55 ) ) ) and ( eventually ( x_3 >= 238.16 ) )"
1465,88,62,6,3,"[[2636, -1.0, 0.012482235208153725], [9569, -1.0, 0.0727098360657692], [4869, 1.0, 0.27451735734939575]]",0.7714200018516574,18,10,36,31,0.8611111111111112,0.44285714285714284,40,26,0.65,0.2988505747126437,( ( not ( always ( x_5 <= 180.75 ) ) ) and ( not ( eventually ( x_5 >= 211.63 ) ) ) ) and ( always ( x_1 >= -7.58 ) )
1466,88,42,2,3,"[[2979, 1.0, 0.14736101031303406], [707, 1.0, 0.09926021844148636], [6844, -1.0, 0.18393287062644958]]",0.9738411498200509,16,9,126,125,0.9920634920634921,0.09335324869305452,126,121,0.9603174603174603,0.09293394777265745,"( ( always[4,33] ( x_5 <= 44.15 ) ) and ( always[24,26] ( x_2 >= -2.34 ) ) ) and ( not ( eventually[2,7] ( x_2 >= 1.38 ) ) )"
1467,88,15,0,3,"[[6670, -1.0, 0.5975147485733032], [2979, 1.0, 0.029424820095300674], [2415, 1.0, 0.008981136605143547]]",0.9651042199119716,17,12,94,93,0.9893617021276596,0.4025974025974026,102,97,0.9509803921568627,0.3702290076335878,"( ( not ( always ( x_0 <= 225.58 ) ) ) and ( always[4,33] ( x_5 <= 332.92 ) ) ) and ( ( always[1,4] ( x_1 >= -97.2 ) ) and ( always[2,32] ( x_0 >= -405.94 ) ) )"
1468,88,42,2,3,"[[7825, -1.0, 0.25242066383361816], [2636, 1.0, 0.3241402506828308], [8090, 1.0, 0.13810157775878906]]",0.9900848172398594,17,9,164,164,1.0,0.12247946228528753,171,167,0.9766081871345029,0.1282642089093702,"( ( not ( eventually ( x_2 <= -5.6 ) ) ) and ( always ( x_5 <= 94.0 ) ) ) and ( always[27,inf] ( x_4 >= -1.76 ) )"
1469,88,15,0,3,"[[599, 1.0, 0.4083036780357361], [2979, 1.0, 0.07291895151138306], [2415, 1.0, 0.15176910161972046]]",0.9426592784751422,15,12,27,27,1.0,0.11688311688311688,22,17,0.7727272727272727,0.0648854961832061,"( ( eventually[10,18] ( always[7,12] ( x_0 >= 48.06 ) ) ) and ( always[4,33] ( x_5 <= 226.42 ) ) ) and ( ( always[1,4] ( x_1 >= -5.13 ) ) and ( always[2,32] ( x_0 >= -313.87 ) ) )"
1470,88,15,0,3,"[[6670, -1.0, 0.5975147485733032], [2979, 1.0, 0.0001635177613934502], [2415, 1.0, 0.14918683469295502]]",0.9575770342860285,17,12,77,76,0.987012987012987,0.329004329004329,82,74,0.9024390243902439,0.2824427480916031,"( ( not ( always ( x_0 <= 225.58 ) ) ) and ( always[4,33] ( x_5 <= 404.57 ) ) ) and ( ( always[1,4] ( x_1 >= -6.79 ) ) and ( always[2,32] ( x_0 >= -315.54 ) ) )"
1471,88,88,10,3,"[[9226, -1.0, 0.28573524951934814], [7825, -1.0, 0.11129201948642731], [2636, 1.0, 0.2921805679798126]]",0.96236743675936,18,10,42,42,1.0,0.27631578947368424,40,35,0.875,0.22727272727272727,"( ( not ( eventually[29,inf] ( x_2 >= -3.99 ) ) ) and ( not ( eventually ( x_2 <= -82.11 ) ) ) ) and ( always ( x_5 <= 102.24 ) )"
1472,88,16,1,3,"[[4869, -1.0, 0.06954291462898254], [3226, 1.0, 0.08401860296726227], [7825, 1.0, 0.04399929195642471]]",0.9828279627603049,17,12,94,94,1.0,0.4253393665158371,101,93,0.9207920792079208,0.43661971830985913,"( ( not ( ( always ( x_1 >= -57.5 ) ) or ( eventually[10,14] ( x_0 <= -538.47 ) ) ) ) and ( always[4,inf] ( x_4 <= 227.46 ) ) ) and ( eventually ( x_2 <= -166.31 ) )"
1473,88,95,13,3,"[[636, -1.0, 0.30140775442123413], [4869, 1.0, 0.10241487622261047], [7876, 1.0, 0.15551519393920898]]",0.7887642856886878,17,11,14,13,0.9285714285714286,0.09774436090225563,19,8,0.42105263157894735,0.06779661016949153,"( ( not ( eventually[26,29] ( x_4 <= 132.15 ) ) ) and ( always ( x_1 >= -32.55 ) ) ) and ( always[10,18] ( ( x_3 >= 1948.9 ) or ( x_2 <= 49.67 ) ) )"
1474,88,15,0,3,"[[8005, 1.0, 0.324359267950058], [3990, -1.0, 0.07193641364574432], [7008, -1.0, 0.16097977757453918]]",0.8589313179094591,16,10,10,10,1.0,0.04329004329004329,15,9,0.6,0.03435114503816794,"( ( always[21,24] ( x_0 >= 31.25 ) ) and ( not ( eventually ( x_3 >= 176.61 ) ) ) ) and ( not ( eventually[7,25] ( x_4 >= 81.2 ) ) )"
1475,88,42,2,3,"[[333, -1.0, 0.3463189899921417], [2636, 1.0, 0.5894389152526855], [2338, 1.0, 0.2729998826980591]]",0.9907546022138187,15,9,176,176,1.0,0.13144137415982077,164,158,0.9634146341463414,0.12135176651305683,"( ( not ( eventually ( x_5 <= -18.66 ) ) ) and ( always ( x_5 <= 25.63 ) ) ) and ( always[16,27] ( x_1 <= 9.59 ) )"
1476,88,42,2,3,"[[333, -1.0, 0.30031251907348633], [2636, 1.0, 0.32439035177230835], [2415, 1.0, 0.15834063291549683]]",0.9842895538812876,16,9,211,210,0.995260663507109,0.15683345780433158,192,184,0.9583333333333334,0.141321044546851,"( ( not ( eventually ( x_5 <= -30.87 ) ) ) and ( always ( x_5 <= 93.93 ) ) ) and ( always[1,4] ( x_1 >= -0.8919 ) )"
1477,88,42,2,2,"[[333, -1.0, 0.36914706230163574], [2636, 1.0, 0.5831409692764282]]",0.9898394562620587,10,6,160,160,1.0,0.11949215832710978,158,153,0.9683544303797469,0.1175115207373272,( not ( eventually ( x_5 <= -12.604 ) ) ) and ( always ( x_5 <= 27.25 ) )
1478,88,16,1,3,"[[4869, -1.0, 0.4260433316230774], [2979, 1.0, 0.11257240176200867], [2415, 1.0, 0.04174335300922394]]",0.9715075162705622,18,12,56,56,1.0,0.25339366515837103,62,59,0.9516129032258065,0.27699530516431925,"( ( not ( always ( x_1 >= -109.23 ) ) ) and ( always[4,33] ( x_5 <= 129.33 ) ) ) and ( ( always[1,4] ( x_1 >= -76.07 ) ) and ( always[2,32] ( x_0 >= -384.82 ) ) )"
1479,88,88,10,3,"[[6844, -1.0, 0.19414973258972168], [7825, -1.0, 0.07384762912988663], [83, 1.0, 0.2191406488418579]]",0.8796122753143348,17,12,12,12,1.0,0.07894736842105263,15,13,0.8666666666666667,0.08441558441558442,"( ( not ( eventually[2,7] ( x_2 >= -6.18 ) ) ) and ( not ( eventually ( x_2 <= -102.42 ) ) ) ) and ( always[29,inf] ( ( x_0 >= 51.34 ) or ( x_1 <= -16.68 ) ) )"
1480,88,88,10,3,"[[5071, -1.0, 0.2610267698764801], [333, -1.0, 0.09301584213972092], [6670, 1.0, 0.060814905911684036]]",0.9204367490813241,17,10,19,19,1.0,0.125,25,18,0.72,0.11688311688311688,"( ( not ( eventually[17,inf] ( x_1 >= -1.04 ) ) ) and ( not ( eventually ( x_5 <= -85.89 ) ) ) ) and ( always ( x_0 <= 76.68 ) )"
1481,88,42,2,3,"[[2636, 1.0, 0.32681554555892944], [636, -1.0, 0.10911637544631958], [2415, 1.0, 0.1567988395690918]]",0.9632175725664688,17,9,371,362,0.9757412398921833,0.2703510082150859,347,322,0.9279538904899135,0.24731182795698925,"( ( always ( x_5 <= 93.31 ) ) and ( not ( eventually[26,29] ( x_4 <= -3.29 ) ) ) ) and ( always[1,4] ( x_1 >= -1.8861 ) )"
1482,88,42,2,3,"[[7825, -1.0, 0.2500096261501312], [2636, 1.0, 0.48685264587402344], [6670, 1.0, 0.011871324852108955]]",0.9955926257239869,16,9,371,371,1.0,0.2770724421209858,332,332,1.0,0.25499231950844853,( ( not ( eventually ( x_2 <= -6.91 ) ) ) and ( always ( x_5 <= 52.07 ) ) ) and ( always ( x_0 <= 87.75 ) )
1483,88,42,2,3,"[[2979, 1.0, 0.1484450101852417], [1949, -1.0, 0.15418802201747894], [6670, 1.0, 0.011871324852108955]]",0.9762346281345874,15,10,421,415,0.9857482185273159,0.309932785660941,386,370,0.9585492227979274,0.28417818740399386,"( ( always[4,33] ( x_5 <= 41.49 ) ) and ( not ( always[9,inf] ( eventually[6,18] ( x_2 <= -13.08 ) ) ) ) ) and ( always ( x_0 <= 87.75 ) )"
1484,88,88,10,3,"[[5071, -1.0, 0.26004207134246826], [8499, -1.0, 0.07657979428768158], [9226, -1.0, 0.2802826464176178]]",0.9426592784751422,20,11,27,27,1.0,0.17763157894736842,36,28,0.7777777777777778,0.18181818181818182,"( ( not ( eventually[17,inf] ( x_1 >= -0.3 ) ) ) and ( not ( eventually ( x_5 <= -112.7 ) ) ) ) and ( not ( eventually[29,inf] ( x_2 >= -1.83 ) ) )"
1485,88,15,0,3,"[[6670, -1.0, 0.6171448230743408], [76, -1.0, 0.10385030508041382], [5339, -1.0, 0.0009802293498069048]]",0.8842507737729038,18,11,95,88,0.9263157894736842,0.38095238095238093,107,97,0.9065420560747663,0.3702290076335878,"( ( not ( always ( x_0 <= 230.02 ) ) ) and ( not ( eventually[1,26] ( x_2 <= -62.13 ) ) ) ) and ( not ( eventually[0,11] ( x_5 >= 172.25 ) ) )"
1486,88,88,10,3,"[[3390, 1.0, 0.2837870121002197], [7825, -1.0, 0.11129201948642731], [9226, -1.0, 0.2802826464176178]]",0.9039665159883415,19,10,33,32,0.9696969696969697,0.21052631578947367,36,32,0.8888888888888888,0.2077922077922078,"( ( always[12,inf] ( x_1 <= -0.33 ) ) and ( not ( eventually ( x_2 <= -82.11 ) ) ) ) and ( not ( eventually[29,inf] ( x_2 >= -1.83 ) ) )"
1487,88,16,1,2,"[[6670, 1.0, 0.46003812551498413], [4869, -1.0, 0.3428354561328888]]",0.9119010068902417,11,9,17,17,1.0,0.07692307692307693,12,12,1.0,0.056338028169014086,"( always ( x_0 <= -13.62 ) ) and ( not ( ( always ( x_1 >= -97.16 ) ) or ( eventually[10,14] ( x_0 <= -498.81 ) ) ) )"
1488,88,88,10,3,"[[9226, -1.0, 0.2889510989189148], [7825, -1.0, 0.11129201948642731], [6670, 1.0, 0.053590431809425354]]",0.96236743675936,18,10,42,42,1.0,0.27631578947368424,39,34,0.8717948717948718,0.22077922077922077,"( ( not ( eventually[29,inf] ( x_2 >= -5.26 ) ) ) and ( not ( eventually ( x_2 <= -82.11 ) ) ) ) and ( always ( x_0 <= 78.31 ) )"
1489,88,88,10,3,"[[5071, -1.0, 0.2610267698764801], [333, -1.0, 0.09301584213972092], [6670, 1.0, 0.060814905911684036]]",0.9204367490813241,17,10,19,19,1.0,0.125,25,18,0.72,0.11688311688311688,"( ( not ( eventually[17,inf] ( x_1 >= -1.04 ) ) ) and ( not ( eventually ( x_5 <= -85.89 ) ) ) ) and ( always ( x_0 <= 76.68 ) )"
1490,88,15,0,3,"[[6670, -1.0, 0.5975147485733032], [2979, 1.0, 0.029424820095300674], [2415, 1.0, 0.008981136605143547]]",0.9651042199119716,17,12,94,93,0.9893617021276596,0.4025974025974026,102,97,0.9509803921568627,0.3702290076335878,"( ( not ( always ( x_0 <= 225.58 ) ) ) and ( always[4,33] ( x_5 <= 332.92 ) ) ) and ( ( always[1,4] ( x_1 >= -97.2 ) ) and ( always[2,32] ( x_0 >= -405.94 ) ) )"
1491,88,42,2,3,"[[7339, -1.0, 0.14494588971138], [5500, -1.0, 0.22581861913204193], [6670, 1.0, 0.20281636714935303]]",0.9672457304635828,18,10,380,372,0.9789473684210527,0.27781926811053026,389,373,0.9588688946015425,0.28648233486943164,"( ( not ( eventually[7,27] ( x_5 >= 31.23 ) ) ) and ( not ( eventually[0,31] ( x_2 <= -17.37 ) ) ) ) and ( always ( x_0 <= 44.56 ) )"
1492,88,95,13,3,"[[636, -1.0, 0.30140775442123413], [4869, 1.0, 0.10241487622261047], [3990, 1.0, 0.0818936824798584]]",0.6087160295666563,18,12,23,17,0.7391304347826086,0.12781954887218044,24,12,0.5,0.1016949152542373,"( ( not ( ( always[7,10] ( x_5 >= 2814.59 ) ) or ( eventually[26,29] ( x_4 <= 132.15 ) ) ) ) and ( always ( x_1 >= -32.55 ) ) ) and ( eventually ( x_3 >= 238.16 ) )"
1493,88,42,2,3,"[[2268, 1.0, 0.1998874694108963], [2636, 1.0, 0.338611900806427], [1462, 1.0, 0.21149718761444092]]",0.9807369974291898,16,14,520,514,0.9884615384615385,0.3838685586258402,506,488,0.9644268774703557,0.37480798771121354,"( ( ( always[10,24] ( x_5 <= -993.47 ) ) or ( always[8,20] ( x_2 >= -4.24 ) ) ) and ( always ( x_5 <= 90.27 ) ) ) and ( ( always[12,28] ( x_3 <= -949.03 ) ) or ( always[11,inf] ( x_0 >= -11.61 ) ) )"
1494,88,88,10,3,"[[5071, -1.0, 0.2610267698764801], [333, -1.0, 0.09301584213972092], [6670, 1.0, 0.060814905911684036]]",0.9204367490813241,17,10,19,19,1.0,0.125,25,18,0.72,0.11688311688311688,"( ( not ( eventually[17,inf] ( x_1 >= -1.04 ) ) ) and ( not ( eventually ( x_5 <= -85.89 ) ) ) ) and ( always ( x_0 <= 76.68 ) )"
1495,88,15,0,3,"[[6670, -1.0, 0.5975147485733032], [2979, 1.0, 0.029424820095300674], [2415, 1.0, 0.008981136605143547]]",0.9651042199119716,17,12,94,93,0.9893617021276596,0.4025974025974026,102,97,0.9509803921568627,0.3702290076335878,"( ( not ( always ( x_0 <= 225.58 ) ) ) and ( always[4,33] ( x_5 <= 332.92 ) ) ) and ( ( always[1,4] ( x_1 >= -97.2 ) ) and ( always[2,32] ( x_0 >= -405.94 ) ) )"
1496,88,15,0,3,"[[6670, -1.0, 0.6171448230743408], [7825, -1.0, 0.08887942135334015], [5339, -1.0, 0.03931572288274765]]",0.8548581395450463,19,11,100,90,0.9,0.38961038961038963,108,96,0.8888888888888888,0.366412213740458,"( ( not ( always ( x_0 <= 230.02 ) ) ) and ( not ( eventually ( x_2 <= -94.27 ) ) ) ) and ( not ( eventually[0,11] ( x_5 >= 144.14 ) ) )"
1497,88,16,1,3,"[[4869, -1.0, 0.06954291462898254], [3226, 1.0, 0.08579899370670319], [7825, 1.0, 0.04457120597362518]]",0.9828279627603049,17,12,94,94,1.0,0.4253393665158371,100,92,0.92,0.431924882629108,"( ( not ( ( always ( x_1 >= -57.5 ) ) or ( eventually[10,14] ( x_0 <= -538.47 ) ) ) ) and ( always[4,inf] ( x_4 <= 225.98 ) ) ) and ( eventually ( x_2 <= -166.6154 ) )"
1498,88,16,1,3,"[[4869, -1.0, 0.06954291462898254], [3226, 1.0, 0.08401860296726227], [7825, 1.0, 0.04457120597362518]]",0.9828279627603049,17,12,94,94,1.0,0.4253393665158371,100,92,0.92,0.431924882629108,"( ( not ( ( always ( x_1 >= -57.5 ) ) or ( eventually[10,14] ( x_0 <= -538.47 ) ) ) ) and ( always[4,inf] ( x_4 <= 227.46 ) ) ) and ( eventually ( x_2 <= -166.6154 ) )"
1499,88,42,2,2,"[[333, -1.0, 0.375763475894928], [3990, -1.0, 0.31438136100769043]]",0.9936253715295161,12,7,256,256,1.0,0.19118745332337567,224,220,0.9821428571428571,0.16897081413210446,( not ( eventually ( x_5 <= -10.85 ) ) ) and ( not ( eventually ( x_3 >= 79.59 ) ) )
1500,88,15,0,3,"[[6670, -1.0, 0.01045406237244606], [2636, 1.0, 0.020712781697511673], [1949, -1.0, 0.16541387140750885]]",0.9643602585419664,15,11,92,91,0.9891304347826086,0.3939393939393939,82,77,0.9390243902439024,0.29389312977099236,"( ( not ( always ( x_0 <= 92.8 ) ) ) and ( always ( x_5 <= 172.19 ) ) ) and ( not ( always[9,inf] ( eventually[6,18] ( x_2 <= -6.28 ) ) ) )"
1501,88,42,2,3,"[[7825, -1.0, 0.25490015745162964], [3990, -1.0, 0.3143276572227478], [1462, 1.0, 0.2611722946166992]]",0.9895131249354001,19,10,317,316,0.9968454258675079,0.2359970126960418,310,307,0.9903225806451613,0.2357910906298003,"( ( not ( eventually ( x_2 <= -4.26 ) ) ) and ( not ( eventually ( x_3 >= 79.61 ) ) ) ) and ( always[11,inf] ( x_0 >= -4.0286 ) )"
1502,88,16,1,2,"[[6670, 1.0, 0.44552117586135864], [4869, -1.0, 0.3033345937728882]]",0.9119010068902417,11,9,17,17,1.0,0.07692307692307693,13,12,0.9230769230769231,0.056338028169014086,"( always ( x_0 <= -10.33 ) ) and ( not ( ( always ( x_1 >= -91.43 ) ) or ( eventually[10,14] ( x_0 <= -504.55 ) ) ) )"
1503,88,42,2,3,"[[7825, -1.0, 0.24672046303749084], [2636, 1.0, 0.32410234212875366], [8090, 1.0, 0.13811159133911133]]",0.9911051056381178,17,9,183,183,1.0,0.13666915608663183,185,180,0.972972972972973,0.1382488479262673,"( ( not ( eventually ( x_2 <= -8.69 ) ) ) and ( always ( x_5 <= 94.01 ) ) ) and ( always[27,inf] ( x_4 >= -1.75 ) )"
1504,88,16,1,2,"[[6670, 1.0, 0.5020163059234619], [4869, -1.0, 0.22168803215026855]]",0.8950047881759461,11,9,14,14,1.0,0.06334841628959276,12,11,0.9166666666666666,0.051643192488262914,"( always ( x_0 <= -23.11 ) ) and ( not ( ( always ( x_1 >= -79.58 ) ) or ( eventually[10,14] ( x_0 <= -516.39 ) ) ) )"
1505,88,42,2,3,"[[1462, 1.0, 0.2611722946166992], [3990, -1.0, 0.32802867889404297], [4869, 1.0, 0.07912623137235641]]",0.9871016263954884,18,9,371,369,0.9946091644204852,0.27557879014189696,365,358,0.9808219178082191,0.2749615975422427,"( ( always[11,inf] ( x_0 >= -4.0286 ) ) and ( not ( eventually ( x_3 >= 74.13 ) ) ) ) and ( always ( x_1 >= -35.93 ) )"
1506,88,42,2,3,"[[7825, -1.0, 0.24672046303749084], [5264, 1.0, 0.20847678184509277], [636, -1.0, 0.11249564588069916]]",0.9880678139844046,19,10,136,136,1.0,0.10156833457804332,132,128,0.9696969696969697,0.09831029185867896,"( ( not ( eventually ( x_2 <= -8.69 ) ) ) and ( always ( x_4 <= 44.83 ) ) ) and ( not ( eventually[26,29] ( x_4 <= -0.91 ) ) )"
1507,88,42,2,3,"[[2979, 1.0, 0.14752092957496643], [5500, -1.0, 0.21494460105895996], [6670, 1.0, 0.2802865505218506]]",0.991445172559368,17,9,389,388,0.9974293059125964,0.28976848394324123,364,355,0.9752747252747253,0.2726574500768049,"( ( always[4,33] ( x_5 <= 43.75 ) ) and ( not ( eventually[0,31] ( x_2 <= -23.31 ) ) ) ) and ( always ( x_0 <= 27.04 ) )"
1508,88,88,10,3,"[[5071, -1.0, 0.2610267698764801], [333, -1.0, 0.09301584213972092], [6670, 1.0, 0.060814905911684036]]",0.9204367490813241,17,10,19,19,1.0,0.125,25,18,0.72,0.11688311688311688,"( ( not ( eventually[17,inf] ( x_1 >= -1.04 ) ) ) and ( not ( eventually ( x_5 <= -85.89 ) ) ) ) and ( always ( x_0 <= 76.68 ) )"
1509,88,16,1,3,"[[4869, -1.0, 0.36423975229263306], [2979, 1.0, 0.08371670544147491], [9114, -1.0, 0.29651492834091187]]",0.9525905933736583,18,13,33,33,1.0,0.1493212669683258,25,24,0.96,0.11267605633802817,"( ( not ( ( always ( x_1 >= -100.27 ) ) or ( eventually[10,14] ( x_0 <= -495.71 ) ) ) ) and ( always[4,33] ( x_5 <= 199.99 ) ) ) and ( not ( always[4,5] ( x_0 >= -48.21 ) ) )"
1510,88,88,10,3,"[[9226, -1.0, 0.2889510989189148], [7825, -1.0, 0.11129201948642731], [6670, 1.0, 0.053590431809425354]]",0.96236743675936,18,10,42,42,1.0,0.27631578947368424,39,34,0.8717948717948718,0.22077922077922077,"( ( not ( eventually[29,inf] ( x_2 >= -5.26 ) ) ) and ( not ( eventually ( x_2 <= -82.11 ) ) ) ) and ( always ( x_0 <= 78.31 ) )"
1511,88,15,0,3,"[[6670, -1.0, 0.09428733587265015], [5264, 1.0, 0.07489495724439621], [2415, 1.0, 0.1570199579000473]]",0.9779967554888438,17,12,73,73,1.0,0.31601731601731603,79,70,0.8860759493670886,0.26717557251908397,"( ( not ( always ( x_0 <= 111.76 ) ) ) and ( always ( x_4 <= 244.69 ) ) ) and ( ( always[1,4] ( x_1 >= -1.74 ) ) and ( always[2,32] ( x_0 >= -310.49 ) ) )"
1512,88,88,10,3,"[[9226, -1.0, 0.2889510989189148], [7825, -1.0, 0.11129201948642731], [6670, 1.0, 0.053590431809425354]]",0.96236743675936,18,10,42,42,1.0,0.27631578947368424,39,34,0.8717948717948718,0.22077922077922077,"( ( not ( eventually[29,inf] ( x_2 >= -5.26 ) ) ) and ( not ( eventually ( x_2 <= -82.11 ) ) ) ) and ( always ( x_0 <= 78.31 ) )"
1513,88,15,0,3,"[[6670, -1.0, 0.08128802478313446], [2636, 1.0, 0.020712781697511673], [1949, -1.0, 0.16541387140750885]]",0.9791159101265204,15,11,77,77,1.0,0.3333333333333333,71,68,0.9577464788732394,0.2595419847328244,"( ( not ( always ( x_0 <= 108.82 ) ) ) and ( always ( x_5 <= 172.19 ) ) ) and ( not ( always[9,inf] ( eventually[6,18] ( x_2 <= -6.28 ) ) ) )"
1514,88,88,10,3,"[[5071, -1.0, 0.2610267698764801], [333, -1.0, 0.09301584213972092], [6670, 1.0, 0.060814905911684036]]",0.9204367490813241,17,10,19,19,1.0,0.125,25,18,0.72,0.11688311688311688,"( ( not ( eventually[17,inf] ( x_1 >= -1.04 ) ) ) and ( not ( eventually ( x_5 <= -85.89 ) ) ) ) and ( always ( x_0 <= 76.68 ) )"
1515,88,42,2,2,"[[7825, -1.0, 0.24573515355587006], [2636, 1.0, 0.6276548504829407]]",0.9879804897845237,11,6,135,135,1.0,0.10082150858849888,115,112,0.9739130434782609,0.08602150537634409,( not ( eventually ( x_2 <= -9.23 ) ) ) and ( always ( x_5 <= 15.78 ) )
1516,88,88,10,3,"[[5071, -1.0, 0.2610267698764801], [1949, -1.0, 0.10513201355934143], [6670, 1.0, 0.060814905911684036]]",0.9274645677596903,16,11,21,21,1.0,0.13815789473684212,26,20,0.7692307692307693,0.12987012987012986,"( ( not ( eventually[17,inf] ( x_1 >= -1.04 ) ) ) and ( not ( always[9,inf] ( eventually[6,18] ( x_2 <= -42.78 ) ) ) ) ) and ( always ( x_0 <= 76.68 ) )"
1517,88,42,2,3,"[[333, -1.0, 0.36914706230163574], [2636, 1.0, 0.32548168301582336], [6670, 1.0, 0.011871324852108955]]",0.995869719826602,15,9,396,396,1.0,0.29574309185959674,330,327,0.990909090909091,0.2511520737327189,( ( not ( eventually ( x_5 <= -12.604 ) ) ) and ( always ( x_5 <= 93.65 ) ) ) and ( always ( x_0 <= 87.75 ) )
1518,88,42,2,3,"[[333, -1.0, 0.36914706230163574], [3226, 1.0, 0.26824796199798584], [6670, 1.0, 0.011871324852108955]]",0.9953294183675063,15,9,350,350,1.0,0.26138909634055263,285,280,0.9824561403508771,0.21505376344086022,"( ( not ( eventually ( x_5 <= -12.604 ) ) ) and ( always[4,inf] ( x_4 <= 74.32 ) ) ) and ( always ( x_0 <= 87.75 ) )"
1519,88,15,0,3,"[[6670, -1.0, 0.5975147485733032], [2979, 1.0, 0.029424820095300674], [2415, 1.0, 0.008981136605143547]]",0.9651042199119716,17,12,94,93,0.9893617021276596,0.4025974025974026,102,97,0.9509803921568627,0.3702290076335878,"( ( not ( always ( x_0 <= 225.58 ) ) ) and ( always[4,33] ( x_5 <= 332.92 ) ) ) and ( ( always[1,4] ( x_1 >= -97.2 ) ) and ( always[2,32] ( x_0 >= -405.94 ) ) )"
1520,88,16,1,3,"[[4869, -1.0, 0.1461993008852005], [3226, 1.0, 0.25684601068496704], [333, -1.0, 0.08747318387031555]]",0.9431508209245497,17,10,57,56,0.9824561403508771,0.25339366515837103,68,63,0.9264705882352942,0.29577464788732394,"( ( not ( always ( x_1 >= -68.63 ) ) ) and ( always[4,inf] ( x_4 <= 83.8 ) ) ) and ( not ( eventually ( x_5 <= -87.36 ) ) )"
1521,88,16,1,3,"[[4869, -1.0, 0.4260433316230774], [3226, 1.0, 0.21973910927772522], [5071, -1.0, 0.0038919842336326838]]",0.9623537652026016,18,13,87,86,0.9885057471264368,0.3891402714932127,78,75,0.9615384615384616,0.352112676056338,"( ( not ( ( always ( x_1 >= -109.23 ) ) or ( eventually[10,14] ( x_0 <= -486.74 ) ) ) ) and ( always[4,inf] ( x_4 <= 114.64 ) ) ) and ( not ( eventually[17,inf] ( x_1 >= 190.99 ) ) )"
1522,88,42,2,3,"[[7825, -1.0, 0.2500096261501312], [2636, 1.0, 0.48685264587402344], [6670, 1.0, 0.011871324852108955]]",0.9955926257239869,16,9,371,371,1.0,0.2770724421209858,332,332,1.0,0.25499231950844853,( ( not ( eventually ( x_2 <= -6.91 ) ) ) and ( always ( x_5 <= 52.07 ) ) ) and ( always ( x_0 <= 87.75 ) )
1523,88,88,10,3,"[[5071, -1.0, 0.2610267698764801], [7825, -1.0, 0.11129201948642731], [8005, -1.0, 0.11606980115175247]]",0.9241130208892355,17,11,20,20,1.0,0.13157894736842105,24,21,0.875,0.13636363636363635,"( ( not ( eventually[17,inf] ( x_1 >= -1.04 ) ) ) and ( not ( eventually ( x_2 <= -82.11 ) ) ) ) and ( not ( always[21,24] ( x_0 >= -30.54 ) ) )"
1524,88,15,0,3,"[[9114, 1.0, 0.4111987352371216], [2979, 1.0, 0.07598590850830078], [5071, -1.0, 0.1836983859539032]]",0.9445936957631025,17,9,28,28,1.0,0.12121212121212122,31,29,0.9354838709677419,0.11068702290076336,"( ( always[4,5] ( x_0 >= 66.75 ) ) and ( always[4,33] ( x_5 <= 218.92 ) ) ) and ( not ( eventually[17,inf] ( x_1 >= 56.71 ) ) )"
1525,88,95,13,3,"[[636, -1.0, 0.30140775442123413], [4869, 1.0, 0.10241487622261047], [3990, 1.0, 0.0818936824798584]]",0.6087160295666563,18,12,23,17,0.7391304347826086,0.12781954887218044,24,12,0.5,0.1016949152542373,"( ( not ( ( always[7,10] ( x_5 >= 2814.59 ) ) or ( eventually[26,29] ( x_4 <= 132.15 ) ) ) ) and ( always ( x_1 >= -32.55 ) ) ) and ( eventually ( x_3 >= 238.16 ) )"
1526,88,15,0,3,"[[6670, -1.0, 0.09428733587265015], [5264, 1.0, 0.07489495724439621], [2415, 1.0, 0.1570199579000473]]",0.9779967554888438,17,12,73,73,1.0,0.31601731601731603,79,70,0.8860759493670886,0.26717557251908397,"( ( not ( always ( x_0 <= 111.76 ) ) ) and ( always ( x_4 <= 244.69 ) ) ) and ( ( always[1,4] ( x_1 >= -1.74 ) ) and ( always[2,32] ( x_0 >= -310.49 ) ) )"
1527,88,42,2,3,"[[1462, 1.0, 0.21210329234600067], [5264, 1.0, 0.1872447431087494], [6844, -1.0, 0.18107393383979797]]",0.9790908219373724,17,12,357,353,0.988795518207283,0.26362957430918593,379,358,0.9445910290237467,0.2749615975422427,"( ( ( always[12,28] ( x_3 <= -949.12 ) ) or ( always[11,inf] ( x_0 >= -11.52 ) ) ) and ( always ( x_4 <= 76.59 ) ) ) and ( not ( eventually[2,7] ( x_2 >= 3.4919 ) ) )"
1528,88,88,10,3,"[[5071, -1.0, 0.26004207134246826], [8499, -1.0, 0.07799748331308365], [9226, -1.0, 0.2802826464176178]]",0.9426592784751422,20,11,27,27,1.0,0.17763157894736842,36,28,0.7777777777777778,0.18181818181818182,"( ( not ( eventually[17,inf] ( x_1 >= -0.3 ) ) ) and ( not ( eventually ( x_5 <= -111.79 ) ) ) ) and ( not ( eventually[29,inf] ( x_2 >= -1.83 ) ) )"
1529,88,42,2,3,"[[2979, 1.0, 0.13899008929729462], [8090, 1.0, 0.13698020577430725], [6844, -1.0, 0.18313130736351013]]",0.9885662262139785,17,9,142,142,1.0,0.10604929051530994,137,133,0.9708029197080292,0.10215053763440861,"( ( always[4,33] ( x_5 <= 64.64 ) ) and ( always[27,inf] ( x_4 >= -2.63 ) ) ) and ( not ( eventually[2,7] ( x_2 >= 1.97 ) ) )"
1530,88,15,0,3,"[[6670, -1.0, 0.0], [2636, 1.0, 0.020712781697511673], [9901, -1.0, 0.1866382211446762]]",0.9719933847916375,15,11,57,57,1.0,0.24675324675324675,65,61,0.9384615384615385,0.23282442748091603,"( ( not ( always ( x_0 <= 90.43 ) ) ) and ( always ( x_5 <= 172.19 ) ) ) and ( not ( eventually ( always[3,5] ( x_0 <= -8.07 ) ) ) )"
1531,88,15,0,3,"[[6670, -1.0, 0.09428733587265015], [5264, 1.0, 0.07489495724439621], [2415, 1.0, 0.1570199579000473]]",0.9779967554888438,17,12,73,73,1.0,0.31601731601731603,79,70,0.8860759493670886,0.26717557251908397,"( ( not ( always ( x_0 <= 111.76 ) ) ) and ( always ( x_4 <= 244.69 ) ) ) and ( ( always[1,4] ( x_1 >= -1.74 ) ) and ( always[2,32] ( x_0 >= -310.49 ) ) )"
1532,88,15,0,3,"[[6670, -1.0, 0.09428733587265015], [5264, 1.0, 0.07489495724439621], [2415, 1.0, 0.1570199579000473]]",0.9779967554888438,17,12,73,73,1.0,0.31601731601731603,79,70,0.8860759493670886,0.26717557251908397,"( ( not ( always ( x_0 <= 111.76 ) ) ) and ( always ( x_4 <= 244.69 ) ) ) and ( ( always[1,4] ( x_1 >= -1.74 ) ) and ( always[2,32] ( x_0 >= -310.49 ) ) )"
1533,88,15,0,3,"[[6670, -1.0, 0.012551352381706238], [3226, 1.0, 0.1431751251220703], [1462, 1.0, 0.20364651083946228]]",0.9426592784751422,16,9,27,27,1.0,0.11688311688311688,34,31,0.9117647058823529,0.1183206106870229,"( ( not ( always ( x_0 <= 93.27 ) ) ) and ( always[4,inf] ( x_4 <= 178.29 ) ) ) and ( always[11,inf] ( x_0 >= -12.81 ) )"
1534,88,88,10,3,"[[5071, -1.0, 0.2610267698764801], [7825, -1.0, 0.11129201948642731], [8005, -1.0, 0.11606980115175247]]",0.9241130208892355,17,11,20,20,1.0,0.13157894736842105,24,21,0.875,0.13636363636363635,"( ( not ( eventually[17,inf] ( x_1 >= -1.04 ) ) ) and ( not ( eventually ( x_2 <= -82.11 ) ) ) ) and ( not ( always[21,24] ( x_0 >= -30.54 ) ) )"
1535,88,16,1,2,"[[6670, 1.0, 0.5020163059234619], [4869, -1.0, 0.22168803215026855]]",0.8950047881759461,11,9,14,14,1.0,0.06334841628959276,12,11,0.9166666666666666,0.051643192488262914,"( always ( x_0 <= -23.11 ) ) and ( not ( ( always ( x_1 >= -79.58 ) ) or ( eventually[10,14] ( x_0 <= -516.39 ) ) ) )"
1536,88,88,10,3,"[[5071, -1.0, 0.26004207134246826], [333, -1.0, 0.0], [9226, -1.0, 0.2802826464176178]]",0.9405849009030973,19,11,26,26,1.0,0.17105263157894737,36,28,0.7777777777777778,0.18181818181818182,"( ( not ( eventually[17,inf] ( x_1 >= -0.3 ) ) ) and ( not ( eventually ( x_5 <= -110.57 ) ) ) ) and ( not ( eventually[29,inf] ( x_2 >= -1.83 ) ) )"
1537,88,88,10,3,"[[5071, -1.0, 0.2610267698764801], [333, -1.0, 0.09301584213972092], [6670, 1.0, 0.060814905911684036]]",0.9204367490813241,17,10,19,19,1.0,0.125,25,18,0.72,0.11688311688311688,"( ( not ( eventually[17,inf] ( x_1 >= -1.04 ) ) ) and ( not ( eventually ( x_5 <= -85.89 ) ) ) ) and ( always ( x_0 <= 76.68 ) )"
1538,88,15,0,3,"[[6670, -1.0, 0.09428733587265015], [5264, 1.0, 0.07489495724439621], [2415, 1.0, 0.1570199579000473]]",0.9779967554888438,17,12,73,73,1.0,0.31601731601731603,79,70,0.8860759493670886,0.26717557251908397,"( ( not ( always ( x_0 <= 111.76 ) ) ) and ( always ( x_4 <= 244.69 ) ) ) and ( ( always[1,4] ( x_1 >= -1.74 ) ) and ( always[2,32] ( x_0 >= -310.49 ) ) )"
1539,88,88,10,3,"[[9226, -1.0, 0.2889510989189148], [7825, -1.0, 0.11129201948642731], [6670, 1.0, 0.053590431809425354]]",0.96236743675936,18,10,42,42,1.0,0.27631578947368424,39,34,0.8717948717948718,0.22077922077922077,"( ( not ( eventually[29,inf] ( x_2 >= -5.26 ) ) ) and ( not ( eventually ( x_2 <= -82.11 ) ) ) ) and ( always ( x_0 <= 78.31 ) )"
1540,88,88,10,3,"[[5071, -1.0, 0.26004207134246826], [333, -1.0, 0.0], [9226, -1.0, 0.2802826464176178]]",0.9405849009030973,19,11,26,26,1.0,0.17105263157894737,36,28,0.7777777777777778,0.18181818181818182,"( ( not ( eventually[17,inf] ( x_1 >= -0.3 ) ) ) and ( not ( eventually ( x_5 <= -110.57 ) ) ) ) and ( not ( eventually[29,inf] ( x_2 >= -1.83 ) ) )"
1541,88,92,12,2,"[[6513, -1.0, 1.0295219421386719], [8005, -1.0, 0.9360461235046387]]",0.9605600199744538,8,8,40,40,1.0,0.40816326530612246,45,42,0.9333333333333333,0.4117647058823529,"( not ( eventually ( always[1,11] ( x_2 >= -643.07 ) ) ) ) and ( not ( always[21,24] ( x_0 >= -145.59 ) ) )"
1542,88,16,1,3,"[[4869, -1.0, 0.3068576753139496], [3990, -1.0, 0.1539326012134552], [707, 1.0, 0.02428225427865982]]",0.9693828911740721,18,10,52,52,1.0,0.23529411764705882,61,51,0.8360655737704918,0.23943661971830985,"( ( not ( always ( x_1 >= -91.94 ) ) ) and ( not ( eventually ( x_3 >= 143.8 ) ) ) ) and ( always[24,26] ( x_2 >= -43.62 ) )"
1543,88,53,4,3,"[[333, 1.0, 0.2175242006778717], [76, -1.0, 0.04981029033660889], [2636, 1.0, 0.292006254196167]]",0.4013518425562668,15,13,10,6,0.6,0.35294117647058826,15,5,0.3333333333333333,0.29411764705882354,"( ( eventually ( x_5 <= -168.31 ) ) and ( not ( eventually[1,26] ( ( x_4 >= -732.93 ) and ( x_2 <= -86.72 ) ) ) ) ) and ( always ( ( x_5 <= 102.28 ) or ( x_5 >= 2113.9 ) ) )"
1544,88,42,2,3,"[[2268, 1.0, 0.2010740041732788], [2636, 1.0, 0.31102895736694336], [1462, 1.0, 0.17991062998771667]]",0.9710090830625479,16,14,554,543,0.98014440433213,0.4055265123226288,525,504,0.96,0.3870967741935484,"( ( ( always[10,24] ( x_5 <= -994.12 ) ) or ( always[8,20] ( x_2 >= -3.6 ) ) ) and ( always ( x_5 <= 97.38 ) ) ) and ( ( always[12,28] ( x_3 <= -944.21 ) ) or ( always[11,inf] ( x_0 >= -16.43 ) ) )"
1545,88,16,1,2,"[[6670, 1.0, 0.46003812551498413], [4869, -1.0, 0.3428354561328888]]",0.9119010068902417,11,9,17,17,1.0,0.07692307692307693,12,12,1.0,0.056338028169014086,"( always ( x_0 <= -13.62 ) ) and ( not ( ( always ( x_1 >= -97.16 ) ) or ( eventually[10,14] ( x_0 <= -498.81 ) ) ) )"
1546,88,15,0,3,"[[6670, -1.0, 0.525138258934021], [2979, 1.0, 0.03554437309503555], [2415, 1.0, 0.06392358243465424]]",0.9658177578413549,17,12,96,95,0.9895833333333334,0.41125541125541126,111,105,0.9459459459459459,0.40076335877862596,"( ( not ( always ( x_0 <= 209.21 ) ) ) and ( always[4,33] ( x_5 <= 317.94 ) ) ) and ( ( always[1,4] ( x_1 >= -61.77 ) ) and ( always[2,32] ( x_0 >= -370.52 ) ) )"
1547,88,88,10,3,"[[9226, -1.0, 0.2889510989189148], [7825, -1.0, 0.11129201948642731], [6670, 1.0, 0.053590431809425354]]",0.96236743675936,18,10,42,42,1.0,0.27631578947368424,39,34,0.8717948717948718,0.22077922077922077,"( ( not ( eventually[29,inf] ( x_2 >= -5.26 ) ) ) and ( not ( eventually ( x_2 <= -82.11 ) ) ) ) and ( always ( x_0 <= 78.31 ) )"
1548,88,16,1,3,"[[4869, -1.0, 0.06954291462898254], [3226, 1.0, 0.08401860296726227], [7825, 1.0, 0.04399929195642471]]",0.9828279627603049,17,12,94,94,1.0,0.4253393665158371,101,93,0.9207920792079208,0.43661971830985913,"( ( not ( ( always ( x_1 >= -57.5 ) ) or ( eventually[10,14] ( x_0 <= -538.47 ) ) ) ) and ( always[4,inf] ( x_4 <= 227.46 ) ) ) and ( eventually ( x_2 <= -166.31 ) )"
1549,88,88,10,3,"[[5071, -1.0, 0.2610267698764801], [333, -1.0, 0.09301584213972092], [6670, 1.0, 0.060814905911684036]]",0.9204367490813241,17,10,19,19,1.0,0.125,25,18,0.72,0.11688311688311688,"( ( not ( eventually[17,inf] ( x_1 >= -1.04 ) ) ) and ( not ( eventually ( x_5 <= -85.89 ) ) ) ) and ( always ( x_0 <= 76.68 ) )"
1550,88,15,0,3,"[[6670, -1.0, 0.5975147485733032], [2979, 1.0, 0.029424820095300674], [2415, 1.0, 0.008981136605143547]]",0.9651042199119716,17,12,94,93,0.9893617021276596,0.4025974025974026,102,97,0.9509803921568627,0.3702290076335878,"( ( not ( always ( x_0 <= 225.58 ) ) ) and ( always[4,33] ( x_5 <= 332.92 ) ) ) and ( ( always[1,4] ( x_1 >= -97.2 ) ) and ( always[2,32] ( x_0 >= -405.94 ) ) )"
1551,88,88,10,3,"[[5071, -1.0, 0.2610267698764801], [333, -1.0, 0.09301584213972092], [6670, 1.0, 0.060814905911684036]]",0.9204367490813241,17,10,19,19,1.0,0.125,25,18,0.72,0.11688311688311688,"( ( not ( eventually[17,inf] ( x_1 >= -1.04 ) ) ) and ( not ( eventually ( x_5 <= -85.89 ) ) ) ) and ( always ( x_0 <= 76.68 ) )"
1552,88,42,2,3,"[[4869, 1.0, 0.29824012517929077], [5264, 1.0, 0.20742052793502808], [6513, 1.0, 0.08270679414272308]]",0.9917320037077418,15,9,197,197,1.0,0.14712471994025392,196,191,0.9744897959183674,0.14669738863287252,"( ( always ( x_1 >= -4.13 ) ) and ( always ( x_4 <= 46.41 ) ) ) and ( eventually ( always[1,11] ( x_2 >= -0.5 ) ) )"
1553,88,42,2,3,"[[2636, 1.0, 0.40333840250968933], [954, 1.0, 0.11087474226951599], [7876, 1.0, 0.2690477967262268]]",0.9765887626306585,13,9,141,140,0.9929078014184397,0.10455563853622106,120,117,0.975,0.08986175115207373,"( ( always ( x_5 <= 73.59 ) ) and ( eventually[19,inf] ( always[1,8] ( x_2 >= -1.5761 ) ) ) ) and ( always[10,18] ( x_2 <= 1.75 ) )"
1554,90,42,2,3,"[[1462, 1.0, 0.22801250219345093], [3990, -1.0, 0.3642653226852417], [954, 1.0, 0.1083461195230484]]",0.9769423125071527,16,10,434,428,0.9861751152073732,0.3196415235250187,430,415,0.9651162790697675,0.3187403993855607,"( ( always[11,inf] ( x_0 >= -9.09 ) ) and ( not ( eventually ( x_3 >= 59.63 ) ) ) ) and ( eventually[19,inf] ( always[1,8] ( x_2 >= -2.89 ) ) )"
1555,90,6,5,3,"[[2636, -1.0, 0.16063204407691956], [559, 1.0, 0.12525314092636108], [6670, 1.0, 0.1630564033985138]]",0.867786382459811,16,11,92,84,0.9130434782608695,0.4444444444444444,93,81,0.8709677419354839,0.38388625592417064,"( ( not ( always ( x_5 <= 218.93 ) ) ) and ( always[27,inf] ( x_5 <= 51.09 ) ) ) and ( always ( ( x_0 <= 53.55 ) or ( x_5 >= 1199.78 ) ) )"
1556,90,42,2,2,"[[333, -1.0, 0.375763475894928], [2636, 1.0, 0.32548168301582336]]",0.9946614167886589,10,6,306,306,1.0,0.22852875280059745,252,247,0.9801587301587301,0.18970814132104455,( not ( eventually ( x_5 <= -10.85 ) ) ) and ( always ( x_5 <= 93.65 ) )
1557,90,42,2,3,"[[7825, -1.0, 0.2500096261501312], [2636, 1.0, 0.48685264587402344], [6670, 1.0, 0.011871324852108955]]",0.9955926257239869,16,9,371,371,1.0,0.2770724421209858,332,332,1.0,0.25499231950844853,( ( not ( eventually ( x_2 <= -6.91 ) ) ) and ( always ( x_5 <= 52.07 ) ) ) and ( always ( x_0 <= 87.75 ) )
1558,90,42,2,3,"[[1462, 1.0, 0.20209085941314697], [2636, 1.0, 0.23973926901817322], [6844, -1.0, 0.18184643983840942]]",0.9733113900350127,16,12,467,459,0.9828693790149893,0.3427931292008962,483,461,0.9544513457556936,0.35407066052227343,"( ( ( always[12,28] ( x_3 <= -947.59 ) ) or ( always[11,inf] ( x_0 >= -13.048 ) ) ) and ( always ( x_5 <= 115.75 ) ) ) and ( not ( eventually[2,7] ( x_2 >= 2.92 ) ) )"
1559,90,6,5,3,"[[2636, -1.0, 1.1044087409973145], [6670, 1.0, 0.058052703738212585], [559, 1.0, 0.014817647635936737]]",0.9655270243074291,16,11,46,46,1.0,0.24338624338624337,41,40,0.975609756097561,0.1895734597156398,"( ( not ( always ( x_5 <= 462.15 ) ) ) and ( always ( ( x_0 <= 77.3 ) or ( x_5 >= 1176.03 ) ) ) ) and ( always[27,inf] ( x_5 <= 75.93 ) )"
1560,90,62,6,3,"[[2636, -1.0, 0.012482235208153725], [9569, -1.0, 0.0727098360657692], [6670, 1.0, 0.2757033705711365]]",0.7632326290285795,17,13,45,38,0.8444444444444444,0.5428571428571428,34,23,0.6764705882352942,0.26436781609195403,"( ( not ( always ( x_5 <= 180.75 ) ) ) and ( not ( ( eventually ( x_5 >= 211.63 ) ) and ( always[16,inf] ( x_4 <= 37735.34 ) ) ) ) ) and ( always ( x_0 <= 28.08 ) )"
1561,90,42,2,2,"[[7825, -1.0, 0.24573515355587006], [2636, 1.0, 0.6276548504829407]]",0.9879804897845237,11,6,135,135,1.0,0.10082150858849888,115,112,0.9739130434782609,0.08602150537634409,( not ( eventually ( x_2 <= -9.23 ) ) ) and ( always ( x_5 <= 15.78 ) )
1562,90,42,2,3,"[[7825, -1.0, 0.2549334764480591], [2636, 1.0, 0.34885841608047485], [6513, 1.0, 0.08234167098999023]]",0.9948131565834063,15,10,315,315,1.0,0.2352501867064974,322,312,0.968944099378882,0.23963133640552994,"( ( not ( eventually ( x_2 <= -4.24 ) ) ) and ( always ( x_5 <= 87.63 ) ) ) and ( eventually ( always[1,11] ( x_2 >= -0.71 ) ) )"
1563,90,42,2,3,"[[7825, -1.0, 0.240497887134552], [2979, 1.0, 0.14752092957496643], [6670, 1.0, 0.011871324852108955]]",0.995880080692477,17,9,397,397,1.0,0.29648991784914114,368,361,0.9809782608695652,0.2772657450076805,"( ( not ( eventually ( x_2 <= -12.0665 ) ) ) and ( always[4,33] ( x_5 <= 43.75 ) ) ) and ( always ( x_0 <= 87.75 ) )"
1564,90,42,2,3,"[[7825, -1.0, 0.24828489124774933], [2636, 1.0, 0.3395971655845642], [6670, 1.0, 0.3468719720840454]]",0.9962038521599509,16,9,431,431,1.0,0.321882001493652,423,421,0.9952718676122931,0.32334869431643626,( ( not ( eventually ( x_2 <= -7.84 ) ) ) and ( always ( x_5 <= 90.0153 ) ) ) and ( always ( x_0 <= 11.98 ) )
1565,90,42,2,3,"[[7825, -1.0, 0.240497887134552], [2979, 1.0, 0.14752092957496643], [6670, 1.0, 0.011871324852108955]]",0.995880080692477,17,9,397,397,1.0,0.29648991784914114,368,361,0.9809782608695652,0.2772657450076805,"( ( not ( eventually ( x_2 <= -12.0665 ) ) ) and ( always[4,33] ( x_5 <= 43.75 ) ) ) and ( always ( x_0 <= 87.75 ) )"
1566,90,42,2,3,"[[2268, 1.0, 0.19859066605567932], [2636, 1.0, 0.25962597131729126], [1462, 1.0, 0.17942287027835846]]",0.9614557314770265,16,14,657,638,0.9710806697108066,0.4764749813293503,634,608,0.9589905362776026,0.46697388632872505,"( ( ( always[10,24] ( x_5 <= -992.77 ) ) or ( always[8,20] ( x_2 >= -4.95 ) ) ) and ( always ( x_5 <= 110.62 ) ) ) and ( ( always[12,28] ( x_3 <= -944.13 ) ) or ( always[11,inf] ( x_0 >= -16.51 ) ) )"
1567,90,42,2,3,"[[333, -1.0, 0.36914706230163574], [2636, 1.0, 0.0], [6670, 1.0, 0.018576605245471]]",0.9967194658321351,15,9,499,499,1.0,0.3726661687826736,418,412,0.9856459330143541,0.31643625192012287,( ( not ( eventually ( x_5 <= -12.604 ) ) ) and ( always ( x_5 <= 177.53 ) ) ) and ( always ( x_0 <= 86.23 ) )
1568,90,42,2,3,"[[7825, -1.0, 0.2500096261501312], [2636, 1.0, 0.48685264587402344], [6670, 1.0, 0.011871324852108955]]",0.9955926257239869,16,9,371,371,1.0,0.2770724421209858,332,332,1.0,0.25499231950844853,( ( not ( eventually ( x_2 <= -6.91 ) ) ) and ( always ( x_5 <= 52.07 ) ) ) and ( always ( x_0 <= 87.75 ) )
1569,90,42,2,3,"[[333, -1.0, 0.25691157579421997], [2636, 1.0, 0.32410234212875366], [2268, 1.0, 0.19696840643882751]]",0.9630199649332293,16,9,529,515,0.9735349716446124,0.38461538461538464,494,473,0.9574898785425101,0.3632872503840246,"( ( not ( eventually ( x_5 <= -42.39 ) ) ) and ( always ( x_5 <= 94.01 ) ) ) and ( always[8,20] ( x_2 >= -5.8265 ) )"
1570,90,42,2,3,"[[7825, -1.0, 0.2500096261501312], [2636, 1.0, 0.24350211024284363], [6844, -1.0, 0.18434354662895203]]",0.9894477681844595,17,10,154,154,1.0,0.11501120238984316,145,141,0.9724137931034482,0.10829493087557604,"( ( not ( eventually ( x_2 <= -6.91 ) ) ) and ( always ( x_5 <= 114.78 ) ) ) and ( not ( eventually[2,7] ( x_2 >= 1.07 ) ) )"
1571,90,42,2,3,"[[333, -1.0, 0.36914706230163574], [2636, 1.0, 0.0], [6670, 1.0, 0.018576605245471]]",0.9967194658321351,15,9,499,499,1.0,0.3726661687826736,418,412,0.9856459330143541,0.31643625192012287,( ( not ( eventually ( x_5 <= -12.604 ) ) ) and ( always ( x_5 <= 177.53 ) ) ) and ( always ( x_0 <= 86.23 ) )
1572,90,42,2,3,"[[7825, -1.0, 0.24892975389957428], [2636, 1.0, 0.15394757688045502], [6670, 1.0, 0.32359886169433594]]",0.9871862851415178,16,9,584,580,0.9931506849315068,0.43315907393577296,568,562,0.9894366197183099,0.43164362519201227,( ( not ( eventually ( x_2 <= -7.4953 ) ) ) and ( always ( x_5 <= 137.86 ) ) ) and ( always ( x_0 <= 17.24 ) )
1573,90,42,2,3,"[[7825, -1.0, 0.25535857677459717], [2636, 1.0, 0.055537231266498566], [6670, 1.0, 0.09084294736385345]]",0.9884153634233802,16,9,532,529,0.9943609022556391,0.3950709484690067,484,483,0.9979338842975206,0.3709677419354839,( ( not ( eventually ( x_2 <= -4.01 ) ) ) and ( always ( x_5 <= 163.22 ) ) ) and ( always ( x_0 <= 69.89 ) )
1574,90,95,13,3,"[[636, -1.0, 0.30140775442123413], [4968, -1.0, 0.3179599344730377], [1949, -1.0, 0.10585449635982513]]",0.7527428728793251,17,12,5,5,1.0,0.03759398496240601,12,7,0.5833333333333334,0.059322033898305086,"( ( not ( eventually[26,29] ( x_4 <= 132.15 ) ) ) and ( not ( eventually[3,18] ( x_5 >= 12.77 ) ) ) ) and ( not ( always[9,inf] ( eventually[6,18] ( x_2 <= -42.35 ) ) ) )"
1575,90,42,2,3,"[[76, -1.0, 0.2289854884147644], [2636, 1.0, 0.3840921223163605], [6670, 1.0, 0.30886924266815186]]",0.9855134618776146,15,11,425,422,0.9929411764705882,0.31516056758775207,403,399,0.9900744416873449,0.3064516129032258,"( ( not ( eventually[1,26] ( ( x_4 >= -814.46 ) and ( x_2 <= -5.1854 ) ) ) ) and ( always ( x_5 <= 78.55 ) ) ) and ( always ( x_0 <= 20.57 ) )"
1576,90,15,0,3,"[[6670, -1.0, 0.41825535893440247], [2979, 1.0, 0.0580962598323822], [9226, -1.0, 0.23994174599647522]]",0.951412057180606,18,10,67,66,0.9850746268656716,0.2857142857142857,84,79,0.9404761904761905,0.3015267175572519,"( ( not ( always ( x_0 <= 185.04 ) ) ) and ( always[4,33] ( x_5 <= 262.72 ) ) ) and ( not ( eventually[29,inf] ( x_2 >= 14.14 ) ) )"
1577,90,42,2,3,"[[7825, -1.0, 0.24892975389957428], [3226, 1.0, 0.31179094314575195], [6670, 1.0, 0.32511216402053833]]",0.9900142812421499,16,9,333,332,0.996996996996997,0.2479462285287528,311,304,0.977491961414791,0.23348694316436253,"( ( not ( eventually ( x_2 <= -7.4953 ) ) ) and ( always[4,inf] ( x_4 <= 38.12 ) ) ) and ( always ( x_0 <= 16.9 ) )"
1578,90,92,12,3,"[[2338, -1.0, 0.6272481083869934], [8005, -1.0, 0.051411986351013184], [1183, -1.0, 0.018900517374277115]]",0.70958256663813,15,11,76,59,0.7763157894736842,0.6020408163265306,91,65,0.7142857142857143,0.6372549019607843,"( ( not ( always[16,27] ( x_1 <= 425.49 ) ) ) and ( not ( always[21,24] ( x_0 >= -21.47 ) ) ) ) and ( not ( always[8,27] ( x_1 >= -84.99 ) ) )"
1579,90,42,2,3,"[[5500, -1.0, 0.2501711845397949], [3226, 1.0, 0.3117409944534302], [6670, 1.0, 0.011871324852108955]]",0.9899542719377787,16,9,331,330,0.9969788519637462,0.24645257654966393,293,291,0.9931740614334471,0.22350230414746544,"( ( not ( eventually[0,31] ( x_2 <= -4.05 ) ) ) and ( always[4,inf] ( x_4 <= 38.17 ) ) ) and ( always ( x_0 <= 87.75 ) )"
1580,90,62,6,3,"[[2636, -1.0, 0.012482235208153725], [9569, -1.0, 0.0727098360657692], [6670, 1.0, 0.2757033705711365]]",0.7632326290285795,17,13,45,38,0.8444444444444444,0.5428571428571428,34,23,0.6764705882352942,0.26436781609195403,"( ( not ( always ( x_5 <= 180.75 ) ) ) and ( not ( ( eventually ( x_5 >= 211.63 ) ) and ( always[16,inf] ( x_4 <= 37735.34 ) ) ) ) ) and ( always ( x_0 <= 28.08 ) )"
1581,90,42,2,3,"[[7825, -1.0, 0.24828489124774933], [2636, 1.0, 0.3395971655845642], [6670, 1.0, 0.3468719720840454]]",0.9962038521599509,16,9,431,431,1.0,0.321882001493652,423,421,0.9952718676122931,0.32334869431643626,( ( not ( eventually ( x_2 <= -7.84 ) ) ) and ( always ( x_5 <= 90.0153 ) ) ) and ( always ( x_0 <= 11.98 ) )
1582,90,42,2,3,"[[4869, 1.0, 0.2843160331249237], [5264, 1.0, 0.2081833779811859], [636, -1.0, 0.11137647926807404]]",0.9912004204817031,18,9,185,185,1.0,0.13816280806572068,179,174,0.9720670391061452,0.1336405529953917,"( ( always ( x_1 >= -6.1554 ) ) and ( always ( x_4 <= 45.26 ) ) ) and ( not ( eventually[26,29] ( x_4 <= -1.7 ) ) )"
1583,90,42,2,3,"[[7825, -1.0, 0.2500096261501312], [2636, 1.0, 0.48685264587402344], [6670, 1.0, 0.011871324852108955]]",0.9955926257239869,16,9,371,371,1.0,0.2770724421209858,332,332,1.0,0.25499231950844853,( ( not ( eventually ( x_2 <= -6.91 ) ) ) and ( always ( x_5 <= 52.07 ) ) ) and ( always ( x_0 <= 87.75 ) )
1584,90,42,2,3,"[[7825, -1.0, 0.2549334764480591], [2636, 1.0, 0.34885841608047485], [6513, 1.0, 0.08234167098999023]]",0.9948131565834063,15,10,315,315,1.0,0.2352501867064974,322,312,0.968944099378882,0.23963133640552994,"( ( not ( eventually ( x_2 <= -4.24 ) ) ) and ( always ( x_5 <= 87.63 ) ) ) and ( eventually ( always[1,11] ( x_2 >= -0.71 ) ) )"
1585,90,42,2,3,"[[7825, -1.0, 0.24828489124774933], [2636, 1.0, 0.3395971655845642], [6670, 1.0, 0.3468719720840454]]",0.9962038521599509,16,9,431,431,1.0,0.321882001493652,423,421,0.9952718676122931,0.32334869431643626,( ( not ( eventually ( x_2 <= -7.84 ) ) ) and ( always ( x_5 <= 90.0153 ) ) ) and ( always ( x_0 <= 11.98 ) )
1586,90,62,6,3,"[[2636, -1.0, 0.012482235208153725], [9569, -1.0, 0.0807231217622757], [4869, 1.0, 0.27451735734939575]]",0.7806044987038846,18,10,26,23,0.8846153846153846,0.32857142857142857,27,17,0.6296296296296297,0.19540229885057472,( ( not ( always ( x_5 <= 180.75 ) ) ) and ( not ( eventually ( x_5 >= 199.99 ) ) ) ) and ( always ( x_1 >= -7.58 ) )
1587,90,95,13,3,"[[559, -1.0, 0.7291029095649719], [7008, -1.0, 0.20639045536518097], [3390, 1.0, 0.015968503430485725]]",0.7215521343756915,19,10,20,17,0.85,0.12781954887218044,20,11,0.55,0.09322033898305085,"( ( not ( always[27,inf] ( x_5 <= 243.25 ) ) ) and ( not ( eventually[7,25] ( x_4 >= 26.19 ) ) ) ) and ( always[12,inf] ( x_1 <= 219.19 ) )"
1588,90,42,2,2,"[[7825, -1.0, 0.24573515355587006], [2636, 1.0, 0.6276548504829407]]",0.9879804897845237,11,6,135,135,1.0,0.10082150858849888,115,112,0.9739130434782609,0.08602150537634409,( not ( eventually ( x_2 <= -9.23 ) ) ) and ( always ( x_5 <= 15.78 ) )
1589,90,42,2,3,"[[7825, -1.0, 0.2500096261501312], [2636, 1.0, 0.48685264587402344], [6670, 1.0, 0.011871324852108955]]",0.9955926257239869,16,9,371,371,1.0,0.2770724421209858,332,332,1.0,0.25499231950844853,( ( not ( eventually ( x_2 <= -6.91 ) ) ) and ( always ( x_5 <= 52.07 ) ) ) and ( always ( x_0 <= 87.75 ) )
1590,90,42,2,3,"[[7825, -1.0, 0.24828489124774933], [2636, 1.0, 0.3395971655845642], [6670, 1.0, 0.3468719720840454]]",0.9962038521599509,16,9,431,431,1.0,0.321882001493652,423,421,0.9952718676122931,0.32334869431643626,( ( not ( eventually ( x_2 <= -7.84 ) ) ) and ( always ( x_5 <= 90.0153 ) ) ) and ( always ( x_0 <= 11.98 ) )
1591,90,42,2,2,"[[7825, -1.0, 0.24573515355587006], [2636, 1.0, 0.6276548504829407]]",0.9879804897845237,11,6,135,135,1.0,0.10082150858849888,115,112,0.9739130434782609,0.08602150537634409,( not ( eventually ( x_2 <= -9.23 ) ) ) and ( always ( x_5 <= 15.78 ) )
1592,90,42,2,3,"[[333, -1.0, 0.3424757421016693], [2636, 1.0, 0.0], [6670, 1.0, 0.018576605245471]]",0.994699995075089,15,9,629,628,0.9984101748807631,0.4690067214339059,592,583,0.9847972972972973,0.4477726574500768,( ( not ( eventually ( x_5 <= -19.68 ) ) ) and ( always ( x_5 <= 177.53 ) ) ) and ( always ( x_0 <= 86.23 ) )
1593,90,42,2,3,"[[5500, -1.0, 0.24322381615638733], [9569, -1.0, 0.15721368789672852], [1462, 1.0, 0.19726276397705078]]",0.9819137635572917,19,10,554,548,0.9891696750902527,0.409260642270351,525,512,0.9752380952380952,0.3932411674347158,"( ( not ( eventually[0,31] ( x_2 <= -7.85 ) ) ) and ( not ( eventually ( x_5 >= 88.88 ) ) ) ) and ( always[11,inf] ( x_0 >= -13.79 ) )"
1594,90,42,2,3,"[[2979, 1.0, 0.14355741441249847], [5500, -1.0, 0.23707033693790436], [6670, 1.0, 0.011871324852108955]]",0.9721543399347659,17,9,491,482,0.9816700610997964,0.35997012696041825,429,418,0.9743589743589743,0.3210445468509985,"( ( always[4,33] ( x_5 <= 53.46 ) ) and ( not ( eventually[0,31] ( x_2 <= -11.22 ) ) ) ) and ( always ( x_0 <= 87.75 ) )"
1595,90,42,2,3,"[[7825, -1.0, 0.240497887134552], [2636, 1.0, 0.5175883769989014], [6670, 1.0, 0.011871324852108955]]",0.9952067387521663,16,9,341,341,1.0,0.2546676624346527,325,320,0.9846153846153847,0.2457757296466974,( ( not ( eventually ( x_2 <= -12.0665 ) ) ) and ( always ( x_5 <= 44.15 ) ) ) and ( always ( x_0 <= 87.75 ) )
1596,90,42,2,3,"[[7825, -1.0, 0.24828489124774933], [2636, 1.0, 0.3395971655845642], [6670, 1.0, 0.34681904315948486]]",0.9962038521599509,16,9,431,431,1.0,0.321882001493652,423,421,0.9952718676122931,0.32334869431643626,( ( not ( eventually ( x_2 <= -7.84 ) ) ) and ( always ( x_5 <= 90.0153 ) ) ) and ( always ( x_0 <= 11.99 ) )
1597,90,42,2,3,"[[7825, -1.0, 0.2500096261501312], [2636, 1.0, 0.48685264587402344], [6670, 1.0, 0.011871324852108955]]",0.9955926257239869,16,9,371,371,1.0,0.2770724421209858,332,332,1.0,0.25499231950844853,( ( not ( eventually ( x_2 <= -6.91 ) ) ) and ( always ( x_5 <= 52.07 ) ) ) and ( always ( x_0 <= 87.75 ) )
1598,90,42,2,2,"[[7825, -1.0, 0.24573515355587006], [2636, 1.0, 0.6276548504829407]]",0.9879804897845237,11,6,135,135,1.0,0.10082150858849888,115,112,0.9739130434782609,0.08602150537634409,( not ( eventually ( x_2 <= -9.23 ) ) ) and ( always ( x_5 <= 15.78 ) )
1599,90,42,2,2,"[[7825, -1.0, 0.24573515355587006], [2636, 1.0, 0.6276548504829407]]",0.9879804897845237,11,6,135,135,1.0,0.10082150858849888,115,112,0.9739130434782609,0.08602150537634409,( not ( eventually ( x_2 <= -9.23 ) ) ) and ( always ( x_5 <= 15.78 ) )
1600,90,42,2,3,"[[7825, -1.0, 0.2529970705509186], [2636, 1.0, 0.0], [6670, 1.0, 0.3468719720840454]]",0.9929586467743067,16,9,473,472,0.9978858350951374,0.3525018670649739,453,452,0.9977924944812362,0.34715821812596004,( ( not ( eventually ( x_2 <= -5.29 ) ) ) and ( always ( x_5 <= 177.53 ) ) ) and ( always ( x_0 <= 11.98 ) )
1601,90,42,2,2,"[[7825, -1.0, 0.24573515355587006], [2636, 1.0, 0.6276548504829407]]",0.9879804897845237,11,6,135,135,1.0,0.10082150858849888,115,112,0.9739130434782609,0.08602150537634409,( not ( eventually ( x_2 <= -9.23 ) ) ) and ( always ( x_5 <= 15.78 ) )
1602,90,42,2,3,"[[7825, -1.0, 0.240497887134552], [2979, 1.0, 0.14752092957496643], [6670, 1.0, 0.011871324852108955]]",0.995880080692477,17,9,397,397,1.0,0.29648991784914114,368,361,0.9809782608695652,0.2772657450076805,"( ( not ( eventually ( x_2 <= -12.0665 ) ) ) and ( always[4,33] ( x_5 <= 43.75 ) ) ) and ( always ( x_0 <= 87.75 ) )"
1603,90,15,0,3,"[[6670, -1.0, 0.01045406237244606], [2636, 1.0, 0.020712781697511673], [1949, -1.0, 0.16541387140750885]]",0.9643602585419664,15,11,92,91,0.9891304347826086,0.3939393939393939,82,77,0.9390243902439024,0.29389312977099236,"( ( not ( always ( x_0 <= 92.8 ) ) ) and ( always ( x_5 <= 172.19 ) ) ) and ( not ( always[9,inf] ( eventually[6,18] ( x_2 <= -6.28 ) ) ) )"
1604,90,42,2,3,"[[7825, -1.0, 0.24828489124774933], [2636, 1.0, 0.3395971655845642], [6670, 1.0, 0.3468719720840454]]",0.9962038521599509,16,9,431,431,1.0,0.321882001493652,423,421,0.9952718676122931,0.32334869431643626,( ( not ( eventually ( x_2 <= -7.84 ) ) ) and ( always ( x_5 <= 90.0153 ) ) ) and ( always ( x_0 <= 11.98 ) )
1605,90,42,2,3,"[[4869, 1.0, 0.28798383474349976], [2636, 1.0, 0.3395971655845642], [1462, 1.0, 0.1920420527458191]]",0.9817166600628856,16,8,548,542,0.9890510948905109,0.40477968633308437,534,522,0.9775280898876404,0.4009216589861751,"( ( always ( x_1 >= -5.62 ) ) and ( always ( x_5 <= 90.02 ) ) ) and ( always[11,inf] ( x_0 >= -14.5821 ) )"
1606,90,95,13,3,"[[2636, -1.0, 0.25694307684898376], [6844, -1.0, 0.18100658059120178], [1183, 1.0, 0.28813907504081726]]",0.6604299156391836,16,10,8,7,0.875,0.05263157894736842,11,5,0.45454545454545453,0.0423728813559322,"( ( not ( always ( x_5 <= 243.75 ) ) ) and ( not ( eventually[2,7] ( x_2 >= 3.54 ) ) ) ) and ( always[8,27] ( x_1 >= -2.49 ) )"
1607,90,42,2,3,"[[7825, -1.0, 0.24828489124774933], [2636, 1.0, 0.3395971655845642], [6670, 1.0, 0.3468719720840454]]",0.9962038521599509,16,9,431,431,1.0,0.321882001493652,423,421,0.9952718676122931,0.32334869431643626,( ( not ( eventually ( x_2 <= -7.84 ) ) ) and ( always ( x_5 <= 90.0153 ) ) ) and ( always ( x_0 <= 11.98 ) )
1608,90,42,2,2,"[[7825, -1.0, 0.24573515355587006], [2636, 1.0, 0.6276548504829407]]",0.9879804897845237,11,6,135,135,1.0,0.10082150858849888,115,112,0.9739130434782609,0.08602150537634409,( not ( eventually ( x_2 <= -9.23 ) ) ) and ( always ( x_5 <= 15.78 ) )
1609,90,42,2,2,"[[333, -1.0, 0.375763475894928], [2636, 1.0, 0.32548168301582336]]",0.9946614167886589,10,6,306,306,1.0,0.22852875280059745,252,247,0.9801587301587301,0.18970814132104455,( not ( eventually ( x_5 <= -10.85 ) ) ) and ( always ( x_5 <= 93.65 ) )
1610,90,42,2,3,"[[2979, 1.0, 0.14752092957496643], [7825, -1.0, 0.240497887134552], [6670, 1.0, 0.011871324852108955]]",0.995880080692477,17,9,397,397,1.0,0.29648991784914114,368,361,0.9809782608695652,0.2772657450076805,"( ( always[4,33] ( x_5 <= 43.75 ) ) and ( not ( eventually ( x_2 <= -12.0665 ) ) ) ) and ( always ( x_0 <= 87.75 ) )"
1611,90,6,5,3,"[[2636, -1.0, 0.25832241773605347], [559, 1.0, 0.0], [6670, 1.0, 0.30453652143478394]]",0.9170534802065977,16,9,56,54,0.9642857142857143,0.2857142857142857,51,43,0.8431372549019608,0.2037914691943128,"( ( not ( always ( x_5 <= 244.11 ) ) ) and ( always[27,inf] ( x_5 <= 79.26 ) ) ) and ( always ( x_0 <= 21.55 ) )"
1612,90,42,2,3,"[[7825, -1.0, 0.24828489124774933], [2636, 1.0, 0.3395971655845642], [6670, 1.0, 0.3468719720840454]]",0.9962038521599509,16,9,431,431,1.0,0.321882001493652,423,421,0.9952718676122931,0.32334869431643626,( ( not ( eventually ( x_2 <= -7.84 ) ) ) and ( always ( x_5 <= 90.0153 ) ) ) and ( always ( x_0 <= 11.98 ) )
1613,90,42,2,3,"[[1462, 1.0, 0.25280308723449707], [3226, 1.0, 0.30283141136169434], [4869, 1.0, 0.0]]",0.9913343028406115,16,8,384,383,0.9973958333333334,0.286034353995519,340,336,0.9882352941176471,0.25806451612903225,"( ( always[11,inf] ( x_0 >= -5.31 ) ) and ( always[4,inf] ( x_4 <= 45.57 ) ) ) and ( always ( x_1 >= -47.41 ) )"
1614,90,42,2,3,"[[7825, -1.0, 0.240497887134552], [2979, 1.0, 0.14752092957496643], [6670, 1.0, 0.011871324852108955]]",0.995880080692477,17,9,397,397,1.0,0.29648991784914114,368,361,0.9809782608695652,0.2772657450076805,"( ( not ( eventually ( x_2 <= -12.0665 ) ) ) and ( always[4,33] ( x_5 <= 43.75 ) ) ) and ( always ( x_0 <= 87.75 ) )"
1615,90,42,2,2,"[[333, -1.0, 0.375763475894928], [2636, 1.0, 0.32548168301582336]]",0.9946614167886589,10,6,306,306,1.0,0.22852875280059745,252,247,0.9801587301587301,0.18970814132104455,( not ( eventually ( x_5 <= -10.85 ) ) ) and ( always ( x_5 <= 93.65 ) )
1616,90,62,6,3,"[[2636, -1.0, 0.012482235208153725], [9569, -1.0, 0.0727098360657692], [6670, 1.0, 0.23539721965789795]]",0.7226358699995169,17,13,55,44,0.8,0.6285714285714286,46,34,0.7391304347826086,0.39080459770114945,"( ( not ( always ( x_5 <= 180.75 ) ) ) and ( not ( ( eventually ( x_5 >= 211.63 ) ) and ( always[16,inf] ( x_4 <= 37735.34 ) ) ) ) ) and ( always ( x_0 <= 37.19 ) )"
1617,90,92,12,2,"[[2338, -1.0, 5.224649429321289], [707, -1.0, 0.0019396358402445912]]",0.9405849009030973,11,9,26,26,1.0,0.2653061224489796,31,29,0.9354838709677419,0.28431372549019607,"( not ( always[16,27] ( ( x_1 <= 2549.4 ) or ( x_1 >= 3964.86 ) ) ) ) and ( not ( always[24,26] ( x_2 >= -58.05 ) ) )"
1618,90,42,2,2,"[[333, -1.0, 0.375763475894928], [2636, 1.0, 0.32548168301582336]]",0.9946614167886589,10,6,306,306,1.0,0.22852875280059745,252,247,0.9801587301587301,0.18970814132104455,( not ( eventually ( x_5 <= -10.85 ) ) ) and ( always ( x_5 <= 93.65 ) )
1619,90,42,2,2,"[[333, -1.0, 0.375763475894928], [2636, 1.0, 0.32548168301582336]]",0.9946614167886589,10,6,306,306,1.0,0.22852875280059745,252,247,0.9801587301587301,0.18970814132104455,( not ( eventually ( x_5 <= -10.85 ) ) ) and ( always ( x_5 <= 93.65 ) )
1620,90,42,2,2,"[[333, -1.0, 0.375763475894928], [2636, 1.0, 0.32548168301582336]]",0.9946614167886589,10,6,306,306,1.0,0.22852875280059745,252,247,0.9801587301587301,0.18970814132104455,( not ( eventually ( x_5 <= -10.85 ) ) ) and ( always ( x_5 <= 93.65 ) )
1621,90,42,2,3,"[[7825, -1.0, 0.2500096261501312], [2636, 1.0, 0.48685264587402344], [6670, 1.0, 0.011871324852108955]]",0.9955926257239869,16,9,371,371,1.0,0.2770724421209858,332,332,1.0,0.25499231950844853,( ( not ( eventually ( x_2 <= -6.91 ) ) ) and ( always ( x_5 <= 52.07 ) ) ) and ( always ( x_0 <= 87.75 ) )
1622,90,88,10,3,"[[8005, -1.0, 0.09342555701732635], [5071, -1.0, 0.25015079975128174], [6513, 1.0, 0.0804552510380745]]",0.7002181116018564,14,11,14,12,0.8571428571428571,0.07894736842105263,11,7,0.6363636363636364,0.045454545454545456,"( ( not ( always[21,24] ( x_0 >= -27.37 ) ) ) and ( not ( eventually[17,inf] ( x_1 >= 7.09 ) ) ) ) and ( eventually ( always[1,11] ( x_2 >= -1.7982 ) ) )"
1623,90,95,13,3,"[[559, -1.0, 0.7291029095649719], [7008, -1.0, 0.20639045536518097], [1462, 1.0, 0.11704940348863602]]",0.7881006494810567,19,10,27,24,0.8888888888888888,0.18045112781954886,29,15,0.5172413793103449,0.1271186440677966,"( ( not ( always[27,inf] ( x_5 <= 243.25 ) ) ) and ( not ( eventually[7,25] ( x_4 >= 26.19 ) ) ) ) and ( always[11,inf] ( x_0 >= -26.03 ) )"
1624,90,88,10,2,"[[6670, 1.0, 0.39522403478622437], [7825, -1.0, 0.14636319875717163]]",0.8878341470731327,11,6,13,13,1.0,0.08552631578947369,18,16,0.8888888888888888,0.1038961038961039,( always ( x_0 <= 1.04 ) ) and ( not ( eventually ( x_2 <= -63.1 ) ) )
1625,90,42,2,3,"[[7825, -1.0, 0.24828489124774933], [2636, 1.0, 0.3395971655845642], [6670, 1.0, 0.3468719720840454]]",0.9962038521599509,16,9,431,431,1.0,0.321882001493652,423,421,0.9952718676122931,0.32334869431643626,( ( not ( eventually ( x_2 <= -7.84 ) ) ) and ( always ( x_5 <= 90.0153 ) ) ) and ( always ( x_0 <= 11.98 ) )
1626,90,42,2,3,"[[7825, -1.0, 0.240497887134552], [2979, 1.0, 0.1475352942943573], [6670, 1.0, 0.011871324852108955]]",0.995880080692477,17,9,397,397,1.0,0.29648991784914114,367,360,0.9809264305177112,0.2764976958525346,"( ( not ( eventually ( x_2 <= -12.0665 ) ) ) and ( always[4,33] ( x_5 <= 43.72 ) ) ) and ( always ( x_0 <= 87.75 ) )"
1627,90,42,2,2,"[[7825, -1.0, 0.24573515355587006], [2636, 1.0, 0.6276548504829407]]",0.9879804897845237,11,6,135,135,1.0,0.10082150858849888,115,112,0.9739130434782609,0.08602150537634409,( not ( eventually ( x_2 <= -9.23 ) ) ) and ( always ( x_5 <= 15.78 ) )
1628,90,42,2,3,"[[7825, -1.0, 0.2500096261501312], [2636, 1.0, 0.48685264587402344], [6670, 1.0, 0.011871324852108955]]",0.9955926257239869,16,9,371,371,1.0,0.2770724421209858,332,332,1.0,0.25499231950844853,( ( not ( eventually ( x_2 <= -6.91 ) ) ) and ( always ( x_5 <= 52.07 ) ) ) and ( always ( x_0 <= 87.75 ) )
1629,90,42,2,3,"[[1462, 1.0, 0.20900475978851318], [2636, 1.0, 0.338611900806427], [4869, 1.0, 0.22254610061645508]]",0.9840867661849276,16,8,630,624,0.9904761904761905,0.46601941747572817,594,577,0.9713804713804713,0.4431643625192012,"( ( always[11,inf] ( x_0 >= -11.9925 ) ) and ( always ( x_5 <= 90.27 ) ) ) and ( always ( x_1 >= -15.12 ) )"
1630,90,42,2,3,"[[6670, 1.0, 0.3233538269996643], [954, 1.0, 0.10949677973985672], [2636, 1.0, 0.15559595823287964]]",0.9704119460137381,13,13,662,648,0.9788519637462235,0.4839432412247946,653,636,0.9739663093415007,0.48847926267281105,"( ( always ( ( x_0 <= 17.3 ) or ( x_5 >= 1236.04 ) ) ) and ( eventually[19,inf] ( always[1,8] ( x_2 >= -2.29 ) ) ) ) and ( always ( ( x_5 <= 137.43 ) or ( x_5 >= 2078.75 ) ) )"
1631,90,42,2,3,"[[1462, 1.0, 0.25280308723449707], [3990, -1.0, 0.2311551570892334], [6670, 1.0, 0.33816006779670715]]",0.9745052864021371,17,12,489,481,0.983640081799591,0.3592233009708738,484,470,0.9710743801652892,0.36098310291858676,"( ( ( always[12,28] ( x_3 <= -955.33 ) ) or ( always[11,inf] ( x_0 >= -5.31 ) ) ) and ( not ( eventually ( x_3 >= 112.89 ) ) ) ) and ( always ( x_0 <= 13.95 ) )"
1632,90,95,13,3,"[[2636, -1.0, 0.25694307684898376], [954, 1.0, 0.1125054806470871], [9901, -1.0, 0.25188499689102173]]",0.4348604547338746,14,12,33,18,0.5454545454545454,0.13533834586466165,41,20,0.4878048780487805,0.1694915254237288,"( ( not ( always ( x_5 <= 243.75 ) ) ) and ( eventually[19,inf] ( always[1,8] ( x_2 >= -0.73 ) ) ) ) and ( not ( eventually ( always[3,5] ( x_0 <= -0.56 ) ) ) )"
1633,90,42,2,2,"[[7825, -1.0, 0.24573515355587006], [2636, 1.0, 0.6276548504829407]]",0.9879804897845237,11,6,135,135,1.0,0.10082150858849888,115,112,0.9739130434782609,0.08602150537634409,( not ( eventually ( x_2 <= -9.23 ) ) ) and ( always ( x_5 <= 15.78 ) )
1634,90,42,2,2,"[[7825, -1.0, 0.24573515355587006], [2636, 1.0, 0.6276548504829407]]",0.9879804897845237,11,6,135,135,1.0,0.10082150858849888,115,112,0.9739130434782609,0.08602150537634409,( not ( eventually ( x_2 <= -9.23 ) ) ) and ( always ( x_5 <= 15.78 ) )
1635,90,42,2,3,"[[333, -1.0, 0.37299972772598267], [3226, 1.0, 0.2616485357284546], [6670, 1.0, 0.011871324852108955]]",0.9947467952217861,15,9,311,311,1.0,0.23226288274831963,259,255,0.9845559845559846,0.195852534562212,"( ( not ( eventually ( x_5 <= -11.58 ) ) ) and ( always[4,inf] ( x_4 <= 79.81 ) ) ) and ( always ( x_0 <= 87.75 ) )"
1636,90,42,2,3,"[[4869, 1.0, 0.2695372700691223], [2636, 1.0, 0.23973926901817322], [1462, 1.0, 0.21516543626785278]]",0.9744370846402929,16,8,675,663,0.9822222222222222,0.49514563106796117,651,635,0.9754224270353302,0.4877112135176651,"( ( always ( x_1 >= -8.3 ) ) and ( always ( x_5 <= 115.75 ) ) ) and ( always[11,inf] ( x_0 >= -11.05 ) )"
1637,90,42,2,3,"[[7825, -1.0, 0.24760669469833374], [2636, 1.0, 0.41546064615249634], [636, -1.0, 0.11324664205312729]]",0.9878019500006306,18,10,133,133,1.0,0.09932785660941,140,133,0.95,0.10215053763440861,"( ( not ( eventually ( x_2 <= -8.21 ) ) ) and ( always ( x_5 <= 70.46 ) ) ) and ( not ( eventually[26,29] ( x_4 <= -0.38 ) ) )"
1638,90,42,2,3,"[[7825, -1.0, 0.2549334764480591], [2636, 1.0, 0.34885841608047485], [6513, 1.0, 0.08234167098999023]]",0.9948131565834063,15,10,315,315,1.0,0.2352501867064974,322,312,0.968944099378882,0.23963133640552994,"( ( not ( eventually ( x_2 <= -4.24 ) ) ) and ( always ( x_5 <= 87.63 ) ) ) and ( eventually ( always[1,11] ( x_2 >= -0.71 ) ) )"
1639,90,15,0,2,"[[6670, -1.0, 0.47197315096855164], [2636, 1.0, 0.31807345151901245]]",0.9163861567630498,10,6,18,18,1.0,0.07792207792207792,34,30,0.8823529411764706,0.11450381679389313,( not ( always ( x_0 <= 197.19 ) ) ) and ( always ( x_5 <= 95.56 ) )
1640,90,88,10,3,"[[8005, -1.0, 0.09342555701732635], [5071, -1.0, 0.24693553149700165], [5500, -1.0, 0.12006044387817383]]",0.6419486412437596,17,11,64,46,0.71875,0.3026315789473684,64,41,0.640625,0.2662337662337662,"( ( not ( always[21,24] ( x_0 >= -27.37 ) ) ) and ( not ( eventually[17,inf] ( x_1 >= 9.49 ) ) ) ) and ( not ( eventually[0,31] ( x_2 <= -75.19 ) ) )"
1641,90,42,2,3,"[[7825, -1.0, 0.25412285327911377], [2636, 1.0, 0.02867048978805542], [9736, 1.0, 0.17209899425506592]]",0.9942703013868734,16,9,285,285,1.0,0.2128454070201643,221,214,0.9683257918552036,0.16436251920122888,"( ( not ( eventually ( x_2 <= -4.68 ) ) ) and ( always ( x_5 <= 170.14 ) ) ) and ( always[28,31] ( x_5 <= 6.7 ) )"
1642,90,42,2,3,"[[7825, -1.0, 0.24382758140563965], [2636, 1.0, 0.33267396688461304], [1462, 1.0, 0.20900475978851318]]",0.9849130670158655,17,9,581,576,0.9913941480206541,0.4301717699775952,554,537,0.9693140794223827,0.41244239631336405,"( ( not ( eventually ( x_2 <= -10.26 ) ) ) and ( always ( x_5 <= 91.8 ) ) ) and ( always[11,inf] ( x_0 >= -11.9925 ) )"
1643,90,88,10,3,"[[5071, -1.0, 0.258142352104187], [2636, 1.0, 0.3286685645580292], [7825, -1.0, 0.07197608053684235]]",0.6093417052695475,18,10,64,44,0.6875,0.2894736842105263,67,39,0.582089552238806,0.2532467532467532,"( ( not ( eventually[17,inf] ( x_1 >= 1.12 ) ) ) and ( always ( x_5 <= 92.83 ) ) ) and ( not ( eventually ( x_2 <= -103.43 ) ) )"
1644,90,95,13,3,"[[2636, -1.0, 0.25694307684898376], [2979, 1.0, 0.13534244894981384], [3990, 1.0, 0.1446830928325653]]",0.8099625940446661,17,9,7,7,1.0,0.05263157894736842,5,2,0.4,0.01694915254237288,"( ( not ( always ( x_5 <= 243.75 ) ) ) and ( always[4,33] ( x_5 <= 73.57 ) ) ) and ( eventually ( x_3 >= 263.29 ) )"
1645,90,42,2,3,"[[7825, -1.0, 0.25567829608917236], [2979, 1.0, 0.12700104713439941], [333, -1.0, 0.37571263313293457]]",0.9935502705748722,18,10,253,253,1.0,0.18894697535474234,222,215,0.9684684684684685,0.1651305683563748,"( ( not ( eventually ( x_2 <= -3.8366 ) ) ) and ( always[4,33] ( x_5 <= 94.0 ) ) ) and ( not ( eventually ( x_5 <= -10.86 ) ) )"
1646,90,42,2,2,"[[7825, -1.0, 0.24573515355587006], [2636, 1.0, 0.6276548504829407]]",0.9879804897845237,11,6,135,135,1.0,0.10082150858849888,115,112,0.9739130434782609,0.08602150537634409,( not ( eventually ( x_2 <= -9.23 ) ) ) and ( always ( x_5 <= 15.78 ) )
1647,90,42,2,2,"[[7825, -1.0, 0.24573515355587006], [2636, 1.0, 0.6276548504829407]]",0.9879804897845237,11,6,135,135,1.0,0.10082150858849888,115,112,0.9739130434782609,0.08602150537634409,( not ( eventually ( x_2 <= -9.23 ) ) ) and ( always ( x_5 <= 15.78 ) )
1648,90,88,10,3,"[[8005, -1.0, 0.09342555701732635], [5071, -1.0, 0.24555101990699768], [5500, -1.0, 0.12006044387817383]]",0.6413269240700853,17,11,67,48,0.7164179104477612,0.3157894736842105,67,42,0.6268656716417911,0.2727272727272727,"( ( not ( always[21,24] ( x_0 >= -27.37 ) ) ) and ( not ( eventually[17,inf] ( x_1 >= 10.52 ) ) ) ) and ( not ( eventually[0,31] ( x_2 <= -75.19 ) ) )"
1649,90,42,2,2,"[[7825, -1.0, 0.25412285327911377], [9736, 1.0, 0.18012940883636475]]",0.9757197403351059,11,6,66,66,1.0,0.04929051530993279,49,41,0.8367346938775511,0.0314900153609831,"( not ( eventually ( x_2 <= -4.68 ) ) ) and ( always[28,31] ( x_5 <= 1.23 ) )"
1650,90,95,13,3,"[[2636, -1.0, 0.08766364306211472], [7008, -1.0, 0.20624050498008728], [3990, 1.0, 0.22486597299575806]]",0.6332866321824032,18,10,28,21,0.75,0.15789473684210525,32,18,0.5625,0.15254237288135594,"( ( not ( always ( x_5 <= 200.12 ) ) ) and ( not ( eventually[7,25] ( x_4 >= 26.38 ) ) ) ) and ( eventually ( x_3 >= 295.37 ) )"
1651,90,92,12,2,"[[3390, -1.0, 6.088920593261719], [76, 1.0, 0.4259304702281952]]",0.9426592784751422,11,9,27,27,1.0,0.2755102040816326,27,25,0.9259259259259259,0.24509803921568626,"( not ( ( always[18,34] ( x_0 >= -155.98 ) ) or ( always[12,inf] ( x_1 <= 5222.96 ) ) ) ) and ( eventually[1,26] ( x_2 <= -303.22 ) )"
1652,90,42,2,3,"[[4869, 1.0, 0.29951542615890503], [2636, 1.0, 0.15609994530677795], [6670, 1.0, 0.24678604304790497]]",0.9667094362475948,15,11,588,574,0.9761904761904762,0.42867811799850636,563,543,0.9644760213143873,0.41705069124423966,"( ( ( always ( x_1 >= -3.95 ) ) or ( eventually[10,14] ( x_0 <= -592.02 ) ) ) and ( always ( x_5 <= 137.3 ) ) ) and ( always ( x_0 <= 34.62 ) )"
1653,90,42,2,3,"[[2268, 1.0, 0.2010740041732788], [9569, -1.0, 0.14487308263778687], [6670, 1.0, 0.3090236186981201]]",0.9784026884731828,17,12,521,514,0.9865642994241842,0.3838685586258402,496,484,0.9758064516129032,0.3717357910906298,"( ( ( always[10,24] ( x_5 <= -994.12 ) ) or ( always[8,20] ( x_2 >= -3.6 ) ) ) and ( not ( eventually ( x_5 >= 106.8 ) ) ) ) and ( always ( x_0 <= 20.54 ) )"
1654,90,42,2,3,"[[333, -1.0, 0.36914706230163574], [2636, 1.0, 0.0], [6670, 1.0, 0.018576605245471]]",0.9967194658321351,15,9,499,499,1.0,0.3726661687826736,418,412,0.9856459330143541,0.31643625192012287,( ( not ( eventually ( x_5 <= -12.604 ) ) ) and ( always ( x_5 <= 177.53 ) ) ) and ( always ( x_0 <= 86.23 ) )
1655,90,88,10,3,"[[83, 1.0, 0.07174572348594666], [2636, 1.0, 0.361147403717041], [7825, -1.0, 0.11129201948642731]]",0.819018631147358,16,9,53,47,0.8867924528301887,0.3092105263157895,60,44,0.7333333333333333,0.2857142857142857,"( ( always[29,inf] ( x_1 <= -0.86 ) ) and ( always ( x_5 <= 84.46 ) ) ) and ( not ( eventually ( x_2 <= -82.11 ) ) )"
1656,90,42,2,2,"[[333, -1.0, 0.375763475894928], [2636, 1.0, 0.32548168301582336]]",0.9946614167886589,10,6,306,306,1.0,0.22852875280059745,252,247,0.9801587301587301,0.18970814132104455,( not ( eventually ( x_5 <= -10.85 ) ) ) and ( always ( x_5 <= 93.65 ) )
1657,90,42,2,3,"[[76, -1.0, 0.2322109043598175], [2636, 1.0, 0.15394757688045502], [6670, 1.0, 0.16350218653678894]]",0.9833428052280514,15,11,526,521,0.9904942965779467,0.38909634055265124,488,482,0.9877049180327869,0.37019969278033793,"( ( not ( eventually[1,26] ( ( x_4 >= -815.93 ) and ( x_2 <= -3.7176 ) ) ) ) and ( always ( x_5 <= 137.86 ) ) ) and ( always ( x_0 <= 53.45 ) )"
1658,90,42,2,2,"[[7825, -1.0, 0.24573515355587006], [2636, 1.0, 0.6276548504829407]]",0.9879804897845237,11,6,135,135,1.0,0.10082150858849888,115,112,0.9739130434782609,0.08602150537634409,( not ( eventually ( x_2 <= -9.23 ) ) ) and ( always ( x_5 <= 15.78 ) )
1659,90,42,2,3,"[[7825, -1.0, 0.2500096261501312], [2636, 1.0, 0.48685264587402344], [6670, 1.0, 0.011871324852108955]]",0.9955926257239869,16,9,371,371,1.0,0.2770724421209858,332,332,1.0,0.25499231950844853,( ( not ( eventually ( x_2 <= -6.91 ) ) ) and ( always ( x_5 <= 52.07 ) ) ) and ( always ( x_0 <= 87.75 ) )
1660,90,42,2,3,"[[7825, -1.0, 0.2500096261501312], [2636, 1.0, 0.48685264587402344], [6670, 1.0, 0.011871324852108955]]",0.9955926257239869,16,9,371,371,1.0,0.2770724421209858,332,332,1.0,0.25499231950844853,( ( not ( eventually ( x_2 <= -6.91 ) ) ) and ( always ( x_5 <= 52.07 ) ) ) and ( always ( x_0 <= 87.75 ) )
1661,90,42,2,3,"[[7825, -1.0, 0.2444184124469757], [5264, 1.0, 0.205577090382576], [6670, 1.0, 0.3096604645252228]]",0.9704451233129858,17,9,380,373,0.9815789473684211,0.27856609410007466,366,356,0.9726775956284153,0.27342549923195086,( ( not ( eventually ( x_2 <= -9.94 ) ) ) and ( always ( x_4 <= 49.16 ) ) ) and ( always ( x_0 <= 20.4 ) )
1662,90,42,2,2,"[[7825, -1.0, 0.24573515355587006], [2636, 1.0, 0.6276548504829407]]",0.9879804897845237,11,6,135,135,1.0,0.10082150858849888,115,112,0.9739130434782609,0.08602150537634409,( not ( eventually ( x_2 <= -9.23 ) ) ) and ( always ( x_5 <= 15.78 ) )
1663,90,42,2,3,"[[7825, -1.0, 0.25535857677459717], [2636, 1.0, 0.0], [6670, 1.0, 0.29133862257003784]]",0.9902610122158424,16,9,492,490,0.9959349593495935,0.3659447348767737,451,450,0.9977827050997783,0.3456221198156682,( ( not ( eventually ( x_2 <= -4.01 ) ) ) and ( always ( x_5 <= 177.53 ) ) ) and ( always ( x_0 <= 24.54 ) )
1664,90,42,2,3,"[[7825, -1.0, 0.240497887134552], [2636, 1.0, 0.5175883769989014], [6670, 1.0, 0.011871324852108955]]",0.9952067387521663,16,9,341,341,1.0,0.2546676624346527,325,320,0.9846153846153847,0.2457757296466974,( ( not ( eventually ( x_2 <= -12.0665 ) ) ) and ( always ( x_5 <= 44.15 ) ) ) and ( always ( x_0 <= 87.75 ) )
1665,90,42,2,3,"[[7825, -1.0, 0.2514461576938629], [2636, 1.0, 0.0], [9226, -1.0, 0.27271658182144165]]",0.9904868406686737,18,10,171,171,1.0,0.1277072442120986,161,154,0.9565217391304348,0.11827956989247312,"( ( not ( eventually ( x_2 <= -6.13 ) ) ) and ( always ( x_5 <= 177.53 ) ) ) and ( not ( eventually[29,inf] ( x_2 >= 1.1656 ) ) )"
1666,90,42,2,3,"[[7825, -1.0, 0.25154340267181396], [2636, 1.0, 0.0], [9226, -1.0, 0.27271658182144165]]",0.9904868406686737,18,10,171,171,1.0,0.1277072442120986,161,154,0.9565217391304348,0.11827956989247312,"( ( not ( eventually ( x_2 <= -6.08 ) ) ) and ( always ( x_5 <= 177.53 ) ) ) and ( not ( eventually[29,inf] ( x_2 >= 1.1656 ) ) )"
1667,90,42,2,3,"[[5500, -1.0, 0.2457800656557083], [5264, 1.0, 0.18440982699394226], [5339, -1.0, 0.17854824662208557]]",0.970344547196105,19,10,420,412,0.9809523809523809,0.3076923076923077,410,400,0.975609756097561,0.30721966205837176,"( ( not ( eventually[0,31] ( x_2 <= -6.45 ) ) ) and ( always ( x_4 <= 80.83 ) ) ) and ( not ( eventually[0,11] ( x_5 >= 42.05 ) ) )"
1668,90,42,2,2,"[[7825, -1.0, 0.24573515355587006], [2636, 1.0, 0.6276548504829407]]",0.9879804897845237,11,6,135,135,1.0,0.10082150858849888,115,112,0.9739130434782609,0.08602150537634409,( not ( eventually ( x_2 <= -9.23 ) ) ) and ( always ( x_5 <= 15.78 ) )
1669,90,42,2,3,"[[6670, 1.0, 0.3438647389411926], [7825, -1.0, 0.2420659214258194], [2636, 1.0, 0.33994197845458984]]",0.9870042427655993,16,9,474,471,0.9936708860759493,0.35175504107542943,452,447,0.9889380530973452,0.3433179723502304,( ( always ( x_0 <= 12.6588 ) ) and ( not ( eventually ( x_2 <= -11.22 ) ) ) ) and ( always ( x_5 <= 89.93 ) )
1670,90,42,2,3,"[[1462, 1.0, 0.21516543626785278], [3226, 1.0, 0.2964581549167633], [1183, 1.0, 0.2829135060310364]]",0.9838076208210148,15,8,380,377,0.9921052631578947,0.2815533980582524,322,315,0.9782608695652174,0.24193548387096775,"( ( always[11,inf] ( x_0 >= -11.05 ) ) and ( always[4,inf] ( x_4 <= 50.87 ) ) ) and ( always[8,27] ( x_1 >= -3.8938 ) )"
1671,90,42,2,3,"[[7825, -1.0, 0.24828489124774933], [2636, 1.0, 0.3395971655845642], [6670, 1.0, 0.3468719720840454]]",0.9962038521599509,16,9,431,431,1.0,0.321882001493652,423,421,0.9952718676122931,0.32334869431643626,( ( not ( eventually ( x_2 <= -7.84 ) ) ) and ( always ( x_5 <= 90.0153 ) ) ) and ( always ( x_0 <= 11.98 ) )
1672,90,42,2,2,"[[7825, -1.0, 0.24573515355587006], [2636, 1.0, 0.6276548504829407]]",0.9879804897845237,11,6,135,135,1.0,0.10082150858849888,115,112,0.9739130434782609,0.08602150537634409,( not ( eventually ( x_2 <= -9.23 ) ) ) and ( always ( x_5 <= 15.78 ) )
1673,90,42,2,3,"[[7825, -1.0, 0.2500096261501312], [2636, 1.0, 0.48685264587402344], [6670, 1.0, 0.011871324852108955]]",0.9955926257239869,16,9,371,371,1.0,0.2770724421209858,332,332,1.0,0.25499231950844853,( ( not ( eventually ( x_2 <= -6.91 ) ) ) and ( always ( x_5 <= 52.07 ) ) ) and ( always ( x_0 <= 87.75 ) )
1674,90,42,2,3,"[[7825, -1.0, 0.25490015745162964], [3990, -1.0, 0.32320624589920044], [6670, 1.0, 0.24633701145648956]]",0.991574528073396,18,10,395,394,0.9974683544303797,0.29424943988050783,391,383,0.979539641943734,0.2941628264208909,( ( not ( eventually ( x_2 <= -4.26 ) ) ) and ( not ( eventually ( x_3 >= 76.06 ) ) ) ) and ( always ( x_0 <= 34.72 ) )
1675,90,42,2,3,"[[7825, -1.0, 0.2433142215013504], [2636, 1.0, 0.43811360001564026], [6670, 1.0, 0.3087472915649414]]",0.9857141279022151,16,9,431,428,0.9930394431554525,0.3196415235250187,396,391,0.9873737373737373,0.30030721966205837,( ( not ( eventually ( x_2 <= -10.54 ) ) ) and ( always ( x_5 <= 64.63 ) ) ) and ( always ( x_0 <= 20.6 ) )
1676,90,42,2,3,"[[1462, 1.0, 0.21785134077072144], [2636, 1.0, 0.338611900806427], [4869, 1.0, 0.2939632833003998]]",0.989976951854301,16,8,478,476,0.99581589958159,0.3554891710231516,458,450,0.982532751091703,0.3456221198156682,"( ( always[11,inf] ( x_0 >= -10.64 ) ) and ( always ( x_5 <= 90.27 ) ) ) and ( always ( x_1 >= -4.76 ) )"
1677,90,42,2,3,"[[7825, -1.0, 0.2550811767578125], [2636, 1.0, 0.34843021631240845], [6513, 1.0, 0.08234167098999023]]",0.9948131565834063,15,10,315,315,1.0,0.2352501867064974,319,309,0.9686520376175548,0.23732718894009217,"( ( not ( eventually ( x_2 <= -4.16 ) ) ) and ( always ( x_5 <= 87.74 ) ) ) and ( eventually ( always[1,11] ( x_2 >= -0.71 ) ) )"
1678,90,42,2,3,"[[7825, -1.0, 0.2500096261501312], [2636, 1.0, 0.48685264587402344], [6670, 1.0, 0.011871324852108955]]",0.9955926257239869,16,9,371,371,1.0,0.2770724421209858,332,332,1.0,0.25499231950844853,( ( not ( eventually ( x_2 <= -6.91 ) ) ) and ( always ( x_5 <= 52.07 ) ) ) and ( always ( x_0 <= 87.75 ) )
1679,90,42,2,3,"[[7825, -1.0, 0.24828489124774933], [2636, 1.0, 0.3395971655845642], [6670, 1.0, 0.3468719720840454]]",0.9962038521599509,16,9,431,431,1.0,0.321882001493652,423,421,0.9952718676122931,0.32334869431643626,( ( not ( eventually ( x_2 <= -7.84 ) ) ) and ( always ( x_5 <= 90.0153 ) ) ) and ( always ( x_0 <= 11.98 ) )
1680,90,42,2,3,"[[7825, -1.0, 0.25003212690353394], [2636, 1.0, 0.0], [9226, -1.0, 0.2729434370994568]]",0.9891694229829618,18,10,151,150,0.9933774834437086,0.11202389843166542,152,144,0.9473684210526315,0.11059907834101383,"( ( not ( eventually ( x_2 <= -6.8976 ) ) ) and ( always ( x_5 <= 177.53 ) ) ) and ( not ( eventually[29,inf] ( x_2 >= 1.08 ) ) )"
1681,90,15,0,3,"[[6670, -1.0, 0.2761329710483551], [2636, 1.0, 0.020712781697511673], [707, 1.0, 0.08993542194366455]]",0.9767508605316981,15,9,69,69,1.0,0.2987012987012987,65,65,1.0,0.2480916030534351,"( ( not ( always ( x_0 <= 152.89 ) ) ) and ( always ( x_5 <= 172.19 ) ) ) and ( always[24,26] ( x_2 >= -7.47 ) )"
1682,90,42,2,3,"[[7825, -1.0, 0.240497887134552], [2979, 1.0, 0.14752092957496643], [6670, 1.0, 0.011871324852108955]]",0.995880080692477,17,9,397,397,1.0,0.29648991784914114,368,361,0.9809782608695652,0.2772657450076805,"( ( not ( eventually ( x_2 <= -12.0665 ) ) ) and ( always[4,33] ( x_5 <= 43.75 ) ) ) and ( always ( x_0 <= 87.75 ) )"
1683,90,42,2,3,"[[7825, -1.0, 0.2500096261501312], [2636, 1.0, 0.48685264587402344], [6670, 1.0, 0.011871324852108955]]",0.9955926257239869,16,9,371,371,1.0,0.2770724421209858,332,332,1.0,0.25499231950844853,( ( not ( eventually ( x_2 <= -6.91 ) ) ) and ( always ( x_5 <= 52.07 ) ) ) and ( always ( x_0 <= 87.75 ) )
1684,90,88,10,3,"[[9901, 1.0, 0.0], [3990, -1.0, 0.43337076902389526], [7825, -1.0, 0.1507844626903534]]",0.7813625268226614,17,11,32,28,0.875,0.18421052631578946,41,26,0.6341463414634146,0.16883116883116883,"( ( eventually ( always[3,5] ( x_0 <= -29.57 ) ) ) and ( not ( eventually ( x_3 >= 31.98 ) ) ) ) and ( not ( eventually ( x_2 <= -60.7 ) ) )"
1685,90,42,2,2,"[[7825, -1.0, 0.24573515355587006], [2636, 1.0, 0.6276548504829407]]",0.9879804897845237,11,6,135,135,1.0,0.10082150858849888,115,112,0.9739130434782609,0.08602150537634409,( not ( eventually ( x_2 <= -9.23 ) ) ) and ( always ( x_5 <= 15.78 ) )
1686,90,42,2,3,"[[6670, 1.0, 0.3223996162414551], [333, -1.0, 0.2537464499473572], [2636, 1.0, 0.10788381099700928]]",0.9593648087070954,15,9,623,604,0.9695024077046549,0.45108289768483945,603,574,0.9519071310116086,0.44086021505376344,( ( always ( x_0 <= 17.51 ) ) and ( not ( eventually ( x_5 <= -43.23 ) ) ) ) and ( always ( x_5 <= 149.73 ) )
1687,90,6,5,3,"[[2636, -1.0, 1.8533506393432617], [5071, -1.0, 0.09996989369392395], [559, 1.0, 0.159471794962883]]",0.935950766939138,18,10,24,24,1.0,0.12698412698412698,33,28,0.8484848484848485,0.13270142180094788,"( ( not ( always ( x_5 <= 655.16 ) ) ) and ( not ( eventually[17,inf] ( x_1 >= 119.24 ) ) ) ) and ( always[27,inf] ( x_5 <= 43.39 ) )"
1688,90,15,0,3,"[[6670, -1.0, 0.39250069856643677], [2636, 1.0, 0.003990222699940205], [707, 1.0, 0.08993542194366455]]",0.9724629605837316,15,9,58,58,1.0,0.2510822510822511,55,54,0.9818181818181818,0.20610687022900764,"( ( not ( always ( x_0 <= 179.21 ) ) ) and ( always ( x_5 <= 176.5 ) ) ) and ( always[24,26] ( x_2 >= -7.47 ) )"
1689,90,6,5,3,"[[2636, -1.0, 0.05099375918507576], [6670, 1.0, 0.13691315054893494], [5264, -1.0, 0.2452249526977539]]",0.8090882359676977,17,17,37,33,0.8918918918918919,0.1746031746031746,33,26,0.7878787878787878,0.12322274881516587,( ( not ( always ( ( x_5 <= 190.67 ) or ( x_5 >= 2025.51 ) ) ) ) and ( always ( ( x_0 <= 59.47 ) or ( x_5 >= 1193.87 ) ) ) ) and ( not ( ( always ( x_4 <= 723.63 ) ) or ( eventually ( x_5 >= 56177.91 ) ) ) )
1690,90,42,2,2,"[[7825, -1.0, 0.24573515355587006], [2636, 1.0, 0.6276548504829407]]",0.9879804897845237,11,6,135,135,1.0,0.10082150858849888,115,112,0.9739130434782609,0.08602150537634409,( not ( eventually ( x_2 <= -9.23 ) ) ) and ( always ( x_5 <= 15.78 ) )
1691,90,42,2,3,"[[7825, -1.0, 0.25014743208885193], [3990, -1.0, 0.48898017406463623], [6670, 1.0, 0.021719839423894882]]",0.9844534503863412,18,10,104,104,1.0,0.07766990291262135,98,96,0.9795918367346939,0.07373271889400922,( ( not ( eventually ( x_2 <= -6.84 ) ) ) and ( not ( eventually ( x_3 >= 9.73 ) ) ) ) and ( always ( x_0 <= 85.52 ) )
1692,90,42,2,3,"[[7825, -1.0, 0.24828489124774933], [2636, 1.0, 0.3395971655845642], [6670, 1.0, 0.3468719720840454]]",0.9962038521599509,16,9,431,431,1.0,0.321882001493652,423,421,0.9952718676122931,0.32334869431643626,( ( not ( eventually ( x_2 <= -7.84 ) ) ) and ( always ( x_5 <= 90.0153 ) ) ) and ( always ( x_0 <= 11.98 ) )
1693,90,6,5,3,"[[2636, -1.0, 1.1044087409973145], [559, 1.0, 0.014817647635936737], [6670, 1.0, 0.05808616429567337]]",0.9655270243074291,16,11,46,46,1.0,0.24338624338624337,41,40,0.975609756097561,0.1895734597156398,"( ( not ( always ( x_5 <= 462.15 ) ) ) and ( always[27,inf] ( x_5 <= 75.93 ) ) ) and ( always ( ( x_0 <= 77.3 ) or ( x_5 >= 1176.04 ) ) )"
1694,90,42,2,3,"[[7825, -1.0, 0.2500096261501312], [2636, 1.0, 0.48685264587402344], [6670, 1.0, 0.011871324852108955]]",0.9955926257239869,16,9,371,371,1.0,0.2770724421209858,332,332,1.0,0.25499231950844853,( ( not ( eventually ( x_2 <= -6.91 ) ) ) and ( always ( x_5 <= 52.07 ) ) ) and ( always ( x_0 <= 87.75 ) )
1695,90,42,2,3,"[[7825, -1.0, 0.2500096261501312], [2636, 1.0, 0.48685264587402344], [6670, 1.0, 0.011871324852108955]]",0.9955926257239869,16,9,371,371,1.0,0.2770724421209858,332,332,1.0,0.25499231950844853,( ( not ( eventually ( x_2 <= -6.91 ) ) ) and ( always ( x_5 <= 52.07 ) ) ) and ( always ( x_0 <= 87.75 ) )
1696,90,88,10,3,"[[83, 1.0, 0.05216009542346001], [2636, 1.0, 0.24053502082824707], [8005, -1.0, 0.004620031453669071]]",0.48840964880644955,13,11,113,62,0.5486725663716814,0.40789473684210525,97,52,0.5360824742268041,0.33766233766233766,"( ( always[29,inf] ( ( x_0 >= 33.42 ) or ( x_1 <= 1.2451 ) ) ) and ( always ( x_5 <= 115.54 ) ) ) and ( not ( always[21,24] ( x_0 >= -14.91 ) ) )"
1697,90,15,0,3,"[[6670, -1.0, 0.5698592662811279], [2979, 1.0, 0.029424820095300674], [9226, -1.0, 0.2191375195980072]]",0.9749799663741175,18,10,64,64,1.0,0.27705627705627706,79,75,0.9493670886075949,0.2862595419847328,"( ( not ( always ( x_0 <= 219.33 ) ) ) and ( always[4,33] ( x_5 <= 332.92 ) ) ) and ( not ( eventually[29,inf] ( x_2 >= 22.38 ) ) )"
1698,90,42,2,3,"[[7825, -1.0, 0.2500096261501312], [2636, 1.0, 0.48685264587402344], [6670, 1.0, 0.011871324852108955]]",0.9955926257239869,16,9,371,371,1.0,0.2770724421209858,332,332,1.0,0.25499231950844853,( ( not ( eventually ( x_2 <= -6.91 ) ) ) and ( always ( x_5 <= 52.07 ) ) ) and ( always ( x_0 <= 87.75 ) )
1699,90,42,2,3,"[[7825, -1.0, 0.2549334764480591], [2636, 1.0, 0.34885841608047485], [6513, 1.0, 0.08234167098999023]]",0.9948131565834063,15,10,315,315,1.0,0.2352501867064974,322,312,0.968944099378882,0.23963133640552994,"( ( not ( eventually ( x_2 <= -4.24 ) ) ) and ( always ( x_5 <= 87.63 ) ) ) and ( eventually ( always[1,11] ( x_2 >= -0.71 ) ) )"
1700,90,15,0,3,"[[6670, -1.0, 0.09428733587265015], [5264, 1.0, 0.07489495724439621], [2415, 1.0, 0.1570199579000473]]",0.9779967554888438,17,12,73,73,1.0,0.31601731601731603,79,70,0.8860759493670886,0.26717557251908397,"( ( not ( always ( x_0 <= 111.76 ) ) ) and ( always ( x_4 <= 244.69 ) ) ) and ( ( always[1,4] ( x_1 >= -1.74 ) ) and ( always[2,32] ( x_0 >= -310.49 ) ) )"
1701,90,42,2,3,"[[5500, -1.0, 0.24387383460998535], [9569, -1.0, 0.15520314872264862], [6670, 1.0, 0.34681904315948486]]",0.9962126062579448,18,10,432,432,1.0,0.32262882748319643,428,425,0.9929906542056075,0.32642089093702,"( ( not ( eventually[0,31] ( x_2 <= -7.4961 ) ) ) and ( not ( eventually ( x_5 >= 91.8 ) ) ) ) and ( always ( x_0 <= 11.99 ) )"
1702,90,42,2,2,"[[7825, -1.0, 0.24573515355587006], [2636, 1.0, 0.6276548504829407]]",0.9879804897845237,11,6,135,135,1.0,0.10082150858849888,115,112,0.9739130434782609,0.08602150537634409,( not ( eventually ( x_2 <= -9.23 ) ) ) and ( always ( x_5 <= 15.78 ) )
1703,90,42,2,3,"[[1462, 1.0, 0.19318871200084686], [2636, 1.0, 0.0], [6844, -1.0, 0.18107393383979797]]",0.9595784129072534,16,12,598,580,0.9698996655518395,0.43315907393577296,627,589,0.9393939393939394,0.4523809523809524,"( ( ( always[12,28] ( x_3 <= -946.23 ) ) or ( always[11,inf] ( x_0 >= -14.41 ) ) ) and ( always ( x_5 <= 177.53 ) ) ) and ( not ( eventually[2,7] ( x_2 >= 3.4919 ) ) )"
1704,90,42,2,2,"[[7825, -1.0, 0.24573515355587006], [2636, 1.0, 0.6276548504829407]]",0.9879804897845237,11,6,135,135,1.0,0.10082150858849888,115,112,0.9739130434782609,0.08602150537634409,( not ( eventually ( x_2 <= -9.23 ) ) ) and ( always ( x_5 <= 15.78 ) )
1705,90,42,2,3,"[[7825, -1.0, 0.24828489124774933], [2636, 1.0, 0.3831334114074707], [6670, 1.0, 0.32448506355285645]]",0.9924837408598435,16,9,443,442,0.9977426636568849,0.3300970873786408,431,427,0.9907192575406032,0.3279569892473118,( ( not ( eventually ( x_2 <= -7.84 ) ) ) and ( always ( x_5 <= 78.8 ) ) ) and ( always ( x_0 <= 17.04 ) )
1706,90,42,2,3,"[[1462, 1.0, 0.23781263828277588], [3990, -1.0, 0.3642653226852417], [9901, -1.0, 0.23270584642887115]]",0.979014063477297,17,11,417,412,0.988009592326139,0.3076923076923077,409,392,0.9584352078239609,0.3010752688172043,"( ( always[11,inf] ( x_0 >= -7.59 ) ) and ( not ( eventually ( x_3 >= 59.63 ) ) ) ) and ( not ( eventually ( always[3,5] ( x_0 <= -2.76 ) ) ) )"
1707,90,42,2,3,"[[7825, -1.0, 0.240497887134552], [2979, 1.0, 0.14752092957496643], [6670, 1.0, 0.011871324852108955]]",0.995880080692477,17,9,397,397,1.0,0.29648991784914114,368,361,0.9809782608695652,0.2772657450076805,"( ( not ( eventually ( x_2 <= -12.0665 ) ) ) and ( always[4,33] ( x_5 <= 43.75 ) ) ) and ( always ( x_0 <= 87.75 ) )"
1708,90,42,2,3,"[[7825, -1.0, 0.240497887134552], [2979, 1.0, 0.14752092957496643], [6670, 1.0, 0.011871324852108955]]",0.995880080692477,17,9,397,397,1.0,0.29648991784914114,368,361,0.9809782608695652,0.2772657450076805,"( ( not ( eventually ( x_2 <= -12.0665 ) ) ) and ( always[4,33] ( x_5 <= 43.75 ) ) ) and ( always ( x_0 <= 87.75 ) )"
1709,90,42,2,3,"[[7825, -1.0, 0.2500096261501312], [2979, 1.0, 0.13542580604553223], [6670, 1.0, 0.3177937865257263]]",0.9894494103613496,17,9,454,452,0.9955947136563876,0.33756534727408516,431,425,0.9860788863109049,0.32642089093702,"( ( not ( eventually ( x_2 <= -6.91 ) ) ) and ( always[4,33] ( x_5 <= 73.37 ) ) ) and ( always ( x_0 <= 18.56 ) )"
1710,90,95,13,3,"[[3990, 1.0, 0.2957139015197754], [7008, -1.0, 0.17277151346206665], [1462, 1.0, 0.20748507976531982]]",0.5755254859518883,18,12,32,22,0.6875,0.16541353383458646,20,11,0.55,0.09322033898305085,"( ( eventually ( x_3 >= 323.72 ) ) and ( not ( eventually[7,25] ( x_4 >= 66.92 ) ) ) ) and ( ( always[12,28] ( x_3 <= -948.41 ) ) or ( always[11,inf] ( x_0 >= -12.22 ) ) )"
1711,90,42,2,3,"[[333, -1.0, 0.37299972772598267], [3226, 1.0, 0.2616485357284546], [6670, 1.0, 0.011871324852108955]]",0.9947467952217861,15,9,311,311,1.0,0.23226288274831963,259,255,0.9845559845559846,0.195852534562212,"( ( not ( eventually ( x_5 <= -11.58 ) ) ) and ( always[4,inf] ( x_4 <= 79.81 ) ) ) and ( always ( x_0 <= 87.75 ) )"
1712,90,6,5,3,"[[2636, -1.0, 1.8533506393432617], [559, 1.0, 0.014817647635936737], [1462, 1.0, 0.18103089928627014]]",0.8705027374561716,17,12,24,23,0.9583333333333334,0.12169312169312169,30,26,0.8666666666666667,0.12322274881516587,"( ( not ( always ( x_5 <= 655.16 ) ) ) and ( ( always[27,inf] ( x_5 <= 75.93 ) ) or ( always[7,35] ( x_0 >= 262.8 ) ) ) ) and ( always[11,inf] ( x_0 >= -16.26 ) )"
1713,90,42,2,3,"[[7825, -1.0, 0.2500096261501312], [2636, 1.0, 0.24350211024284363], [6670, 1.0, 0.3049207925796509]]",0.9848611714629337,16,9,579,574,0.9913644214162349,0.42867811799850636,552,543,0.9836956521739131,0.41705069124423966,( ( not ( eventually ( x_2 <= -6.91 ) ) ) and ( always ( x_5 <= 114.78 ) ) ) and ( always ( x_0 <= 21.47 ) )
1714,90,42,2,3,"[[6670, 1.0, 0.3422251343727112], [8090, 1.0, 0.12892909348011017], [5264, 1.0, 0.18375051021575928]]",0.9853765231170533,16,8,421,418,0.9928741092636579,0.3121732636295743,438,422,0.9634703196347032,0.3241167434715822,"( ( always ( x_0 <= 13.03 ) ) and ( always[27,inf] ( x_4 >= -8.91 ) ) ) and ( always ( x_4 <= 81.82 ) )"
1715,90,42,2,3,"[[7825, -1.0, 0.25255846977233887], [2636, 1.0, 0.4556660056114197], [6670, 1.0, 0.011871324852108955]]",0.991401166856859,16,9,387,386,0.9974160206718347,0.2882748319641524,362,362,1.0,0.2780337941628264,( ( not ( eventually ( x_2 <= -5.53 ) ) ) and ( always ( x_5 <= 60.1 ) ) ) and ( always ( x_0 <= 87.75 ) )
1716,90,42,2,3,"[[7825, -1.0, 0.24828489124774933], [2636, 1.0, 0.3395971655845642], [6670, 1.0, 0.3468719720840454]]",0.9962038521599509,16,9,431,431,1.0,0.321882001493652,423,421,0.9952718676122931,0.32334869431643626,( ( not ( eventually ( x_2 <= -7.84 ) ) ) and ( always ( x_5 <= 90.0153 ) ) ) and ( always ( x_0 <= 11.98 ) )
1717,90,42,2,3,"[[2636, 1.0, 0.1518293023109436], [1462, 1.0, 0.16511328518390656], [6844, -1.0, 0.18024200201034546]]",0.9528707353707113,16,12,634,610,0.9621451104100947,0.45556385362210605,675,632,0.9362962962962963,0.48540706605222733,"( ( always ( x_5 <= 138.4 ) ) and ( ( always[12,28] ( x_3 <= -941.95 ) ) or ( always[11,inf] ( x_0 >= -18.69 ) ) ) ) and ( not ( eventually[2,7] ( x_2 >= 4.11 ) ) )"
1718,90,88,10,3,"[[83, 1.0, 0.06399336457252502], [3990, -1.0, 0.41631650924682617], [7825, -1.0, 0.06938402354717255]]",0.5752599711770034,18,12,92,59,0.6413043478260869,0.3881578947368421,102,51,0.5,0.33116883116883117,"( ( always[29,inf] ( ( x_0 >= 34.69 ) or ( x_1 <= -0.02 ) ) ) and ( not ( eventually ( x_3 >= 38.8 ) ) ) ) and ( not ( eventually ( x_2 <= -104.84 ) ) )"
1719,90,42,2,3,"[[7825, -1.0, 0.240497887134552], [2979, 1.0, 0.14752092957496643], [6670, 1.0, 0.011871324852108955]]",0.995880080692477,17,9,397,397,1.0,0.29648991784914114,368,361,0.9809782608695652,0.2772657450076805,"( ( not ( eventually ( x_2 <= -12.0665 ) ) ) and ( always[4,33] ( x_5 <= 43.75 ) ) ) and ( always ( x_0 <= 87.75 ) )"
1720,90,42,2,3,"[[333, -1.0, 0.3424757421016693], [2636, 1.0, 0.32410234212875366], [6670, 1.0, 0.011871324852108955]]",0.9932704587484406,15,9,495,494,0.997979797979798,0.36893203883495146,470,465,0.9893617021276596,0.35714285714285715,( ( not ( eventually ( x_5 <= -19.68 ) ) ) and ( always ( x_5 <= 94.01 ) ) ) and ( always ( x_0 <= 87.75 ) )
1721,90,42,2,3,"[[7825, -1.0, 0.240497887134552], [2979, 1.0, 0.14752092957496643], [6670, 1.0, 0.011871324852108955]]",0.995880080692477,17,9,397,397,1.0,0.29648991784914114,368,361,0.9809782608695652,0.2772657450076805,"( ( not ( eventually ( x_2 <= -12.0665 ) ) ) and ( always[4,33] ( x_5 <= 43.75 ) ) ) and ( always ( x_0 <= 87.75 ) )"
1722,90,42,2,3,"[[1462, 1.0, 0.2619147300720215], [2636, 1.0, 0.35669487714767456], [4869, 1.0, 0.0961662083864212]]",0.9916586134940225,16,8,399,398,0.9974937343358395,0.2972367438386856,377,373,0.9893899204244032,0.28648233486943164,"( ( always[11,inf] ( x_0 >= -3.9153 ) ) and ( always ( x_5 <= 85.61 ) ) ) and ( always ( x_1 >= -33.46 ) )"
1723,90,42,2,3,"[[7825, -1.0, 0.24828489124774933], [2636, 1.0, 0.3395971655845642], [6670, 1.0, 0.3468719720840454]]",0.9962038521599509,16,9,431,431,1.0,0.321882001493652,423,421,0.9952718676122931,0.32334869431643626,( ( not ( eventually ( x_2 <= -7.84 ) ) ) and ( always ( x_5 <= 90.0153 ) ) ) and ( always ( x_0 <= 11.98 ) )
1724,90,42,2,3,"[[7825, -1.0, 0.25330597162246704], [2636, 1.0, 0.4091513156890869], [6670, 1.0, 0.011871324852108955]]",0.9922214269527097,16,9,428,427,0.9976635514018691,0.3188946975354742,398,397,0.9974874371859297,0.3049155145929339,( ( not ( eventually ( x_2 <= -5.12 ) ) ) and ( always ( x_5 <= 72.09 ) ) ) and ( always ( x_0 <= 87.75 ) )
1725,90,88,10,3,"[[83, 1.0, 0.059794165194034576], [3226, 1.0, 0.31958094239234924], [7825, -1.0, 0.06938402354717255]]",0.5214608963284897,16,9,81,48,0.5925925925925926,0.3157894736842105,80,41,0.5125,0.2662337662337662,"( ( always[29,inf] ( x_1 <= 0.4258 ) ) and ( always[4,inf] ( x_4 <= 31.65 ) ) ) and ( not ( eventually ( x_2 <= -104.84 ) ) )"
1726,90,42,2,3,"[[4869, 1.0, 0.29951542615890503], [3226, 1.0, 0.3261832594871521], [1462, 1.0, 0.14808860421180725]]",0.9857006315974357,16,8,232,231,0.9956896551724138,0.17251680358476476,202,198,0.9801980198019802,0.15207373271889402,"( ( always ( x_1 >= -3.95 ) ) and ( always[4,inf] ( x_4 <= 26.16 ) ) ) and ( always[11,inf] ( x_0 >= -21.29 ) )"
1727,90,92,12,3,"[[5071, 1.0, 2.5029847621917725], [76, 1.0, 0.5186624526977539], [333, 1.0, 0.08783194422721863]]",0.9655270243074291,15,13,46,46,1.0,0.46938775510204084,55,53,0.9636363636363636,0.5196078431372549,"( ( ( eventually[17,inf] ( x_1 >= 2063.1 ) ) and ( always ( x_3 >= -6573.97 ) ) ) and ( eventually[1,26] ( ( x_4 >= -474.24 ) and ( x_2 <= -345.41 ) ) ) ) and ( eventually ( x_5 <= -133.89 ) )"
1728,90,6,5,3,"[[2636, -1.0, 1.8533506393432617], [559, 1.0, 0.014817647635936737], [1462, 1.0, 0.18103089928627014]]",0.8705027374561716,17,12,24,23,0.9583333333333334,0.12169312169312169,30,26,0.8666666666666667,0.12322274881516587,"( ( not ( always ( x_5 <= 655.16 ) ) ) and ( ( always[27,inf] ( x_5 <= 75.93 ) ) or ( always[7,35] ( x_0 >= 262.8 ) ) ) ) and ( always[11,inf] ( x_0 >= -16.26 ) )"
1729,90,42,2,2,"[[7825, -1.0, 0.24573515355587006], [2636, 1.0, 0.6276548504829407]]",0.9879804897845237,11,6,135,135,1.0,0.10082150858849888,115,112,0.9739130434782609,0.08602150537634409,( not ( eventually ( x_2 <= -9.23 ) ) ) and ( always ( x_5 <= 15.78 ) )
1730,90,42,2,3,"[[6670, 1.0, 0.3302847146987915], [2268, 1.0, 0.2010740041732788], [9569, -1.0, 0.14487308263778687]]",0.9845195121741148,17,12,483,479,0.9917184265010351,0.3577296489917849,463,455,0.9827213822894169,0.34946236559139787,"( ( always ( x_0 <= 15.73 ) ) and ( ( always[10,24] ( x_5 <= -994.12 ) ) or ( always[8,20] ( x_2 >= -3.6 ) ) ) ) and ( not ( eventually ( x_5 >= 106.8 ) ) )"
1731,90,42,2,3,"[[7825, -1.0, 0.240497887134552], [2979, 1.0, 0.14752092957496643], [6670, 1.0, 0.011871324852108955]]",0.995880080692477,17,9,397,397,1.0,0.29648991784914114,368,361,0.9809782608695652,0.2772657450076805,"( ( not ( eventually ( x_2 <= -12.0665 ) ) ) and ( always[4,33] ( x_5 <= 43.75 ) ) ) and ( always ( x_0 <= 87.75 ) )"
1732,90,42,2,3,"[[1462, 1.0, 0.25280308723449707], [2636, 1.0, 0.10132437944412231], [6670, 1.0, 0.245934396982193]]",0.9809391437731457,15,11,655,647,0.9877862595419847,0.4831964152352502,606,594,0.9801980198019802,0.45622119815668205,"( ( ( always[12,28] ( x_3 <= -955.33 ) ) or ( always[11,inf] ( x_0 >= -5.31 ) ) ) and ( always ( x_5 <= 151.42 ) ) ) and ( always ( x_0 <= 34.81 ) )"
1733,90,42,2,3,"[[7825, -1.0, 0.2500096261501312], [2636, 1.0, 0.48685264587402344], [6670, 1.0, 0.011871324852108955]]",0.9955926257239869,16,9,371,371,1.0,0.2770724421209858,332,332,1.0,0.25499231950844853,( ( not ( eventually ( x_2 <= -6.91 ) ) ) and ( always ( x_5 <= 52.07 ) ) ) and ( always ( x_0 <= 87.75 ) )
1734,90,95,13,3,"[[559, -1.0, 0.7291029095649719], [3390, 1.0, 0.038094259798526764], [636, -1.0, 0.09932275116443634]]",0.6656024467470544,19,13,31,24,0.7741935483870968,0.18045112781954886,21,12,0.5714285714285714,0.1016949152542373,"( ( not ( always[27,inf] ( x_5 <= 243.25 ) ) ) and ( always[12,inf] ( x_1 <= 201.05 ) ) ) and ( not ( ( always[7,10] ( x_5 >= 2956.94 ) ) or ( eventually[26,29] ( x_4 <= -10.19 ) ) ) )"
1735,90,42,2,3,"[[7825, -1.0, 0.2500096261501312], [2636, 1.0, 0.48685264587402344], [6670, 1.0, 0.011871324852108955]]",0.9955926257239869,16,9,371,371,1.0,0.2770724421209858,332,332,1.0,0.25499231950844853,( ( not ( eventually ( x_2 <= -6.91 ) ) ) and ( always ( x_5 <= 52.07 ) ) ) and ( always ( x_0 <= 87.75 ) )
1736,90,42,2,3,"[[1462, 1.0, 0.2619147300720215], [5264, 1.0, 0.1850675344467163], [4869, 1.0, 0.07912623137235641]]",0.990759472591406,17,8,360,359,0.9972222222222222,0.2681105302464526,350,344,0.9828571428571429,0.2642089093701997,"( ( always[11,inf] ( x_0 >= -3.9153 ) ) and ( always ( x_4 <= 79.85 ) ) ) and ( always ( x_1 >= -35.93 ) )"
1737,90,42,2,3,"[[7825, -1.0, 0.2549334764480591], [2636, 1.0, 0.34885841608047485], [6513, 1.0, 0.08234167098999023]]",0.9948131565834063,15,10,315,315,1.0,0.2352501867064974,322,312,0.968944099378882,0.23963133640552994,"( ( not ( eventually ( x_2 <= -4.24 ) ) ) and ( always ( x_5 <= 87.63 ) ) ) and ( eventually ( always[1,11] ( x_2 >= -0.71 ) ) )"
1738,90,62,6,3,"[[2636, -1.0, 0.012482235208153725], [9569, -1.0, 0.07203181087970734], [6670, 1.0, 0.2662326693534851]]",0.7536275321167145,17,13,48,40,0.8333333333333334,0.5714285714285714,38,27,0.7105263157894737,0.3103448275862069,"( ( not ( always ( x_5 <= 180.75 ) ) ) and ( not ( ( eventually ( x_5 >= 212.61 ) ) and ( always[16,inf] ( x_4 <= 37734.35 ) ) ) ) ) and ( always ( x_0 <= 30.22 ) )"
1739,90,42,2,3,"[[7825, -1.0, 0.240497887134552], [2636, 1.0, 0.43811360001564026], [1462, 1.0, 0.21785134077072144]]",0.9889654264240775,17,9,434,432,0.9953917050691244,0.32262882748319643,416,408,0.9807692307692307,0.31336405529953915,"( ( not ( eventually ( x_2 <= -12.0665 ) ) ) and ( always ( x_5 <= 64.63 ) ) ) and ( always[11,inf] ( x_0 >= -10.64 ) )"
1740,90,42,2,3,"[[333, -1.0, 0.3424757421016693], [2636, 1.0, 0.0], [6670, 1.0, 0.018576605245471]]",0.994699995075089,15,9,629,628,0.9984101748807631,0.4690067214339059,592,583,0.9847972972972973,0.4477726574500768,( ( not ( eventually ( x_5 <= -19.68 ) ) ) and ( always ( x_5 <= 177.53 ) ) ) and ( always ( x_0 <= 86.23 ) )
1741,90,42,2,3,"[[333, -1.0, 0.36914706230163574], [2636, 1.0, 0.0], [6670, 1.0, 0.018576605245471]]",0.9967194658321351,15,9,499,499,1.0,0.3726661687826736,418,412,0.9856459330143541,0.31643625192012287,( ( not ( eventually ( x_5 <= -12.604 ) ) ) and ( always ( x_5 <= 177.53 ) ) ) and ( always ( x_0 <= 86.23 ) )
1742,90,42,2,3,"[[7825, -1.0, 0.240497887134552], [2979, 1.0, 0.14752092957496643], [6670, 1.0, 0.011871324852108955]]",0.995880080692477,17,9,397,397,1.0,0.29648991784914114,368,361,0.9809782608695652,0.2772657450076805,"( ( not ( eventually ( x_2 <= -12.0665 ) ) ) and ( always[4,33] ( x_5 <= 43.75 ) ) ) and ( always ( x_0 <= 87.75 ) )"
1743,90,42,2,3,"[[7825, -1.0, 0.2500096261501312], [2636, 1.0, 0.48685264587402344], [6670, 1.0, 0.011871324852108955]]",0.9955926257239869,16,9,371,371,1.0,0.2770724421209858,332,332,1.0,0.25499231950844853,( ( not ( eventually ( x_2 <= -6.91 ) ) ) and ( always ( x_5 <= 52.07 ) ) ) and ( always ( x_0 <= 87.75 ) )
1744,90,88,10,3,"[[8005, -1.0, 0.08657294511795044], [3390, 1.0, 0.27309876680374146], [5500, -1.0, 0.12378968298435211]]",0.6580109620199744,16,10,54,40,0.7407407407407407,0.2631578947368421,53,34,0.6415094339622641,0.22077922077922077,"( ( not ( always[21,24] ( x_0 >= -26.4 ) ) ) and ( always[12,inf] ( x_1 <= 8.4325 ) ) ) and ( not ( eventually[0,31] ( x_2 <= -73.15 ) ) )"
1745,90,42,2,3,"[[7825, -1.0, 0.24828489124774933], [2636, 1.0, 0.3395971655845642], [6670, 1.0, 0.3468719720840454]]",0.9962038521599509,16,9,431,431,1.0,0.321882001493652,423,421,0.9952718676122931,0.32334869431643626,( ( not ( eventually ( x_2 <= -7.84 ) ) ) and ( always ( x_5 <= 90.0153 ) ) ) and ( always ( x_0 <= 11.98 ) )
1746,90,42,2,3,"[[7825, -1.0, 0.25412285327911377], [9736, 1.0, 0.17675793170928955], [2636, 1.0, 0.020712781697511673]]",0.9887232378506253,16,9,144,144,1.0,0.1075429424943988,107,103,0.9626168224299065,0.07910906298003072,"( ( not ( eventually ( x_2 <= -4.68 ) ) ) and ( always[28,31] ( x_5 <= 3.5261 ) ) ) and ( always ( x_5 <= 172.19 ) )"
1747,90,6,5,3,"[[2636, -1.0, 0.11602719128131866], [559, 1.0, 0.03605634719133377], [6670, 1.0, 0.1630564033985138]]",0.855816992678912,16,11,117,105,0.8974358974358975,0.5555555555555556,130,107,0.823076923076923,0.5071090047393365,"( ( not ( always ( x_5 <= 207.43 ) ) ) and ( always[27,inf] ( x_5 <= 71.15 ) ) ) and ( always ( ( x_0 <= 53.55 ) or ( x_5 >= 1199.78 ) ) )"
1748,90,42,2,3,"[[7825, -1.0, 0.240497887134552], [2979, 1.0, 0.14752092957496643], [6670, 1.0, 0.011871324852108955]]",0.995880080692477,17,9,397,397,1.0,0.29648991784914114,368,361,0.9809782608695652,0.2772657450076805,"( ( not ( eventually ( x_2 <= -12.0665 ) ) ) and ( always[4,33] ( x_5 <= 43.75 ) ) ) and ( always ( x_0 <= 87.75 ) )"
1749,90,42,2,3,"[[7825, -1.0, 0.2529970705509186], [2636, 1.0, 0.0], [6670, 1.0, 0.3468719720840454]]",0.9929586467743067,16,9,473,472,0.9978858350951374,0.3525018670649739,453,452,0.9977924944812362,0.34715821812596004,( ( not ( eventually ( x_2 <= -5.29 ) ) ) and ( always ( x_5 <= 177.53 ) ) ) and ( always ( x_0 <= 11.98 ) )
1750,90,42,2,2,"[[333, -1.0, 0.375763475894928], [2636, 1.0, 0.32548168301582336]]",0.9946614167886589,10,6,306,306,1.0,0.22852875280059745,252,247,0.9801587301587301,0.18970814132104455,( not ( eventually ( x_5 <= -10.85 ) ) ) and ( always ( x_5 <= 93.65 ) )
1751,90,6,5,3,"[[2636, -1.0, 0.6329865455627441], [5071, -1.0, 0.2299327403306961], [6670, 1.0, 0.1838090866804123]]",0.8378077587383462,17,12,67,60,0.8955223880597015,0.31746031746031744,60,51,0.85,0.24170616113744076,"( ( not ( always ( x_5 <= 340.66 ) ) ) and ( not ( eventually[17,inf] ( x_1 >= 22.19 ) ) ) ) and ( always ( ( x_0 <= 48.86 ) or ( x_5 >= 1204.48 ) ) )"
1752,90,95,13,3,"[[636, -1.0, 0.30140775442123413], [5071, -1.0, 0.009656567126512527], [3990, 1.0, 0.04669180139899254]]",0.8456759411873505,19,13,9,9,1.0,0.06766917293233082,9,5,0.5555555555555556,0.0423728813559322,"( ( not ( ( always[7,10] ( x_5 >= 2814.59 ) ) or ( eventually[26,29] ( x_4 <= 132.15 ) ) ) ) and ( not ( eventually[17,inf] ( x_1 >= 186.69 ) ) ) ) and ( eventually ( x_3 >= 224.07 ) )"
1753,90,88,10,3,"[[9736, 1.0, 0.18632414937019348], [83, 1.0, 0.05997159704566002], [7825, -1.0, 0.12078483402729034]]",0.782680588807032,16,11,38,33,0.868421052631579,0.21710526315789475,38,27,0.7105263157894737,0.17532467532467533,"( ( always[28,31] ( x_5 <= -3.0 ) ) and ( always[29,inf] ( ( x_0 >= 34.26 ) or ( x_1 <= 0.41 ) ) ) ) and ( not ( eventually ( x_2 <= -76.97 ) ) )"
1754,90,88,10,3,"[[83, 1.0, 0.06138194352388382], [4968, -1.0, 0.25374114513397217], [1183, 1.0, 0.03189581632614136]]",0.4948452867785962,15,11,70,40,0.5714285714285714,0.2631578947368421,84,38,0.4523809523809524,0.24675324675324675,"( ( always[29,inf] ( ( x_0 >= 34.41 ) or ( x_1 <= 0.26 ) ) ) and ( not ( eventually[3,18] ( x_5 >= 38.73 ) ) ) ) and ( always[8,27] ( x_1 >= -71.34 ) )"
1755,90,42,2,2,"[[7825, -1.0, 0.24573515355587006], [2636, 1.0, 0.6276548504829407]]",0.9879804897845237,11,6,135,135,1.0,0.10082150858849888,115,112,0.9739130434782609,0.08602150537634409,( not ( eventually ( x_2 <= -9.23 ) ) ) and ( always ( x_5 <= 15.78 ) )
1756,90,42,2,3,"[[7825, -1.0, 0.2500096261501312], [2636, 1.0, 0.48685264587402344], [6670, 1.0, 0.011871324852108955]]",0.9955926257239869,16,9,371,371,1.0,0.2770724421209858,332,332,1.0,0.25499231950844853,( ( not ( eventually ( x_2 <= -6.91 ) ) ) and ( always ( x_5 <= 52.07 ) ) ) and ( always ( x_0 <= 87.75 ) )
1757,90,42,2,3,"[[76, -1.0, 0.226805180311203], [2636, 1.0, 0.15394757688045502], [6670, 1.0, 0.3159447908401489]]",0.9828387958053264,15,11,584,578,0.9897260273972602,0.4316654219566841,544,537,0.9871323529411765,0.41244239631336405,"( ( not ( eventually[1,26] ( ( x_4 >= -813.47 ) and ( x_2 <= -6.1776 ) ) ) ) and ( always ( x_5 <= 137.86 ) ) ) and ( always ( x_0 <= 18.97 ) )"
1758,90,42,2,3,"[[7825, -1.0, 0.2500096261501312], [2636, 1.0, 0.48685264587402344], [6670, 1.0, 0.011871324852108955]]",0.9955926257239869,16,9,371,371,1.0,0.2770724421209858,332,332,1.0,0.25499231950844853,( ( not ( eventually ( x_2 <= -6.91 ) ) ) and ( always ( x_5 <= 52.07 ) ) ) and ( always ( x_0 <= 87.75 ) )
1759,90,42,2,2,"[[7825, -1.0, 0.25412285327911377], [9736, 1.0, 0.18012940883636475]]",0.9757197403351059,11,6,66,66,1.0,0.04929051530993279,49,41,0.8367346938775511,0.0314900153609831,"( not ( eventually ( x_2 <= -4.68 ) ) ) and ( always[28,31] ( x_5 <= 1.23 ) )"
1760,90,42,2,3,"[[2979, 1.0, 0.14752092957496643], [5500, -1.0, 0.23566660284996033], [6670, 1.0, 0.011871324852108955]]",0.9959006472604219,17,9,399,399,1.0,0.29798356982823004,370,363,0.981081081081081,0.27880184331797236,"( ( always[4,33] ( x_5 <= 43.75 ) ) and ( not ( eventually[0,31] ( x_2 <= -11.98 ) ) ) ) and ( always ( x_0 <= 87.75 ) )"
1761,90,92,12,3,"[[2338, -1.0, 1.1204720735549927], [8005, -1.0, 0.1820240020751953], [4968, 1.0, 0.7396069765090942]]",0.9662357268760651,14,12,47,47,1.0,0.47959183673469385,50,45,0.9,0.4411764705882353,"( ( not ( always[16,27] ( x_1 <= 653.35 ) ) ) and ( not ( always[21,24] ( x_0 >= -39.8 ) ) ) ) and ( eventually[3,18] ( ( x_4 <= 1673.2 ) and ( x_5 >= 440.19 ) ) )"
1762,90,42,2,3,"[[7825, -1.0, 0.25535857677459717], [2636, 1.0, 0.0], [6670, 1.0, 0.29133862257003784]]",0.9902610122158424,16,9,492,490,0.9959349593495935,0.3659447348767737,451,450,0.9977827050997783,0.3456221198156682,( ( not ( eventually ( x_2 <= -4.01 ) ) ) and ( always ( x_5 <= 177.53 ) ) ) and ( always ( x_0 <= 24.54 ) )
1763,90,15,0,3,"[[6670, -1.0, 0.5698592662811279], [2979, 1.0, 0.029424820095300674], [9226, -1.0, 0.2191375195980072]]",0.9749799663741175,18,10,64,64,1.0,0.27705627705627706,79,75,0.9493670886075949,0.2862595419847328,"( ( not ( always ( x_0 <= 219.33 ) ) ) and ( always[4,33] ( x_5 <= 332.92 ) ) ) and ( not ( eventually[29,inf] ( x_2 >= 22.38 ) ) )"
1764,90,42,2,3,"[[7825, -1.0, 0.2500096261501312], [2636, 1.0, 0.48685264587402344], [6670, 1.0, 0.011871324852108955]]",0.9955926257239869,16,9,371,371,1.0,0.2770724421209858,332,332,1.0,0.25499231950844853,( ( not ( eventually ( x_2 <= -6.91 ) ) ) and ( always ( x_5 <= 52.07 ) ) ) and ( always ( x_0 <= 87.75 ) )
1765,90,42,2,3,"[[333, -1.0, 0.36914706230163574], [2636, 1.0, 0.005502187646925449], [6670, 1.0, 0.018576605245471]]",0.9967194658321351,15,9,499,499,1.0,0.3726661687826736,418,412,0.9856459330143541,0.31643625192012287,( ( not ( eventually ( x_5 <= -12.604 ) ) ) and ( always ( x_5 <= 176.11 ) ) ) and ( always ( x_0 <= 86.23 ) )
1766,90,42,2,3,"[[6670, 1.0, 0.3542907238006592], [5500, -1.0, 0.21171465516090393], [2636, 1.0, 0.33489829301834106]]",0.9964652935126352,16,9,463,463,1.0,0.3457804331590739,462,452,0.9783549783549783,0.34715821812596004,"( ( always ( x_0 <= 10.3 ) ) and ( not ( eventually[0,31] ( x_2 <= -25.08 ) ) ) ) and ( always ( x_5 <= 91.23 ) )"
1767,90,42,2,3,"[[6670, 1.0, 0.3542907238006592], [1183, 1.0, 0.28202396631240845], [2636, 1.0, 0.32897549867630005]]",0.9913567060872116,14,8,385,384,0.9974025974025974,0.2867811799850635,389,386,0.9922879177377892,0.2964669738863287,"( ( always ( x_0 <= 10.3 ) ) and ( always[8,27] ( x_1 >= -4.13 ) ) ) and ( always ( x_5 <= 92.75 ) )"
1768,90,42,2,3,"[[7825, -1.0, 0.2512921392917633], [2636, 1.0, 0.3831334114074707], [6670, 1.0, 0.3049207925796509]]",0.992328519374528,16,9,434,433,0.9976958525345622,0.32337565347274083,413,411,0.9951573849878934,0.315668202764977,( ( not ( eventually ( x_2 <= -6.21 ) ) ) and ( always ( x_5 <= 78.8 ) ) ) and ( always ( x_0 <= 21.47 ) )
1769,90,88,10,3,"[[8005, -1.0, 0.09342555701732635], [5071, -1.0, 0.25015079975128174], [6513, 1.0, 0.0804552510380745]]",0.7002181116018564,14,11,14,12,0.8571428571428571,0.07894736842105263,11,7,0.6363636363636364,0.045454545454545456,"( ( not ( always[21,24] ( x_0 >= -27.37 ) ) ) and ( not ( eventually[17,inf] ( x_1 >= 7.09 ) ) ) ) and ( eventually ( always[1,11] ( x_2 >= -1.7982 ) ) )"
1770,90,42,2,3,"[[7825, -1.0, 0.240497887134552], [2979, 1.0, 0.14752092957496643], [6670, 1.0, 0.011871324852108955]]",0.995880080692477,17,9,397,397,1.0,0.29648991784914114,368,361,0.9809782608695652,0.2772657450076805,"( ( not ( eventually ( x_2 <= -12.0665 ) ) ) and ( always[4,33] ( x_5 <= 43.75 ) ) ) and ( always ( x_0 <= 87.75 ) )"
1771,90,6,5,3,"[[2636, -1.0, 0.34032851457595825], [559, 1.0, 0.0], [6670, 1.0, 0.09268765151500702]]",0.9228005373048752,16,11,95,91,0.9578947368421052,0.48148148148148145,93,86,0.9247311827956989,0.4075829383886256,"( ( not ( always ( x_5 <= 265.24 ) ) ) and ( always[27,inf] ( x_5 <= 79.26 ) ) ) and ( always ( ( x_0 <= 69.47 ) or ( x_5 >= 1183.87 ) ) )"
1772,90,42,2,3,"[[7825, -1.0, 0.2512921392917633], [2636, 1.0, 0.33267396688461304], [6670, 1.0, 0.3049207925796509]]",0.9901210235758351,16,9,485,483,0.9958762886597938,0.36071695294996264,465,460,0.989247311827957,0.3533026113671275,( ( not ( eventually ( x_2 <= -6.21 ) ) ) and ( always ( x_5 <= 91.8 ) ) ) and ( always ( x_0 <= 21.47 ) )
1773,90,42,2,3,"[[333, -1.0, 0.36914706230163574], [2636, 1.0, 0.32548168301582336], [6670, 1.0, 0.011871324852108955]]",0.995869719826602,15,9,396,396,1.0,0.29574309185959674,330,327,0.990909090909091,0.2511520737327189,( ( not ( eventually ( x_5 <= -12.604 ) ) ) and ( always ( x_5 <= 93.65 ) ) ) and ( always ( x_0 <= 87.75 ) )
1774,90,42,2,3,"[[7825, -1.0, 0.24828489124774933], [2636, 1.0, 0.3395971655845642], [6670, 1.0, 0.3468719720840454]]",0.9962038521599509,16,9,431,431,1.0,0.321882001493652,423,421,0.9952718676122931,0.32334869431643626,( ( not ( eventually ( x_2 <= -7.84 ) ) ) and ( always ( x_5 <= 90.0153 ) ) ) and ( always ( x_0 <= 11.98 ) )
1775,90,42,2,3,"[[1183, 1.0, 0.28430646657943726], [5264, 1.0, 0.2236686795949936], [6670, 1.0, 0.011871324852108955]]",0.9794646939489605,15,8,161,160,0.9937888198757764,0.11949215832710978,155,154,0.9935483870967742,0.11827956989247312,"( ( always[8,27] ( x_1 >= -3.52 ) ) and ( always ( x_4 <= 22.096 ) ) ) and ( always ( x_0 <= 87.75 ) )"
1776,90,42,2,3,"[[333, -1.0, 0.36914706230163574], [2636, 1.0, 0.0], [6670, 1.0, 0.018576605245471]]",0.9967194658321351,15,9,499,499,1.0,0.3726661687826736,418,412,0.9856459330143541,0.31643625192012287,( ( not ( eventually ( x_5 <= -12.604 ) ) ) and ( always ( x_5 <= 177.53 ) ) ) and ( always ( x_0 <= 86.23 ) )
1777,90,42,2,3,"[[7825, -1.0, 0.25567829608917236], [2636, 1.0, 0.24963712692260742], [333, -1.0, 0.37571263313293457]]",0.987326752548342,17,10,262,261,0.9961832061068703,0.19492158327109785,226,222,0.9823008849557522,0.17050691244239632,( ( not ( eventually ( x_2 <= -3.8366 ) ) ) and ( always ( x_5 <= 113.2 ) ) ) and ( not ( eventually ( x_5 <= -10.86 ) ) )
1778,90,42,2,3,"[[7825, -1.0, 0.2500096261501312], [2636, 1.0, 0.48685264587402344], [6670, 1.0, 0.011871324852108955]]",0.9955926257239869,16,9,371,371,1.0,0.2770724421209858,332,332,1.0,0.25499231950844853,( ( not ( eventually ( x_2 <= -6.91 ) ) ) and ( always ( x_5 <= 52.07 ) ) ) and ( always ( x_0 <= 87.75 ) )
1779,90,15,0,3,"[[6670, -1.0, 0.09742625057697296], [5264, 1.0, 0.0494464747607708], [1949, -1.0, 0.15992270410060883]]",0.9158214865122459,16,11,117,111,0.9487179487179487,0.4805194805194805,129,117,0.9069767441860465,0.44656488549618323,"( ( not ( always ( x_0 <= 112.47 ) ) ) and ( always ( x_4 <= 282.76 ) ) ) and ( not ( always[9,inf] ( eventually[6,18] ( x_2 <= -9.6 ) ) ) )"
1780,90,42,2,3,"[[1462, 1.0, 0.23781263828277588], [2636, 1.0, 0.35669487714767456], [2415, 1.0, 0.15756821632385254]]",0.9891029550666343,16,8,305,304,0.9967213114754099,0.2270351008215086,291,285,0.979381443298969,0.21889400921658986,"( ( always[11,inf] ( x_0 >= -7.59 ) ) and ( always ( x_5 <= 85.61 ) ) ) and ( always[1,4] ( x_1 >= -1.39 ) )"
1781,90,42,2,2,"[[333, -1.0, 0.375763475894928], [2636, 1.0, 0.32548168301582336]]",0.9946614167886589,10,6,306,306,1.0,0.22852875280059745,252,247,0.9801587301587301,0.18970814132104455,( not ( eventually ( x_5 <= -10.85 ) ) ) and ( always ( x_5 <= 93.65 ) )
1782,90,42,2,3,"[[1462, 1.0, 0.21785134077072144], [2636, 1.0, 0.338611900806427], [4869, 1.0, 0.2939632833003998]]",0.989976951854301,16,8,478,476,0.99581589958159,0.3554891710231516,458,450,0.982532751091703,0.3456221198156682,"( ( always[11,inf] ( x_0 >= -10.64 ) ) and ( always ( x_5 <= 90.27 ) ) ) and ( always ( x_1 >= -4.76 ) )"
1783,90,42,2,3,"[[7825, -1.0, 0.240497887134552], [2979, 1.0, 0.14752092957496643], [6670, 1.0, 0.011871324852108955]]",0.995880080692477,17,9,397,397,1.0,0.29648991784914114,368,361,0.9809782608695652,0.2772657450076805,"( ( not ( eventually ( x_2 <= -12.0665 ) ) ) and ( always[4,33] ( x_5 <= 43.75 ) ) ) and ( always ( x_0 <= 87.75 ) )"
1784,90,42,2,3,"[[7825, -1.0, 0.25535857677459717], [2636, 1.0, 0.0], [6670, 1.0, 0.29133862257003784]]",0.9902610122158424,16,9,492,490,0.9959349593495935,0.3659447348767737,451,450,0.9977827050997783,0.3456221198156682,( ( not ( eventually ( x_2 <= -4.01 ) ) ) and ( always ( x_5 <= 177.53 ) ) ) and ( always ( x_0 <= 24.54 ) )
1785,90,42,2,3,"[[7825, -1.0, 0.24828489124774933], [2636, 1.0, 0.3395971655845642], [6670, 1.0, 0.3468719720840454]]",0.9962038521599509,16,9,431,431,1.0,0.321882001493652,423,421,0.9952718676122931,0.32334869431643626,( ( not ( eventually ( x_2 <= -7.84 ) ) ) and ( always ( x_5 <= 90.0153 ) ) ) and ( always ( x_0 <= 11.98 ) )
1786,90,42,2,3,"[[333, -1.0, 0.36914706230163574], [2636, 1.0, 0.32548168301582336], [6670, 1.0, 0.011871324852108955]]",0.995869719826602,15,9,396,396,1.0,0.29574309185959674,330,327,0.990909090909091,0.2511520737327189,( ( not ( eventually ( x_5 <= -12.604 ) ) ) and ( always ( x_5 <= 93.65 ) ) ) and ( always ( x_0 <= 87.75 ) )
1787,90,42,2,3,"[[7825, -1.0, 0.2500096261501312], [2636, 1.0, 0.48685264587402344], [6670, 1.0, 0.011871324852108955]]",0.9955926257239869,16,9,371,371,1.0,0.2770724421209858,332,332,1.0,0.25499231950844853,( ( not ( eventually ( x_2 <= -6.91 ) ) ) and ( always ( x_5 <= 52.07 ) ) ) and ( always ( x_0 <= 87.75 ) )
1788,90,6,5,3,"[[2636, -1.0, 1.4518537521362305], [3390, 1.0, 0.2713657319545746], [559, 1.0, 0.014817647635936737]]",0.9204367490813241,17,9,19,19,1.0,0.10052910052910052,21,20,0.9523809523809523,0.0947867298578199,"( ( not ( always ( x_5 <= 551.69 ) ) ) and ( always[12,inf] ( x_1 <= 9.85 ) ) ) and ( always[27,inf] ( x_5 <= 75.93 ) )"
1789,90,88,10,3,"[[8005, -1.0, 0.03203221410512924], [3390, 1.0, 0.26889747381210327], [5500, -1.0, 0.12378968298435211]]",0.5038018892111734,16,10,106,60,0.5660377358490566,0.39473684210526316,106,51,0.4811320754716981,0.33116883116883117,"( ( not ( always[21,24] ( x_0 >= -18.75 ) ) ) and ( always[12,inf] ( x_1 <= 11.88 ) ) ) and ( not ( eventually[0,31] ( x_2 <= -73.15 ) ) )"
1790,90,42,2,3,"[[7825, -1.0, 0.2419416308403015], [2636, 1.0, 0.40433502197265625], [6670, 1.0, 0.32721269130706787]]",0.989284920594618,16,9,447,445,0.9955257270693513,0.3323375653472741,426,418,0.9812206572769953,0.3210445468509985,( ( not ( eventually ( x_2 <= -11.28 ) ) ) and ( always ( x_5 <= 73.33 ) ) ) and ( always ( x_0 <= 16.43 ) )
1791,90,6,5,3,"[[2636, -1.0, 1.8533506393432617], [2338, 1.0, 0.0156468003988266], [1462, 1.0, 0.2125386893749237]]",0.9204367490813241,16,9,19,19,1.0,0.10052910052910052,21,16,0.7619047619047619,0.07582938388625593,"( ( not ( always ( x_5 <= 655.16 ) ) ) and ( always[16,27] ( x_1 <= 128.49 ) ) ) and ( always[11,inf] ( x_0 >= -11.45 ) )"
1792,90,42,2,3,"[[7825, -1.0, 0.24311518669128418], [2636, 1.0, 0.3395971655845642], [6670, 1.0, 0.3468719720840454]]",0.9927447191511877,16,9,459,458,0.9978213507625272,0.34204630321135177,442,437,0.9886877828054299,0.33563748079877115,( ( not ( eventually ( x_2 <= -10.65 ) ) ) and ( always ( x_5 <= 90.0153 ) ) ) and ( always ( x_0 <= 11.98 ) )
1793,90,42,2,3,"[[7825, -1.0, 0.2500096261501312], [2636, 1.0, 0.48685264587402344], [6670, 1.0, 0.011871324852108955]]",0.9955926257239869,16,9,371,371,1.0,0.2770724421209858,332,332,1.0,0.25499231950844853,( ( not ( eventually ( x_2 <= -6.91 ) ) ) and ( always ( x_5 <= 52.07 ) ) ) and ( always ( x_0 <= 87.75 ) )
1794,90,42,2,3,"[[7825, -1.0, 0.25494158267974854], [2636, 1.0, 0.08918318897485733], [9736, 1.0, 0.16890928149223328]]",0.9899542719377787,16,9,331,330,0.9969788519637462,0.24645257654966393,265,255,0.9622641509433962,0.195852534562212,"( ( not ( eventually ( x_2 <= -4.236 ) ) ) and ( always ( x_5 <= 154.55 ) ) ) and ( always[28,31] ( x_5 <= 8.88 ) )"
1795,90,42,2,3,"[[7825, -1.0, 0.2500096261501312], [2636, 1.0, 0.48685264587402344], [6670, 1.0, 0.011871324852108955]]",0.9955926257239869,16,9,371,371,1.0,0.2770724421209858,332,332,1.0,0.25499231950844853,( ( not ( eventually ( x_2 <= -6.91 ) ) ) and ( always ( x_5 <= 52.07 ) ) ) and ( always ( x_0 <= 87.75 ) )
1796,90,42,2,3,"[[7825, -1.0, 0.24771207571029663], [5264, 1.0, 0.20797720551490784], [1183, 1.0, 0.28786104917526245]]",0.9842895538812876,17,9,211,210,0.995260663507109,0.15683345780433158,177,168,0.9491525423728814,0.12903225806451613,"( ( not ( eventually ( x_2 <= -8.16 ) ) ) and ( always ( x_4 <= 45.57 ) ) ) and ( always[8,27] ( x_1 >= -2.5644 ) )"
1797,90,42,2,3,"[[7825, -1.0, 0.25189828872680664], [3390, 1.0, 0.2809258699417114], [9901, -1.0, 0.11220040917396545]]",0.9760734614858056,17,11,67,67,1.0,0.05003734129947722,48,45,0.9375,0.03456221198156682,"( ( not ( eventually ( x_2 <= -5.89 ) ) ) and ( always[12,inf] ( x_1 <= 2.02 ) ) ) and ( not ( eventually ( always[3,5] ( x_0 <= -16.64 ) ) ) )"
1798,90,42,2,3,"[[333, -1.0, 0.36914706230163574], [3226, 1.0, 0.26824796199798584], [6670, 1.0, 0.011871324852108955]]",0.9953294183675063,15,9,350,350,1.0,0.26138909634055263,285,280,0.9824561403508771,0.21505376344086022,"( ( not ( eventually ( x_5 <= -12.604 ) ) ) and ( always[4,inf] ( x_4 <= 74.32 ) ) ) and ( always ( x_0 <= 87.75 ) )"
1799,90,15,0,3,"[[6670, -1.0, 0.09428733587265015], [5264, 1.0, 0.07489495724439621], [2415, 1.0, 0.1570199579000473]]",0.9779967554888438,17,12,73,73,1.0,0.31601731601731603,79,70,0.8860759493670886,0.26717557251908397,"( ( not ( always ( x_0 <= 111.76 ) ) ) and ( always ( x_4 <= 244.69 ) ) ) and ( ( always[1,4] ( x_1 >= -1.74 ) ) and ( always[2,32] ( x_0 >= -310.49 ) ) )"
1800,90,42,2,3,"[[4869, 1.0, 0.2948751747608185], [2636, 1.0, 0.3831334114074707], [6670, 1.0, 0.31749480962753296]]",0.9788628819183421,15,11,414,409,0.9879227053140096,0.3054518297236744,412,404,0.9805825242718447,0.3102918586789555,"( ( ( always ( x_1 >= -4.6231 ) ) or ( eventually[10,14] ( x_0 <= -591.35 ) ) ) and ( always ( x_5 <= 78.8 ) ) ) and ( always ( x_0 <= 18.62 ) )"
1801,90,42,2,3,"[[7825, -1.0, 0.240497887134552], [2979, 1.0, 0.14752092957496643], [6670, 1.0, 0.011871324852108955]]",0.995880080692477,17,9,397,397,1.0,0.29648991784914114,368,361,0.9809782608695652,0.2772657450076805,"( ( not ( eventually ( x_2 <= -12.0665 ) ) ) and ( always[4,33] ( x_5 <= 43.75 ) ) ) and ( always ( x_0 <= 87.75 ) )"
1802,90,95,13,3,"[[636, -1.0, 0.21937185525894165], [5339, -1.0, 0.22581768035888672], [1949, -1.0, 0.171901673078537]]",0.8099625940446661,18,12,7,7,1.0,0.05263157894736842,5,2,0.4,0.01694915254237288,"( ( not ( eventually[26,29] ( x_4 <= 74.37 ) ) ) and ( not ( eventually[0,11] ( x_5 >= 7.39 ) ) ) ) and ( not ( always[9,inf] ( eventually[6,18] ( x_2 <= -2.35 ) ) ) )"
1803,90,88,10,3,"[[83, 1.0, 0.06831084191799164], [2636, 1.0, 0.3309990167617798], [7825, -1.0, 0.07494551688432693]]",0.7029209178390261,16,11,78,60,0.7692307692307693,0.39473684210526316,83,51,0.6144578313253012,0.33116883116883117,"( ( always[29,inf] ( ( x_0 >= 35.15 ) or ( x_1 <= -0.49 ) ) ) and ( always ( x_5 <= 92.23 ) ) ) and ( not ( eventually ( x_2 <= -101.82 ) ) )"
1804,90,42,2,3,"[[6670, 1.0, 0.3302847146987915], [2268, 1.0, 0.1932467520236969], [2636, 1.0, 0.38401252031326294]]",0.9839575482201389,15,11,466,462,0.9914163090128756,0.3450336071695295,456,443,0.9714912280701754,0.3402457757296467,"( ( always ( x_0 <= 15.73 ) ) and ( ( always[10,24] ( x_5 <= -989.87 ) ) or ( always[8,20] ( x_2 >= -7.85 ) ) ) ) and ( always ( x_5 <= 78.57 ) )"
1805,90,42,2,3,"[[1462, 1.0, 0.2395022213459015], [5264, 1.0, 0.17398414015769958], [6844, -1.0, 0.17473015189170837]]",0.9805876459155234,17,12,451,446,0.9889135254988913,0.3330843913368185,462,450,0.974025974025974,0.3456221198156682,"( ( ( always[12,28] ( x_3 <= -953.3 ) ) or ( always[11,inf] ( x_0 >= -7.34 ) ) ) and ( always ( x_4 <= 96.43 ) ) ) and ( not ( eventually[2,7] ( x_2 >= 8.18 ) ) )"
1806,90,42,2,2,"[[7825, -1.0, 0.24573515355587006], [2636, 1.0, 0.6276548504829407]]",0.9879804897845237,11,6,135,135,1.0,0.10082150858849888,115,112,0.9739130434782609,0.08602150537634409,( not ( eventually ( x_2 <= -9.23 ) ) ) and ( always ( x_5 <= 15.78 ) )
1807,90,42,2,3,"[[76, -1.0, 0.22690711915493011], [3226, 1.0, 0.30283141136169434], [4869, 1.0, 0.30851995944976807]]",0.9898394562620587,16,9,160,160,1.0,0.11949215832710978,137,134,0.9781021897810219,0.10291858678955453,"( ( not ( eventually[1,26] ( x_2 <= -6.13 ) ) ) and ( always[4,inf] ( x_4 <= 45.57 ) ) ) and ( always ( x_1 >= -2.6431 ) )"
1808,90,42,2,3,"[[7825, -1.0, 0.2500096261501312], [2636, 1.0, 0.48685264587402344], [6670, 1.0, 0.011871324852108955]]",0.9955926257239869,16,9,371,371,1.0,0.2770724421209858,332,332,1.0,0.25499231950844853,( ( not ( eventually ( x_2 <= -6.91 ) ) ) and ( always ( x_5 <= 52.07 ) ) ) and ( always ( x_0 <= 87.75 ) )
1809,90,42,2,3,"[[76, -1.0, 0.23182033002376556], [3226, 1.0, 0.2971876859664917], [6670, 1.0, 0.29133862257003784]]",0.9867462895554294,15,11,361,359,0.9944598337950139,0.2681105302464526,324,316,0.9753086419753086,0.24270353302611367,"( ( not ( eventually[1,26] ( ( x_4 >= -815.75 ) and ( x_2 <= -3.8954 ) ) ) ) and ( always[4,inf] ( x_4 <= 50.26 ) ) ) and ( always ( x_0 <= 24.54 ) )"
1810,90,95,13,3,"[[2636, -1.0, 0.16439491510391235], [7008, -1.0, 0.18006497621536255], [4869, 1.0, 0.30769553780555725]]",0.569491442422589,18,10,15,11,0.7333333333333333,0.08270676691729323,10,4,0.4,0.03389830508474576,"( ( not ( always ( x_5 <= 219.9 ) ) ) and ( not ( eventually[7,25] ( x_4 >= 58.08 ) ) ) ) and ( always ( x_1 >= -2.76 ) )"
1811,90,42,2,3,"[[7825, -1.0, 0.25452637672424316], [2636, 1.0, 0.02867048978805542], [9736, 1.0, 0.16931721568107605]]",0.9900735778610172,16,9,335,334,0.9970149253731343,0.24943988050784166,267,257,0.9625468164794008,0.19738863287250383,"( ( not ( eventually ( x_2 <= -4.46 ) ) ) and ( always ( x_5 <= 170.14 ) ) ) and ( always[28,31] ( x_5 <= 8.6 ) )"
1812,90,42,2,2,"[[333, -1.0, 0.375763475894928], [2636, 1.0, 0.32548168301582336]]",0.9946614167886589,10,6,306,306,1.0,0.22852875280059745,252,247,0.9801587301587301,0.18970814132104455,( not ( eventually ( x_5 <= -10.85 ) ) ) and ( always ( x_5 <= 93.65 ) )
1813,90,42,2,3,"[[7825, -1.0, 0.25567829608917236], [2636, 1.0, 0.24963712692260742], [333, -1.0, 0.37571263313293457]]",0.987326752548342,17,10,262,261,0.9961832061068703,0.19492158327109785,226,222,0.9823008849557522,0.17050691244239632,( ( not ( eventually ( x_2 <= -3.8366 ) ) ) and ( always ( x_5 <= 113.2 ) ) ) and ( not ( eventually ( x_5 <= -10.86 ) ) )
1814,90,42,2,2,"[[7825, -1.0, 0.24573515355587006], [2636, 1.0, 0.6276548504829407]]",0.9879804897845237,11,6,135,135,1.0,0.10082150858849888,115,112,0.9739130434782609,0.08602150537634409,( not ( eventually ( x_2 <= -9.23 ) ) ) and ( always ( x_5 <= 15.78 ) )
1815,90,92,12,2,"[[7876, -1.0, 2.0525660514831543], [9901, -1.0, 0.1723492592573166]]",0.8589313179094591,10,10,10,10,1.0,0.10204081632653061,12,3,0.25,0.029411764705882353,"( not ( always[10,18] ( ( x_3 >= 1016.96 ) or ( x_2 <= 981.62 ) ) ) ) and ( not ( eventually ( always[3,5] ( x_0 <= -9.72 ) ) ) )"
1816,90,95,13,3,"[[2636, -1.0, 0.19485777616500854], [7008, -1.0, 0.18006497621536255], [5500, -1.0, 0.2538244128227234]]",0.7527428728793251,19,11,5,5,1.0,0.03759398496240601,2,1,0.5,0.00847457627118644,"( ( not ( always ( x_5 <= 227.75 ) ) ) and ( not ( eventually[7,25] ( x_4 >= 58.08 ) ) ) ) and ( not ( eventually[0,31] ( x_2 <= -2.0555 ) ) )"
1817,90,42,2,2,"[[7825, -1.0, 0.24573515355587006], [2636, 1.0, 0.6276548504829407]]",0.9879804897845237,11,6,135,135,1.0,0.10082150858849888,115,112,0.9739130434782609,0.08602150537634409,( not ( eventually ( x_2 <= -9.23 ) ) ) and ( always ( x_5 <= 15.78 ) )
1818,90,42,2,3,"[[7825, -1.0, 0.2500096261501312], [2636, 1.0, 0.48685264587402344], [6670, 1.0, 0.011871324852108955]]",0.9955926257239869,16,9,371,371,1.0,0.2770724421209858,332,332,1.0,0.25499231950844853,( ( not ( eventually ( x_2 <= -6.91 ) ) ) and ( always ( x_5 <= 52.07 ) ) ) and ( always ( x_0 <= 87.75 ) )
1819,90,42,2,3,"[[7825, -1.0, 0.2500096261501312], [2636, 1.0, 0.48685264587402344], [6670, 1.0, 0.011871324852108955]]",0.9955926257239869,16,9,371,371,1.0,0.2770724421209858,332,332,1.0,0.25499231950844853,( ( not ( eventually ( x_2 <= -6.91 ) ) ) and ( always ( x_5 <= 52.07 ) ) ) and ( always ( x_0 <= 87.75 ) )
1820,90,42,2,3,"[[4869, 1.0, 0.2650013566017151], [2636, 1.0, 0.15674035251140594], [6670, 1.0, 0.30489593744277954]]",0.961352065994334,15,11,802,778,0.970074812967581,0.5810306198655714,761,739,0.9710906701708278,0.5675883256528418,"( ( ( always ( x_1 >= -8.96 ) ) or ( eventually[10,14] ( x_0 <= -587.02 ) ) ) and ( always ( x_5 <= 137.14 ) ) ) and ( always ( x_0 <= 21.4728 ) )"
1821,90,42,2,3,"[[6670, 1.0, 0.34681904315948486], [2268, 1.0, 0.20106634497642517], [9569, -1.0, 0.14487308263778687]]",0.9891397918426265,17,12,441,439,0.9954648526077098,0.3278566094100075,425,419,0.9858823529411764,0.32181259600614437,"( ( always ( x_0 <= 11.99 ) ) and ( ( always[10,24] ( x_5 <= -994.11 ) ) or ( always[8,20] ( x_2 >= -3.6 ) ) ) ) and ( not ( eventually ( x_5 >= 106.8 ) ) )"
1822,90,42,2,3,"[[7825, -1.0, 0.240497887134552], [2979, 1.0, 0.14752092957496643], [6670, 1.0, 0.011871324852108955]]",0.995880080692477,17,9,397,397,1.0,0.29648991784914114,368,361,0.9809782608695652,0.2772657450076805,"( ( not ( eventually ( x_2 <= -12.0665 ) ) ) and ( always[4,33] ( x_5 <= 43.75 ) ) ) and ( always ( x_0 <= 87.75 ) )"
1823,90,42,2,3,"[[6670, 1.0, 0.3592074513435364], [1949, -1.0, 0.16983744502067566], [2636, 1.0, 0.0]]",0.9871659643426024,14,10,480,477,0.99375,0.35623599701269604,469,465,0.9914712153518124,0.35714285714285715,"( ( always ( x_0 <= 9.1886 ) ) and ( not ( always[9,inf] ( eventually[6,18] ( x_2 <= -3.6 ) ) ) ) ) and ( always ( x_5 <= 177.53 ) )"
1824,90,62,6,3,"[[2636, -1.0, 0.012482235208153725], [9569, -1.0, 0.0807231217622757], [4869, 1.0, 0.27451735734939575]]",0.7806044987038846,18,10,26,23,0.8846153846153846,0.32857142857142857,27,17,0.6296296296296297,0.19540229885057472,( ( not ( always ( x_5 <= 180.75 ) ) ) and ( not ( eventually ( x_5 >= 199.99 ) ) ) ) and ( always ( x_1 >= -7.58 ) )
1825,90,42,2,3,"[[7825, -1.0, 0.2532997131347656], [2636, 1.0, 0.0], [6670, 1.0, 0.29133862257003784]]",0.9866630902109236,16,9,561,557,0.9928698752228164,0.41598207617625094,525,522,0.9942857142857143,0.4009216589861751,( ( not ( eventually ( x_2 <= -5.1261 ) ) ) and ( always ( x_5 <= 177.53 ) ) ) and ( always ( x_0 <= 24.54 ) )
1826,90,6,5,3,"[[2636, -1.0, 1.8533506393432617], [559, 1.0, 0.014817647635936737], [1462, 1.0, 0.18103089928627014]]",0.8705027374561716,17,12,24,23,0.9583333333333334,0.12169312169312169,30,26,0.8666666666666667,0.12322274881516587,"( ( not ( always ( x_5 <= 655.16 ) ) ) and ( ( always[27,inf] ( x_5 <= 75.93 ) ) or ( always[7,35] ( x_0 >= 262.8 ) ) ) ) and ( always[11,inf] ( x_0 >= -16.26 ) )"
1827,90,6,5,3,"[[2636, -1.0, 0.32725512981414795], [559, 1.0, 0.0], [6670, 1.0, 0.30467790365219116]]",0.934201051157136,16,9,49,48,0.9795918367346939,0.25396825396825395,42,38,0.9047619047619048,0.18009478672985782,"( ( not ( always ( x_5 <= 261.87 ) ) ) and ( always[27,inf] ( x_5 <= 79.26 ) ) ) and ( always ( x_0 <= 21.52 ) )"
1828,90,42,2,3,"[[7825, -1.0, 0.2500096261501312], [2636, 1.0, 0.48685264587402344], [6670, 1.0, 0.011871324852108955]]",0.9955926257239869,16,9,371,371,1.0,0.2770724421209858,332,332,1.0,0.25499231950844853,( ( not ( eventually ( x_2 <= -6.91 ) ) ) and ( always ( x_5 <= 52.07 ) ) ) and ( always ( x_0 <= 87.75 ) )
1829,90,42,2,3,"[[7825, -1.0, 0.25273770093917847], [3226, 1.0, 0.3116869628429413], [6670, 1.0, 0.3179837763309479]]",0.9948294857757128,16,9,316,316,1.0,0.2359970126960418,293,290,0.9897610921501706,0.2227342549923195,"( ( not ( eventually ( x_2 <= -5.43 ) ) ) and ( always[4,inf] ( x_4 <= 38.21 ) ) ) and ( always ( x_0 <= 18.51 ) )"
1830,90,42,2,3,"[[6670, 1.0, 0.36021775007247925], [636, -1.0, 0.1079791784286499], [2636, 1.0, 0.012467077933251858]]",0.9816403832238564,16,9,477,472,0.989517819706499,0.3525018670649739,457,449,0.9824945295404814,0.34485407066052226,"( ( always ( x_0 <= 8.96 ) ) and ( not ( eventually[26,29] ( x_4 <= -4.09 ) ) ) ) and ( always ( x_5 <= 174.32 ) )"
1831,90,15,0,3,"[[6670, -1.0, 0.5698592662811279], [2979, 1.0, 0.029424820095300674], [9226, -1.0, 0.2191375195980072]]",0.9749799663741175,18,10,64,64,1.0,0.27705627705627706,79,75,0.9493670886075949,0.2862595419847328,"( ( not ( always ( x_0 <= 219.33 ) ) ) and ( always[4,33] ( x_5 <= 332.92 ) ) ) and ( not ( eventually[29,inf] ( x_2 >= 22.38 ) ) )"
1832,90,42,2,3,"[[7825, -1.0, 0.25412285327911377], [2636, 1.0, 0.02867048978805542], [9736, 1.0, 0.17209899425506592]]",0.9942703013868734,16,9,285,285,1.0,0.2128454070201643,221,214,0.9683257918552036,0.16436251920122888,"( ( not ( eventually ( x_2 <= -4.68 ) ) ) and ( always ( x_5 <= 170.14 ) ) ) and ( always[28,31] ( x_5 <= 6.7 ) )"
1833,90,42,2,2,"[[333, -1.0, 0.35945019125938416], [9736, 1.0, 0.1801244020462036]]",0.974592913239819,10,6,63,63,1.0,0.04705003734129948,50,39,0.78,0.029953917050691243,"( not ( eventually ( x_5 <= -15.18 ) ) ) and ( always[28,31] ( x_5 <= 1.23 ) )"
1834,90,42,2,2,"[[7825, -1.0, 0.24573515355587006], [2636, 1.0, 0.6276548504829407]]",0.9879804897845237,11,6,135,135,1.0,0.10082150858849888,115,112,0.9739130434782609,0.08602150537634409,( not ( eventually ( x_2 <= -9.23 ) ) ) and ( always ( x_5 <= 15.78 ) )
1835,90,42,2,3,"[[1462, 1.0, 0.21785134077072144], [2636, 1.0, 0.338611900806427], [4869, 1.0, 0.25666308403015137]]",0.9892970067590794,16,8,576,573,0.9947916666666666,0.4279312920089619,556,544,0.9784172661870504,0.41781874039938555,"( ( always[11,inf] ( x_0 >= -10.64 ) ) and ( always ( x_5 <= 90.27 ) ) ) and ( always ( x_1 >= -10.17 ) )"
1836,90,42,2,3,"[[7825, -1.0, 0.24828489124774933], [2636, 1.0, 0.3395971655845642], [6670, 1.0, 0.3468719720840454]]",0.9962038521599509,16,9,431,431,1.0,0.321882001493652,423,421,0.9952718676122931,0.32334869431643626,( ( not ( eventually ( x_2 <= -7.84 ) ) ) and ( always ( x_5 <= 90.0153 ) ) ) and ( always ( x_0 <= 11.98 ) )
1837,90,42,2,3,"[[333, -1.0, 0.36914706230163574], [2636, 1.0, 0.0], [6670, 1.0, 0.018576605245471]]",0.9967194658321351,15,9,499,499,1.0,0.3726661687826736,418,412,0.9856459330143541,0.31643625192012287,( ( not ( eventually ( x_5 <= -12.604 ) ) ) and ( always ( x_5 <= 177.53 ) ) ) and ( always ( x_0 <= 86.23 ) )
1838,90,42,2,3,"[[333, -1.0, 0.37299972772598267], [3226, 1.0, 0.2616485357284546], [6670, 1.0, 0.011871324852108955]]",0.9947467952217861,15,9,311,311,1.0,0.23226288274831963,259,255,0.9845559845559846,0.195852534562212,"( ( not ( eventually ( x_5 <= -11.58 ) ) ) and ( always[4,inf] ( x_4 <= 79.81 ) ) ) and ( always ( x_0 <= 87.75 ) )"
1839,90,42,2,3,"[[7825, -1.0, 0.2500096261501312], [2636, 1.0, 0.48685264587402344], [6670, 1.0, 0.011871324852108955]]",0.9955926257239869,16,9,371,371,1.0,0.2770724421209858,332,332,1.0,0.25499231950844853,( ( not ( eventually ( x_2 <= -6.91 ) ) ) and ( always ( x_5 <= 52.07 ) ) ) and ( always ( x_0 <= 87.75 ) )
1840,90,42,2,3,"[[7825, -1.0, 0.24828489124774933], [2636, 1.0, 0.3395971655845642], [6670, 1.0, 0.3468719720840454]]",0.9962038521599509,16,9,431,431,1.0,0.321882001493652,423,421,0.9952718676122931,0.32334869431643626,( ( not ( eventually ( x_2 <= -7.84 ) ) ) and ( always ( x_5 <= 90.0153 ) ) ) and ( always ( x_0 <= 11.98 ) )
1841,90,42,2,3,"[[7825, -1.0, 0.25330597162246704], [2636, 1.0, 0.3831334114074707], [6670, 1.0, 0.12977609038352966]]",0.9925173853172149,16,9,445,444,0.9977528089887641,0.33159073935772965,417,416,0.9976019184652278,0.3195084485407066,( ( not ( eventually ( x_2 <= -5.12 ) ) ) and ( always ( x_5 <= 78.8 ) ) ) and ( always ( x_0 <= 61.08 ) )
1842,90,6,5,3,"[[2636, -1.0, 0.16063204407691956], [5071, -1.0, 0.2565973401069641], [6670, 1.0, 0.19198235869407654]]",0.8241653240658746,17,10,33,30,0.9090909090909091,0.15873015873015872,19,15,0.7894736842105263,0.07109004739336493,"( ( not ( always ( x_5 <= 218.93 ) ) ) and ( not ( eventually[17,inf] ( x_1 >= 2.27 ) ) ) ) and ( always ( x_0 <= 47.01 ) )"
1843,90,42,2,3,"[[6670, 1.0, 0.3292452394962311], [8090, 1.0, 0.1291969269514084], [2636, 1.0, 0.10885388404130936]]",0.9835403302202774,15,8,609,603,0.9901477832512315,0.450336071695295,594,580,0.9764309764309764,0.445468509984639,"( ( always ( x_0 <= 15.9655 ) ) and ( always[27,inf] ( x_4 >= -8.7058 ) ) ) and ( always ( x_5 <= 149.48 ) )"
1844,90,42,2,3,"[[1462, 1.0, 0.25280308723449707], [5264, 1.0, 0.1797817051410675], [5071, -1.0, 0.25377535820007324]]",0.988093990816329,18,12,279,278,0.996415770609319,0.20761762509335324,261,255,0.9770114942528736,0.195852534562212,"( ( ( always[12,28] ( x_3 <= -955.33 ) ) or ( always[11,inf] ( x_0 >= -5.31 ) ) ) and ( always ( x_4 <= 87.76 ) ) ) and ( not ( eventually[17,inf] ( x_1 >= 4.3796 ) ) )"
1845,90,42,2,3,"[[76, -1.0, 0.226805180311203], [2636, 1.0, 0.15394757688045502], [6670, 1.0, 0.3468719720840454]]",0.9900597888515907,15,11,482,480,0.995850622406639,0.35847647498132934,470,466,0.9914893617021276,0.3579109062980031,"( ( not ( eventually[1,26] ( ( x_4 >= -813.47 ) and ( x_2 <= -6.1776 ) ) ) ) and ( always ( x_5 <= 137.86 ) ) ) and ( always ( x_0 <= 11.98 ) )"
1846,90,42,2,3,"[[7825, -1.0, 0.2500096261501312], [2636, 1.0, 0.48685264587402344], [6670, 1.0, 0.011871324852108955]]",0.9955926257239869,16,9,371,371,1.0,0.2770724421209858,332,332,1.0,0.25499231950844853,( ( not ( eventually ( x_2 <= -6.91 ) ) ) and ( always ( x_5 <= 52.07 ) ) ) and ( always ( x_0 <= 87.75 ) )
1847,90,42,2,3,"[[6670, 1.0, 0.3427119255065918], [7825, -1.0, 0.21649476885795593], [5264, 1.0, 0.2128935158252716]]",0.9941685819878479,17,9,280,280,1.0,0.20911127707244212,304,293,0.9638157894736842,0.2250384024577573,( ( always ( x_0 <= 12.92 ) ) and ( not ( eventually ( x_2 <= -25.08 ) ) ) ) and ( always ( x_4 <= 38.22 ) )
1848,90,42,2,3,"[[7825, -1.0, 0.24828489124774933], [2636, 1.0, 0.3395971655845642], [6670, 1.0, 0.3468719720840454]]",0.9962038521599509,16,9,431,431,1.0,0.321882001493652,423,421,0.9952718676122931,0.32334869431643626,( ( not ( eventually ( x_2 <= -7.84 ) ) ) and ( always ( x_5 <= 90.0153 ) ) ) and ( always ( x_0 <= 11.98 ) )
1849,90,42,2,3,"[[2636, 1.0, 0.4997972249984741], [1183, 1.0, 0.22568313777446747], [6670, 1.0, 0.32448506355285645]]",0.9901612140313311,14,8,338,337,0.9970414201183432,0.25168035847647496,330,320,0.9696969696969697,0.2457757296466974,"( ( always ( x_5 <= 48.73 ) ) and ( always[8,27] ( x_1 >= -19.27 ) ) ) and ( always ( x_0 <= 17.04 ) )"
1850,90,95,13,3,"[[2636, -1.0, 0.25694307684898376], [7339, -1.0, 0.024573050439357758], [6844, -1.0, 0.17834970355033875]]",0.5225264157706336,18,13,63,38,0.6031746031746031,0.2857142857142857,69,28,0.4057971014492754,0.23728813559322035,"( ( not ( always ( ( x_5 <= 243.75 ) or ( x_5 >= 1972.43 ) ) ) ) and ( not ( eventually[7,27] ( x_5 >= 266.35 ) ) ) ) and ( not ( eventually[2,7] ( x_2 >= 5.51 ) ) )"
1851,90,42,2,3,"[[333, -1.0, 0.36914706230163574], [2636, 1.0, 0.0], [6670, 1.0, 0.018576605245471]]",0.9967194658321351,15,9,499,499,1.0,0.3726661687826736,418,412,0.9856459330143541,0.31643625192012287,( ( not ( eventually ( x_5 <= -12.604 ) ) ) and ( always ( x_5 <= 177.53 ) ) ) and ( always ( x_0 <= 86.23 ) )
1852,90,42,2,3,"[[7825, -1.0, 0.24470841884613037], [3390, 1.0, 0.28065675497055054], [5264, 1.0, 0.14865395426750183]]",0.9847423059545716,18,9,106,106,1.0,0.07916355489171023,83,75,0.9036144578313253,0.0576036866359447,"( ( not ( eventually ( x_2 <= -9.78 ) ) ) and ( always[12,inf] ( x_1 <= 2.2377 ) ) ) and ( always ( x_4 <= 134.33 ) )"
1853,90,42,2,3,"[[6670, 1.0, 0.3271835446357727], [76, -1.0, 0.22151857614517212], [2636, 1.0, 0.15559595823287964]]",0.9800917079024412,15,11,627,619,0.9872408293460925,0.46228528752800596,600,592,0.9866666666666667,0.45468509984639016,"( ( always ( x_0 <= 16.43 ) ) and ( not ( eventually[1,26] ( ( x_4 >= -811.07 ) and ( x_2 <= -8.58 ) ) ) ) ) and ( always ( x_5 <= 137.43 ) )"
1854,90,15,0,3,"[[6670, -1.0, 0.00379735603928566], [2636, 1.0, 0.020712781697511673], [9901, -1.0, 0.1866382211446762]]",0.9719933847916375,15,11,57,57,1.0,0.24675324675324675,61,59,0.9672131147540983,0.22519083969465647,"( ( not ( always ( x_0 <= 91.29 ) ) ) and ( always ( x_5 <= 172.19 ) ) ) and ( not ( eventually ( always[3,5] ( x_0 <= -8.07 ) ) ) )"
1855,90,42,2,3,"[[7825, -1.0, 0.240497887134552], [2979, 1.0, 0.14752092957496643], [6670, 1.0, 0.011871324852108955]]",0.995880080692477,17,9,397,397,1.0,0.29648991784914114,368,361,0.9809782608695652,0.2772657450076805,"( ( not ( eventually ( x_2 <= -12.0665 ) ) ) and ( always[4,33] ( x_5 <= 43.75 ) ) ) and ( always ( x_0 <= 87.75 ) )"
1856,90,42,2,3,"[[76, -1.0, 0.2274511158466339], [5264, 1.0, 0.20847678184509277], [1183, 1.0, 0.29011809825897217]]",0.9867167350763156,16,9,122,122,1.0,0.09111277072442121,100,97,0.97,0.07450076804915515,"( ( not ( eventually[1,26] ( x_2 <= -5.88 ) ) ) and ( always ( x_4 <= 44.83 ) ) ) and ( always[8,27] ( x_1 >= -1.96 ) )"
1857,90,42,2,3,"[[7825, -1.0, 0.2500096261501312], [2636, 1.0, 0.48685264587402344], [6670, 1.0, 0.011871324852108955]]",0.9955926257239869,16,9,371,371,1.0,0.2770724421209858,332,332,1.0,0.25499231950844853,( ( not ( eventually ( x_2 <= -6.91 ) ) ) and ( always ( x_5 <= 52.07 ) ) ) and ( always ( x_0 <= 87.75 ) )
1858,90,42,2,3,"[[7825, -1.0, 0.25136059522628784], [2636, 1.0, 0.15394757688045502], [6670, 1.0, 0.3049207925796509]]",0.9893705476499502,16,9,580,577,0.9948275862068966,0.43091859596713966,544,539,0.9908088235294118,0.41397849462365593,( ( not ( eventually ( x_2 <= -6.1774 ) ) ) and ( always ( x_5 <= 137.86 ) ) ) and ( always ( x_0 <= 21.47 ) )
1859,90,42,2,3,"[[333, -1.0, 0.3005404472351074], [2636, 1.0, 0.35669487714767456], [6513, 1.0, 0.08234167098999023]]",0.9851049143832373,14,10,321,319,0.9937694704049844,0.23823749066467514,341,328,0.9618768328445748,0.2519201228878648,"( ( not ( eventually ( x_5 <= -30.81 ) ) ) and ( always ( x_5 <= 85.61 ) ) ) and ( eventually ( always[1,11] ( x_2 >= -0.71 ) ) )"
1860,90,42,2,3,"[[333, -1.0, 0.36914706230163574], [2636, 1.0, 0.005502187646925449], [6670, 1.0, 0.018576605245471]]",0.9967194658321351,15,9,499,499,1.0,0.3726661687826736,418,412,0.9856459330143541,0.31643625192012287,( ( not ( eventually ( x_5 <= -12.604 ) ) ) and ( always ( x_5 <= 176.11 ) ) ) and ( always ( x_0 <= 86.23 ) )
1861,90,42,2,3,"[[7825, -1.0, 0.2500096261501312], [2636, 1.0, 0.48685264587402344], [6670, 1.0, 0.011871324852108955]]",0.9955926257239869,16,9,371,371,1.0,0.2770724421209858,332,332,1.0,0.25499231950844853,( ( not ( eventually ( x_2 <= -6.91 ) ) ) and ( always ( x_5 <= 52.07 ) ) ) and ( always ( x_0 <= 87.75 ) )
1862,90,42,2,3,"[[7825, -1.0, 0.24311518669128418], [2636, 1.0, 0.33267396688461304], [6670, 1.0, 0.3271835446357727]]",0.9837427486607283,16,9,539,534,0.9907235621521335,0.3988050784167289,510,502,0.984313725490196,0.38556067588325654,( ( not ( eventually ( x_2 <= -10.65 ) ) ) and ( always ( x_5 <= 91.8 ) ) ) and ( always ( x_0 <= 16.43 ) )
1863,90,42,2,2,"[[7825, -1.0, 0.25412285327911377], [9736, 1.0, 0.18012940883636475]]",0.9757197403351059,11,6,66,66,1.0,0.04929051530993279,49,41,0.8367346938775511,0.0314900153609831,"( not ( eventually ( x_2 <= -4.68 ) ) ) and ( always[28,31] ( x_5 <= 1.23 ) )"
1864,90,42,2,2,"[[7825, -1.0, 0.24573515355587006], [2636, 1.0, 0.6276548504829407]]",0.9879804897845237,11,6,135,135,1.0,0.10082150858849888,115,112,0.9739130434782609,0.08602150537634409,( not ( eventually ( x_2 <= -9.23 ) ) ) and ( always ( x_5 <= 15.78 ) )
1865,90,42,2,3,"[[7825, -1.0, 0.24688617885112762], [2636, 1.0, 0.45961835980415344], [6670, 1.0, 0.011871324852108955]]",0.9828595059774909,16,9,436,432,0.9908256880733946,0.32262882748319643,401,396,0.9875311720698254,0.30414746543778803,( ( not ( eventually ( x_2 <= -8.6 ) ) ) and ( always ( x_5 <= 59.08 ) ) ) and ( always ( x_0 <= 87.75 ) )
1866,90,42,2,3,"[[7825, -1.0, 0.24422746896743774], [2636, 1.0, 0.31102895736694336], [1462, 1.0, 0.21802166104316711]]",0.9811398160386089,17,9,597,590,0.9882747068676717,0.4406273338312173,559,545,0.9749552772808586,0.4185867895545315,"( ( not ( eventually ( x_2 <= -10.04 ) ) ) and ( always ( x_5 <= 97.38 ) ) ) and ( always[11,inf] ( x_0 >= -10.62 ) )"
1867,90,42,2,3,"[[7825, -1.0, 0.25567829608917236], [2979, 1.0, 0.12700104713439941], [333, -1.0, 0.37571263313293457]]",0.9935502705748722,18,10,253,253,1.0,0.18894697535474234,222,215,0.9684684684684685,0.1651305683563748,"( ( not ( eventually ( x_2 <= -3.8366 ) ) ) and ( always[4,33] ( x_5 <= 94.0 ) ) ) and ( not ( eventually ( x_5 <= -10.86 ) ) )"
1868,90,42,2,3,"[[7825, -1.0, 0.240497887134552], [2979, 1.0, 0.14752092957496643], [6670, 1.0, 0.011871324852108955]]",0.995880080692477,17,9,397,397,1.0,0.29648991784914114,368,361,0.9809782608695652,0.2772657450076805,"( ( not ( eventually ( x_2 <= -12.0665 ) ) ) and ( always[4,33] ( x_5 <= 43.75 ) ) ) and ( always ( x_0 <= 87.75 ) )"
1869,90,42,2,3,"[[7825, -1.0, 0.2500096261501312], [2636, 1.0, 0.48685264587402344], [6670, 1.0, 0.011871324852108955]]",0.9955926257239869,16,9,371,371,1.0,0.2770724421209858,332,332,1.0,0.25499231950844853,( ( not ( eventually ( x_2 <= -6.91 ) ) ) and ( always ( x_5 <= 52.07 ) ) ) and ( always ( x_0 <= 87.75 ) )
1870,90,42,2,3,"[[2979, 1.0, 0.1484450101852417], [1183, 1.0, 0.2553028166294098], [6670, 1.0, 0.2802865505218506]]",0.9911037128548496,15,8,374,373,0.9973262032085561,0.27856609410007466,339,333,0.9823008849557522,0.2557603686635945,"( ( always[4,33] ( x_5 <= 41.49 ) ) and ( always[8,27] ( x_1 >= -11.31 ) ) ) and ( always ( x_0 <= 27.04 ) )"
1871,90,42,2,3,"[[2979, 1.0, 0.14752092957496643], [7825, -1.0, 0.240497887134552], [6670, 1.0, 0.011871324852108955]]",0.995880080692477,17,9,397,397,1.0,0.29648991784914114,368,361,0.9809782608695652,0.2772657450076805,"( ( always[4,33] ( x_5 <= 43.75 ) ) and ( not ( eventually ( x_2 <= -12.0665 ) ) ) ) and ( always ( x_0 <= 87.75 ) )"
1872,90,42,2,3,"[[7825, -1.0, 0.2549334764480591], [2636, 1.0, 0.3840921223163605], [6670, 1.0, 0.011871324852108955]]",0.9920361369221512,16,9,418,417,0.9976076555023924,0.31142643764002986,389,389,1.0,0.29877112135176653,( ( not ( eventually ( x_2 <= -4.24 ) ) ) and ( always ( x_5 <= 78.55 ) ) ) and ( always ( x_0 <= 87.75 ) )
1873,90,42,2,3,"[[2636, 1.0, 0.48685264587402344], [7825, -1.0, 0.2420659214258194], [6670, 1.0, 0.3094305396080017]]",0.9908605156523218,16,9,364,363,0.9972527472527473,0.2710978342046303,322,319,0.9906832298136646,0.24500768049155147,( ( always ( x_5 <= 52.07 ) ) and ( not ( eventually ( x_2 <= -11.22 ) ) ) ) and ( always ( x_0 <= 20.45 ) )
1874,90,42,2,3,"[[76, -1.0, 0.21386386454105377], [2979, 1.0, 0.1475352942943573], [6670, 1.0, 0.16350218653678894]]",0.991531846426132,16,11,393,392,0.9974554707379135,0.292755787901419,370,358,0.9675675675675676,0.2749615975422427,"( ( not ( eventually[1,26] ( ( x_4 >= -807.58 ) and ( x_2 <= -12.0668 ) ) ) ) and ( always[4,33] ( x_5 <= 43.72 ) ) ) and ( always ( x_0 <= 53.45 ) )"
1875,90,42,2,3,"[[7825, -1.0, 0.24828489124774933], [2636, 1.0, 0.3395971655845642], [6670, 1.0, 0.3468719720840454]]",0.9962038521599509,16,9,431,431,1.0,0.321882001493652,423,421,0.9952718676122931,0.32334869431643626,( ( not ( eventually ( x_2 <= -7.84 ) ) ) and ( always ( x_5 <= 90.0153 ) ) ) and ( always ( x_0 <= 11.98 ) )
1876,90,42,2,3,"[[1462, 1.0, 0.22494837641716003], [2636, 1.0, 0.3388809561729431], [4869, 1.0, 0.2486545443534851]]",0.9892036371689555,16,8,571,568,0.9947460595446584,0.42419716206123975,545,536,0.9834862385321101,0.4116743471582181,"( ( always[11,inf] ( x_0 >= -9.56 ) ) and ( always ( x_5 <= 90.2 ) ) ) and ( always ( x_1 >= -11.33 ) )"
1877,90,42,2,2,"[[7825, -1.0, 0.25412285327911377], [9736, 1.0, 0.18012940883636475]]",0.9757197403351059,11,6,66,66,1.0,0.04929051530993279,49,41,0.8367346938775511,0.0314900153609831,"( not ( eventually ( x_2 <= -4.68 ) ) ) and ( always[28,31] ( x_5 <= 1.23 ) )"
1878,90,88,10,3,"[[9226, -1.0, 0.27740222215652466], [7825, -1.0, 0.11311492323875427], [9901, 1.0, 0.0919911116361618]]",0.9274645677596903,17,11,21,21,1.0,0.13815789473684212,25,19,0.76,0.12337662337662338,"( ( not ( eventually[29,inf] ( x_2 >= -0.69 ) ) ) and ( not ( eventually ( x_2 <= -81.13 ) ) ) ) and ( eventually ( always[3,5] ( x_0 <= -40.16 ) ) )"
1879,90,42,2,3,"[[7825, -1.0, 0.2500096261501312], [2636, 1.0, 0.48685264587402344], [6670, 1.0, 0.011871324852108955]]",0.9955926257239869,16,9,371,371,1.0,0.2770724421209858,332,332,1.0,0.25499231950844853,( ( not ( eventually ( x_2 <= -6.91 ) ) ) and ( always ( x_5 <= 52.07 ) ) ) and ( always ( x_0 <= 87.75 ) )
1880,90,42,2,3,"[[7825, -1.0, 0.240497887134552], [2979, 1.0, 0.14752092957496643], [6670, 1.0, 0.011871324852108955]]",0.995880080692477,17,9,397,397,1.0,0.29648991784914114,368,361,0.9809782608695652,0.2772657450076805,"( ( not ( eventually ( x_2 <= -12.0665 ) ) ) and ( always[4,33] ( x_5 <= 43.75 ) ) ) and ( always ( x_0 <= 87.75 ) )"
1881,90,42,2,3,"[[7825, -1.0, 0.2549334764480591], [2636, 1.0, 0.34885841608047485], [6513, 1.0, 0.08234167098999023]]",0.9948131565834063,15,10,315,315,1.0,0.2352501867064974,322,312,0.968944099378882,0.23963133640552994,"( ( not ( eventually ( x_2 <= -4.24 ) ) ) and ( always ( x_5 <= 87.63 ) ) ) and ( eventually ( always[1,11] ( x_2 >= -0.71 ) ) )"
1882,90,15,0,3,"[[6670, -1.0, 0.5544291138648987], [5071, -1.0, 0.0], [954, 1.0, 0.10042541474103928]]",0.8168195740753164,16,13,85,74,0.8705882352941177,0.3203463203463203,84,70,0.8333333333333334,0.26717557251908397,"( ( not ( always ( ( x_0 <= 215.84 ) or ( x_5 >= 1037.5 ) ) ) ) and ( not ( eventually[17,inf] ( x_1 >= 193.9 ) ) ) ) and ( eventually[19,inf] ( always[1,8] ( x_2 >= -6.99 ) ) )"
1883,90,42,2,3,"[[7825, -1.0, 0.2500096261501312], [2636, 1.0, 0.48685264587402344], [6670, 1.0, 0.011871324852108955]]",0.9955926257239869,16,9,371,371,1.0,0.2770724421209858,332,332,1.0,0.25499231950844853,( ( not ( eventually ( x_2 <= -6.91 ) ) ) and ( always ( x_5 <= 52.07 ) ) ) and ( always ( x_0 <= 87.75 ) )
1884,90,42,2,3,"[[333, -1.0, 0.36914706230163574], [2636, 1.0, 0.0], [6670, 1.0, 0.018576605245471]]",0.9967194658321351,15,9,499,499,1.0,0.3726661687826736,418,412,0.9856459330143541,0.31643625192012287,( ( not ( eventually ( x_5 <= -12.604 ) ) ) and ( always ( x_5 <= 177.53 ) ) ) and ( always ( x_0 <= 86.23 ) )
1885,90,42,2,3,"[[7825, -1.0, 0.2500096261501312], [2636, 1.0, 0.48685264587402344], [6670, 1.0, 0.011871324852108955]]",0.9955926257239869,16,9,371,371,1.0,0.2770724421209858,332,332,1.0,0.25499231950844853,( ( not ( eventually ( x_2 <= -6.91 ) ) ) and ( always ( x_5 <= 52.07 ) ) ) and ( always ( x_0 <= 87.75 ) )
1886,90,42,2,3,"[[4869, 1.0, 0.29951542615890503], [2636, 1.0, 0.3388809561729431], [1462, 1.0, 0.17727749049663544]]",0.9835356571989772,16,8,454,450,0.9911894273127754,0.33607169529499625,437,427,0.977116704805492,0.3279569892473118,"( ( always ( x_1 >= -3.95 ) ) and ( always ( x_5 <= 90.2 ) ) ) and ( always[11,inf] ( x_0 >= -16.84 ) )"
1887,90,42,2,3,"[[7825, -1.0, 0.25412285327911377], [2636, 1.0, 0.02867048978805542], [9736, 1.0, 0.17209899425506592]]",0.9942703013868734,16,9,285,285,1.0,0.2128454070201643,221,214,0.9683257918552036,0.16436251920122888,"( ( not ( eventually ( x_2 <= -4.68 ) ) ) and ( always ( x_5 <= 170.14 ) ) ) and ( always[28,31] ( x_5 <= 6.7 ) )"
1888,90,42,2,3,"[[333, -1.0, 0.36914706230163574], [2636, 1.0, 0.0], [6670, 1.0, 0.018576605245471]]",0.9967194658321351,15,9,499,499,1.0,0.3726661687826736,418,412,0.9856459330143541,0.31643625192012287,( ( not ( eventually ( x_5 <= -12.604 ) ) ) and ( always ( x_5 <= 177.53 ) ) ) and ( always ( x_0 <= 86.23 ) )
1889,90,42,2,3,"[[7825, -1.0, 0.24715818464756012], [2636, 1.0, 0.15394757688045502], [6670, 1.0, 0.32359886169433594]]",0.9837790455836014,16,9,618,612,0.9902912621359223,0.4570575056011949,596,588,0.9865771812080537,0.45161290322580644,( ( not ( eventually ( x_2 <= -8.46 ) ) ) and ( always ( x_5 <= 137.86 ) ) ) and ( always ( x_0 <= 17.24 ) )
1890,90,42,2,3,"[[7825, -1.0, 0.24683934450149536], [2636, 1.0, 0.43365728855133057], [6670, 1.0, 0.011871324852108955]]",0.9794385321569318,16,9,487,481,0.9876796714579056,0.3592233009708738,444,438,0.9864864864864865,0.33640552995391704,( ( not ( eventually ( x_2 <= -8.63 ) ) ) and ( always ( x_5 <= 65.78 ) ) ) and ( always ( x_0 <= 87.75 ) )
1891,90,42,2,3,"[[6670, 1.0, 0.35486066341400146], [76, -1.0, 0.19954589009284973], [2636, 1.0, 0.11139656603336334]]",0.9885863063229495,15,11,540,537,0.9944444444444445,0.4010455563853622,540,528,0.9777777777777777,0.4055299539170507,"( ( always ( x_0 <= 10.17 ) ) and ( not ( eventually[1,26] ( ( x_4 >= -801.07 ) and ( x_2 <= -18.58 ) ) ) ) ) and ( always ( x_5 <= 148.82 ) )"
1892,90,42,2,3,"[[6670, 1.0, 0.35265326499938965], [5500, -1.0, 0.23812928795814514], [2636, 1.0, 0.33489829301834106]]",0.9963063025261367,16,9,443,443,1.0,0.3308439133681852,429,425,0.9906759906759907,0.32642089093702,"( ( always ( x_0 <= 10.67 ) ) and ( not ( eventually[0,31] ( x_2 <= -10.64 ) ) ) ) and ( always ( x_5 <= 91.23 ) )"
1893,90,42,2,3,"[[7825, -1.0, 0.25567829608917236], [3226, 1.0, 0.26823562383651733], [333, -1.0, 0.3614077568054199]]",0.9948131565834063,17,10,315,315,1.0,0.2352501867064974,277,269,0.9711191335740073,0.206605222734255,"( ( not ( eventually ( x_2 <= -3.8366 ) ) ) and ( always[4,inf] ( x_4 <= 74.33 ) ) ) and ( not ( eventually ( x_5 <= -14.66 ) ) )"
1894,90,42,2,3,"[[7825, -1.0, 0.2500096261501312], [2636, 1.0, 0.48685264587402344], [6670, 1.0, 0.011871324852108955]]",0.9955926257239869,16,9,371,371,1.0,0.2770724421209858,332,332,1.0,0.25499231950844853,( ( not ( eventually ( x_2 <= -6.91 ) ) ) and ( always ( x_5 <= 52.07 ) ) ) and ( always ( x_0 <= 87.75 ) )
1895,90,42,2,3,"[[7825, -1.0, 0.2500096261501312], [2636, 1.0, 0.48685264587402344], [6670, 1.0, 0.011871324852108955]]",0.9955926257239869,16,9,371,371,1.0,0.2770724421209858,332,332,1.0,0.25499231950844853,( ( not ( eventually ( x_2 <= -6.91 ) ) ) and ( always ( x_5 <= 52.07 ) ) ) and ( always ( x_0 <= 87.75 ) )
1896,90,42,2,3,"[[333, -1.0, 0.33422762155532837], [2636, 1.0, 0.0], [6670, 1.0, 0.018576605245471]]",0.9926436812174171,15,9,652,650,0.9969325153374233,0.4854368932038835,610,601,0.9852459016393442,0.46159754224270355,( ( not ( eventually ( x_5 <= -21.87 ) ) ) and ( always ( x_5 <= 177.53 ) ) ) and ( always ( x_0 <= 86.23 ) )
1897,90,42,2,2,"[[7825, -1.0, 0.25412285327911377], [9736, 1.0, 0.18012940883636475]]",0.9757197403351059,11,6,66,66,1.0,0.04929051530993279,49,41,0.8367346938775511,0.0314900153609831,"( not ( eventually ( x_2 <= -4.68 ) ) ) and ( always[28,31] ( x_5 <= 1.23 ) )"
1898,90,42,2,3,"[[7825, -1.0, 0.2500096261501312], [2636, 1.0, 0.48685264587402344], [6670, 1.0, 0.011871324852108955]]",0.9955926257239869,16,9,371,371,1.0,0.2770724421209858,332,332,1.0,0.25499231950844853,( ( not ( eventually ( x_2 <= -6.91 ) ) ) and ( always ( x_5 <= 52.07 ) ) ) and ( always ( x_0 <= 87.75 ) )
1899,90,42,2,3,"[[7825, -1.0, 0.24828489124774933], [2636, 1.0, 0.3395971655845642], [6670, 1.0, 0.3468719720840454]]",0.9962038521599509,16,9,431,431,1.0,0.321882001493652,423,421,0.9952718676122931,0.32334869431643626,( ( not ( eventually ( x_2 <= -7.84 ) ) ) and ( always ( x_5 <= 90.0153 ) ) ) and ( always ( x_0 <= 11.98 ) )
1900,90,42,2,3,"[[7825, -1.0, 0.2419416308403015], [2636, 1.0, 0.48685264587402344], [6670, 1.0, 0.32448506355285645]]",0.995262049488552,16,9,345,345,1.0,0.2576549663928305,317,314,0.9905362776025236,0.2411674347158218,( ( not ( eventually ( x_2 <= -11.28 ) ) ) and ( always ( x_5 <= 52.07 ) ) ) and ( always ( x_0 <= 17.04 ) )
1901,90,6,5,3,"[[2636, -1.0, 0.2060326784849167], [5071, -1.0, 0.2565973401069641], [6670, 1.0, 0.19198235869407654]]",0.854270708349122,17,10,31,29,0.9354838709677419,0.15343915343915343,18,14,0.7777777777777778,0.06635071090047394,"( ( not ( always ( x_5 <= 230.63 ) ) ) and ( not ( eventually[17,inf] ( x_1 >= 2.27 ) ) ) ) and ( always ( x_0 <= 47.01 ) )"
1902,90,42,2,3,"[[76, -1.0, 0.22330938279628754], [2636, 1.0, 0.3831334114074707], [6670, 1.0, 0.3271835446357727]]",0.9893560400762801,15,11,450,448,0.9955555555555555,0.3345780433159074,430,423,0.9837209302325581,0.3248847926267281,"( ( not ( eventually[1,26] ( ( x_4 >= -811.88 ) and ( x_2 <= -7.7684 ) ) ) ) and ( always ( x_5 <= 78.8 ) ) ) and ( always ( x_0 <= 16.43 ) )"
1903,90,15,0,3,"[[6670, -1.0, 0.5975147485733032], [2979, 1.0, 0.029424820095300674], [2415, 1.0, 0.008981136605143547]]",0.9651042199119716,17,12,94,93,0.9893617021276596,0.4025974025974026,102,97,0.9509803921568627,0.3702290076335878,"( ( not ( always ( x_0 <= 225.58 ) ) ) and ( always[4,33] ( x_5 <= 332.92 ) ) ) and ( ( always[1,4] ( x_1 >= -97.2 ) ) and ( always[2,32] ( x_0 >= -405.94 ) ) )"
1904,90,42,2,3,"[[333, -1.0, 0.36914706230163574], [2636, 1.0, 0.0], [6670, 1.0, 0.018576605245471]]",0.9967194658321351,15,9,499,499,1.0,0.3726661687826736,418,412,0.9856459330143541,0.31643625192012287,( ( not ( eventually ( x_5 <= -12.604 ) ) ) and ( always ( x_5 <= 177.53 ) ) ) and ( always ( x_0 <= 86.23 ) )
1905,90,42,2,3,"[[333, -1.0, 0.36914706230163574], [2636, 1.0, 0.0], [6670, 1.0, 0.018576605245471]]",0.9967194658321351,15,9,499,499,1.0,0.3726661687826736,418,412,0.9856459330143541,0.31643625192012287,( ( not ( eventually ( x_5 <= -12.604 ) ) ) and ( always ( x_5 <= 177.53 ) ) ) and ( always ( x_0 <= 86.23 ) )
1906,90,42,2,3,"[[7825, -1.0, 0.24317100644111633], [2636, 1.0, 0.40433502197265625], [6670, 1.0, 0.30416950583457947]]",0.9749634655883177,16,9,498,490,0.9839357429718876,0.3659447348767737,450,442,0.9822222222222222,0.33947772657450076,( ( not ( eventually ( x_2 <= -10.62 ) ) ) and ( always ( x_5 <= 73.33 ) ) ) and ( always ( x_0 <= 21.64 ) )
1907,90,42,2,3,"[[7825, -1.0, 0.240497887134552], [2979, 1.0, 0.14752092957496643], [6670, 1.0, 0.011871324852108955]]",0.995880080692477,17,9,397,397,1.0,0.29648991784914114,368,361,0.9809782608695652,0.2772657450076805,"( ( not ( eventually ( x_2 <= -12.0665 ) ) ) and ( always[4,33] ( x_5 <= 43.75 ) ) ) and ( always ( x_0 <= 87.75 ) )"
1908,90,95,13,3,"[[2636, -1.0, 0.25694307684898376], [6844, -1.0, 0.18100658059120178], [1183, 1.0, 0.2872776985168457]]",0.6412960168432938,16,10,15,12,0.8,0.09022556390977443,13,5,0.38461538461538464,0.0423728813559322,"( ( not ( always ( x_5 <= 243.75 ) ) ) and ( not ( eventually[2,7] ( x_2 >= 3.54 ) ) ) ) and ( always[8,27] ( x_1 >= -2.72 ) )"
1909,90,42,2,2,"[[7825, -1.0, 0.25412285327911377], [9736, 1.0, 0.18012940883636475]]",0.9757197403351059,11,6,66,66,1.0,0.04929051530993279,49,41,0.8367346938775511,0.0314900153609831,"( not ( eventually ( x_2 <= -4.68 ) ) ) and ( always[28,31] ( x_5 <= 1.23 ) )"
1910,90,42,2,2,"[[7825, -1.0, 0.24573515355587006], [2636, 1.0, 0.6276548504829407]]",0.9879804897845237,11,6,135,135,1.0,0.10082150858849888,115,112,0.9739130434782609,0.08602150537634409,( not ( eventually ( x_2 <= -9.23 ) ) ) and ( always ( x_5 <= 15.78 ) )
1911,90,42,2,3,"[[7825, -1.0, 0.240497887134552], [2979, 1.0, 0.14752092957496643], [6670, 1.0, 0.011871324852108955]]",0.995880080692477,17,9,397,397,1.0,0.29648991784914114,368,361,0.9809782608695652,0.2772657450076805,"( ( not ( eventually ( x_2 <= -12.0665 ) ) ) and ( always[4,33] ( x_5 <= 43.75 ) ) ) and ( always ( x_0 <= 87.75 ) )"
1912,90,42,2,3,"[[1462, 1.0, 0.23044973611831665], [2636, 1.0, 0.08918318897485733], [3390, 1.0, 0.27708321809768677]]",0.982226310671243,16,11,346,343,0.9913294797687862,0.2561613144137416,338,331,0.9792899408284024,0.2542242703533026,"( ( ( always[12,28] ( x_3 <= -951.92 ) ) or ( always[11,inf] ( x_0 >= -8.72 ) ) ) and ( always ( x_5 <= 154.55 ) ) ) and ( always[12,inf] ( x_1 <= 5.17 ) )"
1913,90,42,2,3,"[[7825, -1.0, 0.25567829608917236], [2979, 1.0, 0.12700104713439941], [333, -1.0, 0.37571263313293457]]",0.9935502705748722,18,10,253,253,1.0,0.18894697535474234,222,215,0.9684684684684685,0.1651305683563748,"( ( not ( eventually ( x_2 <= -3.8366 ) ) ) and ( always[4,33] ( x_5 <= 94.0 ) ) ) and ( not ( eventually ( x_5 <= -10.86 ) ) )"
1914,90,42,2,2,"[[7825, -1.0, 0.24573515355587006], [2636, 1.0, 0.6276548504829407]]",0.9879804897845237,11,6,135,135,1.0,0.10082150858849888,115,112,0.9739130434782609,0.08602150537634409,( not ( eventually ( x_2 <= -9.23 ) ) ) and ( always ( x_5 <= 15.78 ) )
1915,90,42,2,3,"[[7825, -1.0, 0.2500096261501312], [2636, 1.0, 0.48685264587402344], [6670, 1.0, 0.011871324852108955]]",0.9955926257239869,16,9,371,371,1.0,0.2770724421209858,332,332,1.0,0.25499231950844853,( ( not ( eventually ( x_2 <= -6.91 ) ) ) and ( always ( x_5 <= 52.07 ) ) ) and ( always ( x_0 <= 87.75 ) )
1916,90,88,10,3,"[[9226, -1.0, 0.2770421504974365], [7825, -1.0, 0.11311492323875427], [83, 1.0, 0.07280120253562927]]",0.8766788700896507,18,10,48,45,0.9375,0.29605263157894735,57,42,0.7368421052631579,0.2727272727272727,"( ( not ( eventually[29,inf] ( x_2 >= -0.55 ) ) ) and ( not ( eventually ( x_2 <= -81.13 ) ) ) ) and ( always[29,inf] ( x_1 <= -0.97 ) )"
1917,90,42,2,2,"[[7825, -1.0, 0.24573515355587006], [2636, 1.0, 0.6276548504829407]]",0.9879804897845237,11,6,135,135,1.0,0.10082150858849888,115,112,0.9739130434782609,0.08602150537634409,( not ( eventually ( x_2 <= -9.23 ) ) ) and ( always ( x_5 <= 15.78 ) )
1918,90,95,13,3,"[[636, -1.0, 0.21937185525894165], [5339, -1.0, 0.22581768035888672], [1949, -1.0, 0.171901673078537]]",0.8099625940446661,18,12,7,7,1.0,0.05263157894736842,5,2,0.4,0.01694915254237288,"( ( not ( eventually[26,29] ( x_4 <= 74.37 ) ) ) and ( not ( eventually[0,11] ( x_5 >= 7.39 ) ) ) ) and ( not ( always[9,inf] ( eventually[6,18] ( x_2 <= -2.35 ) ) ) )"
1919,90,42,2,3,"[[7825, -1.0, 0.2500096261501312], [2636, 1.0, 0.48685264587402344], [6670, 1.0, 0.011871324852108955]]",0.9955926257239869,16,9,371,371,1.0,0.2770724421209858,332,332,1.0,0.25499231950844853,( ( not ( eventually ( x_2 <= -6.91 ) ) ) and ( always ( x_5 <= 52.07 ) ) ) and ( always ( x_0 <= 87.75 ) )
1920,90,42,2,3,"[[4869, 1.0, 0.29939427971839905], [5264, 1.0, 0.20946162939071655], [1462, 1.0, 0.1478099375963211]]",0.9794524540267595,17,8,299,296,0.9899665551839465,0.2210604929051531,269,262,0.9739776951672863,0.2012288786482335,"( ( always ( x_1 >= -3.9674 ) ) and ( always ( x_4 <= 43.35 ) ) ) and ( always[11,inf] ( x_0 >= -21.33 ) )"
1921,90,42,2,3,"[[7825, -1.0, 0.2500096261501312], [2636, 1.0, 0.48685264587402344], [6670, 1.0, 0.011871324852108955]]",0.9955926257239869,16,9,371,371,1.0,0.2770724421209858,332,332,1.0,0.25499231950844853,( ( not ( eventually ( x_2 <= -6.91 ) ) ) and ( always ( x_5 <= 52.07 ) ) ) and ( always ( x_0 <= 87.75 ) )
1922,90,88,10,3,"[[83, 1.0, 0.06044929474592209], [3226, 1.0, 0.30174410343170166], [2415, 1.0, 0.16979347169399261]]",0.7527428728793251,15,8,5,5,1.0,0.03289473684210526,4,1,0.25,0.006493506493506494,"( ( always[29,inf] ( x_1 <= 0.36 ) ) and ( always[4,inf] ( x_4 <= 46.48 ) ) ) and ( always[1,4] ( x_1 >= 6.49 ) )"
1923,90,15,0,3,"[[6670, -1.0, 0.5698592662811279], [2979, 1.0, 0.029424820095300674], [9226, -1.0, 0.2191375195980072]]",0.9749799663741175,18,10,64,64,1.0,0.27705627705627706,79,75,0.9493670886075949,0.2862595419847328,"( ( not ( always ( x_0 <= 219.33 ) ) ) and ( always[4,33] ( x_5 <= 332.92 ) ) ) and ( not ( eventually[29,inf] ( x_2 >= 22.38 ) ) )"
1924,90,62,6,3,"[[2636, -1.0, 0.012482235208153725], [9569, -1.0, 0.0727098360657692], [2979, 1.0, 0.0900755524635315]]",0.9163861567630498,18,10,18,18,1.0,0.2571428571428571,27,13,0.48148148148148145,0.14942528735632185,"( ( not ( always ( x_5 <= 180.75 ) ) ) and ( not ( eventually ( x_5 >= 211.63 ) ) ) ) and ( always[4,33] ( x_5 <= 184.42 ) )"
1925,90,42,2,3,"[[7825, -1.0, 0.24828489124774933], [2636, 1.0, 0.3395971655845642], [6670, 1.0, 0.3468719720840454]]",0.9962038521599509,16,9,431,431,1.0,0.321882001493652,423,421,0.9952718676122931,0.32334869431643626,( ( not ( eventually ( x_2 <= -7.84 ) ) ) and ( always ( x_5 <= 90.0153 ) ) ) and ( always ( x_0 <= 11.98 ) )
1926,90,42,2,3,"[[7825, -1.0, 0.24828489124774933], [2636, 1.0, 0.3395971655845642], [6670, 1.0, 0.3468719720840454]]",0.9962038521599509,16,9,431,431,1.0,0.321882001493652,423,421,0.9952718676122931,0.32334869431643626,( ( not ( eventually ( x_2 <= -7.84 ) ) ) and ( always ( x_5 <= 90.0153 ) ) ) and ( always ( x_0 <= 11.98 ) )
1927,90,62,6,3,"[[2636, -1.0, 0.012482235208153725], [9569, -1.0, 0.08786273002624512], [3226, 1.0, 0.14581605792045593]]",0.8796122753143348,17,10,12,12,1.0,0.17142857142857143,5,3,0.6,0.034482758620689655,"( ( not ( always ( x_5 <= 180.75 ) ) ) and ( not ( eventually ( x_5 >= 189.61 ) ) ) ) and ( always[4,inf] ( x_4 <= 176.09 ) )"
1928,90,42,2,3,"[[333, -1.0, 0.3424757421016693], [2636, 1.0, 0.0], [6670, 1.0, 0.018576605245471]]",0.994699995075089,15,9,629,628,0.9984101748807631,0.4690067214339059,592,583,0.9847972972972973,0.4477726574500768,( ( not ( eventually ( x_5 <= -19.68 ) ) ) and ( always ( x_5 <= 177.53 ) ) ) and ( always ( x_0 <= 86.23 ) )
1929,90,42,2,2,"[[2636, 1.0, 0.25012218952178955], [333, -1.0, 0.375763475894928]]",0.9902187835078976,10,6,340,339,0.9970588235294118,0.25317401045556387,287,279,0.9721254355400697,0.21428571428571427,( always ( x_5 <= 113.07 ) ) and ( not ( eventually ( x_5 <= -10.85 ) ) )
1930,90,42,2,3,"[[7825, -1.0, 0.2496151328086853], [2636, 1.0, 0.17625947296619415], [4968, -1.0, 0.28228282928466797]]",0.9723253656950607,17,10,406,399,0.9827586206896551,0.29798356982823004,375,364,0.9706666666666667,0.27956989247311825,"( ( not ( eventually ( x_2 <= -7.12 ) ) ) and ( always ( x_5 <= 132.11 ) ) ) and ( not ( eventually[3,18] ( x_5 >= 27.19 ) ) )"
1931,90,42,2,2,"[[7825, -1.0, 0.25412285327911377], [9736, 1.0, 0.18012940883636475]]",0.9757197403351059,11,6,66,66,1.0,0.04929051530993279,49,41,0.8367346938775511,0.0314900153609831,"( not ( eventually ( x_2 <= -4.68 ) ) ) and ( always[28,31] ( x_5 <= 1.23 ) )"
1932,90,42,2,3,"[[7825, -1.0, 0.25412285327911377], [2636, 1.0, 0.02867048978805542], [9736, 1.0, 0.17209899425506592]]",0.9942703013868734,16,9,285,285,1.0,0.2128454070201643,221,214,0.9683257918552036,0.16436251920122888,"( ( not ( eventually ( x_2 <= -4.68 ) ) ) and ( always ( x_5 <= 170.14 ) ) ) and ( always[28,31] ( x_5 <= 6.7 ) )"
1933,90,42,2,3,"[[7825, -1.0, 0.2512921392917633], [2636, 1.0, 0.15394757688045502], [6670, 1.0, 0.3049207925796509]]",0.9871643925583097,16,9,583,579,0.9931389365351629,0.4324122479462285,546,540,0.989010989010989,0.4147465437788018,( ( not ( eventually ( x_2 <= -6.21 ) ) ) and ( always ( x_5 <= 137.86 ) ) ) and ( always ( x_0 <= 21.47 ) )
1934,90,42,2,3,"[[2636, 1.0, 0.4769623875617981], [7825, -1.0, 0.230026975274086], [1462, 1.0, 0.16589611768722534]]",0.9827016388715273,17,9,432,428,0.9907407407407407,0.3196415235250187,413,399,0.9661016949152542,0.3064516129032258,"( ( always ( x_5 <= 54.61 ) ) and ( not ( eventually ( x_2 <= -17.74 ) ) ) ) and ( always[11,inf] ( x_0 >= -18.57 ) )"
1935,90,42,2,3,"[[7825, -1.0, 0.24828489124774933], [2636, 1.0, 0.3395971655845642], [6670, 1.0, 0.3468719720840454]]",0.9962038521599509,16,9,431,431,1.0,0.321882001493652,423,421,0.9952718676122931,0.32334869431643626,( ( not ( eventually ( x_2 <= -7.84 ) ) ) and ( always ( x_5 <= 90.0153 ) ) ) and ( always ( x_0 <= 11.98 ) )
1936,90,62,6,3,"[[2636, -1.0, 0.012482235208153725], [9569, -1.0, 0.0727098360657692], [2979, 1.0, 0.0900755524635315]]",0.9163861567630498,18,10,18,18,1.0,0.2571428571428571,27,13,0.48148148148148145,0.14942528735632185,"( ( not ( always ( x_5 <= 180.75 ) ) ) and ( not ( eventually ( x_5 >= 211.63 ) ) ) ) and ( always[4,33] ( x_5 <= 184.42 ) )"
1937,90,42,2,3,"[[76, -1.0, 0.23182033002376556], [2636, 1.0, 0.48685264587402344], [6670, 1.0, 0.16350218653678894]]",0.9897384374869328,15,11,324,323,0.9969135802469136,0.24122479462285287,293,290,0.9897610921501706,0.2227342549923195,"( ( not ( eventually[1,26] ( ( x_4 >= -815.75 ) and ( x_2 <= -3.8954 ) ) ) ) and ( always ( x_5 <= 52.07 ) ) ) and ( always ( x_0 <= 53.45 ) )"
1938,90,42,2,2,"[[333, -1.0, 0.375763475894928], [2636, 1.0, 0.32548168301582336]]",0.9946614167886589,10,6,306,306,1.0,0.22852875280059745,252,247,0.9801587301587301,0.18970814132104455,( not ( eventually ( x_5 <= -10.85 ) ) ) and ( always ( x_5 <= 93.65 ) )
1939,90,42,2,3,"[[7825, -1.0, 0.240497887134552], [2979, 1.0, 0.14752092957496643], [6670, 1.0, 0.011871324852108955]]",0.995880080692477,17,9,397,397,1.0,0.29648991784914114,368,361,0.9809782608695652,0.2772657450076805,"( ( not ( eventually ( x_2 <= -12.0665 ) ) ) and ( always[4,33] ( x_5 <= 43.75 ) ) ) and ( always ( x_0 <= 87.75 ) )"
1940,90,42,2,3,"[[7825, -1.0, 0.240497887134552], [2979, 1.0, 0.14752092957496643], [6670, 1.0, 0.011871324852108955]]",0.995880080692477,17,9,397,397,1.0,0.29648991784914114,368,361,0.9809782608695652,0.2772657450076805,"( ( not ( eventually ( x_2 <= -12.0665 ) ) ) and ( always[4,33] ( x_5 <= 43.75 ) ) ) and ( always ( x_0 <= 87.75 ) )"
1941,90,42,2,3,"[[1462, 1.0, 0.23104986548423767], [2636, 1.0, 0.08918318897485733], [3390, 1.0, 0.2656399607658386]]",0.9756915662009792,16,11,513,505,0.9844054580896686,0.3771471247199403,495,482,0.9737373737373738,0.37019969278033793,"( ( ( always[12,28] ( x_3 <= -952.01 ) ) or ( always[11,inf] ( x_0 >= -8.63 ) ) ) and ( always ( x_5 <= 154.55 ) ) ) and ( always[12,inf] ( x_1 <= 14.55 ) )"
1942,90,88,10,3,"[[83, 1.0, 0.0666184276342392], [3226, 1.0, 0.33172065019607544], [7825, -1.0, 0.11129201948642731]]",0.782680588807032,16,9,38,33,0.868421052631579,0.21710526315789475,44,31,0.7045454545454546,0.2012987012987013,"( ( always[29,inf] ( x_1 <= -0.31 ) ) and ( always[4,inf] ( x_4 <= 21.56 ) ) ) and ( not ( eventually ( x_2 <= -82.11 ) ) )"
1943,90,6,5,3,"[[2636, -1.0, 0.23280847072601318], [559, 1.0, 0.0], [6670, 1.0, 0.3304736018180847]]",0.9539207350211852,16,9,34,34,1.0,0.17989417989417988,32,27,0.84375,0.12796208530805686,"( ( not ( always ( x_5 <= 237.53 ) ) ) and ( always[27,inf] ( x_5 <= 79.26 ) ) ) and ( always ( x_0 <= 15.69 ) )"
1944,90,42,2,3,"[[4869, 1.0, 0.29951542615890503], [2636, 1.0, 0.3292710781097412], [6670, 1.0, 0.2790236473083496]]",0.9725518521927115,15,11,454,446,0.9823788546255506,0.3330843913368185,446,434,0.9730941704035875,0.3333333333333333,"( ( ( always ( x_1 >= -3.95 ) ) or ( eventually[10,14] ( x_0 <= -592.02 ) ) ) and ( always ( x_5 <= 92.68 ) ) ) and ( always ( x_0 <= 27.32 ) )"
1945,90,92,12,2,"[[83, -1.0, 0.8852884769439697], [1183, -1.0, 1.1349170207977295]]",0.9632104152911618,11,9,43,43,1.0,0.4387755102040816,52,38,0.7307692307692307,0.37254901960784315,"( not ( always[29,inf] ( ( x_0 >= -67.2 ) or ( x_1 <= 101.86 ) ) ) ) and ( not ( always[8,27] ( x_1 >= -384.85 ) ) )"
1946,90,42,2,3,"[[76, -1.0, 0.22330938279628754], [5264, 1.0, 0.2128935158252716], [6670, 1.0, 0.32511216402053833]]",0.9884237902904847,16,11,287,286,0.9965156794425087,0.21359223300970873,291,284,0.9759450171821306,0.21812596006144394,"( ( not ( eventually[1,26] ( ( x_4 >= -811.88 ) and ( x_2 <= -7.7684 ) ) ) ) and ( always ( x_4 <= 38.22 ) ) ) and ( always ( x_0 <= 16.9 ) )"
1947,90,95,13,3,"[[559, -1.0, 0.7291029095649719], [7008, -1.0, 0.20639045536518097], [1462, 1.0, 0.21936741471290588]]",0.8589313179094591,19,10,10,10,1.0,0.07518796992481203,14,6,0.42857142857142855,0.05084745762711865,"( ( not ( always[27,inf] ( x_5 <= 243.25 ) ) ) and ( not ( eventually[7,25] ( x_4 >= 26.19 ) ) ) ) and ( always[11,inf] ( x_0 >= -10.41 ) )"
1948,90,42,2,3,"[[4869, 1.0, 0.29536980390548706], [2636, 1.0, 0.24963712692260742], [333, -1.0, 0.2680816650390625]]",0.9671128946021252,16,9,488,477,0.9774590163934426,0.35623599701269604,451,439,0.9733924611973392,0.337173579109063,( ( always ( x_1 >= -4.5514 ) ) and ( always ( x_5 <= 113.2 ) ) ) and ( not ( eventually ( x_5 <= -39.43 ) ) )
1949,90,15,0,3,"[[6670, -1.0, 0.1393180638551712], [5264, 1.0, 0.1010252833366394], [1949, -1.0, 0.16115640103816986]]",0.9433977925602869,16,11,83,81,0.9759036144578314,0.35064935064935066,83,80,0.963855421686747,0.3053435114503817,"( ( not ( always ( x_0 <= 121.95 ) ) ) and ( always ( x_4 <= 205.59 ) ) ) and ( not ( always[9,inf] ( eventually[6,18] ( x_2 <= -8.86 ) ) ) )"
1950,90,42,2,3,"[[7825, -1.0, 0.2532997131347656], [2636, 1.0, 0.33489829301834106], [6670, 1.0, 0.29133862257003784]]",0.9895864342271095,16,9,460,458,0.9956521739130435,0.34204630321135177,442,440,0.995475113122172,0.3379416282642089,( ( not ( eventually ( x_2 <= -5.1261 ) ) ) and ( always ( x_5 <= 91.23 ) ) ) and ( always ( x_0 <= 24.54 ) )
1951,90,15,0,3,"[[6670, -1.0, 0.5975147485733032], [2979, 1.0, 0.01788126304745674], [2415, 1.0, 0.1391424983739853]]",0.9586269504758088,17,12,79,78,0.9873417721518988,0.33766233766233766,84,79,0.9404761904761905,0.3015267175572519,"( ( not ( always ( x_0 <= 225.58 ) ) ) and ( always[4,33] ( x_5 <= 361.19 ) ) ) and ( ( always[1,4] ( x_1 >= -13.27 ) ) and ( always[2,32] ( x_0 >= -322.02 ) ) )"
1952,90,62,6,3,"[[2636, -1.0, 0.012482235208153725], [9569, -1.0, 0.06801441311836243], [2979, 1.0, 0.0900755524635315]]",0.8534891367109191,18,10,21,20,0.9523809523809523,0.2857142857142857,30,14,0.4666666666666667,0.16091954022988506,"( ( not ( always ( x_5 <= 180.75 ) ) ) and ( not ( eventually ( x_5 >= 218.45 ) ) ) ) and ( always[4,33] ( x_5 <= 184.42 ) )"
1953,90,42,2,3,"[[7825, -1.0, 0.24828489124774933], [2636, 1.0, 0.3395971655845642], [6670, 1.0, 0.3468719720840454]]",0.9962038521599509,16,9,431,431,1.0,0.321882001493652,423,421,0.9952718676122931,0.32334869431643626,( ( not ( eventually ( x_2 <= -7.84 ) ) ) and ( always ( x_5 <= 90.0153 ) ) ) and ( always ( x_0 <= 11.98 ) )
1954,90,42,2,3,"[[7825, -1.0, 0.2500096261501312], [2636, 1.0, 0.48685264587402344], [6670, 1.0, 0.011871324852108955]]",0.9955926257239869,16,9,371,371,1.0,0.2770724421209858,332,332,1.0,0.25499231950844853,( ( not ( eventually ( x_2 <= -6.91 ) ) ) and ( always ( x_5 <= 52.07 ) ) ) and ( always ( x_0 <= 87.75 ) )
1955,90,42,2,3,"[[76, -1.0, 0.2265358567237854], [2636, 1.0, 0.3690217137336731], [6670, 1.0, 0.26342082023620605]]",0.9752598777964304,15,11,504,496,0.9841269841269841,0.3704256908140403,468,460,0.9829059829059829,0.3533026113671275,"( ( not ( eventually[1,26] ( ( x_4 >= -813.35 ) and ( x_2 <= -6.3 ) ) ) ) and ( always ( x_5 <= 82.43 ) ) ) and ( always ( x_0 <= 30.85 ) )"
1956,90,42,2,3,"[[7825, -1.0, 0.2500096261501312], [2636, 1.0, 0.48685264587402344], [6670, 1.0, 0.011871324852108955]]",0.9955926257239869,16,9,371,371,1.0,0.2770724421209858,332,332,1.0,0.25499231950844853,( ( not ( eventually ( x_2 <= -6.91 ) ) ) and ( always ( x_5 <= 52.07 ) ) ) and ( always ( x_0 <= 87.75 ) )
1957,90,42,2,3,"[[7825, -1.0, 0.2500096261501312], [2636, 1.0, 0.24350211024284363], [6670, 1.0, 0.3159447908401489]]",0.9866155686791835,16,9,559,555,0.9928443649373881,0.4144884241971621,535,527,0.9850467289719627,0.40476190476190477,( ( not ( eventually ( x_2 <= -6.91 ) ) ) and ( always ( x_5 <= 114.78 ) ) ) and ( always ( x_0 <= 18.97 ) )
1958,90,42,2,3,"[[6670, 1.0, 0.3137946128845215], [1183, 1.0, 0.27203625440597534], [2636, 1.0, 0.33994197845458984]]",0.9725372750555841,14,8,585,574,0.9811965811965812,0.42867811799850636,551,536,0.9727767695099818,0.4116743471582181,"( ( always ( x_0 <= 19.46 ) ) and ( always[8,27] ( x_1 >= -6.82 ) ) ) and ( always ( x_5 <= 89.93 ) )"
1959,90,88,10,3,"[[83, 1.0, 0.05599077790975571], [9114, -1.0, 0.0368652269244194], [9226, -1.0, 0.2669137716293335]]",0.4382164209581632,17,12,89,45,0.5056179775280899,0.29605263157894735,106,43,0.4056603773584906,0.2792207792207792,"( ( always[29,inf] ( ( x_0 >= 33.83 ) or ( x_1 <= 0.834 ) ) ) and ( not ( always[4,5] ( x_0 >= -6.04 ) ) ) ) and ( not ( eventually[29,inf] ( x_2 >= 3.46 ) ) )"
1960,90,42,2,3,"[[7825, -1.0, 0.2551865577697754], [3226, 1.0, 0.3116869628429413], [6670, 1.0, 0.29133862257003784]]",0.9946088444908465,16,9,303,303,1.0,0.22628827483196415,282,280,0.9929078014184397,0.21505376344086022,"( ( not ( eventually ( x_2 <= -4.1 ) ) ) and ( always[4,inf] ( x_4 <= 38.21 ) ) ) and ( always ( x_0 <= 24.54 ) )"
1961,90,15,0,3,"[[6670, -1.0, 0.09428733587265015], [5264, 1.0, 0.07489495724439621], [2415, 1.0, 0.1570199579000473]]",0.9779967554888438,17,12,73,73,1.0,0.31601731601731603,79,70,0.8860759493670886,0.26717557251908397,"( ( not ( always ( x_0 <= 111.76 ) ) ) and ( always ( x_4 <= 244.69 ) ) ) and ( ( always[1,4] ( x_1 >= -1.74 ) ) and ( always[2,32] ( x_0 >= -310.49 ) ) )"
1962,90,42,2,2,"[[7825, -1.0, 0.24573515355587006], [2636, 1.0, 0.6276548504829407]]",0.9879804897845237,11,6,135,135,1.0,0.10082150858849888,115,112,0.9739130434782609,0.08602150537634409,( not ( eventually ( x_2 <= -9.23 ) ) ) and ( always ( x_5 <= 15.78 ) )
1963,90,95,13,3,"[[2636, -1.0, 0.0338846854865551], [4968, -1.0, 0.2527552843093872], [2268, 1.0, 0.20404979586601257]]",0.4651946475409365,17,12,16,10,0.625,0.07518796992481203,29,15,0.5172413793103449,0.1271186440677966,"( ( not ( always ( x_5 <= 186.27 ) ) ) and ( not ( eventually[3,18] ( ( x_4 <= 2074.26 ) and ( x_5 >= 39.12 ) ) ) ) ) and ( always[8,20] ( x_2 >= -1.99 ) )"
1964,90,62,6,3,"[[2636, -1.0, 0.012482235208153725], [9569, -1.0, 0.08063369989395142], [6670, 1.0, 0.2757033705711365]]",0.7748248348699284,17,13,31,27,0.8709677419354839,0.38571428571428573,23,16,0.6956521739130435,0.1839080459770115,"( ( not ( always ( x_5 <= 180.75 ) ) ) and ( not ( ( eventually ( x_5 >= 200.12 ) ) and ( always[16,inf] ( x_4 <= 37746.85 ) ) ) ) ) and ( always ( x_0 <= 28.08 ) )"
1965,90,42,2,3,"[[7825, -1.0, 0.24828489124774933], [2636, 1.0, 0.3395971655845642], [6670, 1.0, 0.3468719720840454]]",0.9962038521599509,16,9,431,431,1.0,0.321882001493652,423,421,0.9952718676122931,0.32334869431643626,( ( not ( eventually ( x_2 <= -7.84 ) ) ) and ( always ( x_5 <= 90.0153 ) ) ) and ( always ( x_0 <= 11.98 ) )
1966,90,42,2,3,"[[6670, 1.0, 0.29267382621765137], [954, 1.0, 0.10868942737579346], [2636, 1.0, 0.20140205323696136]]",0.9553413579330904,13,13,794,766,0.964735516372796,0.572068707991038,780,747,0.9576923076923077,0.5737327188940092,"( ( always ( ( x_0 <= 24.24 ) or ( x_5 >= 1229.1 ) ) ) and ( eventually[19,inf] ( always[1,8] ( x_2 >= -2.71 ) ) ) ) and ( always ( ( x_5 <= 125.63 ) or ( x_5 >= 2090.55 ) ) )"
1967,90,42,2,2,"[[333, -1.0, 0.375763475894928], [2636, 1.0, 0.32548168301582336]]",0.9946614167886589,10,6,306,306,1.0,0.22852875280059745,252,247,0.9801587301587301,0.18970814132104455,( not ( eventually ( x_5 <= -10.85 ) ) ) and ( always ( x_5 <= 93.65 ) )
1968,90,42,2,3,"[[7825, -1.0, 0.2500096261501312], [2636, 1.0, 0.48685264587402344], [6670, 1.0, 0.011871324852108955]]",0.9955926257239869,16,9,371,371,1.0,0.2770724421209858,332,332,1.0,0.25499231950844853,( ( not ( eventually ( x_2 <= -6.91 ) ) ) and ( always ( x_5 <= 52.07 ) ) ) and ( always ( x_0 <= 87.75 ) )
1969,90,42,2,3,"[[7825, -1.0, 0.2500096261501312], [2636, 1.0, 0.48685264587402344], [6670, 1.0, 0.011871324852108955]]",0.9955926257239869,16,9,371,371,1.0,0.2770724421209858,332,332,1.0,0.25499231950844853,( ( not ( eventually ( x_2 <= -6.91 ) ) ) and ( always ( x_5 <= 52.07 ) ) ) and ( always ( x_0 <= 87.75 ) )
1970,90,42,2,3,"[[7825, -1.0, 0.2500096261501312], [2636, 1.0, 0.48685264587402344], [6670, 1.0, 0.011871324852108955]]",0.9955926257239869,16,9,371,371,1.0,0.2770724421209858,332,332,1.0,0.25499231950844853,( ( not ( eventually ( x_2 <= -6.91 ) ) ) and ( always ( x_5 <= 52.07 ) ) ) and ( always ( x_0 <= 87.75 ) )
1971,90,42,2,3,"[[7825, -1.0, 0.24892975389957428], [2636, 1.0, 0.32681554555892944], [636, -1.0, 0.11324664205312729]]",0.9903753424623937,18,10,169,169,1.0,0.1262135922330097,177,167,0.943502824858757,0.1282642089093702,"( ( not ( eventually ( x_2 <= -7.4953 ) ) ) and ( always ( x_5 <= 93.31 ) ) ) and ( not ( eventually[26,29] ( x_4 <= -0.3832 ) ) )"
1972,90,95,13,3,"[[559, -1.0, 0.5169373750686646], [1462, 1.0, 0.1761312335729599], [6844, -1.0, 0.18051007390022278]]",0.6729589441877418,18,10,39,30,0.7692307692307693,0.22556390977443608,45,24,0.5333333333333333,0.2033898305084746,"( ( not ( always[27,inf] ( x_5 <= 195.53 ) ) ) and ( always[11,inf] ( x_0 >= -17.01 ) ) ) and ( not ( eventually[2,7] ( x_2 >= 3.91 ) ) )"
1973,90,42,2,2,"[[7825, -1.0, 0.24573515355587006], [2636, 1.0, 0.6276548504829407]]",0.9879804897845237,11,6,135,135,1.0,0.10082150858849888,115,112,0.9739130434782609,0.08602150537634409,( not ( eventually ( x_2 <= -9.23 ) ) ) and ( always ( x_5 <= 15.78 ) )
1974,90,42,2,3,"[[7825, -1.0, 0.25147226452827454], [2636, 1.0, 0.41158410906791687], [6670, 1.0, 0.011871324852108955]]",0.9864046404439766,16,9,453,450,0.9933774834437086,0.33607169529499625,415,414,0.9975903614457832,0.31797235023041476,( ( not ( eventually ( x_2 <= -6.12 ) ) ) and ( always ( x_5 <= 71.46 ) ) ) and ( always ( x_0 <= 87.75 ) )
1975,90,62,6,3,"[[2636, -1.0, 0.012482235208153725], [9569, -1.0, 0.0727098360657692], [4869, 1.0, 0.27451735734939575]]",0.7714200018516574,18,10,36,31,0.8611111111111112,0.44285714285714284,40,26,0.65,0.2988505747126437,( ( not ( always ( x_5 <= 180.75 ) ) ) and ( not ( eventually ( x_5 >= 211.63 ) ) ) ) and ( always ( x_1 >= -7.58 ) )
1976,90,88,10,3,"[[6844, -1.0, 0.18559539318084717], [7825, -1.0, 0.1299290955066681], [8005, -1.0, 0.17616674304008484]]",0.8313344733894761,16,11,18,17,0.9444444444444444,0.1118421052631579,20,13,0.65,0.08441558441558442,"( ( not ( eventually[2,7] ( x_2 >= 0.15 ) ) ) and ( not ( eventually ( x_2 <= -72.01 ) ) ) ) and ( not ( always[21,24] ( x_0 >= -38.97 ) ) )"
1977,90,42,2,3,"[[2636, 1.0, 0.2534947395324707], [954, 1.0, 0.11099641025066376], [6844, -1.0, 0.18338879942893982]]",0.9687239805317192,14,10,279,274,0.982078853046595,0.2046303211351755,294,277,0.9421768707482994,0.21274961597542244,"( ( always ( x_5 <= 112.2 ) ) and ( eventually[19,inf] ( always[1,8] ( x_2 >= -1.51 ) ) ) ) and ( not ( eventually[2,7] ( x_2 >= 1.78 ) ) )"
1978,90,42,2,3,"[[1462, 1.0, 0.2619147300720215], [2636, 1.0, 0.1518293023109436], [7876, 1.0, 0.23030853271484375]]",0.978812002862217,15,11,413,408,0.9878934624697336,0.30470500373412995,381,374,0.9816272965879265,0.2872503840245776,"( ( ( always[12,28] ( x_3 <= -956.72 ) ) or ( always[11,inf] ( x_0 >= -3.9153 ) ) ) and ( always ( x_5 <= 138.4 ) ) ) and ( always[10,18] ( x_2 <= 18.1 ) )"
1979,90,42,2,3,"[[333, -1.0, 0.3612343668937683], [3226, 1.0, 0.26824796199798584], [1462, 1.0, 0.26635462045669556]]",0.9922398601901518,16,9,210,210,1.0,0.15683345780433158,189,183,0.9682539682539683,0.14055299539170507,"( ( not ( eventually ( x_5 <= -14.7 ) ) ) and ( always[4,inf] ( x_4 <= 74.32 ) ) ) and ( always[11,inf] ( x_0 >= -3.2375 ) )"
1980,90,95,13,3,"[[559, -1.0, 0.7291029095649719], [3226, 1.0, 0.13314831256866455], [6844, -1.0, 0.17913012206554413]]",0.8296711635082987,17,10,8,8,1.0,0.06015037593984962,6,3,0.5,0.025423728813559324,"( ( not ( always[27,inf] ( x_5 <= 243.25 ) ) ) and ( always[4,inf] ( x_4 <= 186.62 ) ) ) and ( not ( eventually[2,7] ( x_2 >= 4.93 ) ) )"
1981,90,42,2,3,"[[7825, -1.0, 0.25412285327911377], [9736, 1.0, 0.17203958332538605], [2636, 1.0, 0.0362151563167572]]",0.9942703013868734,16,9,285,285,1.0,0.2128454070201643,222,215,0.9684684684684685,0.1651305683563748,"( ( not ( eventually ( x_2 <= -4.68 ) ) ) and ( always[28,31] ( x_5 <= 6.75 ) ) ) and ( always ( x_5 <= 168.2 ) )"
1982,90,42,2,3,"[[7825, -1.0, 0.24828489124774933], [2636, 1.0, 0.15394757688045502], [6670, 1.0, 0.32359886169433594]]",0.9853402208826372,16,9,598,593,0.9916387959866221,0.44286781179985063,574,568,0.9895470383275261,0.4362519201228879,( ( not ( eventually ( x_2 <= -7.84 ) ) ) and ( always ( x_5 <= 137.86 ) ) ) and ( always ( x_0 <= 17.24 ) )
1983,90,42,2,3,"[[7825, -1.0, 0.240497887134552], [2979, 1.0, 0.14752092957496643], [6670, 1.0, 0.011871324852108955]]",0.995880080692477,17,9,397,397,1.0,0.29648991784914114,368,361,0.9809782608695652,0.2772657450076805,"( ( not ( eventually ( x_2 <= -12.0665 ) ) ) and ( always[4,33] ( x_5 <= 43.75 ) ) ) and ( always ( x_0 <= 87.75 ) )"
1984,90,42,2,3,"[[7825, -1.0, 0.24828489124774933], [2636, 1.0, 0.3395971655845642], [6670, 1.0, 0.3468719720840454]]",0.9962038521599509,16,9,431,431,1.0,0.321882001493652,423,421,0.9952718676122931,0.32334869431643626,( ( not ( eventually ( x_2 <= -7.84 ) ) ) and ( always ( x_5 <= 90.0153 ) ) ) and ( always ( x_0 <= 11.98 ) )
1985,90,42,2,3,"[[7825, -1.0, 0.2347220480442047], [2636, 1.0, 0.24350211024284363], [6844, -1.0, 0.18434354662895203]]",0.9746779444511218,17,10,188,186,0.9893617021276596,0.13890963405526513,186,172,0.9247311827956989,0.13210445468509985,"( ( not ( eventually ( x_2 <= -15.1979 ) ) ) and ( always ( x_5 <= 114.78 ) ) ) and ( not ( eventually[2,7] ( x_2 >= 1.07 ) ) )"
1986,90,15,0,3,"[[6670, -1.0, 0.6171448230743408], [4968, -1.0, 0.17962750792503357], [1183, 1.0, 0.03189581632614136]]",0.9259842064731144,16,10,63,61,0.9682539682539683,0.26406926406926406,47,40,0.851063829787234,0.15267175572519084,"( ( not ( always ( x_0 <= 230.02 ) ) ) and ( not ( eventually[3,18] ( x_5 >= 68.68 ) ) ) ) and ( always[8,27] ( x_1 >= -71.34 ) )"
1987,90,95,13,3,"[[2636, -1.0, 0.25694307684898376], [5339, -1.0, 0.22522100806236267], [333, -1.0, 0.3600136637687683]]",0.7745459511544001,18,11,13,12,0.9230769230769231,0.09022556390977443,8,2,0.25,0.01694915254237288,"( ( not ( always ( x_5 <= 243.75 ) ) ) and ( not ( eventually[0,11] ( x_5 >= 7.83 ) ) ) ) and ( not ( eventually ( x_5 <= -15.03 ) ) )"
1988,90,42,2,2,"[[333, -1.0, 0.375763475894928], [2636, 1.0, 0.32548168301582336]]",0.9946614167886589,10,6,306,306,1.0,0.22852875280059745,252,247,0.9801587301587301,0.18970814132104455,( not ( eventually ( x_5 <= -10.85 ) ) ) and ( always ( x_5 <= 93.65 ) )
1989,90,42,2,3,"[[7825, -1.0, 0.25255846977233887], [2636, 1.0, 0.32410234212875366], [8090, 1.0, 0.13810157775878906]]",0.9900848172398594,17,9,164,164,1.0,0.12247946228528753,171,167,0.9766081871345029,0.1282642089093702,"( ( not ( eventually ( x_2 <= -5.53 ) ) ) and ( always ( x_5 <= 94.01 ) ) ) and ( always[27,inf] ( x_4 >= -1.76 ) )"
1990,90,42,2,3,"[[7825, -1.0, 0.2500096261501312], [2636, 1.0, 0.48685264587402344], [6670, 1.0, 0.011871324852108955]]",0.9955926257239869,16,9,371,371,1.0,0.2770724421209858,332,332,1.0,0.25499231950844853,( ( not ( eventually ( x_2 <= -6.91 ) ) ) and ( always ( x_5 <= 52.07 ) ) ) and ( always ( x_0 <= 87.75 ) )
1991,90,95,13,3,"[[2636, -1.0, 0.25694307684898376], [4968, -1.0, 0.03938133269548416], [333, -1.0, 0.21770060062408447]]",0.5173258821572041,17,13,60,36,0.6,0.2706766917293233,42,22,0.5238095238095238,0.1864406779661017,"( ( not ( always ( x_5 <= 243.75 ) ) ) and ( not ( eventually[3,18] ( ( x_4 <= 1988.03 ) and ( x_5 >= 125.36 ) ) ) ) ) and ( not ( eventually ( x_5 <= -52.8 ) ) )"
1992,90,42,2,3,"[[7825, -1.0, 0.24672046303749084], [2636, 1.0, 0.32410234212875366], [8090, 1.0, 0.13811159133911133]]",0.9911051056381178,17,9,183,183,1.0,0.13666915608663183,185,180,0.972972972972973,0.1382488479262673,"( ( not ( eventually ( x_2 <= -8.69 ) ) ) and ( always ( x_5 <= 94.01 ) ) ) and ( always[27,inf] ( x_4 >= -1.75 ) )"
1993,90,42,2,2,"[[7825, -1.0, 0.24573515355587006], [2636, 1.0, 0.6276548504829407]]",0.9879804897845237,11,6,135,135,1.0,0.10082150858849888,115,112,0.9739130434782609,0.08602150537634409,( not ( eventually ( x_2 <= -9.23 ) ) ) and ( always ( x_5 <= 15.78 ) )
1994,90,42,2,2,"[[7825, -1.0, 0.25412285327911377], [9736, 1.0, 0.18012940883636475]]",0.9757197403351059,11,6,66,66,1.0,0.04929051530993279,49,41,0.8367346938775511,0.0314900153609831,"( not ( eventually ( x_2 <= -4.68 ) ) ) and ( always[28,31] ( x_5 <= 1.23 ) )"
1995,90,42,2,3,"[[76, -1.0, 0.23182033002376556], [3226, 1.0, 0.26823562383651733], [6670, 1.0, 0.29133862257003784]]",0.9822100941555962,15,11,420,416,0.9904761904761905,0.3106796116504854,389,377,0.9691516709511568,0.28955453149001537,"( ( not ( eventually[1,26] ( ( x_4 >= -815.75 ) and ( x_2 <= -3.8954 ) ) ) ) and ( always[4,inf] ( x_4 <= 74.33 ) ) ) and ( always ( x_0 <= 24.54 ) )"
1996,90,42,2,3,"[[76, -1.0, 0.2231259047985077], [2636, 1.0, 0.3395971655845642], [6670, 1.0, 0.3468719720840454]]",0.9924668049177454,15,11,442,441,0.997737556561086,0.32935026138909634,429,423,0.986013986013986,0.3248847926267281,"( ( not ( eventually[1,26] ( ( x_4 >= -811.8 ) and ( x_2 <= -7.85 ) ) ) ) and ( always ( x_5 <= 90.0153 ) ) ) and ( always ( x_0 <= 11.98 ) )"
1997,90,42,2,3,"[[7825, -1.0, 0.24828489124774933], [2636, 1.0, 0.3395971655845642], [6670, 1.0, 0.3468719720840454]]",0.9962038521599509,16,9,431,431,1.0,0.321882001493652,423,421,0.9952718676122931,0.32334869431643626,( ( not ( eventually ( x_2 <= -7.84 ) ) ) and ( always ( x_5 <= 90.0153 ) ) ) and ( always ( x_0 <= 11.98 ) )
1998,90,42,2,2,"[[333, -1.0, 0.375763475894928], [2636, 1.0, 0.32548168301582336]]",0.9946614167886589,10,6,306,306,1.0,0.22852875280059745,252,247,0.9801587301587301,0.18970814132104455,( not ( eventually ( x_5 <= -10.85 ) ) ) and ( always ( x_5 <= 93.65 ) )
1999,90,42,2,3,"[[7825, -1.0, 0.24317100644111633], [2636, 1.0, 0.40433502197265625], [6670, 1.0, 0.3049207925796509]]",0.977228637373125,16,9,494,487,0.9858299595141701,0.3637042569081404,450,442,0.9822222222222222,0.33947772657450076,( ( not ( eventually ( x_2 <= -10.62 ) ) ) and ( always ( x_5 <= 73.33 ) ) ) and ( always ( x_0 <= 21.47 ) )
2000,90,42,2,2,"[[333, -1.0, 0.375763475894928], [2636, 1.0, 0.32548168301582336]]",0.9946614167886589,10,6,306,306,1.0,0.22852875280059745,252,247,0.9801587301587301,0.18970814132104455,( not ( eventually ( x_5 <= -10.85 ) ) ) and ( always ( x_5 <= 93.65 ) )
2001,90,42,2,3,"[[4869, 1.0, 0.287738174200058], [3226, 1.0, 0.27147626876831055], [6670, 1.0, 0.285666286945343]]",0.9401534186581463,15,11,554,528,0.9530685920577617,0.3943241224794623,497,471,0.9476861167002012,0.3617511520737327,"( ( ( always ( x_1 >= -5.66 ) ) or ( eventually[10,14] ( x_0 <= -590.32 ) ) ) and ( always[4,inf] ( x_4 <= 71.64 ) ) ) and ( always ( x_0 <= 25.82 ) )"
2002,90,42,2,3,"[[2268, 1.0, 0.20030833780765533], [9569, -1.0, 0.14487308263778687], [6670, 1.0, 0.3090236186981201]]",0.9748528738054519,17,12,544,535,0.9834558823529411,0.39955190440627336,524,508,0.9694656488549618,0.3901689708141321,"( ( ( always[10,24] ( x_5 <= -993.7 ) ) or ( always[8,20] ( x_2 >= -4.015 ) ) ) and ( not ( eventually ( x_5 >= 106.8 ) ) ) ) and ( always ( x_0 <= 20.54 ) )"
2003,90,42,2,2,"[[333, -1.0, 0.375763475894928], [2636, 1.0, 0.32548168301582336]]",0.9946614167886589,10,6,306,306,1.0,0.22852875280059745,252,247,0.9801587301587301,0.18970814132104455,( not ( eventually ( x_5 <= -10.85 ) ) ) and ( always ( x_5 <= 93.65 ) )
2004,90,42,2,3,"[[7825, -1.0, 0.2508508265018463], [5264, 1.0, 0.19519853591918945], [6670, 1.0, 0.32511216402053833]]",0.991401166856859,17,9,387,386,0.9974160206718347,0.2882748319641524,377,371,0.9840848806366048,0.2849462365591398,( ( not ( eventually ( x_2 <= -6.4538 ) ) ) and ( always ( x_4 <= 64.69 ) ) ) and ( always ( x_0 <= 16.9 ) )
2005,90,62,6,3,"[[2636, -1.0, 0.012482235208153725], [9569, -1.0, 0.06814887374639511], [2979, 1.0, 0.0900755524635315]]",0.8534891367109191,18,10,21,20,0.9523809523809523,0.2857142857142857,30,14,0.4666666666666667,0.16091954022988506,"( ( not ( always ( x_5 <= 180.75 ) ) ) and ( not ( eventually ( x_5 >= 218.25 ) ) ) ) and ( always[4,33] ( x_5 <= 184.42 ) )"
2006,90,42,2,3,"[[6670, 1.0, 0.3233538269996643], [1183, 1.0, 0.2864735722541809], [2636, 1.0, 0.1427120566368103]]",0.988294206421419,14,8,409,407,0.9951100244498777,0.3039581777445855,406,396,0.9753694581280788,0.30414746543778803,"( ( always ( x_0 <= 17.3 ) ) and ( always[8,27] ( x_1 >= -2.9372 ) ) ) and ( always ( x_5 <= 140.75 ) )"
2007,90,42,2,3,"[[333, -1.0, 0.33422762155532837], [2636, 1.0, 0.0], [6670, 1.0, 0.018576605245471]]",0.9926436812174171,15,9,652,650,0.9969325153374233,0.4854368932038835,610,601,0.9852459016393442,0.46159754224270355,( ( not ( eventually ( x_5 <= -21.87 ) ) ) and ( always ( x_5 <= 177.53 ) ) ) and ( always ( x_0 <= 86.23 ) )
2008,90,42,2,3,"[[76, -1.0, 0.2187899500131607], [2636, 1.0, 0.1518293023109436], [8090, 1.0, 0.13674616813659668]]",0.9599333967693278,16,9,400,389,0.9725,0.2905153099327857,376,359,0.9547872340425532,0.27572964669738864,"( ( not ( eventually[1,26] ( x_2 <= -9.83 ) ) ) and ( always ( x_5 <= 138.4 ) ) ) and ( always[27,inf] ( x_4 >= -2.82 ) )"
2009,90,42,2,3,"[[1462, 1.0, 0.21785134077072144], [2636, 1.0, 0.338611900806427], [4869, 1.0, 0.2939632833003998]]",0.989976951854301,16,8,478,476,0.99581589958159,0.3554891710231516,458,450,0.982532751091703,0.3456221198156682,"( ( always[11,inf] ( x_0 >= -10.64 ) ) and ( always ( x_5 <= 90.27 ) ) ) and ( always ( x_1 >= -4.76 ) )"
2010,90,42,2,3,"[[7825, -1.0, 0.2500096261501312], [2636, 1.0, 0.48685264587402344], [6670, 1.0, 0.011871324852108955]]",0.9955926257239869,16,9,371,371,1.0,0.2770724421209858,332,332,1.0,0.25499231950844853,( ( not ( eventually ( x_2 <= -6.91 ) ) ) and ( always ( x_5 <= 52.07 ) ) ) and ( always ( x_0 <= 87.75 ) )
2011,90,42,2,3,"[[333, -1.0, 0.36914706230163574], [2636, 1.0, 0.0], [6670, 1.0, 0.018576605245471]]",0.9967194658321351,15,9,499,499,1.0,0.3726661687826736,418,412,0.9856459330143541,0.31643625192012287,( ( not ( eventually ( x_5 <= -12.604 ) ) ) and ( always ( x_5 <= 177.53 ) ) ) and ( always ( x_0 <= 86.23 ) )
2012,90,42,2,3,"[[6670, 1.0, 0.3304498493671417], [2268, 1.0, 0.19985955953598022], [3990, -1.0, 0.31306594610214233]]",0.9797386523767249,17,12,432,427,0.9884259259259259,0.3188946975354742,443,423,0.9548532731376975,0.3248847926267281,"( ( always ( x_0 <= 15.69 ) ) and ( ( always[10,24] ( x_5 <= -993.46 ) ) or ( always[8,20] ( x_2 >= -4.26 ) ) ) ) and ( not ( eventually ( x_3 >= 80.12 ) ) )"
2013,90,42,2,3,"[[76, -1.0, 0.2203769087791443], [5264, 1.0, 0.21772417426109314], [1462, 1.0, 0.15776360034942627]]",0.9735749661966707,17,14,282,278,0.9858156028368794,0.20761762509335324,280,266,0.95,0.20430107526881722,"( ( not ( eventually[1,26] ( ( x_4 >= -810.55 ) and ( x_2 <= -9.1 ) ) ) ) and ( always ( x_4 <= 30.99 ) ) ) and ( ( always[12,28] ( x_3 <= -940.82 ) ) or ( always[11,inf] ( x_0 >= -19.815 ) ) )"
2014,90,42,2,3,"[[7825, -1.0, 0.2500096261501312], [2636, 1.0, 0.48685264587402344], [6670, 1.0, 0.011871324852108955]]",0.9955926257239869,16,9,371,371,1.0,0.2770724421209858,332,332,1.0,0.25499231950844853,( ( not ( eventually ( x_2 <= -6.91 ) ) ) and ( always ( x_5 <= 52.07 ) ) ) and ( always ( x_0 <= 87.75 ) )
2015,90,95,13,3,"[[2636, -1.0, 0.25694307684898376], [4968, -1.0, 0.2478211522102356], [636, -1.0, 0.12330836057662964]]",0.5941366854232486,18,11,25,18,0.72,0.13533834586466165,23,13,0.5652173913043478,0.11016949152542373,"( ( not ( always ( x_5 <= 243.75 ) ) ) and ( not ( eventually[3,18] ( x_5 >= 41.12 ) ) ) ) and ( not ( eventually[26,29] ( x_4 <= 6.7 ) ) )"
2016,90,42,2,3,"[[333, -1.0, 0.3424757421016693], [2636, 1.0, 0.0028458284214138985], [6670, 1.0, 0.018576605245471]]",0.994699995075089,15,9,629,628,0.9984101748807631,0.4690067214339059,592,583,0.9847972972972973,0.4477726574500768,( ( not ( eventually ( x_5 <= -19.68 ) ) ) and ( always ( x_5 <= 176.8 ) ) ) and ( always ( x_0 <= 86.23 ) )
2017,90,42,2,3,"[[6670, 1.0, 0.34763509035110474], [1462, 1.0, 0.26635223627090454], [2636, 1.0, 0.0]]",0.985376565012874,15,11,327,325,0.9938837920489296,0.24271844660194175,304,299,0.9835526315789473,0.22964669738863286,"( ( always ( x_0 <= 11.81 ) ) and ( ( always[12,28] ( x_3 <= -957.4 ) ) or ( always[11,inf] ( x_0 >= -3.2378 ) ) ) ) and ( always ( x_5 <= 177.53 ) )"
2018,90,88,10,3,"[[9901, 1.0, 0.002289285184815526], [3390, 1.0, 0.26514214277267456], [333, -1.0, 0.19616860151290894]]",0.6941523846962558,15,10,18,15,0.8333333333333334,0.09868421052631579,16,10,0.625,0.06493506493506493,"( ( eventually ( always[3,5] ( x_0 <= -29.83 ) ) ) and ( always[12,inf] ( x_1 <= 14.954 ) ) ) and ( not ( eventually ( x_5 <= -58.51 ) ) )"
2019,90,42,2,3,"[[7825, -1.0, 0.240497887134552], [2979, 1.0, 0.14752092957496643], [6670, 1.0, 0.011871324852108955]]",0.995880080692477,17,9,397,397,1.0,0.29648991784914114,368,361,0.9809782608695652,0.2772657450076805,"( ( not ( eventually ( x_2 <= -12.0665 ) ) ) and ( always[4,33] ( x_5 <= 43.75 ) ) ) and ( always ( x_0 <= 87.75 ) )"
2020,90,42,2,3,"[[7825, -1.0, 0.2500096261501312], [2636, 1.0, 0.48685264587402344], [6670, 1.0, 0.011871324852108955]]",0.9955926257239869,16,9,371,371,1.0,0.2770724421209858,332,332,1.0,0.25499231950844853,( ( not ( eventually ( x_2 <= -6.91 ) ) ) and ( always ( x_5 <= 52.07 ) ) ) and ( always ( x_0 <= 87.75 ) )
2021,90,42,2,3,"[[1462, 1.0, 0.23781263828277588], [2636, 1.0, 0.338611900806427], [4869, 1.0, 0.21488416194915771]]",0.9889727615073248,16,8,559,556,0.9946332737030411,0.4152352501867065,530,523,0.9867924528301887,0.40168970814132104,"( ( always[11,inf] ( x_0 >= -7.59 ) ) and ( always ( x_5 <= 90.27 ) ) ) and ( always ( x_1 >= -16.23 ) )"
2022,90,42,2,3,"[[76, -1.0, 0.21875454485416412], [2636, 1.0, 0.14577385783195496], [6844, -1.0, 0.18434354662895203]]",0.9505517140515939,16,12,201,195,0.9701492537313433,0.14563106796116504,186,172,0.9247311827956989,0.13210445468509985,"( ( not ( eventually[1,26] ( ( x_4 >= -809.81 ) and ( x_2 <= -9.84 ) ) ) ) and ( always ( x_5 <= 139.97 ) ) ) and ( not ( eventually[2,7] ( x_2 >= 1.07 ) ) )"
2023,90,42,2,2,"[[7825, -1.0, 0.25412285327911377], [9736, 1.0, 0.18012940883636475]]",0.9757197403351059,11,6,66,66,1.0,0.04929051530993279,49,41,0.8367346938775511,0.0314900153609831,"( not ( eventually ( x_2 <= -4.68 ) ) ) and ( always[28,31] ( x_5 <= 1.23 ) )"
2024,90,42,2,3,"[[1462, 1.0, 0.2619147300720215], [2636, 1.0, 0.35669487714767456], [4869, 1.0, 0.0961662083864212]]",0.9916586134940225,16,8,399,398,0.9974937343358395,0.2972367438386856,377,373,0.9893899204244032,0.28648233486943164,"( ( always[11,inf] ( x_0 >= -3.9153 ) ) and ( always ( x_5 <= 85.61 ) ) ) and ( always ( x_1 >= -33.46 ) )"
2025,90,62,6,3,"[[2636, -1.0, 0.012482235208153725], [9569, -1.0, 0.09137018024921417], [4869, 1.0, 0.1540294885635376]]",0.8796122753143348,18,7,12,12,1.0,0.17142857142857143,15,6,0.4,0.06896551724137931,( not ( always ( x_5 <= 180.75 ) ) ) and ( not ( eventually ( x_5 >= 184.52 ) ) )
2026,90,42,2,3,"[[6670, 1.0, 0.34763509035110474], [8090, 1.0, 0.13549338281154633], [2636, 1.0, 0.012467077933251858]]",0.9891642523621947,15,8,442,440,0.995475113122172,0.3286034353995519,418,416,0.9952153110047847,0.3195084485407066,"( ( always ( x_0 <= 11.81 ) ) and ( always[27,inf] ( x_4 >= -3.79 ) ) ) and ( always ( x_5 <= 174.32 ) )"
2027,90,42,2,3,"[[4869, 1.0, 0.2858302593231201], [2636, 1.0, 0.3395971655845642], [6670, 1.0, 0.2958149015903473]]",0.9620146151482911,15,11,576,560,0.9722222222222222,0.41822255414488424,543,527,0.9705340699815838,0.40476190476190477,"( ( ( always ( x_1 >= -5.94 ) ) or ( eventually[10,14] ( x_0 <= -590.04 ) ) ) and ( always ( x_5 <= 90.0153 ) ) ) and ( always ( x_0 <= 23.53 ) )"
2028,90,42,2,2,"[[7825, -1.0, 0.25412285327911377], [9736, 1.0, 0.18012940883636475]]",0.9757197403351059,11,6,66,66,1.0,0.04929051530993279,49,41,0.8367346938775511,0.0314900153609831,"( not ( eventually ( x_2 <= -4.68 ) ) ) and ( always[28,31] ( x_5 <= 1.23 ) )"
2029,90,95,13,3,"[[2636, -1.0, 0.16439491510391235], [5339, -1.0, 0.2187562882900238], [9114, -1.0, 0.010063989087939262]]",0.5436861053512364,18,13,14,10,0.7142857142857143,0.07518796992481203,12,1,0.08333333333333333,0.00847457627118644,"( ( not ( always ( ( x_5 <= 219.9 ) or ( x_5 >= 1996.28 ) ) ) ) and ( not ( eventually[0,11] ( x_5 >= 12.57 ) ) ) ) and ( not ( always[4,5] ( x_0 >= -1.68 ) ) )"
2030,90,42,2,3,"[[6670, 1.0, 0.3302847146987915], [2268, 1.0, 0.20297712087631226], [9569, -1.0, 0.09715677052736282]]",0.983014517741467,17,12,440,436,0.990909090909091,0.32561613144137413,428,421,0.9836448598130841,0.32334869431643626,"( ( always ( x_0 <= 15.73 ) ) and ( ( always[10,24] ( x_5 <= -995.15 ) ) or ( always[8,20] ( x_2 >= -2.5675 ) ) ) ) and ( not ( eventually ( x_5 >= 176.11 ) ) )"
2031,90,42,2,3,"[[7825, -1.0, 0.2500096261501312], [2979, 1.0, 0.144134521484375], [6670, 1.0, 0.3177937865257263]]",0.9956394327173087,17,9,375,375,1.0,0.28005974607916356,335,335,1.0,0.2572964669738863,"( ( not ( eventually ( x_2 <= -6.91 ) ) ) and ( always[4,33] ( x_5 <= 52.05 ) ) ) and ( always ( x_0 <= 18.56 ) )"
2032,90,42,2,3,"[[7825, -1.0, 0.24892975389957428], [2636, 1.0, 0.24350211024284363], [6670, 1.0, 0.2857332229614258]]",0.9783042389711588,16,9,631,622,0.9857369255150554,0.46452576549663926,599,586,0.9782971619365609,0.4500768049155146,( ( not ( eventually ( x_2 <= -7.4953 ) ) ) and ( always ( x_5 <= 114.78 ) ) ) and ( always ( x_0 <= 25.81 ) )
2033,90,42,2,3,"[[7825, -1.0, 0.240497887134552], [2979, 1.0, 0.14752092957496643], [6670, 1.0, 0.011871324852108955]]",0.995880080692477,17,9,397,397,1.0,0.29648991784914114,368,361,0.9809782608695652,0.2772657450076805,"( ( not ( eventually ( x_2 <= -12.0665 ) ) ) and ( always[4,33] ( x_5 <= 43.75 ) ) ) and ( always ( x_0 <= 87.75 ) )"
2034,90,15,0,3,"[[6670, -1.0, 0.0], [2636, 1.0, 0.020712781697511673], [9901, -1.0, 0.1866382211446762]]",0.9719933847916375,15,11,57,57,1.0,0.24675324675324675,65,61,0.9384615384615385,0.23282442748091603,"( ( not ( always ( x_0 <= 90.43 ) ) ) and ( always ( x_5 <= 172.19 ) ) ) and ( not ( eventually ( always[3,5] ( x_0 <= -8.07 ) ) ) )"
2035,90,42,2,3,"[[4869, 1.0, 0.2989097237586975], [2636, 1.0, 0.0], [6670, 1.0, 0.309896856546402]]",0.973002486297858,15,11,551,541,0.9818511796733213,0.40403286034353997,528,516,0.9772727272727273,0.39631336405529954,"( ( ( always ( x_1 >= -4.0377 ) ) or ( eventually[10,14] ( x_0 <= -591.94 ) ) ) and ( always ( x_5 <= 177.53 ) ) ) and ( always ( x_0 <= 20.34 ) )"
2036,90,95,13,3,"[[3990, 1.0, 0.14640851318836212], [6844, -1.0, 0.178360253572464], [6513, 1.0, 0.08418245613574982]]",0.49689004008836357,15,10,53,31,0.5849056603773585,0.23308270676691728,66,23,0.3484848484848485,0.19491525423728814,"( ( eventually ( x_3 >= 263.98 ) ) and ( not ( eventually[2,7] ( x_2 >= 5.5 ) ) ) ) and ( eventually ( always[1,11] ( x_2 >= 0.36 ) ) )"
2037,90,95,13,3,"[[2636, -1.0, 0.25694307684898376], [5339, -1.0, 0.2187669426202774], [1949, -1.0, 0.17528021335601807]]",0.8099625940446661,17,12,7,7,1.0,0.05263157894736842,9,3,0.3333333333333333,0.025423728813559324,"( ( not ( always ( x_5 <= 243.75 ) ) ) and ( not ( eventually[0,11] ( x_5 >= 12.56 ) ) ) ) and ( not ( always[9,inf] ( eventually[6,18] ( x_2 <= -0.3 ) ) ) )"
2038,90,88,10,3,"[[8005, -1.0, 0.09342555701732635], [5071, -1.0, 0.25015079975128174], [6513, 1.0, 0.0804552510380745]]",0.7002181116018564,14,11,14,12,0.8571428571428571,0.07894736842105263,11,7,0.6363636363636364,0.045454545454545456,"( ( not ( always[21,24] ( x_0 >= -27.37 ) ) ) and ( not ( eventually[17,inf] ( x_1 >= 7.09 ) ) ) ) and ( eventually ( always[1,11] ( x_2 >= -1.7982 ) ) )"
2039,90,42,2,3,"[[333, -1.0, 0.3424757421016693], [2636, 1.0, 0.32410234212875366], [6670, 1.0, 0.011871324852108955]]",0.9932704587484406,15,9,495,494,0.997979797979798,0.36893203883495146,470,465,0.9893617021276596,0.35714285714285715,( ( not ( eventually ( x_5 <= -19.68 ) ) ) and ( always ( x_5 <= 94.01 ) ) ) and ( always ( x_0 <= 87.75 ) )
2040,90,42,2,2,"[[7825, -1.0, 0.24573515355587006], [2636, 1.0, 0.6276548504829407]]",0.9879804897845237,11,6,135,135,1.0,0.10082150858849888,115,112,0.9739130434782609,0.08602150537634409,( not ( eventually ( x_2 <= -9.23 ) ) ) and ( always ( x_5 <= 15.78 ) )
2041,90,42,2,2,"[[333, -1.0, 0.375763475894928], [2636, 1.0, 0.32548168301582336]]",0.9946614167886589,10,6,306,306,1.0,0.22852875280059745,252,247,0.9801587301587301,0.18970814132104455,( not ( eventually ( x_5 <= -10.85 ) ) ) and ( always ( x_5 <= 93.65 ) )
2042,90,42,2,3,"[[1462, 1.0, 0.23781263828277588], [2636, 1.0, 0.23973926901817322], [6844, -1.0, 0.17992772161960602]]",0.9814859179336144,16,12,473,468,0.9894291754756871,0.34951456310679613,482,469,0.9730290456431535,0.3602150537634409,"( ( ( always[12,28] ( x_3 <= -953.04 ) ) or ( always[11,inf] ( x_0 >= -7.59 ) ) ) and ( always ( x_5 <= 115.75 ) ) ) and ( not ( eventually[2,7] ( x_2 >= 4.34 ) ) )"
2043,90,62,6,3,"[[2636, -1.0, 0.012482235208153725], [9569, -1.0, 0.0727098360657692], [6670, 1.0, 0.2757033705711365]]",0.7632326290285795,17,13,45,38,0.8444444444444444,0.5428571428571428,34,23,0.6764705882352942,0.26436781609195403,"( ( not ( always ( x_5 <= 180.75 ) ) ) and ( not ( ( eventually ( x_5 >= 211.63 ) ) and ( always[16,inf] ( x_4 <= 37735.34 ) ) ) ) ) and ( always ( x_0 <= 28.08 ) )"
2044,90,42,2,3,"[[2268, 1.0, 0.2008574903011322], [9569, -1.0, 0.15807458758354187], [6670, 1.0, 0.285666286945343]]",0.9723224568414129,17,12,494,485,0.9817813765182186,0.36221060492905155,461,448,0.9718004338394793,0.34408602150537637,"( ( ( always[10,24] ( x_5 <= -994.0 ) ) or ( always[8,20] ( x_2 >= -3.72 ) ) ) and ( not ( eventually ( x_5 >= 87.63 ) ) ) ) and ( always ( x_0 <= 25.82 ) )"
2045,90,42,2,3,"[[7825, -1.0, 0.2500096261501312], [2636, 1.0, 0.48685264587402344], [6670, 1.0, 0.011871324852108955]]",0.9955926257239869,16,9,371,371,1.0,0.2770724421209858,332,332,1.0,0.25499231950844853,( ( not ( eventually ( x_2 <= -6.91 ) ) ) and ( always ( x_5 <= 52.07 ) ) ) and ( always ( x_0 <= 87.75 ) )
2046,90,42,2,3,"[[7825, -1.0, 0.25252872705459595], [2636, 1.0, 0.41158410906791687], [6670, 1.0, 0.011871324852108955]]",0.9889400589664311,16,9,433,431,0.9953810623556582,0.321882001493652,403,402,0.9975186104218362,0.3087557603686636,( ( not ( eventually ( x_2 <= -5.54 ) ) ) and ( always ( x_5 <= 71.46 ) ) ) and ( always ( x_0 <= 87.75 ) )
2047,90,42,2,3,"[[7825, -1.0, 0.25427958369255066], [2636, 1.0, 0.4091513156890869], [6513, 1.0, 0.08234167098999023]]",0.994126875733391,15,10,278,278,1.0,0.20761762509335324,290,282,0.9724137931034482,0.21658986175115208,"( ( not ( eventually ( x_2 <= -4.5949 ) ) ) and ( always ( x_5 <= 72.09 ) ) ) and ( eventually ( always[1,11] ( x_2 >= -0.71 ) ) )"
2048,90,42,2,3,"[[7825, -1.0, 0.25535857677459717], [2636, 1.0, 0.0], [6670, 1.0, 0.29133862257003784]]",0.9902610122158424,16,9,492,490,0.9959349593495935,0.3659447348767737,451,450,0.9977827050997783,0.3456221198156682,( ( not ( eventually ( x_2 <= -4.01 ) ) ) and ( always ( x_5 <= 177.53 ) ) ) and ( always ( x_0 <= 24.54 ) )
2049,90,42,2,3,"[[7825, -1.0, 0.24317100644111633], [2636, 1.0, 0.43811360001564026], [1462, 1.0, 0.20788809657096863]]",0.9861303889401148,17,9,444,441,0.9932432432432432,0.32935026138909634,412,403,0.9781553398058253,0.30952380952380953,"( ( not ( eventually ( x_2 <= -10.62 ) ) ) and ( always ( x_5 <= 64.63 ) ) ) and ( always[11,inf] ( x_0 >= -12.16 ) )"
2050,90,42,2,3,"[[7825, -1.0, 0.2512921392917633], [2636, 1.0, 0.3831334114074707], [6670, 1.0, 0.3049207925796509]]",0.992328519374528,16,9,434,433,0.9976958525345622,0.32337565347274083,413,411,0.9951573849878934,0.315668202764977,( ( not ( eventually ( x_2 <= -6.21 ) ) ) and ( always ( x_5 <= 78.8 ) ) ) and ( always ( x_0 <= 21.47 ) )
2051,90,42,2,3,"[[333, -1.0, 0.36914706230163574], [2636, 1.0, 0.0], [6670, 1.0, 0.018576605245471]]",0.9967194658321351,15,9,499,499,1.0,0.3726661687826736,418,412,0.9856459330143541,0.31643625192012287,( ( not ( eventually ( x_5 <= -12.604 ) ) ) and ( always ( x_5 <= 177.53 ) ) ) and ( always ( x_0 <= 86.23 ) )
2052,90,42,2,3,"[[7825, -1.0, 0.25136059522628784], [2636, 1.0, 0.15394757688045502], [6670, 1.0, 0.3468719720840454]]",0.9929288613379147,16,9,471,470,0.9978768577494692,0.351008215085885,463,462,0.9978401727861771,0.3548387096774194,( ( not ( eventually ( x_2 <= -6.1774 ) ) ) and ( always ( x_5 <= 137.86 ) ) ) and ( always ( x_0 <= 11.98 ) )
2053,90,95,13,3,"[[2636, -1.0, 0.25694307684898376], [7008, -1.0, 0.20624050498008728], [3990, 1.0, 0.22486597299575806]]",0.6492971896078795,18,10,26,20,0.7692307692307693,0.15037593984962405,26,14,0.5384615384615384,0.11864406779661017,"( ( not ( always ( x_5 <= 243.75 ) ) ) and ( not ( eventually[7,25] ( x_4 >= 26.38 ) ) ) ) and ( eventually ( x_3 >= 295.37 ) )"
2054,90,42,2,3,"[[76, -1.0, 0.2322109043598175], [2636, 1.0, 0.15394757688045502], [6670, 1.0, 0.29133862257003784]]",0.9847085672817252,15,11,489,485,0.9918200408997955,0.36221060492905155,455,450,0.989010989010989,0.3456221198156682,"( ( not ( eventually[1,26] ( ( x_4 >= -815.93 ) and ( x_2 <= -3.7176 ) ) ) ) and ( always ( x_5 <= 137.86 ) ) ) and ( always ( x_0 <= 24.54 ) )"
2055,90,42,2,3,"[[7825, -1.0, 0.240497887134552], [2979, 1.0, 0.14752092957496643], [6670, 1.0, 0.011871324852108955]]",0.995880080692477,17,9,397,397,1.0,0.29648991784914114,368,361,0.9809782608695652,0.2772657450076805,"( ( not ( eventually ( x_2 <= -12.0665 ) ) ) and ( always[4,33] ( x_5 <= 43.75 ) ) ) and ( always ( x_0 <= 87.75 ) )"
2056,90,88,10,3,"[[9736, 1.0, 0.20252597332000732], [1183, 1.0, 0.07749475538730621], [9226, -1.0, 0.2621763348579407]]",0.9274645677596903,16,9,21,21,1.0,0.13815789473684212,22,15,0.6818181818181818,0.09740259740259741,"( ( always[28,31] ( x_5 <= -14.05 ) ) and ( always[8,27] ( x_1 >= -59.09 ) ) ) and ( not ( eventually[29,inf] ( x_2 >= 5.34 ) ) )"
2057,90,42,2,3,"[[7825, -1.0, 0.25412285327911377], [2636, 1.0, 0.02867048978805542], [9736, 1.0, 0.17209899425506592]]",0.9942703013868734,16,9,285,285,1.0,0.2128454070201643,221,214,0.9683257918552036,0.16436251920122888,"( ( not ( eventually ( x_2 <= -4.68 ) ) ) and ( always ( x_5 <= 170.14 ) ) ) and ( always[28,31] ( x_5 <= 6.7 ) )"
2058,90,42,2,2,"[[7825, -1.0, 0.24573515355587006], [2636, 1.0, 0.6276548504829407]]",0.9879804897845237,11,6,135,135,1.0,0.10082150858849888,115,112,0.9739130434782609,0.08602150537634409,( not ( eventually ( x_2 <= -9.23 ) ) ) and ( always ( x_5 <= 15.78 ) )
2059,90,42,2,3,"[[7825, -1.0, 0.240497887134552], [2979, 1.0, 0.14752092957496643], [6670, 1.0, 0.011871324852108955]]",0.995880080692477,17,9,397,397,1.0,0.29648991784914114,368,361,0.9809782608695652,0.2772657450076805,"( ( not ( eventually ( x_2 <= -12.0665 ) ) ) and ( always[4,33] ( x_5 <= 43.75 ) ) ) and ( always ( x_0 <= 87.75 ) )"
2060,90,42,2,3,"[[333, -1.0, 0.36914706230163574], [2636, 1.0, 0.32548168301582336], [6670, 1.0, 0.011871324852108955]]",0.995869719826602,15,9,396,396,1.0,0.29574309185959674,330,327,0.990909090909091,0.2511520737327189,( ( not ( eventually ( x_5 <= -12.604 ) ) ) and ( always ( x_5 <= 93.65 ) ) ) and ( always ( x_0 <= 87.75 ) )
2061,90,42,2,2,"[[333, -1.0, 0.375763475894928], [2636, 1.0, 0.32548168301582336]]",0.9946614167886589,10,6,306,306,1.0,0.22852875280059745,252,247,0.9801587301587301,0.18970814132104455,( not ( eventually ( x_5 <= -10.85 ) ) ) and ( always ( x_5 <= 93.65 ) )
2062,90,95,13,3,"[[2636, -1.0, 0.16439491510391235], [5339, -1.0, 0.2187562882900238], [954, 1.0, 0.11444179713726044]]",0.5525547388552131,16,11,25,17,0.68,0.12781954887218044,27,15,0.5555555555555556,0.1271186440677966,"( ( not ( always ( x_5 <= 219.9 ) ) ) and ( not ( eventually[0,11] ( x_5 >= 12.57 ) ) ) ) and ( eventually[19,inf] ( always[1,8] ( x_2 >= 0.27 ) ) )"
2063,90,62,6,3,"[[2636, -1.0, 0.012482235208153725], [9569, -1.0, 0.0727098360657692], [6670, 1.0, 0.2757033705711365]]",0.7632326290285795,17,13,45,38,0.8444444444444444,0.5428571428571428,34,23,0.6764705882352942,0.26436781609195403,"( ( not ( always ( x_5 <= 180.75 ) ) ) and ( not ( ( eventually ( x_5 >= 211.63 ) ) and ( always[16,inf] ( x_4 <= 37735.34 ) ) ) ) ) and ( always ( x_0 <= 28.08 ) )"
2064,90,42,2,3,"[[7825, -1.0, 0.2500096261501312], [2636, 1.0, 0.48685264587402344], [6670, 1.0, 0.011871324852108955]]",0.9955926257239869,16,9,371,371,1.0,0.2770724421209858,332,332,1.0,0.25499231950844853,( ( not ( eventually ( x_2 <= -6.91 ) ) ) and ( always ( x_5 <= 52.07 ) ) ) and ( always ( x_0 <= 87.75 ) )
2065,90,42,2,3,"[[7825, -1.0, 0.25136059522628784], [2636, 1.0, 0.15394757688045502], [6670, 1.0, 0.3468719720840454]]",0.9929288613379147,16,9,471,470,0.9978768577494692,0.351008215085885,463,462,0.9978401727861771,0.3548387096774194,( ( not ( eventually ( x_2 <= -6.1774 ) ) ) and ( always ( x_5 <= 137.86 ) ) ) and ( always ( x_0 <= 11.98 ) )
2066,90,42,2,3,"[[6670, 1.0, 0.3552730083465576], [1183, 1.0, 0.2850106358528137], [2636, 1.0, 0.003990222699940205]]",0.991243516314203,14,8,380,379,0.9973684210526316,0.2830470500373413,394,391,0.9923857868020305,0.30030721966205837,"( ( always ( x_0 <= 10.08 ) ) and ( always[8,27] ( x_1 >= -3.33 ) ) ) and ( always ( x_5 <= 176.5 ) )"
2067,90,42,2,3,"[[7825, -1.0, 0.2500096261501312], [2636, 1.0, 0.48685264587402344], [6670, 1.0, 0.011871324852108955]]",0.9955926257239869,16,9,371,371,1.0,0.2770724421209858,332,332,1.0,0.25499231950844853,( ( not ( eventually ( x_2 <= -6.91 ) ) ) and ( always ( x_5 <= 52.07 ) ) ) and ( always ( x_0 <= 87.75 ) )
2068,90,42,2,3,"[[7825, -1.0, 0.24828489124774933], [2636, 1.0, 0.3395971655845642], [6670, 1.0, 0.3468719720840454]]",0.9962038521599509,16,9,431,431,1.0,0.321882001493652,423,421,0.9952718676122931,0.32334869431643626,( ( not ( eventually ( x_2 <= -7.84 ) ) ) and ( always ( x_5 <= 90.0153 ) ) ) and ( always ( x_0 <= 11.98 ) )
2069,90,42,2,3,"[[7825, -1.0, 0.25273770093917847], [3226, 1.0, 0.3064579665660858], [6670, 1.0, 0.3179837763309479]]",0.9904968125163693,16,9,350,349,0.9971428571428571,0.26064227035100823,309,305,0.9870550161812298,0.23425499231950844,"( ( not ( eventually ( x_2 <= -5.43 ) ) ) and ( always[4,inf] ( x_4 <= 42.56 ) ) ) and ( always ( x_0 <= 18.51 ) )"
2070,90,42,2,3,"[[5500, -1.0, 0.24184909462928772], [9569, -1.0, 0.16011843085289001], [5339, -1.0, 0.20456694066524506]]",0.9710503134781963,20,11,388,381,0.9819587628865979,0.28454070201643017,369,358,0.9701897018970189,0.2749615975422427,"( ( not ( eventually[0,31] ( x_2 <= -8.6 ) ) ) and ( not ( eventually ( x_5 >= 84.66 ) ) ) ) and ( not ( eventually[0,11] ( x_5 >= 22.97 ) ) )"
2071,90,42,2,3,"[[7825, -1.0, 0.24892975389957428], [2636, 1.0, 0.3349437713623047], [6670, 1.0, 0.3468719720840454]]",0.9961684273110172,16,9,427,427,1.0,0.3188946975354742,425,423,0.9952941176470588,0.3248847926267281,( ( not ( eventually ( x_2 <= -7.4953 ) ) ) and ( always ( x_5 <= 91.21 ) ) ) and ( always ( x_0 <= 11.98 ) )
2072,90,42,2,3,"[[7825, -1.0, 0.24892975389957428], [5264, 1.0, 0.19519853591918945], [6670, 1.0, 0.3304498493671417]]",0.9914670069381779,17,9,390,389,0.9974358974358974,0.2905153099327857,382,375,0.981675392670157,0.2880184331797235,( ( not ( eventually ( x_2 <= -7.4953 ) ) ) and ( always ( x_4 <= 64.69 ) ) ) and ( always ( x_0 <= 15.693 ) )
2073,90,42,2,3,"[[7825, -1.0, 0.240497887134552], [2979, 1.0, 0.14752092957496643], [6670, 1.0, 0.011871324852108955]]",0.995880080692477,17,9,397,397,1.0,0.29648991784914114,368,361,0.9809782608695652,0.2772657450076805,"( ( not ( eventually ( x_2 <= -12.0665 ) ) ) and ( always[4,33] ( x_5 <= 43.75 ) ) ) and ( always ( x_0 <= 87.75 ) )"
2074,90,6,5,3,"[[7339, 1.0, 0.05320394039154053], [5071, -1.0, 0.008772902190685272], [9114, -1.0, 0.0036612721160054207]]",0.8915049309704052,18,10,29,28,0.9655172413793104,0.14814814814814814,47,31,0.6595744680851063,0.14691943127962084,"( ( eventually[7,27] ( x_5 >= 418.26 ) ) and ( not ( eventually[17,inf] ( x_1 >= 187.34 ) ) ) ) and ( not ( always[4,5] ( x_0 >= -0.64 ) ) )"
2075,90,88,10,3,"[[83, 1.0, 0.06846097856760025], [3226, 1.0, 0.33172065019607544], [7825, -1.0, 0.15275418758392334]]",0.883977822670052,16,9,27,26,0.9629629629629629,0.17105263157894737,34,25,0.7352941176470589,0.16233766233766234,"( ( always[29,inf] ( x_1 <= -0.5 ) ) and ( always[4,inf] ( x_4 <= 21.56 ) ) ) and ( not ( eventually ( x_2 <= -59.64 ) ) )"
2076,90,42,2,3,"[[6670, 1.0, 0.35486066341400146], [5500, -1.0, 0.21171465516090393], [2636, 1.0, 0.003990222699940205]]",0.9889530753576917,16,9,558,555,0.9946236559139785,0.4144884241971621,562,551,0.9804270462633452,0.42319508448540705,"( ( always ( x_0 <= 10.17 ) ) and ( not ( eventually[0,31] ( x_2 <= -25.08 ) ) ) ) and ( always ( x_5 <= 176.5 ) )"
2077,90,42,2,3,"[[76, -1.0, 0.2322109043598175], [2636, 1.0, 0.15871840715408325], [6670, 1.0, 0.09084294736385345]]",0.9813092778888781,15,11,536,530,0.9888059701492538,0.39581777445855115,499,493,0.9879759519038076,0.37864823348694315,"( ( not ( eventually[1,26] ( ( x_4 >= -815.93 ) and ( x_2 <= -3.7176 ) ) ) ) and ( always ( x_5 <= 136.63 ) ) ) and ( always ( x_0 <= 69.89 ) )"
2078,90,42,2,3,"[[7825, -1.0, 0.24828489124774933], [2636, 1.0, 0.3395971655845642], [6670, 1.0, 0.3468719720840454]]",0.9962038521599509,16,9,431,431,1.0,0.321882001493652,423,421,0.9952718676122931,0.32334869431643626,( ( not ( eventually ( x_2 <= -7.84 ) ) ) and ( always ( x_5 <= 90.0153 ) ) ) and ( always ( x_0 <= 11.98 ) )
2079,90,42,2,3,"[[5500, -1.0, 0.24184909462928772], [9569, -1.0, 0.16920337080955505], [6670, 1.0, 0.011871324852108955]]",0.9721478115525664,18,10,534,524,0.9812734082397003,0.39133681852128455,488,477,0.9774590163934426,0.3663594470046083,"( ( not ( eventually[0,31] ( x_2 <= -8.6032 ) ) ) and ( not ( eventually ( x_5 >= 71.46 ) ) ) ) and ( always ( x_0 <= 87.75 ) )"
2080,90,42,2,3,"[[7825, -1.0, 0.24828489124774933], [2636, 1.0, 0.3395971655845642], [6670, 1.0, 0.3468719720840454]]",0.9962038521599509,16,9,431,431,1.0,0.321882001493652,423,421,0.9952718676122931,0.32334869431643626,( ( not ( eventually ( x_2 <= -7.84 ) ) ) and ( always ( x_5 <= 90.0153 ) ) ) and ( always ( x_0 <= 11.98 ) )
2081,90,42,2,3,"[[7825, -1.0, 0.25412285327911377], [2636, 1.0, 0.02867048978805542], [9736, 1.0, 0.17209899425506592]]",0.9942703013868734,16,9,285,285,1.0,0.2128454070201643,221,214,0.9683257918552036,0.16436251920122888,"( ( not ( eventually ( x_2 <= -4.68 ) ) ) and ( always ( x_5 <= 170.14 ) ) ) and ( always[28,31] ( x_5 <= 6.7 ) )"
2082,90,88,10,3,"[[5071, -1.0, 0.2587278485298157], [7825, -1.0, 0.07197608053684235], [2636, 1.0, 0.23770436644554138]]",0.7426348052242389,18,10,55,45,0.8181818181818182,0.29605263157894735,60,38,0.6333333333333333,0.24675324675324675,"( ( not ( eventually[17,inf] ( x_1 >= 0.68 ) ) ) and ( not ( eventually ( x_2 <= -103.43 ) ) ) ) and ( always ( x_5 <= 116.27 ) )"
2083,90,42,2,3,"[[7825, -1.0, 0.25567829608917236], [5264, 1.0, 0.1513374149799347], [6670, 1.0, 0.09084294736385345]]",0.9898714436405163,17,9,473,471,0.9957716701902748,0.35175504107542943,441,436,0.9886621315192744,0.3348694316436252,( ( not ( eventually ( x_2 <= -3.84 ) ) ) and ( always ( x_4 <= 130.32 ) ) ) and ( always ( x_0 <= 69.89 ) )
2084,90,95,13,3,"[[2636, -1.0, 0.16439491510391235], [5339, -1.0, 0.10630694031715393], [2979, 1.0, 0.07355187833309174]]",0.4997497975576556,18,10,22,14,0.6363636363636364,0.10526315789473684,18,8,0.4444444444444444,0.06779661016949153,"( ( not ( always ( x_5 <= 219.9 ) ) ) and ( not ( eventually[0,11] ( x_5 >= 95.02 ) ) ) ) and ( always[4,33] ( x_5 <= 224.87 ) )"
2085,90,95,13,3,"[[559, -1.0, 0.7291029095649719], [7008, -1.0, 0.20639045536518097], [1462, 1.0, 0.1537838876247406]]",0.799748274342664,19,10,22,20,0.9090909090909091,0.15037593984962405,25,12,0.48,0.1016949152542373,"( ( not ( always[27,inf] ( x_5 <= 243.25 ) ) ) and ( not ( eventually[7,25] ( x_4 >= 26.19 ) ) ) ) and ( always[11,inf] ( x_0 >= -20.42 ) )"
2086,90,42,2,3,"[[7825, -1.0, 0.240497887134552], [2979, 1.0, 0.14752092957496643], [6670, 1.0, 0.011871324852108955]]",0.995880080692477,17,9,397,397,1.0,0.29648991784914114,368,361,0.9809782608695652,0.2772657450076805,"( ( not ( eventually ( x_2 <= -12.0665 ) ) ) and ( always[4,33] ( x_5 <= 43.75 ) ) ) and ( always ( x_0 <= 87.75 ) )"
2087,90,42,2,3,"[[333, -1.0, 0.36914706230163574], [2636, 1.0, 0.32548168301582336], [6670, 1.0, 0.011871324852108955]]",0.995869719826602,15,9,396,396,1.0,0.29574309185959674,330,327,0.990909090909091,0.2511520737327189,( ( not ( eventually ( x_5 <= -12.604 ) ) ) and ( always ( x_5 <= 93.65 ) ) ) and ( always ( x_0 <= 87.75 ) )
2088,90,16,1,3,"[[4869, -1.0, 0.3068576753139496], [3226, 1.0, 0.25689297914505005], [636, -1.0, 0.025705527514219284]]",0.9724629605837316,18,10,58,58,1.0,0.26244343891402716,63,55,0.873015873015873,0.25821596244131456,"( ( not ( always ( x_1 >= -91.94 ) ) ) and ( always[4,inf] ( x_4 <= 83.76 ) ) ) and ( not ( eventually[26,29] ( x_4 <= -62.05 ) ) )"
2089,90,15,0,3,"[[6670, -1.0, 0.01045406237244606], [2636, 1.0, 0.020712781697511673], [1949, -1.0, 0.16541387140750885]]",0.9643602585419664,15,11,92,91,0.9891304347826086,0.3939393939393939,82,77,0.9390243902439024,0.29389312977099236,"( ( not ( always ( x_0 <= 92.8 ) ) ) and ( always ( x_5 <= 172.19 ) ) ) and ( not ( always[9,inf] ( eventually[6,18] ( x_2 <= -6.28 ) ) ) )"
2090,90,42,2,3,"[[7825, -1.0, 0.2538932263851166], [3990, -1.0, 0.32320624589920044], [6670, 1.0, 0.24501150846481323]]",0.9854453145870603,18,10,423,420,0.9929078014184397,0.31366691560866317,425,413,0.971764705882353,0.3172043010752688,( ( not ( eventually ( x_2 <= -4.8043 ) ) ) and ( not ( eventually ( x_3 >= 76.06 ) ) ) ) and ( always ( x_0 <= 35.02 ) )
2091,90,42,2,3,"[[7825, -1.0, 0.2529970705509186], [6670, 1.0, 0.34681904315948486], [2636, 1.0, 0.006589741446077824]]",0.9929586467743067,16,9,473,472,0.9978858350951374,0.3525018670649739,453,452,0.9977924944812362,0.34715821812596004,( ( not ( eventually ( x_2 <= -5.29 ) ) ) and ( always ( x_0 <= 11.99 ) ) ) and ( always ( x_5 <= 175.83 ) )
2092,90,42,2,2,"[[7825, -1.0, 0.24573515355587006], [2636, 1.0, 0.6276548504829407]]",0.9879804897845237,11,6,135,135,1.0,0.10082150858849888,115,112,0.9739130434782609,0.08602150537634409,( not ( eventually ( x_2 <= -9.23 ) ) ) and ( always ( x_5 <= 15.78 ) )
2093,90,42,2,3,"[[7825, -1.0, 0.24596482515335083], [5264, 1.0, 0.20797720551490784], [1462, 1.0, 0.19331985712051392]]",0.976740452341414,18,9,376,371,0.9867021276595744,0.2770724421209858,357,345,0.9663865546218487,0.26497695852534564,"( ( not ( eventually ( x_2 <= -9.1 ) ) ) and ( always ( x_4 <= 45.57 ) ) ) and ( always[11,inf] ( x_0 >= -14.39 ) )"
2094,90,42,2,2,"[[7825, -1.0, 0.24573515355587006], [2636, 1.0, 0.6276548504829407]]",0.9879804897845237,11,6,135,135,1.0,0.10082150858849888,115,112,0.9739130434782609,0.08602150537634409,( not ( eventually ( x_2 <= -9.23 ) ) ) and ( always ( x_5 <= 15.78 ) )
2095,90,42,2,3,"[[5500, -1.0, 0.2459089159965515], [9569, -1.0, 0.13871470093727112], [6844, -1.0, 0.18434354662895203]]",0.9894477681844595,19,11,154,154,1.0,0.11501120238984316,144,140,0.9722222222222222,0.10752688172043011,"( ( not ( eventually[0,31] ( x_2 <= -6.38 ) ) ) and ( not ( eventually ( x_5 >= 115.75 ) ) ) ) and ( not ( eventually[2,7] ( x_2 >= 1.07 ) ) )"
2096,90,42,2,2,"[[7825, -1.0, 0.24573515355587006], [2636, 1.0, 0.6276548504829407]]",0.9879804897845237,11,6,135,135,1.0,0.10082150858849888,115,112,0.9739130434782609,0.08602150537634409,( not ( eventually ( x_2 <= -9.23 ) ) ) and ( always ( x_5 <= 15.78 ) )
2097,90,42,2,3,"[[6670, 1.0, 0.3542907238006592], [5500, -1.0, 0.21171465516090393], [2636, 1.0, 0.33489829301834106]]",0.9964652935126352,16,9,463,463,1.0,0.3457804331590739,462,452,0.9783549783549783,0.34715821812596004,"( ( always ( x_0 <= 10.3 ) ) and ( not ( eventually[0,31] ( x_2 <= -25.08 ) ) ) ) and ( always ( x_5 <= 91.23 ) )"
2098,90,42,2,2,"[[7825, -1.0, 0.24573515355587006], [2636, 1.0, 0.6276548504829407]]",0.9879804897845237,11,6,135,135,1.0,0.10082150858849888,115,112,0.9739130434782609,0.08602150537634409,( not ( eventually ( x_2 <= -9.23 ) ) ) and ( always ( x_5 <= 15.78 ) )
2099,90,42,2,3,"[[7825, -1.0, 0.25330597162246704], [2636, 1.0, 0.4091513156890869], [6670, 1.0, 0.011871324852108955]]",0.9922214269527097,16,9,428,427,0.9976635514018691,0.3188946975354742,398,397,0.9974874371859297,0.3049155145929339,( ( not ( eventually ( x_2 <= -5.12 ) ) ) and ( always ( x_5 <= 72.09 ) ) ) and ( always ( x_0 <= 87.75 ) )
2100,90,95,13,3,"[[2636, -1.0, 0.25694307684898376], [7876, 1.0, 0.25886479020118713], [1462, 1.0, 0.21936741471290588]]",0.7117261666200994,16,11,28,23,0.8214285714285714,0.17293233082706766,36,11,0.3055555555555556,0.09322033898305085,"( ( not ( always ( x_5 <= 243.75 ) ) ) and ( always[10,18] ( ( x_3 >= 1992.52 ) or ( x_2 <= 6.05 ) ) ) ) and ( always[11,inf] ( x_0 >= -10.41 ) )"
2101,90,42,2,3,"[[7825, -1.0, 0.24828489124774933], [2636, 1.0, 0.3395971655845642], [6670, 1.0, 0.3468719720840454]]",0.9962038521599509,16,9,431,431,1.0,0.321882001493652,423,421,0.9952718676122931,0.32334869431643626,( ( not ( eventually ( x_2 <= -7.84 ) ) ) and ( always ( x_5 <= 90.0153 ) ) ) and ( always ( x_0 <= 11.98 ) )
2102,90,16,1,3,"[[4869, -1.0, 0.3068576753139496], [3226, 1.0, 0.25689297914505005], [636, -1.0, 0.025705527514219284]]",0.9724629605837316,18,10,58,58,1.0,0.26244343891402716,63,55,0.873015873015873,0.25821596244131456,"( ( not ( always ( x_1 >= -91.94 ) ) ) and ( always[4,inf] ( x_4 <= 83.76 ) ) ) and ( not ( eventually[26,29] ( x_4 <= -62.05 ) ) )"
2103,90,42,2,3,"[[7825, -1.0, 0.2500096261501312], [2636, 1.0, 0.48685264587402344], [6670, 1.0, 0.011871324852108955]]",0.9955926257239869,16,9,371,371,1.0,0.2770724421209858,332,332,1.0,0.25499231950844853,( ( not ( eventually ( x_2 <= -6.91 ) ) ) and ( always ( x_5 <= 52.07 ) ) ) and ( always ( x_0 <= 87.75 ) )
2104,90,42,2,3,"[[1462, 1.0, 0.24889135360717773], [3990, -1.0, 0.3642653226852417], [4869, 1.0, 0.2982670068740845]]",0.9896108877121994,18,9,320,319,0.996875,0.23823749066467514,295,289,0.9796610169491525,0.22196620583717358,"( ( always[11,inf] ( x_0 >= -5.9 ) ) and ( not ( eventually ( x_3 >= 59.63 ) ) ) ) and ( always ( x_1 >= -4.13 ) )"
2105,90,6,5,3,"[[2636, -1.0, 1.8533506393432617], [5071, -1.0, 0.09996989369392395], [559, 1.0, 0.159471794962883]]",0.935950766939138,18,10,24,24,1.0,0.12698412698412698,33,28,0.8484848484848485,0.13270142180094788,"( ( not ( always ( x_5 <= 655.16 ) ) ) and ( not ( eventually[17,inf] ( x_1 >= 119.24 ) ) ) ) and ( always[27,inf] ( x_5 <= 43.39 ) )"
2106,90,42,2,2,"[[7825, -1.0, 0.24573515355587006], [2636, 1.0, 0.6276548504829407]]",0.9879804897845237,11,6,135,135,1.0,0.10082150858849888,115,112,0.9739130434782609,0.08602150537634409,( not ( eventually ( x_2 <= -9.23 ) ) ) and ( always ( x_5 <= 15.78 ) )
2107,90,42,2,3,"[[4869, 1.0, 0.2989097237586975], [5264, 1.0, 0.1797817051410675], [6670, 1.0, 0.3181089758872986]]",0.9746165716978595,16,11,394,388,0.9847715736040609,0.28976848394324123,384,372,0.96875,0.2857142857142857,"( ( ( always ( x_1 >= -4.0377 ) ) or ( eventually[10,14] ( x_0 <= -591.94 ) ) ) and ( always ( x_4 <= 87.76 ) ) ) and ( always ( x_0 <= 18.48 ) )"
2108,90,42,2,3,"[[333, -1.0, 0.2576897144317627], [2636, 1.0, 0.35669487714767456], [1949, -1.0, 0.16754421591758728]]",0.9572989844008344,15,11,512,496,0.96875,0.3704256908140403,489,468,0.9570552147239264,0.35944700460829493,"( ( not ( eventually ( x_5 <= -42.18 ) ) ) and ( always ( x_5 <= 85.61 ) ) ) and ( not ( always[9,inf] ( eventually[6,18] ( x_2 <= -4.99 ) ) ) )"
2109,90,42,2,3,"[[7825, -1.0, 0.25535857677459717], [2636, 1.0, 0.055537231266498566], [6670, 1.0, 0.09084294736385345]]",0.9884153634233802,16,9,532,529,0.9943609022556391,0.3950709484690067,484,483,0.9979338842975206,0.3709677419354839,( ( not ( eventually ( x_2 <= -4.01 ) ) ) and ( always ( x_5 <= 163.22 ) ) ) and ( always ( x_0 <= 69.89 ) )
2110,90,42,2,2,"[[333, -1.0, 0.375763475894928], [2636, 1.0, 0.32548168301582336]]",0.9946614167886589,10,6,306,306,1.0,0.22852875280059745,252,247,0.9801587301587301,0.18970814132104455,( not ( eventually ( x_5 <= -10.85 ) ) ) and ( always ( x_5 <= 93.65 ) )
2111,90,42,2,3,"[[333, -1.0, 0.36914706230163574], [2636, 1.0, 0.005502187646925449], [6670, 1.0, 0.018576605245471]]",0.9967194658321351,15,9,499,499,1.0,0.3726661687826736,418,412,0.9856459330143541,0.31643625192012287,( ( not ( eventually ( x_5 <= -12.604 ) ) ) and ( always ( x_5 <= 176.11 ) ) ) and ( always ( x_0 <= 86.23 ) )
2112,90,42,2,3,"[[1462, 1.0, 0.26178720593452454], [3226, 1.0, 0.26823562383651733], [4869, 1.0, 0.2939632833003998]]",0.9898010450727168,16,8,326,325,0.9969325153374233,0.24271844660194175,301,294,0.9767441860465116,0.22580645161290322,"( ( always[11,inf] ( x_0 >= -3.93 ) ) and ( always[4,inf] ( x_4 <= 74.33 ) ) ) and ( always ( x_1 >= -4.76 ) )"
2113,90,42,2,2,"[[333, -1.0, 0.375763475894928], [2636, 1.0, 0.32548168301582336]]",0.9946614167886589,10,6,306,306,1.0,0.22852875280059745,252,247,0.9801587301587301,0.18970814132104455,( not ( eventually ( x_5 <= -10.85 ) ) ) and ( always ( x_5 <= 93.65 ) )
2114,90,42,2,3,"[[7825, -1.0, 0.25252872705459595], [2636, 1.0, 0.31102895736694336], [9736, 1.0, 0.17203958332538605]]",0.9937939854916304,16,9,263,263,1.0,0.1964152352501867,197,192,0.9746192893401016,0.14746543778801843,"( ( not ( eventually ( x_2 <= -5.54 ) ) ) and ( always ( x_5 <= 97.38 ) ) ) and ( always[28,31] ( x_5 <= 6.75 ) )"
2115,90,42,2,3,"[[6670, 1.0, 0.3233538269996643], [2268, 1.0, 0.19815492630004883], [9569, -1.0, 0.09688818454742432]]",0.9779917663302202,17,12,622,613,0.9855305466237942,0.45780433159073936,610,596,0.9770491803278688,0.4577572964669739,"( ( always ( x_0 <= 17.3 ) ) and ( ( always[10,24] ( x_5 <= -992.53 ) ) or ( always[8,20] ( x_2 >= -5.18 ) ) ) ) and ( not ( eventually ( x_5 >= 176.51 ) ) )"
2116,90,42,2,3,"[[7825, -1.0, 0.24892975389957428], [2636, 1.0, 0.3349437713623047], [6670, 1.0, 0.3468719720840454]]",0.9961684273110172,16,9,427,427,1.0,0.3188946975354742,425,423,0.9952941176470588,0.3248847926267281,( ( not ( eventually ( x_2 <= -7.4953 ) ) ) and ( always ( x_5 <= 91.21 ) ) ) and ( always ( x_0 <= 11.98 ) )
2117,90,42,2,3,"[[1462, 1.0, 0.24889135360717773], [3990, -1.0, 0.3927900195121765], [4869, 1.0, 0.2982670068740845]]",0.9941478031656037,18,9,279,279,1.0,0.2083644510828977,264,259,0.9810606060606061,0.1989247311827957,"( ( always[11,inf] ( x_0 >= -5.9 ) ) and ( not ( eventually ( x_3 >= 48.22 ) ) ) ) and ( always ( x_1 >= -4.13 ) )"
2118,90,6,5,3,"[[2636, -1.0, 1.8533506393432617], [5071, -1.0, 0.09996989369392395], [559, 1.0, 0.159471794962883]]",0.935950766939138,18,10,24,24,1.0,0.12698412698412698,33,28,0.8484848484848485,0.13270142180094788,"( ( not ( always ( x_5 <= 655.16 ) ) ) and ( not ( eventually[17,inf] ( x_1 >= 119.24 ) ) ) ) and ( always[27,inf] ( x_5 <= 43.39 ) )"
2119,90,42,2,3,"[[6670, 1.0, 0.3542907238006592], [5500, -1.0, 0.21171465516090393], [2636, 1.0, 0.33489829301834106]]",0.9964652935126352,16,9,463,463,1.0,0.3457804331590739,462,452,0.9783549783549783,0.34715821812596004,"( ( always ( x_0 <= 10.3 ) ) and ( not ( eventually[0,31] ( x_2 <= -25.08 ) ) ) ) and ( always ( x_5 <= 91.23 ) )"
2120,90,42,2,3,"[[76, -1.0, 0.2231259047985077], [2636, 1.0, 0.3395971655845642], [6670, 1.0, 0.3438647389411926]]",0.9894029308843001,15,11,452,450,0.995575221238938,0.33607169529499625,434,428,0.9861751152073732,0.32872503840245776,"( ( not ( eventually[1,26] ( ( x_4 >= -811.8 ) and ( x_2 <= -7.85 ) ) ) ) and ( always ( x_5 <= 90.0153 ) ) ) and ( always ( x_0 <= 12.6588 ) )"
2121,90,42,2,3,"[[7825, -1.0, 0.2512921392917633], [2636, 1.0, 0.33267396688461304], [6670, 1.0, 0.3049207925796509]]",0.9901210235758351,16,9,485,483,0.9958762886597938,0.36071695294996264,465,460,0.989247311827957,0.3533026113671275,( ( not ( eventually ( x_2 <= -6.21 ) ) ) and ( always ( x_5 <= 91.8 ) ) ) and ( always ( x_0 <= 21.47 ) )
2122,90,92,12,2,"[[2338, -1.0, 1.6712745428085327], [9114, -1.0, 0.5585755109786987]]",0.9480957277857291,11,7,30,30,1.0,0.30612244897959184,35,32,0.9142857142857143,0.3137254901960784,"( not ( always[16,27] ( x_1 <= 907.81 ) ) ) and ( not ( always[4,5] ( x_0 >= -90.78 ) ) )"
2123,90,42,2,3,"[[76, -1.0, 0.226805180311203], [6670, 1.0, 0.3271835446357727], [2636, 1.0, 0.15559595823287964]]",0.9865195023700057,15,11,555,551,0.9927927927927928,0.41150112023898433,524,520,0.9923664122137404,0.39938556067588327,"( ( not ( eventually[1,26] ( ( x_4 >= -813.47 ) and ( x_2 <= -6.1776 ) ) ) ) and ( always ( x_0 <= 16.43 ) ) ) and ( always ( x_5 <= 137.43 ) )"
2124,90,42,2,2,"[[333, -1.0, 0.375763475894928], [2636, 1.0, 0.32548168301582336]]",0.9946614167886589,10,6,306,306,1.0,0.22852875280059745,252,247,0.9801587301587301,0.18970814132104455,( not ( eventually ( x_5 <= -10.85 ) ) ) and ( always ( x_5 <= 93.65 ) )
2125,90,42,2,3,"[[7825, -1.0, 0.2500096261501312], [2636, 1.0, 0.48685264587402344], [6670, 1.0, 0.011871324852108955]]",0.9955926257239869,16,9,371,371,1.0,0.2770724421209858,332,332,1.0,0.25499231950844853,( ( not ( eventually ( x_2 <= -6.91 ) ) ) and ( always ( x_5 <= 52.07 ) ) ) and ( always ( x_0 <= 87.75 ) )
2126,90,95,13,3,"[[559, -1.0, 0.7291029095649719], [7008, -1.0, 0.20639045536518097], [1462, 1.0, 0.21936741471290588]]",0.8589313179094591,19,10,10,10,1.0,0.07518796992481203,14,6,0.42857142857142855,0.05084745762711865,"( ( not ( always[27,inf] ( x_5 <= 243.25 ) ) ) and ( not ( eventually[7,25] ( x_4 >= 26.19 ) ) ) ) and ( always[11,inf] ( x_0 >= -10.41 ) )"
2127,90,42,2,3,"[[333, -1.0, 0.36914706230163574], [2636, 1.0, 0.0], [6670, 1.0, 0.018576605245471]]",0.9967194658321351,15,9,499,499,1.0,0.3726661687826736,418,412,0.9856459330143541,0.31643625192012287,( ( not ( eventually ( x_5 <= -12.604 ) ) ) and ( always ( x_5 <= 177.53 ) ) ) and ( always ( x_0 <= 86.23 ) )
2128,90,42,2,3,"[[7825, -1.0, 0.2500096261501312], [2636, 1.0, 0.48685264587402344], [6670, 1.0, 0.011871324852108955]]",0.9955926257239869,16,9,371,371,1.0,0.2770724421209858,332,332,1.0,0.25499231950844853,( ( not ( eventually ( x_2 <= -6.91 ) ) ) and ( always ( x_5 <= 52.07 ) ) ) and ( always ( x_0 <= 87.75 ) )
2129,90,42,2,3,"[[7825, -1.0, 0.2538932263851166], [3226, 1.0, 0.3163861036300659], [6670, 1.0, 0.29133862257003784]]",0.9945910895397481,16,9,302,302,1.0,0.22554144884241972,277,273,0.9855595667870036,0.20967741935483872,"( ( not ( eventually ( x_2 <= -4.8 ) ) ) and ( always[4,inf] ( x_4 <= 34.31 ) ) ) and ( always ( x_0 <= 24.54 ) )"
2130,90,42,2,3,"[[7825, -1.0, 0.2549334764480591], [2636, 1.0, 0.34885841608047485], [6513, 1.0, 0.08234167098999023]]",0.9948131565834063,15,10,315,315,1.0,0.2352501867064974,322,312,0.968944099378882,0.23963133640552994,"( ( not ( eventually ( x_2 <= -4.24 ) ) ) and ( always ( x_5 <= 87.63 ) ) ) and ( eventually ( always[1,11] ( x_2 >= -0.71 ) ) )"
2131,90,42,2,3,"[[7825, -1.0, 0.2549334764480591], [2636, 1.0, 0.34885841608047485], [6513, 1.0, 0.08234167098999023]]",0.9948131565834063,15,10,315,315,1.0,0.2352501867064974,322,312,0.968944099378882,0.23963133640552994,"( ( not ( eventually ( x_2 <= -4.24 ) ) ) and ( always ( x_5 <= 87.63 ) ) ) and ( eventually ( always[1,11] ( x_2 >= -0.71 ) ) )"
2132,90,42,2,3,"[[2979, 1.0, 0.14752092957496643], [5500, -1.0, 0.23566660284996033], [6670, 1.0, 0.011871324852108955]]",0.9959006472604219,17,9,399,399,1.0,0.29798356982823004,370,363,0.981081081081081,0.27880184331797236,"( ( always[4,33] ( x_5 <= 43.75 ) ) and ( not ( eventually[0,31] ( x_2 <= -11.98 ) ) ) ) and ( always ( x_0 <= 87.75 ) )"
2133,90,6,5,3,"[[2636, -1.0, 0.6127095222473145], [3390, 1.0, 0.2790350317955017], [559, 1.0, 0.014817647635936737]]",0.9163861567630498,17,9,18,18,1.0,0.09523809523809523,16,15,0.9375,0.07109004739336493,"( ( not ( always ( x_5 <= 335.43 ) ) ) and ( always[12,inf] ( x_1 <= 3.57 ) ) ) and ( always[27,inf] ( x_5 <= 75.93 ) )"
2134,90,42,2,3,"[[1462, 1.0, 0.21077033877372742], [2636, 1.0, 0.31102895736694336], [4869, 1.0, 0.2695372700691223]]",0.97777840242155,16,8,616,607,0.9853896103896104,0.45332337565347275,591,578,0.9780033840947546,0.44393241167434716,"( ( always[11,inf] ( x_0 >= -11.72 ) ) and ( always ( x_5 <= 97.38 ) ) ) and ( always ( x_1 >= -8.3 ) )"
2135,90,16,1,3,"[[4869, -1.0, 0.4260433316230774], [3390, 1.0, 0.0], [6670, 1.0, 0.015267141163349152]]",0.9661636952798821,17,14,97,96,0.9896907216494846,0.4343891402714932,96,91,0.9479166666666666,0.4272300469483568,"( ( not ( ( always ( x_1 >= -109.23 ) ) or ( eventually[10,14] ( x_0 <= -486.74 ) ) ) ) and ( always[12,inf] ( x_1 <= 232.27 ) ) ) and ( always ( ( x_0 <= 86.98 ) or ( x_5 >= 1166.36 ) ) )"
2136,90,92,12,3,"[[2338, -1.0, 0.7935962677001953], [8005, -1.0, 0.12486091256141663], [7876, -1.0, 0.840562105178833]]",0.774503575342492,15,13,58,49,0.8448275862068966,0.5,63,53,0.8412698412698413,0.5196078431372549,"( ( not ( always[16,27] ( x_1 <= 502.34 ) ) ) and ( not ( always[21,24] ( x_0 >= -31.78 ) ) ) ) and ( not ( always[10,18] ( ( x_3 >= 1528.5 ) or ( x_2 <= 470.08 ) ) ) )"
2137,90,42,2,3,"[[1462, 1.0, 0.2364940643310547], [2636, 1.0, 0.18545252084732056], [5071, -1.0, 0.2504607141017914]]",0.9806728930121895,17,12,453,448,0.9889624724061811,0.3345780433159074,443,432,0.9751693002257337,0.3317972350230415,"( ( ( always[12,28] ( x_3 <= -952.84 ) ) or ( always[11,inf] ( x_0 >= -7.8 ) ) ) and ( always ( x_5 <= 129.74 ) ) ) and ( not ( eventually[17,inf] ( x_1 >= 6.85 ) ) )"
2138,90,42,2,3,"[[6670, 1.0, 0.3302847146987915], [2268, 1.0, 0.19388999044895172], [9569, -1.0, 0.15559780597686768]]",0.9832157566776832,17,12,522,517,0.9904214559386973,0.3861090365944735,511,497,0.9726027397260274,0.3817204301075269,"( ( always ( x_0 <= 15.73 ) ) and ( ( always[10,24] ( x_5 <= -990.22 ) ) or ( always[8,20] ( x_2 >= -7.4962 ) ) ) ) and ( not ( eventually ( x_5 >= 91.23 ) ) )"
2139,90,42,2,3,"[[2268, 1.0, 0.2010740041732788], [9569, -1.0, 0.11754831671714783], [6670, 1.0, 0.3090236186981201]]",0.9761191923561552,17,12,573,564,0.9842931937172775,0.421209858103062,547,535,0.9780621572212066,0.4109062980030722,"( ( ( always[10,24] ( x_5 <= -994.12 ) ) or ( always[8,20] ( x_2 >= -3.6 ) ) ) and ( not ( eventually ( x_5 >= 146.5 ) ) ) ) and ( always ( x_0 <= 20.54 ) )"
2140,90,88,10,3,"[[9736, 1.0, 0.1836518794298172], [8005, -1.0, 0.02605314739048481], [7825, -1.0, 0.15275418758392334]]",0.692716205437788,15,10,34,27,0.7941176470588235,0.17763157894736842,35,20,0.5714285714285714,0.12987012987012986,"( ( always[28,31] ( x_5 <= -1.18 ) ) and ( not ( always[21,24] ( x_0 >= -17.91 ) ) ) ) and ( not ( eventually ( x_2 <= -59.64 ) ) )"
2141,90,42,2,2,"[[333, -1.0, 0.375763475894928], [2636, 1.0, 0.32548168301582336]]",0.9946614167886589,10,6,306,306,1.0,0.22852875280059745,252,247,0.9801587301587301,0.18970814132104455,( not ( eventually ( x_5 <= -10.85 ) ) ) and ( always ( x_5 <= 93.65 ) )
2142,90,42,2,2,"[[7825, -1.0, 0.24573515355587006], [2636, 1.0, 0.6276548504829407]]",0.9879804897845237,11,6,135,135,1.0,0.10082150858849888,115,112,0.9739130434782609,0.08602150537634409,( not ( eventually ( x_2 <= -9.23 ) ) ) and ( always ( x_5 <= 15.78 ) )
2143,90,42,2,3,"[[7825, -1.0, 0.2514461576938629], [2636, 1.0, 0.0], [9226, -1.0, 0.27271658182144165]]",0.9904868406686737,18,10,171,171,1.0,0.1277072442120986,161,154,0.9565217391304348,0.11827956989247312,"( ( not ( eventually ( x_2 <= -6.13 ) ) ) and ( always ( x_5 <= 177.53 ) ) ) and ( not ( eventually[29,inf] ( x_2 >= 1.1656 ) ) )"
2144,90,42,2,3,"[[2636, 1.0, 0.2534947395324707], [1462, 1.0, 0.1451931893825531], [6844, -1.0, 0.18205508589744568]]",0.9574819914111028,16,12,487,472,0.9691991786447639,0.3525018670649739,505,475,0.9405940594059405,0.36482334869431643,"( ( always ( x_5 <= 112.2 ) ) and ( ( always[12,28] ( x_3 <= -938.91 ) ) or ( always[11,inf] ( x_0 >= -21.73 ) ) ) ) and ( not ( eventually[2,7] ( x_2 >= 2.77 ) ) )"
2145,90,88,10,3,"[[83, 1.0, 0.06782859563827515], [2636, 1.0, 0.36245471239089966], [7825, -1.0, 0.07494551688432693]]",0.6877169958615249,16,9,74,56,0.7567567567567568,0.3684210526315789,75,48,0.64,0.3116883116883117,"( ( always[29,inf] ( x_1 <= -0.4365 ) ) and ( always ( x_5 <= 84.12 ) ) ) and ( not ( eventually ( x_2 <= -101.82 ) ) )"
2146,90,42,2,3,"[[7825, -1.0, 0.24828489124774933], [2636, 1.0, 0.3395971655845642], [6670, 1.0, 0.3468719720840454]]",0.9962038521599509,16,9,431,431,1.0,0.321882001493652,423,421,0.9952718676122931,0.32334869431643626,( ( not ( eventually ( x_2 <= -7.84 ) ) ) and ( always ( x_5 <= 90.0153 ) ) ) and ( always ( x_0 <= 11.98 ) )
2147,90,15,0,3,"[[6670, -1.0, 0.0], [2636, 1.0, 0.020712781697511673], [9901, -1.0, 0.1866382211446762]]",0.9719933847916375,15,11,57,57,1.0,0.24675324675324675,65,61,0.9384615384615385,0.23282442748091603,"( ( not ( always ( x_0 <= 90.43 ) ) ) and ( always ( x_5 <= 172.19 ) ) ) and ( not ( eventually ( always[3,5] ( x_0 <= -8.07 ) ) ) )"
2148,90,42,2,2,"[[7825, -1.0, 0.25412285327911377], [9736, 1.0, 0.18012940883636475]]",0.9757197403351059,11,6,66,66,1.0,0.04929051530993279,49,41,0.8367346938775511,0.0314900153609831,"( not ( eventually ( x_2 <= -4.68 ) ) ) and ( always[28,31] ( x_5 <= 1.23 ) )"
2149,90,42,2,3,"[[333, -1.0, 0.36914706230163574], [2636, 1.0, 0.32548168301582336], [6670, 1.0, 0.011871324852108955]]",0.995869719826602,15,9,396,396,1.0,0.29574309185959674,330,327,0.990909090909091,0.2511520737327189,( ( not ( eventually ( x_5 <= -12.604 ) ) ) and ( always ( x_5 <= 93.65 ) ) ) and ( always ( x_0 <= 87.75 ) )
2150,90,42,2,3,"[[7825, -1.0, 0.24828489124774933], [2636, 1.0, 0.24350211024284363], [6670, 1.0, 0.29133862257003784]]",0.9785746364713334,16,9,639,630,0.9859154929577465,0.4705003734129948,608,596,0.9802631578947368,0.4577572964669739,( ( not ( eventually ( x_2 <= -7.84 ) ) ) and ( always ( x_5 <= 114.78 ) ) ) and ( always ( x_0 <= 24.54 ) )
2151,90,42,2,3,"[[7825, -1.0, 0.2500096261501312], [2636, 1.0, 0.48685264587402344], [6670, 1.0, 0.011871324852108955]]",0.9955926257239869,16,9,371,371,1.0,0.2770724421209858,332,332,1.0,0.25499231950844853,( ( not ( eventually ( x_2 <= -6.91 ) ) ) and ( always ( x_5 <= 52.07 ) ) ) and ( always ( x_0 <= 87.75 ) )
2152,90,42,2,3,"[[7825, -1.0, 0.25567829608917236], [2636, 1.0, 0.32681554555892944], [333, -1.0, 0.37571263313293457]]",0.9931465609153722,17,10,238,238,1.0,0.1777445855115758,209,205,0.9808612440191388,0.15745007680491552,( ( not ( eventually ( x_2 <= -3.8366 ) ) ) and ( always ( x_5 <= 93.31 ) ) ) and ( not ( eventually ( x_5 <= -10.86 ) ) )
2153,90,42,2,3,"[[7825, -1.0, 0.24596482515335083], [5264, 1.0, 0.20797720551490784], [1462, 1.0, 0.2154928743839264]]",0.9829604469487276,18,9,361,358,0.9916897506925207,0.26736370425690814,340,332,0.9764705882352941,0.25499231950844853,"( ( not ( eventually ( x_2 <= -9.1 ) ) ) and ( always ( x_4 <= 45.57 ) ) ) and ( always[11,inf] ( x_0 >= -11.0 ) )"
2154,90,88,10,3,"[[8005, -1.0, 0.0633370578289032], [3390, 1.0, 0.2743210196495056], [5500, -1.0, 0.12378968298435211]]",0.6435416866964437,16,10,58,42,0.7241379310344828,0.27631578947368424,65,40,0.6153846153846154,0.2597402597402597,"( ( not ( always[21,24] ( x_0 >= -23.14 ) ) ) and ( always[12,inf] ( x_1 <= 7.43 ) ) ) and ( not ( eventually[0,31] ( x_2 <= -73.15 ) ) )"
2155,90,42,2,3,"[[7825, -1.0, 0.2500096261501312], [2636, 1.0, 0.48685264587402344], [6670, 1.0, 0.011871324852108955]]",0.9955926257239869,16,9,371,371,1.0,0.2770724421209858,332,332,1.0,0.25499231950844853,( ( not ( eventually ( x_2 <= -6.91 ) ) ) and ( always ( x_5 <= 52.07 ) ) ) and ( always ( x_0 <= 87.75 ) )
2156,90,42,2,3,"[[7825, -1.0, 0.25136059522628784], [2636, 1.0, 0.15394757688045502], [6670, 1.0, 0.3468719720840454]]",0.9929288613379147,16,9,471,470,0.9978768577494692,0.351008215085885,463,462,0.9978401727861771,0.3548387096774194,( ( not ( eventually ( x_2 <= -6.1774 ) ) ) and ( always ( x_5 <= 137.86 ) ) ) and ( always ( x_0 <= 11.98 ) )
2157,90,42,2,3,"[[7825, -1.0, 0.2500096261501312], [2636, 1.0, 0.48685264587402344], [6670, 1.0, 0.011871324852108955]]",0.9955926257239869,16,9,371,371,1.0,0.2770724421209858,332,332,1.0,0.25499231950844853,( ( not ( eventually ( x_2 <= -6.91 ) ) ) and ( always ( x_5 <= 52.07 ) ) ) and ( always ( x_0 <= 87.75 ) )
2158,90,95,13,3,"[[2636, -1.0, 0.25694307684898376], [5339, -1.0, 0.22655817866325378], [333, -1.0, 0.3637946844100952]]",0.8700897188124962,18,11,11,11,1.0,0.08270676691729323,4,1,0.25,0.00847457627118644,"( ( not ( always ( x_5 <= 243.75 ) ) ) and ( not ( eventually[0,11] ( x_5 >= 6.85 ) ) ) ) and ( not ( eventually ( x_5 <= -14.02 ) ) )"
2159,90,42,2,3,"[[7825, -1.0, 0.2475859820842743], [5264, 1.0, 0.22156107425689697], [6670, 1.0, 0.011871324852108955]]",0.9928168415003961,17,9,227,227,1.0,0.169529499626587,235,230,0.9787234042553191,0.17665130568356374,( ( not ( eventually ( x_2 <= -8.22 ) ) ) and ( always ( x_4 <= 25.25 ) ) ) and ( always ( x_0 <= 87.75 ) )
2160,90,42,2,3,"[[7825, -1.0, 0.2512921392917633], [2636, 1.0, 0.3831334114074707], [6670, 1.0, 0.3049207925796509]]",0.992328519374528,16,9,434,433,0.9976958525345622,0.32337565347274083,413,411,0.9951573849878934,0.315668202764977,( ( not ( eventually ( x_2 <= -6.21 ) ) ) and ( always ( x_5 <= 78.8 ) ) ) and ( always ( x_0 <= 21.47 ) )
2161,90,42,2,3,"[[7825, -1.0, 0.240497887134552], [2636, 1.0, 0.5176149010658264], [6670, 1.0, 0.011871324852108955]]",0.9952067387521663,16,9,341,341,1.0,0.2546676624346527,325,320,0.9846153846153847,0.2457757296466974,( ( not ( eventually ( x_2 <= -12.0665 ) ) ) and ( always ( x_5 <= 44.14 ) ) ) and ( always ( x_0 <= 87.75 ) )
2162,90,42,2,2,"[[333, -1.0, 0.375763475894928], [2636, 1.0, 0.32548168301582336]]",0.9946614167886589,10,6,306,306,1.0,0.22852875280059745,252,247,0.9801587301587301,0.18970814132104455,( not ( eventually ( x_5 <= -10.85 ) ) ) and ( always ( x_5 <= 93.65 ) )
2163,90,42,2,3,"[[4869, 1.0, 0.2821692228317261], [2636, 1.0, 0.1427120566368103], [6670, 1.0, 0.31582385301589966]]",0.9716068074022304,15,11,690,676,0.9797101449275363,0.5048543689320388,646,630,0.9752321981424149,0.4838709677419355,"( ( ( always ( x_1 >= -6.4669 ) ) or ( eventually[10,14] ( x_0 <= -589.51 ) ) ) and ( always ( x_5 <= 140.75 ) ) ) and ( always ( x_0 <= 19.0 ) )"
2164,90,42,2,3,"[[76, -1.0, 0.21386386454105377], [2979, 1.0, 0.1475352942943573], [6670, 1.0, 0.16350218653678894]]",0.991531846426132,16,11,393,392,0.9974554707379135,0.292755787901419,370,358,0.9675675675675676,0.2749615975422427,"( ( not ( eventually[1,26] ( ( x_4 >= -807.58 ) and ( x_2 <= -12.0668 ) ) ) ) and ( always[4,33] ( x_5 <= 43.72 ) ) ) and ( always ( x_0 <= 53.45 ) )"
2165,90,42,2,3,"[[6670, 1.0, 0.3422251343727112], [2268, 1.0, 0.20030833780765533], [9569, -1.0, 0.14536520838737488]]",0.9841270222684936,17,12,471,467,0.9915074309978769,0.3487677371172517,453,444,0.9801324503311258,0.34101382488479265,"( ( always ( x_0 <= 13.03 ) ) and ( ( always[10,24] ( x_5 <= -993.7 ) ) or ( always[8,20] ( x_2 >= -4.015 ) ) ) ) and ( not ( eventually ( x_5 >= 106.09 ) ) )"
2166,90,42,2,2,"[[7825, -1.0, 0.24573515355587006], [2636, 1.0, 0.6276548504829407]]",0.9879804897845237,11,6,135,135,1.0,0.10082150858849888,115,112,0.9739130434782609,0.08602150537634409,( not ( eventually ( x_2 <= -9.23 ) ) ) and ( always ( x_5 <= 15.78 ) )
2167,90,42,2,3,"[[6670, 1.0, 0.3302847146987915], [7825, -1.0, 0.21649476885795593], [2636, 1.0, 0.40433502197265625]]",0.9868103395301131,16,9,467,464,0.9935760171306209,0.34652725914861837,463,448,0.9676025917926566,0.34408602150537637,( ( always ( x_0 <= 15.73 ) ) and ( not ( eventually ( x_2 <= -25.08 ) ) ) ) and ( always ( x_5 <= 73.33 ) )
2168,90,42,2,3,"[[7825, -1.0, 0.24828489124774933], [2636, 1.0, 0.3395971655845642], [6670, 1.0, 0.3468719720840454]]",0.9962038521599509,16,9,431,431,1.0,0.321882001493652,423,421,0.9952718676122931,0.32334869431643626,( ( not ( eventually ( x_2 <= -7.84 ) ) ) and ( always ( x_5 <= 90.0153 ) ) ) and ( always ( x_0 <= 11.98 ) )
2169,90,6,5,3,"[[2636, -1.0, 1.1044087409973145], [6670, 1.0, 0.058052703738212585], [559, 1.0, 0.014817647635936737]]",0.9655270243074291,16,11,46,46,1.0,0.24338624338624337,41,40,0.975609756097561,0.1895734597156398,"( ( not ( always ( x_5 <= 462.15 ) ) ) and ( always ( ( x_0 <= 77.3 ) or ( x_5 >= 1176.03 ) ) ) ) and ( always[27,inf] ( x_5 <= 75.93 ) )"
2170,90,42,2,3,"[[7825, -1.0, 0.2500096261501312], [2636, 1.0, 0.48685264587402344], [6670, 1.0, 0.011871324852108955]]",0.9955926257239869,16,9,371,371,1.0,0.2770724421209858,332,332,1.0,0.25499231950844853,( ( not ( eventually ( x_2 <= -6.91 ) ) ) and ( always ( x_5 <= 52.07 ) ) ) and ( always ( x_0 <= 87.75 ) )
2171,90,95,13,3,"[[3990, 1.0, 0.2957139015197754], [1183, 1.0, 0.2869923710823059], [7876, 1.0, 0.20840734243392944]]",0.5186559638174274,15,10,23,15,0.6521739130434783,0.11278195488721804,12,3,0.25,0.025423728813559324,"( ( eventually ( x_3 >= 323.72 ) ) and ( always[8,27] ( x_1 >= -2.8 ) ) ) and ( always[10,18] ( ( x_3 >= 1971.23 ) or ( x_2 <= 27.35 ) ) )"
2172,90,42,2,3,"[[1462, 1.0, 0.2072787880897522], [2636, 1.0, 0.1518293023109436], [6844, -1.0, 0.17830875515937805]]",0.9695617125033545,16,12,605,592,0.9785123966942149,0.4421209858103062,634,606,0.9558359621451105,0.46543778801843316,"( ( ( always[12,28] ( x_3 <= -948.38 ) ) or ( always[11,inf] ( x_0 >= -12.26 ) ) ) and ( always ( x_5 <= 138.4 ) ) ) and ( not ( eventually[2,7] ( x_2 >= 5.54 ) ) )"
2173,90,42,2,3,"[[7825, -1.0, 0.24828489124774933], [2636, 1.0, 0.3395971655845642], [6670, 1.0, 0.3468719720840454]]",0.9962038521599509,16,9,431,431,1.0,0.321882001493652,423,421,0.9952718676122931,0.32334869431643626,( ( not ( eventually ( x_2 <= -7.84 ) ) ) and ( always ( x_5 <= 90.0153 ) ) ) and ( always ( x_0 <= 11.98 ) )
2174,90,42,2,3,"[[4869, 1.0, 0.2979204058647156], [3226, 1.0, 0.3064579665660858], [6513, 1.0, 0.08270679414272308]]",0.9788984049421091,14,9,226,224,0.9911504424778761,0.1672890216579537,207,202,0.9758454106280193,0.15514592933947774,"( ( always ( x_1 >= -4.18 ) ) and ( always[4,inf] ( x_4 <= 42.56 ) ) ) and ( eventually ( always[1,11] ( x_2 >= -0.5 ) ) )"
2175,90,42,2,3,"[[7825, -1.0, 0.2500096261501312], [2636, 1.0, 0.48685264587402344], [6670, 1.0, 0.011871324852108955]]",0.9955926257239869,16,9,371,371,1.0,0.2770724421209858,332,332,1.0,0.25499231950844853,( ( not ( eventually ( x_2 <= -6.91 ) ) ) and ( always ( x_5 <= 52.07 ) ) ) and ( always ( x_0 <= 87.75 ) )
2176,90,95,13,3,"[[559, -1.0, 0.7291029095649719], [7008, -1.0, 0.20639045536518097], [2338, 1.0, 0.2877979278564453]]",0.8296711635082987,18,10,8,8,1.0,0.06015037593984962,9,5,0.5555555555555556,0.0423728813559322,"( ( not ( always[27,inf] ( x_5 <= 243.25 ) ) ) and ( not ( eventually[7,25] ( x_4 >= 26.19 ) ) ) ) and ( always[16,27] ( x_1 <= 2.76 ) )"
2177,90,42,2,3,"[[7825, -1.0, 0.24828489124774933], [2636, 1.0, 0.3395971655845642], [6670, 1.0, 0.3468719720840454]]",0.9962038521599509,16,9,431,431,1.0,0.321882001493652,423,421,0.9952718676122931,0.32334869431643626,( ( not ( eventually ( x_2 <= -7.84 ) ) ) and ( always ( x_5 <= 90.0153 ) ) ) and ( always ( x_0 <= 11.98 ) )
2178,90,42,2,2,"[[7825, -1.0, 0.25535857677459717], [3390, 1.0, 0.2809258699417114]]",0.9693828911740721,12,6,52,52,1.0,0.038834951456310676,38,37,0.9736842105263158,0.028417818740399385,"( not ( eventually ( x_2 <= -4.01 ) ) ) and ( always[12,inf] ( x_1 <= 2.02 ) )"
2179,90,42,2,3,"[[7825, -1.0, 0.24795885384082794], [2636, 1.0, 0.4268818497657776], [6670, 1.0, 0.011871324852108955]]",0.9815247774101884,16,9,474,469,0.989451476793249,0.3502613890963405,444,438,0.9864864864864865,0.33640552995391704,( ( not ( eventually ( x_2 <= -8.02 ) ) ) and ( always ( x_5 <= 67.52 ) ) ) and ( always ( x_0 <= 87.75 ) )
2180,90,42,2,3,"[[6670, 1.0, 0.35265326499938965], [5500, -1.0, 0.23812928795814514], [2636, 1.0, 0.33489829301834106]]",0.9963063025261367,16,9,443,443,1.0,0.3308439133681852,429,425,0.9906759906759907,0.32642089093702,"( ( always ( x_0 <= 10.67 ) ) and ( not ( eventually[0,31] ( x_2 <= -10.64 ) ) ) ) and ( always ( x_5 <= 91.23 ) )"
2181,90,42,2,3,"[[7825, -1.0, 0.240497887134552], [2979, 1.0, 0.14752092957496643], [6670, 1.0, 0.011871324852108955]]",0.995880080692477,17,9,397,397,1.0,0.29648991784914114,368,361,0.9809782608695652,0.2772657450076805,"( ( not ( eventually ( x_2 <= -12.0665 ) ) ) and ( always[4,33] ( x_5 <= 43.75 ) ) ) and ( always ( x_0 <= 87.75 ) )"
2182,90,42,2,3,"[[2979, 1.0, 0.14683416485786438], [76, -1.0, 0.21404626965522766], [6670, 1.0, 0.011871324852108955]]",0.9794068394997789,16,11,425,420,0.9882352941176471,0.31366691560866317,390,376,0.9641025641025641,0.2887864823348694,"( ( always[4,33] ( x_5 <= 45.44 ) ) and ( not ( eventually[1,26] ( ( x_4 >= -807.67 ) and ( x_2 <= -11.98 ) ) ) ) ) and ( always ( x_0 <= 87.75 ) )"
2183,90,42,2,3,"[[2268, 1.0, 0.20053115487098694], [2636, 1.0, 0.19301992654800415], [4968, -1.0, 0.2822393476963043]]",0.964890568360254,16,12,423,413,0.9763593380614657,0.3084391336818521,385,366,0.9506493506493506,0.28110599078341014,"( ( ( always[10,24] ( x_5 <= -993.82 ) ) or ( always[8,20] ( x_2 >= -3.89 ) ) ) and ( always ( x_5 <= 127.79 ) ) ) and ( not ( eventually[3,18] ( x_5 >= 27.21 ) ) )"
2184,90,42,2,2,"[[7825, -1.0, 0.24573515355587006], [2636, 1.0, 0.6276548504829407]]",0.9879804897845237,11,6,135,135,1.0,0.10082150858849888,115,112,0.9739130434782609,0.08602150537634409,( not ( eventually ( x_2 <= -9.23 ) ) ) and ( always ( x_5 <= 15.78 ) )
2185,90,42,2,3,"[[2979, 1.0, 0.1484450101852417], [1183, 1.0, 0.2543051242828369], [6670, 1.0, 0.2802865505218506]]",0.9911037128548496,15,8,374,373,0.9973262032085561,0.27856609410007466,340,334,0.9823529411764705,0.2565284178187404,"( ( always[4,33] ( x_5 <= 41.49 ) ) and ( always[8,27] ( x_1 >= -11.58 ) ) ) and ( always ( x_0 <= 27.04 ) )"
2186,90,42,2,3,"[[7825, -1.0, 0.2500096261501312], [2636, 1.0, 0.48685264587402344], [6670, 1.0, 0.011871324852108955]]",0.9955926257239869,16,9,371,371,1.0,0.2770724421209858,332,332,1.0,0.25499231950844853,( ( not ( eventually ( x_2 <= -6.91 ) ) ) and ( always ( x_5 <= 52.07 ) ) ) and ( always ( x_0 <= 87.75 ) )
2187,90,95,13,3,"[[559, -1.0, 0.4570046067237854], [7008, -1.0, 0.20929646492004395], [1949, -1.0, 0.17313537001609802]]",0.7850963161535156,18,12,6,6,1.0,0.045112781954887216,10,4,0.4,0.03389830508474576,"( ( not ( always[27,inf] ( x_5 <= 182.05 ) ) ) and ( not ( eventually[7,25] ( x_4 >= 22.67 ) ) ) ) and ( not ( always[9,inf] ( eventually[6,18] ( x_2 <= -1.6 ) ) ) )"
2188,90,42,2,2,"[[333, -1.0, 0.375763475894928], [2636, 1.0, 0.32548168301582336]]",0.9946614167886589,10,6,306,306,1.0,0.22852875280059745,252,247,0.9801587301587301,0.18970814132104455,( not ( eventually ( x_5 <= -10.85 ) ) ) and ( always ( x_5 <= 93.65 ) )
2189,90,42,2,2,"[[7825, -1.0, 0.24573515355587006], [2636, 1.0, 0.6276548504829407]]",0.9879804897845237,11,6,135,135,1.0,0.10082150858849888,115,112,0.9739130434782609,0.08602150537634409,( not ( eventually ( x_2 <= -9.23 ) ) ) and ( always ( x_5 <= 15.78 ) )
2190,90,42,2,3,"[[7825, -1.0, 0.2500096261501312], [2636, 1.0, 0.48685264587402344], [6670, 1.0, 0.011871324852108955]]",0.9955926257239869,16,9,371,371,1.0,0.2770724421209858,332,332,1.0,0.25499231950844853,( ( not ( eventually ( x_2 <= -6.91 ) ) ) and ( always ( x_5 <= 52.07 ) ) ) and ( always ( x_0 <= 87.75 ) )
2191,90,42,2,3,"[[1462, 1.0, 0.22312644124031067], [3990, -1.0, 0.3642653226852417], [8090, 1.0, 0.13673990964889526]]",0.9860000239688842,18,9,237,236,0.9957805907172996,0.17625093353248694,227,221,0.973568281938326,0.16973886328725038,"( ( always[11,inf] ( x_0 >= -9.84 ) ) and ( not ( eventually ( x_3 >= 59.63 ) ) ) ) and ( always[27,inf] ( x_4 >= -2.82 ) )"
2192,90,42,2,2,"[[7825, -1.0, 0.24573515355587006], [2636, 1.0, 0.6276548504829407]]",0.9879804897845237,11,6,135,135,1.0,0.10082150858849888,115,112,0.9739130434782609,0.08602150537634409,( not ( eventually ( x_2 <= -9.23 ) ) ) and ( always ( x_5 <= 15.78 ) )
2193,90,42,2,3,"[[7825, -1.0, 0.2500096261501312], [2636, 1.0, 0.48685264587402344], [6670, 1.0, 0.011871324852108955]]",0.9955926257239869,16,9,371,371,1.0,0.2770724421209858,332,332,1.0,0.25499231950844853,( ( not ( eventually ( x_2 <= -6.91 ) ) ) and ( always ( x_5 <= 52.07 ) ) ) and ( always ( x_0 <= 87.75 ) )
2194,90,42,2,3,"[[7825, -1.0, 0.2419416308403015], [2979, 1.0, 0.144134521484375], [6670, 1.0, 0.3177937865257263]]",0.9917205843407865,17,9,402,401,0.9975124378109452,0.2994772218073189,355,352,0.9915492957746479,0.27035330261136714,"( ( not ( eventually ( x_2 <= -11.28 ) ) ) and ( always[4,33] ( x_5 <= 52.05 ) ) ) and ( always ( x_0 <= 18.56 ) )"
2195,90,42,2,3,"[[7825, -1.0, 0.25273770093917847], [3226, 1.0, 0.3163267970085144], [6670, 1.0, 0.29133862257003784]]",0.9892776959408319,16,9,310,309,0.9967741935483871,0.23076923076923078,285,281,0.9859649122807017,0.21582181259600614,"( ( not ( eventually ( x_2 <= -5.43 ) ) ) and ( always[4,inf] ( x_4 <= 34.35 ) ) ) and ( always ( x_0 <= 24.54 ) )"
2196,90,95,13,3,"[[636, -1.0, 0.30140775442123413], [4968, -1.0, 0.3179599344730377], [1949, -1.0, 0.10585449635982513]]",0.7527428728793251,17,12,5,5,1.0,0.03759398496240601,12,7,0.5833333333333334,0.059322033898305086,"( ( not ( eventually[26,29] ( x_4 <= 132.15 ) ) ) and ( not ( eventually[3,18] ( x_5 >= 12.77 ) ) ) ) and ( not ( always[9,inf] ( eventually[6,18] ( x_2 <= -42.35 ) ) ) )"
2197,90,15,0,3,"[[6670, -1.0, 0.09428733587265015], [5264, 1.0, 0.07489495724439621], [2415, 1.0, 0.1570199579000473]]",0.9779967554888438,17,12,73,73,1.0,0.31601731601731603,79,70,0.8860759493670886,0.26717557251908397,"( ( not ( always ( x_0 <= 111.76 ) ) ) and ( always ( x_4 <= 244.69 ) ) ) and ( ( always[1,4] ( x_1 >= -1.74 ) ) and ( always[2,32] ( x_0 >= -310.49 ) ) )"
2198,90,42,2,3,"[[1462, 1.0, 0.20064955949783325], [2636, 1.0, 0.0025540459901094437], [6844, -1.0, 0.17473015189170837]]",0.9572510367576083,16,12,751,726,0.966711051930759,0.5421956684092606,756,718,0.9497354497354498,0.5514592933947773,"( ( ( always[12,28] ( x_3 <= -947.37 ) ) or ( always[11,inf] ( x_0 >= -13.27 ) ) ) and ( always ( x_5 <= 176.87 ) ) ) and ( not ( eventually[2,7] ( x_2 >= 8.18 ) ) )"
2199,90,95,13,3,"[[2636, -1.0, 0.018052631989121437], [4968, -1.0, 0.17880111932754517], [954, 1.0, 0.1518750786781311]]",0.45179638120379506,15,13,66,35,0.5303030303030303,0.2631578947368421,59,26,0.4406779661016949,0.22033898305084745,"( ( not ( always ( x_5 <= 182.19 ) ) ) and ( not ( eventually[3,18] ( ( x_4 <= 2044.37 ) and ( x_5 >= 69.01 ) ) ) ) ) and ( eventually[19,inf] ( always[1,8] ( x_2 >= 19.65 ) ) )"
2200,90,6,5,3,"[[2636, -1.0, 0.1604994237422943], [559, 1.0, 0.04775654524564743], [6670, 1.0, 0.357551634311676]]",0.9163861567630498,16,9,18,18,1.0,0.09523809523809523,20,17,0.85,0.08056872037914692,"( ( not ( always ( x_5 <= 218.9 ) ) ) and ( always[27,inf] ( x_5 <= 68.52 ) ) ) and ( always ( x_0 <= 9.56 ) )"
2201,90,42,2,3,"[[7825, -1.0, 0.25535857677459717], [2636, 1.0, 0.0], [6670, 1.0, 0.29133862257003784]]",0.9902610122158424,16,9,492,490,0.9959349593495935,0.3659447348767737,451,450,0.9977827050997783,0.3456221198156682,( ( not ( eventually ( x_2 <= -4.01 ) ) ) and ( always ( x_5 <= 177.53 ) ) ) and ( always ( x_0 <= 24.54 ) )
2202,90,88,10,3,"[[5071, -1.0, 0.2579854428768158], [83, 1.0, 0.07705499231815338], [5500, -1.0, 0.10740043222904205]]",0.7841515380151205,18,10,44,38,0.8636363636363636,0.25,50,38,0.76,0.24675324675324675,"( ( not ( eventually[17,inf] ( x_1 >= 1.24 ) ) ) and ( always[29,inf] ( x_1 <= -1.4267 ) ) ) and ( not ( eventually[0,31] ( x_2 <= -82.11 ) ) )"
2203,90,42,2,3,"[[333, -1.0, 0.36914706230163574], [2636, 1.0, 0.0], [6670, 1.0, 0.018576605245471]]",0.9967194658321351,15,9,499,499,1.0,0.3726661687826736,418,412,0.9856459330143541,0.31643625192012287,( ( not ( eventually ( x_5 <= -12.604 ) ) ) and ( always ( x_5 <= 177.53 ) ) ) and ( always ( x_0 <= 86.23 ) )
2204,90,42,2,2,"[[333, -1.0, 0.375763475894928], [2636, 1.0, 0.32548168301582336]]",0.9946614167886589,10,6,306,306,1.0,0.22852875280059745,252,247,0.9801587301587301,0.18970814132104455,( not ( eventually ( x_5 <= -10.85 ) ) ) and ( always ( x_5 <= 93.65 ) )
2205,90,42,2,3,"[[7825, -1.0, 0.2500096261501312], [2636, 1.0, 0.48685264587402344], [6670, 1.0, 0.011871324852108955]]",0.9955926257239869,16,9,371,371,1.0,0.2770724421209858,332,332,1.0,0.25499231950844853,( ( not ( eventually ( x_2 <= -6.91 ) ) ) and ( always ( x_5 <= 52.07 ) ) ) and ( always ( x_0 <= 87.75 ) )
2206,90,6,5,3,"[[2636, -1.0, 0.0891377180814743], [559, 1.0, 0.12525314092636108], [6670, 1.0, 0.11508752405643463]]",0.8014674207281794,16,11,113,96,0.8495575221238938,0.5079365079365079,120,94,0.7833333333333333,0.44549763033175355,"( ( not ( always ( x_5 <= 200.5 ) ) ) and ( always[27,inf] ( x_5 <= 51.09 ) ) ) and ( always ( ( x_0 <= 64.4 ) or ( x_5 >= 1188.93 ) ) )"
2207,90,42,2,2,"[[333, -1.0, 0.375763475894928], [2636, 1.0, 0.32548168301582336]]",0.9946614167886589,10,6,306,306,1.0,0.22852875280059745,252,247,0.9801587301587301,0.18970814132104455,( not ( eventually ( x_5 <= -10.85 ) ) ) and ( always ( x_5 <= 93.65 ) )
2208,90,42,2,3,"[[7825, -1.0, 0.2549334764480591], [2636, 1.0, 0.34885841608047485], [6513, 1.0, 0.08234167098999023]]",0.9948131565834063,15,10,315,315,1.0,0.2352501867064974,322,312,0.968944099378882,0.23963133640552994,"( ( not ( eventually ( x_2 <= -4.24 ) ) ) and ( always ( x_5 <= 87.63 ) ) ) and ( eventually ( always[1,11] ( x_2 >= -0.71 ) ) )"
2209,90,42,2,3,"[[1462, 1.0, 0.2583308517932892], [2636, 1.0, 0.0], [3390, 1.0, 0.26756638288497925]]",0.9843005965170792,16,11,392,389,0.9923469387755102,0.2905153099327857,375,366,0.976,0.28110599078341014,"( ( ( always[12,28] ( x_3 <= -956.18 ) ) or ( always[11,inf] ( x_0 >= -4.46 ) ) ) and ( always ( x_5 <= 177.53 ) ) ) and ( always[12,inf] ( x_1 <= 12.97 ) )"
2210,90,42,2,3,"[[1462, 1.0, 0.22494837641716003], [2636, 1.0, 0.338611900806427], [4869, 1.0, 0.2486545443534851]]",0.9892036371689555,16,8,571,568,0.9947460595446584,0.42419716206123975,545,536,0.9834862385321101,0.4116743471582181,"( ( always[11,inf] ( x_0 >= -9.56 ) ) and ( always ( x_5 <= 90.27 ) ) ) and ( always ( x_1 >= -11.33 ) )"
2211,90,42,2,3,"[[1462, 1.0, 0.23053771257400513], [3990, -1.0, 0.3531414866447449], [8982, -1.0, 0.02250438928604126]]",0.9795880113496643,19,13,301,298,0.9900332225913622,0.22255414488424197,288,273,0.9479166666666666,0.20967741935483872,"( ( ( always[12,28] ( x_3 <= -951.93 ) ) or ( always[11,inf] ( x_0 >= -8.71 ) ) ) and ( not ( eventually ( x_3 >= 64.08 ) ) ) ) and ( not ( always[16,18] ( x_0 >= -0.8471 ) ) )"
2212,90,42,2,3,"[[7825, -1.0, 0.24828489124774933], [2636, 1.0, 0.3395971655845642], [6670, 1.0, 0.3468719720840454]]",0.9962038521599509,16,9,431,431,1.0,0.321882001493652,423,421,0.9952718676122931,0.32334869431643626,( ( not ( eventually ( x_2 <= -7.84 ) ) ) and ( always ( x_5 <= 90.0153 ) ) ) and ( always ( x_0 <= 11.98 ) )
2213,90,42,2,2,"[[7825, -1.0, 0.25412285327911377], [9736, 1.0, 0.18012940883636475]]",0.9757197403351059,11,6,66,66,1.0,0.04929051530993279,49,41,0.8367346938775511,0.0314900153609831,"( not ( eventually ( x_2 <= -4.68 ) ) ) and ( always[28,31] ( x_5 <= 1.23 ) )"
2214,90,42,2,3,"[[7825, -1.0, 0.2500096261501312], [2636, 1.0, 0.48685264587402344], [6670, 1.0, 0.011871324852108955]]",0.9955926257239869,16,9,371,371,1.0,0.2770724421209858,332,332,1.0,0.25499231950844853,( ( not ( eventually ( x_2 <= -6.91 ) ) ) and ( always ( x_5 <= 52.07 ) ) ) and ( always ( x_0 <= 87.75 ) )
2215,90,42,2,3,"[[76, -1.0, 0.2239091843366623], [2636, 1.0, 0.33302634954452515], [6670, 1.0, 0.3468719720840454]]",0.9923982909941227,15,11,438,437,0.997716894977169,0.3263629574309186,432,426,0.9861111111111112,0.3271889400921659,"( ( not ( eventually[1,26] ( ( x_4 >= -812.15 ) and ( x_2 <= -7.4955 ) ) ) ) and ( always ( x_5 <= 91.71 ) ) ) and ( always ( x_0 <= 11.98 ) )"
2216,90,42,2,3,"[[7825, -1.0, 0.2514461576938629], [2636, 1.0, 0.0], [9226, -1.0, 0.27271658182144165]]",0.9904868406686737,18,10,171,171,1.0,0.1277072442120986,161,154,0.9565217391304348,0.11827956989247312,"( ( not ( eventually ( x_2 <= -6.13 ) ) ) and ( always ( x_5 <= 177.53 ) ) ) and ( not ( eventually[29,inf] ( x_2 >= 1.1656 ) ) )"
2217,90,42,2,3,"[[76, -1.0, 0.2251989245414734], [2636, 1.0, 0.24350211024284363], [6670, 1.0, 0.30886924266815186]]",0.9750306953251339,15,11,596,586,0.9832214765100671,0.43764002987303957,563,550,0.9769094138543517,0.42242703533026116,"( ( not ( eventually[1,26] ( ( x_4 >= -812.74 ) and ( x_2 <= -6.91 ) ) ) ) and ( always ( x_5 <= 114.78 ) ) ) and ( always ( x_0 <= 20.57 ) )"
2218,90,42,2,2,"[[7825, -1.0, 0.24573515355587006], [2636, 1.0, 0.6276548504829407]]",0.9879804897845237,11,6,135,135,1.0,0.10082150858849888,115,112,0.9739130434782609,0.08602150537634409,( not ( eventually ( x_2 <= -9.23 ) ) ) and ( always ( x_5 <= 15.78 ) )
2219,90,42,2,3,"[[2268, 1.0, 0.20053115487098694], [2636, 1.0, 0.43112218379974365], [6670, 1.0, 0.2643059194087982]]",0.975777123212953,15,11,413,407,0.9854721549636803,0.3039581777445855,387,379,0.979328165374677,0.2910906298003072,"( ( ( always[10,24] ( x_5 <= -993.82 ) ) or ( always[8,20] ( x_2 >= -3.89 ) ) ) and ( always ( x_5 <= 66.43 ) ) ) and ( always ( x_0 <= 30.65 ) )"
2220,90,95,13,3,"[[2636, -1.0, 0.16439491510391235], [4968, -1.0, 0.31623709201812744], [1462, 1.0, 0.22316721081733704]]",0.6102444165551337,17,12,20,15,0.75,0.11278195488721804,24,11,0.4583333333333333,0.09322033898305085,"( ( not ( always ( x_5 <= 219.9 ) ) ) and ( not ( eventually[3,18] ( ( x_4 <= 2099.92 ) and ( x_5 >= 13.47 ) ) ) ) ) and ( always[11,inf] ( x_0 >= -9.83 ) )"
2221,90,42,2,3,"[[333, -1.0, 0.36914706230163574], [2636, 1.0, 0.32548168301582336], [6670, 1.0, 0.011871324852108955]]",0.995869719826602,15,9,396,396,1.0,0.29574309185959674,330,327,0.990909090909091,0.2511520737327189,( ( not ( eventually ( x_5 <= -12.604 ) ) ) and ( always ( x_5 <= 93.65 ) ) ) and ( always ( x_0 <= 87.75 ) )
2222,90,42,2,3,"[[7825, -1.0, 0.24828489124774933], [2636, 1.0, 0.3395971655845642], [6670, 1.0, 0.3468719720840454]]",0.9962038521599509,16,9,431,431,1.0,0.321882001493652,423,421,0.9952718676122931,0.32334869431643626,( ( not ( eventually ( x_2 <= -7.84 ) ) ) and ( always ( x_5 <= 90.0153 ) ) ) and ( always ( x_0 <= 11.98 ) )
2223,90,42,2,2,"[[7825, -1.0, 0.24573515355587006], [2636, 1.0, 0.6276548504829407]]",0.9879804897845237,11,6,135,135,1.0,0.10082150858849888,115,112,0.9739130434782609,0.08602150537634409,( not ( eventually ( x_2 <= -9.23 ) ) ) and ( always ( x_5 <= 15.78 ) )
2224,90,42,2,3,"[[7825, -1.0, 0.2549334764480591], [2636, 1.0, 0.34885841608047485], [6513, 1.0, 0.08234167098999023]]",0.9948131565834063,15,10,315,315,1.0,0.2352501867064974,322,312,0.968944099378882,0.23963133640552994,"( ( not ( eventually ( x_2 <= -4.24 ) ) ) and ( always ( x_5 <= 87.63 ) ) ) and ( eventually ( always[1,11] ( x_2 >= -0.71 ) ) )"
2225,90,42,2,3,"[[7825, -1.0, 0.2500096261501312], [2636, 1.0, 0.48685264587402344], [6670, 1.0, 0.011871324852108955]]",0.9955926257239869,16,9,371,371,1.0,0.2770724421209858,332,332,1.0,0.25499231950844853,( ( not ( eventually ( x_2 <= -6.91 ) ) ) and ( always ( x_5 <= 52.07 ) ) ) and ( always ( x_0 <= 87.75 ) )
2226,90,15,0,3,"[[6670, -1.0, 0.46200263500213623], [3226, 1.0, 0.0], [2415, 1.0, 0.15616273880004883]]",0.9688012854018005,16,12,51,51,1.0,0.22077922077922077,58,54,0.9310344827586207,0.20610687022900764,"( ( not ( always ( x_0 <= 194.93 ) ) ) and ( always[4,inf] ( x_4 <= 297.31 ) ) ) and ( ( always[1,4] ( x_1 >= -2.3 ) ) and ( always[2,32] ( x_0 >= -311.04 ) ) )"
2227,90,42,2,3,"[[7825, -1.0, 0.24828489124774933], [2636, 1.0, 0.3395971655845642], [6670, 1.0, 0.3468719720840454]]",0.9962038521599509,16,9,431,431,1.0,0.321882001493652,423,421,0.9952718676122931,0.32334869431643626,( ( not ( eventually ( x_2 <= -7.84 ) ) ) and ( always ( x_5 <= 90.0153 ) ) ) and ( always ( x_0 <= 11.98 ) )
2228,90,42,2,3,"[[333, -1.0, 0.33064621686935425], [2636, 1.0, 0.32439035177230835], [6670, 1.0, 0.011871324852108955]]",0.9881717804942939,15,9,521,518,0.9942418426103646,0.38685586258401794,487,480,0.9856262833675564,0.3686635944700461,( ( not ( eventually ( x_5 <= -22.82 ) ) ) and ( always ( x_5 <= 93.93 ) ) ) and ( always ( x_0 <= 87.75 ) )
2229,90,42,2,3,"[[7825, -1.0, 0.2500096261501312], [2636, 1.0, 0.48685264587402344], [6670, 1.0, 0.011871324852108955]]",0.9955926257239869,16,9,371,371,1.0,0.2770724421209858,332,332,1.0,0.25499231950844853,( ( not ( eventually ( x_2 <= -6.91 ) ) ) and ( always ( x_5 <= 52.07 ) ) ) and ( always ( x_0 <= 87.75 ) )
2230,90,42,2,3,"[[7825, -1.0, 0.25136059522628784], [2636, 1.0, 0.15394757688045502], [6670, 1.0, 0.3468719720840454]]",0.9929288613379147,16,9,471,470,0.9978768577494692,0.351008215085885,463,462,0.9978401727861771,0.3548387096774194,( ( not ( eventually ( x_2 <= -6.1774 ) ) ) and ( always ( x_5 <= 137.86 ) ) ) and ( always ( x_0 <= 11.98 ) )
2231,90,42,2,3,"[[333, -1.0, 0.3424757421016693], [2636, 1.0, 0.0], [6670, 1.0, 0.018576605245471]]",0.994699995075089,15,9,629,628,0.9984101748807631,0.4690067214339059,592,583,0.9847972972972973,0.4477726574500768,( ( not ( eventually ( x_5 <= -19.68 ) ) ) and ( always ( x_5 <= 177.53 ) ) ) and ( always ( x_0 <= 86.23 ) )
2232,90,42,2,3,"[[7825, -1.0, 0.25567829608917236], [2636, 1.0, 0.24963712692260742], [333, -1.0, 0.37571263313293457]]",0.987326752548342,17,10,262,261,0.9961832061068703,0.19492158327109785,226,222,0.9823008849557522,0.17050691244239632,( ( not ( eventually ( x_2 <= -3.8366 ) ) ) and ( always ( x_5 <= 113.2 ) ) ) and ( not ( eventually ( x_5 <= -10.86 ) ) )
2233,90,88,10,3,"[[83, 1.0, 0.06522172689437866], [3990, -1.0, 0.41631650924682617], [7825, -1.0, 0.06938402354717255]]",0.6103820394502277,18,12,84,57,0.6785714285714286,0.375,92,48,0.5217391304347826,0.3116883116883117,"( ( always[29,inf] ( ( x_0 >= 34.82 ) or ( x_1 <= -0.16 ) ) ) and ( not ( eventually ( x_3 >= 38.8 ) ) ) ) and ( not ( eventually ( x_2 <= -104.84 ) ) )"
2234,90,42,2,3,"[[7825, -1.0, 0.25412285327911377], [2636, 1.0, 0.02867048978805542], [9736, 1.0, 0.17209899425506592]]",0.9942703013868734,16,9,285,285,1.0,0.2128454070201643,221,214,0.9683257918552036,0.16436251920122888,"( ( not ( eventually ( x_2 <= -4.68 ) ) ) and ( always ( x_5 <= 170.14 ) ) ) and ( always[28,31] ( x_5 <= 6.7 ) )"
2235,90,42,2,3,"[[7825, -1.0, 0.24828489124774933], [2636, 1.0, 0.3395971655845642], [6670, 1.0, 0.3468719720840454]]",0.9962038521599509,16,9,431,431,1.0,0.321882001493652,423,421,0.9952718676122931,0.32334869431643626,( ( not ( eventually ( x_2 <= -7.84 ) ) ) and ( always ( x_5 <= 90.0153 ) ) ) and ( always ( x_0 <= 11.98 ) )
2236,90,42,2,3,"[[7825, -1.0, 0.240497887134552], [2979, 1.0, 0.14752092957496643], [6670, 1.0, 0.011871324852108955]]",0.995880080692477,17,9,397,397,1.0,0.29648991784914114,368,361,0.9809782608695652,0.2772657450076805,"( ( not ( eventually ( x_2 <= -12.0665 ) ) ) and ( always[4,33] ( x_5 <= 43.75 ) ) ) and ( always ( x_0 <= 87.75 ) )"
2237,90,42,2,3,"[[4869, 1.0, 0.2843160331249237], [5264, 1.0, 0.2081833779811859], [636, -1.0, 0.11137647926807404]]",0.9912004204817031,18,9,185,185,1.0,0.13816280806572068,179,174,0.9720670391061452,0.1336405529953917,"( ( always ( x_1 >= -6.1554 ) ) and ( always ( x_4 <= 45.26 ) ) ) and ( not ( eventually[26,29] ( x_4 <= -1.7 ) ) )"
2238,90,42,2,3,"[[5500, -1.0, 0.24683082103729248], [9569, -1.0, 0.09550422430038452], [6670, 1.0, 0.2639346122741699]]",0.9770955588780359,18,10,650,640,0.9846153846153847,0.47796863330843914,599,592,0.988313856427379,0.45468509984639016,"( ( not ( eventually[0,31] ( x_2 <= -5.88 ) ) ) and ( not ( eventually ( x_5 >= 178.52 ) ) ) ) and ( always ( x_0 <= 30.74 ) )"
2239,90,42,2,3,"[[333, -1.0, 0.36914706230163574], [2636, 1.0, 0.0], [6670, 1.0, 0.018576605245471]]",0.9967194658321351,15,9,499,499,1.0,0.3726661687826736,418,412,0.9856459330143541,0.31643625192012287,( ( not ( eventually ( x_5 <= -12.604 ) ) ) and ( always ( x_5 <= 177.53 ) ) ) and ( always ( x_0 <= 86.23 ) )
2240,90,42,2,3,"[[7825, -1.0, 0.2500096261501312], [2636, 1.0, 0.48685264587402344], [6670, 1.0, 0.011871324852108955]]",0.9955926257239869,16,9,371,371,1.0,0.2770724421209858,332,332,1.0,0.25499231950844853,( ( not ( eventually ( x_2 <= -6.91 ) ) ) and ( always ( x_5 <= 52.07 ) ) ) and ( always ( x_0 <= 87.75 ) )
2241,90,95,13,3,"[[2636, -1.0, 0.25694307684898376], [2979, 1.0, 0.13534244894981384], [3990, 1.0, 0.1446830928325653]]",0.8099625940446661,17,9,7,7,1.0,0.05263157894736842,5,2,0.4,0.01694915254237288,"( ( not ( always ( x_5 <= 243.75 ) ) ) and ( always[4,33] ( x_5 <= 73.57 ) ) ) and ( eventually ( x_3 >= 263.29 ) )"
2242,90,42,2,3,"[[333, -1.0, 0.36914706230163574], [2636, 1.0, 0.0], [6670, 1.0, 0.018576605245471]]",0.9967194658321351,15,9,499,499,1.0,0.3726661687826736,418,412,0.9856459330143541,0.31643625192012287,( ( not ( eventually ( x_5 <= -12.604 ) ) ) and ( always ( x_5 <= 177.53 ) ) ) and ( always ( x_0 <= 86.23 ) )
2243,90,42,2,3,"[[7825, -1.0, 0.24715818464756012], [2636, 1.0, 0.15394757688045502], [6670, 1.0, 0.32359886169433594]]",0.9837790455836014,16,9,618,612,0.9902912621359223,0.4570575056011949,596,588,0.9865771812080537,0.45161290322580644,( ( not ( eventually ( x_2 <= -8.46 ) ) ) and ( always ( x_5 <= 137.86 ) ) ) and ( always ( x_0 <= 17.24 ) )
2244,90,42,2,2,"[[7825, -1.0, 0.24573515355587006], [2636, 1.0, 0.6276548504829407]]",0.9879804897845237,11,6,135,135,1.0,0.10082150858849888,115,112,0.9739130434782609,0.08602150537634409,( not ( eventually ( x_2 <= -9.23 ) ) ) and ( always ( x_5 <= 15.78 ) )
2245,90,42,2,3,"[[1462, 1.0, 0.24889135360717773], [3990, -1.0, 0.3927900195121765], [4869, 1.0, 0.2982670068740845]]",0.9941478031656037,18,9,279,279,1.0,0.2083644510828977,264,259,0.9810606060606061,0.1989247311827957,"( ( always[11,inf] ( x_0 >= -5.9 ) ) and ( not ( eventually ( x_3 >= 48.22 ) ) ) ) and ( always ( x_1 >= -4.13 ) )"
2246,90,42,2,3,"[[7825, -1.0, 0.24537760019302368], [2636, 1.0, 0.1943613588809967], [6670, 1.0, 0.3087472915649414]]",0.9697103107391527,16,9,685,670,0.9781021897810219,0.5003734129947722,649,636,0.9799691833590138,0.48847926267281105,( ( not ( eventually ( x_2 <= -9.42 ) ) ) and ( always ( x_5 <= 127.44 ) ) ) and ( always ( x_0 <= 20.6 ) )
2247,90,95,13,3,"[[2636, -1.0, 0.14326909184455872], [7339, -1.0, 0.05051054805517197], [83, -1.0, 0.007843349128961563]]",0.423700642444045,18,18,55,28,0.509090909090909,0.21052631578947367,41,16,0.3902439024390244,0.13559322033898305,"( ( not ( always ( ( x_5 <= 214.45 ) or ( x_5 >= 2001.73 ) ) ) ) and ( not ( ( always[4,19] ( x_3 <= 47008.98 ) ) and ( eventually[7,27] ( x_5 >= 215.68 ) ) ) ) ) and ( not ( always[29,inf] ( ( x_0 >= 26.98 ) or ( x_1 <= 7.69 ) ) ) )"
2248,90,42,2,3,"[[2636, 1.0, 0.4997972249984741], [7825, -1.0, 0.24065010249614716], [6670, 1.0, 0.011871324852108955]]",0.991243516314203,16,9,380,379,0.9973684210526316,0.2830470500373413,348,342,0.9827586206896551,0.2626728110599078,( ( always ( x_5 <= 48.73 ) ) and ( not ( eventually ( x_2 <= -11.98 ) ) ) ) and ( always ( x_0 <= 87.75 ) )
2249,90,42,2,3,"[[333, -1.0, 0.3180142939090729], [2636, 1.0, 0.0], [6670, 1.0, 0.09818723797798157]]",0.9851216836666435,15,9,674,668,0.9910979228486647,0.4988797610156833,633,621,0.981042654028436,0.4769585253456221,( ( not ( eventually ( x_5 <= -26.17 ) ) ) and ( always ( x_5 <= 177.53 ) ) ) and ( always ( x_0 <= 68.23 ) )
2250,90,42,2,3,"[[1462, 1.0, 0.25280308723449707], [3990, -1.0, 0.3642653226852417], [4869, 1.0, 0.2954775094985962]]",0.9897384374869328,18,9,324,323,0.9969135802469136,0.24122479462285287,316,310,0.9810126582278481,0.23809523809523808,"( ( always[11,inf] ( x_0 >= -5.31 ) ) and ( not ( eventually ( x_3 >= 59.63 ) ) ) ) and ( always ( x_1 >= -4.5357 ) )"
2251,90,6,5,3,"[[5264, -1.0, 0.05320977419614792], [559, 1.0, 0.05075947940349579], [6670, 1.0, 0.1630564033985138]]",0.9655270243074291,17,11,46,46,1.0,0.24338624338624337,45,37,0.8222222222222222,0.17535545023696683,"( ( not ( always ( x_4 <= 436.35 ) ) ) and ( always[27,inf] ( x_5 <= 67.84 ) ) ) and ( always ( ( x_0 <= 53.55 ) or ( x_5 >= 1199.78 ) ) )"
2252,90,42,2,2,"[[7825, -1.0, 0.24573515355587006], [2636, 1.0, 0.6276548504829407]]",0.9879804897845237,11,6,135,135,1.0,0.10082150858849888,115,112,0.9739130434782609,0.08602150537634409,( not ( eventually ( x_2 <= -9.23 ) ) ) and ( always ( x_5 <= 15.78 ) )
2253,90,42,2,3,"[[333, -1.0, 0.36914706230163574], [2636, 1.0, 0.0], [6670, 1.0, 0.018576605245471]]",0.9967194658321351,15,9,499,499,1.0,0.3726661687826736,418,412,0.9856459330143541,0.31643625192012287,( ( not ( eventually ( x_5 <= -12.604 ) ) ) and ( always ( x_5 <= 177.53 ) ) ) and ( always ( x_0 <= 86.23 ) )
2254,90,42,2,3,"[[2636, 1.0, 0.4842531681060791], [1183, 1.0, 0.2796669602394104], [1462, 1.0, 0.13996927440166473]]",0.9765545940002072,15,8,373,368,0.9865951742627346,0.2748319641523525,343,335,0.9766763848396501,0.2572964669738863,"( ( always ( x_5 <= 52.74 ) ) and ( always[8,27] ( x_1 >= -4.7661 ) ) ) and ( always[11,inf] ( x_0 >= -22.53 ) )"
2255,90,42,2,3,"[[2268, 1.0, 0.19808831810951233], [3226, 1.0, 0.32728052139282227], [6670, 1.0, 0.011871324852108955]]",0.9694829889163954,15,11,286,281,0.9825174825174825,0.20985810306198655,277,262,0.9458483754512635,0.2012288786482335,"( ( ( always[10,24] ( x_5 <= -992.5 ) ) or ( always[8,20] ( x_2 >= -5.22 ) ) ) and ( always[4,inf] ( x_4 <= 25.25 ) ) ) and ( always ( x_0 <= 87.75 ) )"
2256,90,42,2,2,"[[7825, -1.0, 0.25412285327911377], [9736, 1.0, 0.18012940883636475]]",0.9757197403351059,11,6,66,66,1.0,0.04929051530993279,49,41,0.8367346938775511,0.0314900153609831,"( not ( eventually ( x_2 <= -4.68 ) ) ) and ( always[28,31] ( x_5 <= 1.23 ) )"
2257,90,42,2,3,"[[7825, -1.0, 0.25273770093917847], [5264, 1.0, 0.17398414015769958], [6670, 1.0, 0.3179837763309479]]",0.9925507299170649,17,9,447,446,0.9977628635346756,0.3330843913368185,426,422,0.9906103286384976,0.3241167434715822,( ( not ( eventually ( x_2 <= -5.43 ) ) ) and ( always ( x_4 <= 96.43 ) ) ) and ( always ( x_0 <= 18.51 ) )
2258,90,42,2,3,"[[7825, -1.0, 0.25494158267974854], [2636, 1.0, 0.08918318897485733], [9736, 1.0, 0.16890928149223328]]",0.9899542719377787,16,9,331,330,0.9969788519637462,0.24645257654966393,265,255,0.9622641509433962,0.195852534562212,"( ( not ( eventually ( x_2 <= -4.236 ) ) ) and ( always ( x_5 <= 154.55 ) ) ) and ( always[28,31] ( x_5 <= 8.88 ) )"
2259,90,42,2,3,"[[333, -1.0, 0.36914706230163574], [2636, 1.0, 0.32548168301582336], [6670, 1.0, 0.011871324852108955]]",0.995869719826602,15,9,396,396,1.0,0.29574309185959674,330,327,0.990909090909091,0.2511520737327189,( ( not ( eventually ( x_5 <= -12.604 ) ) ) and ( always ( x_5 <= 93.65 ) ) ) and ( always ( x_0 <= 87.75 ) )
2260,90,42,2,3,"[[7825, -1.0, 0.2500096261501312], [2636, 1.0, 0.48685264587402344], [6670, 1.0, 0.011871324852108955]]",0.9955926257239869,16,9,371,371,1.0,0.2770724421209858,332,332,1.0,0.25499231950844853,( ( not ( eventually ( x_2 <= -6.91 ) ) ) and ( always ( x_5 <= 52.07 ) ) ) and ( always ( x_0 <= 87.75 ) )
2261,90,6,5,3,"[[2636, -1.0, 0.7149206399917603], [5071, -1.0, 0.23554202914237976], [707, 1.0, 0.10468002408742905]]",0.8878341470731327,17,10,13,13,1.0,0.06878306878306878,20,15,0.75,0.07109004739336493,"( ( not ( always ( x_5 <= 361.78 ) ) ) and ( not ( eventually[17,inf] ( x_1 >= 18.0 ) ) ) ) and ( always[24,26] ( x_2 >= 0.65 ) )"
2262,90,42,2,3,"[[7825, -1.0, 0.2500096261501312], [2636, 1.0, 0.48685264587402344], [6670, 1.0, 0.011871324852108955]]",0.9955926257239869,16,9,371,371,1.0,0.2770724421209858,332,332,1.0,0.25499231950844853,( ( not ( eventually ( x_2 <= -6.91 ) ) ) and ( always ( x_5 <= 52.07 ) ) ) and ( always ( x_0 <= 87.75 ) )
2263,90,42,2,3,"[[333, -1.0, 0.3424757421016693], [2636, 1.0, 0.0], [6670, 1.0, 0.018576605245471]]",0.994699995075089,15,9,629,628,0.9984101748807631,0.4690067214339059,592,583,0.9847972972972973,0.4477726574500768,( ( not ( eventually ( x_5 <= -19.68 ) ) ) and ( always ( x_5 <= 177.53 ) ) ) and ( always ( x_0 <= 86.23 ) )
2264,90,42,2,3,"[[333, -1.0, 0.36914706230163574], [2636, 1.0, 0.0], [6670, 1.0, 0.018576605245471]]",0.9967194658321351,15,9,499,499,1.0,0.3726661687826736,418,412,0.9856459330143541,0.31643625192012287,( ( not ( eventually ( x_5 <= -12.604 ) ) ) and ( always ( x_5 <= 177.53 ) ) ) and ( always ( x_0 <= 86.23 ) )
2265,90,15,0,3,"[[6670, -1.0, 0.5975147485733032], [2979, 1.0, 0.029581956565380096], [2415, 1.0, 0.008981136605143547]]",0.9651042199119716,17,12,94,93,0.9893617021276596,0.4025974025974026,102,97,0.9509803921568627,0.3702290076335878,"( ( not ( always ( x_0 <= 225.58 ) ) ) and ( always[4,33] ( x_5 <= 332.54 ) ) ) and ( ( always[1,4] ( x_1 >= -97.2 ) ) and ( always[2,32] ( x_0 >= -405.94 ) ) )"
2266,90,42,2,3,"[[7825, -1.0, 0.2500096261501312], [2636, 1.0, 0.48685264587402344], [6670, 1.0, 0.011871324852108955]]",0.9955926257239869,16,9,371,371,1.0,0.2770724421209858,332,332,1.0,0.25499231950844853,( ( not ( eventually ( x_2 <= -6.91 ) ) ) and ( always ( x_5 <= 52.07 ) ) ) and ( always ( x_0 <= 87.75 ) )
2267,90,42,2,3,"[[333, -1.0, 0.36914706230163574], [2636, 1.0, 0.005502187646925449], [6670, 1.0, 0.018576605245471]]",0.9967194658321351,15,9,499,499,1.0,0.3726661687826736,418,412,0.9856459330143541,0.31643625192012287,( ( not ( eventually ( x_5 <= -12.604 ) ) ) and ( always ( x_5 <= 176.11 ) ) ) and ( always ( x_0 <= 86.23 ) )
2268,90,42,2,3,"[[7825, -1.0, 0.2500096261501312], [2636, 1.0, 0.48685264587402344], [6670, 1.0, 0.011871324852108955]]",0.9955926257239869,16,9,371,371,1.0,0.2770724421209858,332,332,1.0,0.25499231950844853,( ( not ( eventually ( x_2 <= -6.91 ) ) ) and ( always ( x_5 <= 52.07 ) ) ) and ( always ( x_0 <= 87.75 ) )
2269,90,42,2,2,"[[7825, -1.0, 0.24573515355587006], [2636, 1.0, 0.6276548504829407]]",0.9879804897845237,11,6,135,135,1.0,0.10082150858849888,115,112,0.9739130434782609,0.08602150537634409,( not ( eventually ( x_2 <= -9.23 ) ) ) and ( always ( x_5 <= 15.78 ) )
2270,90,88,10,3,"[[83, 1.0, 0.06678220629692078], [3990, -1.0, 0.41631650924682617], [7825, -1.0, 0.06938402354717255]]",0.6399627777763349,18,12,76,54,0.7105263157894737,0.35526315789473684,85,48,0.5647058823529412,0.3116883116883117,"( ( always[29,inf] ( ( x_0 >= 34.99 ) or ( x_1 <= -0.32 ) ) ) and ( not ( eventually ( x_3 >= 38.8 ) ) ) ) and ( not ( eventually ( x_2 <= -104.84 ) ) )"
2271,90,42,2,3,"[[7825, -1.0, 0.2500096261501312], [2636, 1.0, 0.48685264587402344], [6670, 1.0, 0.011871324852108955]]",0.9955926257239869,16,9,371,371,1.0,0.2770724421209858,332,332,1.0,0.25499231950844853,( ( not ( eventually ( x_2 <= -6.91 ) ) ) and ( always ( x_5 <= 52.07 ) ) ) and ( always ( x_0 <= 87.75 ) )
2272,90,42,2,3,"[[1462, 1.0, 0.2508176565170288], [2636, 1.0, 0.23973926901817322], [8982, -1.0, 0.022983551025390625]]",0.9839337445884747,17,12,383,380,0.9921671018276762,0.2837938760268857,341,329,0.9648093841642229,0.25268817204301075,"( ( ( always[12,28] ( x_3 <= -955.03 ) ) or ( always[11,inf] ( x_0 >= -5.61 ) ) ) and ( always ( x_5 <= 115.75 ) ) ) and ( not ( always[16,18] ( x_0 >= -0.9044 ) ) )"
2273,90,42,2,2,"[[7825, -1.0, 0.24573515355587006], [2636, 1.0, 0.6276548504829407]]",0.9879804897845237,11,6,135,135,1.0,0.10082150858849888,115,112,0.9739130434782609,0.08602150537634409,( not ( eventually ( x_2 <= -9.23 ) ) ) and ( always ( x_5 <= 15.78 ) )
2274,90,42,2,3,"[[7825, -1.0, 0.240497887134552], [2636, 1.0, 0.47665923833847046], [1462, 1.0, 0.19800961017608643]]",0.9916586134940225,17,9,399,398,0.9974937343358395,0.2972367438386856,378,370,0.9788359788359788,0.28417818740399386,"( ( not ( eventually ( x_2 <= -12.0665 ) ) ) and ( always ( x_5 <= 54.69 ) ) ) and ( always[11,inf] ( x_0 >= -13.67 ) )"
2275,90,42,2,3,"[[7825, -1.0, 0.25136059522628784], [2636, 1.0, 0.15394757688045502], [6670, 1.0, 0.3468719720840454]]",0.9929288613379147,16,9,471,470,0.9978768577494692,0.351008215085885,463,462,0.9978401727861771,0.3548387096774194,( ( not ( eventually ( x_2 <= -6.1774 ) ) ) and ( always ( x_5 <= 137.86 ) ) ) and ( always ( x_0 <= 11.98 ) )
2276,90,42,2,3,"[[4869, 1.0, 0.2989097237586975], [2636, 1.0, 0.24350211024284363], [6670, 1.0, 0.31749480962753296]]",0.9794385321569318,15,11,487,481,0.9876796714579056,0.3592233009708738,462,452,0.9783549783549783,0.34715821812596004,"( ( ( always ( x_1 >= -4.0377 ) ) or ( eventually[10,14] ( x_0 <= -591.94 ) ) ) and ( always ( x_5 <= 114.78 ) ) ) and ( always ( x_0 <= 18.62 ) )"
2277,90,42,2,3,"[[7825, -1.0, 0.25535857677459717], [2636, 1.0, 0.055537231266498566], [6670, 1.0, 0.09084294736385345]]",0.9884153634233802,16,9,532,529,0.9943609022556391,0.3950709484690067,484,483,0.9979338842975206,0.3709677419354839,( ( not ( eventually ( x_2 <= -4.01 ) ) ) and ( always ( x_5 <= 163.22 ) ) ) and ( always ( x_0 <= 69.89 ) )
2278,90,42,2,3,"[[7825, -1.0, 0.24828489124774933], [2636, 1.0, 0.3395971655845642], [6670, 1.0, 0.3468719720840454]]",0.9962038521599509,16,9,431,431,1.0,0.321882001493652,423,421,0.9952718676122931,0.32334869431643626,( ( not ( eventually ( x_2 <= -7.84 ) ) ) and ( always ( x_5 <= 90.0153 ) ) ) and ( always ( x_0 <= 11.98 ) )
2279,90,42,2,3,"[[1462, 1.0, 0.22456935048103333], [3226, 1.0, 0.3005440831184387], [5500, -1.0, 0.24129346013069153]]",0.9821678681562654,17,9,419,415,0.9904534606205251,0.309932785660941,371,365,0.9838274932614556,0.2803379416282642,"( ( always[11,inf] ( x_0 >= -9.62 ) ) and ( always[4,inf] ( x_4 <= 47.47 ) ) ) and ( not ( eventually[0,31] ( x_2 <= -8.91 ) ) )"
2280,90,42,2,3,"[[7825, -1.0, 0.2500096261501312], [2636, 1.0, 0.48685264587402344], [6670, 1.0, 0.011871324852108955]]",0.9955926257239869,16,9,371,371,1.0,0.2770724421209858,332,332,1.0,0.25499231950844853,( ( not ( eventually ( x_2 <= -6.91 ) ) ) and ( always ( x_5 <= 52.07 ) ) ) and ( always ( x_0 <= 87.75 ) )
2281,90,15,0,3,"[[6670, -1.0, 0.6171448230743408], [7008, -1.0, 0.19556616246700287], [954, 1.0, 0.11064743995666504]]",0.9204367490813241,16,11,19,19,1.0,0.08225108225108226,22,18,0.8181818181818182,0.06870229007633588,"( ( not ( always ( x_0 <= 230.02 ) ) ) and ( not ( eventually[7,25] ( x_4 >= 39.31 ) ) ) ) and ( eventually[19,inf] ( always[1,8] ( x_2 >= -1.6938 ) ) )"
2282,90,42,2,3,"[[7825, -1.0, 0.2549334764480591], [2636, 1.0, 0.34885841608047485], [6513, 1.0, 0.08234167098999023]]",0.9948131565834063,15,10,315,315,1.0,0.2352501867064974,322,312,0.968944099378882,0.23963133640552994,"( ( not ( eventually ( x_2 <= -4.24 ) ) ) and ( always ( x_5 <= 87.63 ) ) ) and ( eventually ( always[1,11] ( x_2 >= -0.71 ) ) )"
2283,90,42,2,3,"[[7825, -1.0, 0.2549334764480591], [2636, 1.0, 0.34885841608047485], [6513, 1.0, 0.08234167098999023]]",0.9948131565834063,15,10,315,315,1.0,0.2352501867064974,322,312,0.968944099378882,0.23963133640552994,"( ( not ( eventually ( x_2 <= -4.24 ) ) ) and ( always ( x_5 <= 87.63 ) ) ) and ( eventually ( always[1,11] ( x_2 >= -0.71 ) ) )"
2284,90,42,2,3,"[[76, -1.0, 0.23182033002376556], [2636, 1.0, 0.48685264587402344], [6670, 1.0, 0.16350218653678894]]",0.9897384374869328,15,11,324,323,0.9969135802469136,0.24122479462285287,293,290,0.9897610921501706,0.2227342549923195,"( ( not ( eventually[1,26] ( ( x_4 >= -815.75 ) and ( x_2 <= -3.8954 ) ) ) ) and ( always ( x_5 <= 52.07 ) ) ) and ( always ( x_0 <= 53.45 ) )"
2285,90,62,6,3,"[[2636, -1.0, 0.012482235208153725], [9569, -1.0, 0.0727098360657692], [2979, 1.0, 0.0900755524635315]]",0.9163861567630498,18,10,18,18,1.0,0.2571428571428571,27,13,0.48148148148148145,0.14942528735632185,"( ( not ( always ( x_5 <= 180.75 ) ) ) and ( not ( eventually ( x_5 >= 211.63 ) ) ) ) and ( always[4,33] ( x_5 <= 184.42 ) )"
2286,90,42,2,3,"[[7825, -1.0, 0.24828489124774933], [2636, 1.0, 0.3395971655845642], [6670, 1.0, 0.3468719720840454]]",0.9962038521599509,16,9,431,431,1.0,0.321882001493652,423,421,0.9952718676122931,0.32334869431643626,( ( not ( eventually ( x_2 <= -7.84 ) ) ) and ( always ( x_5 <= 90.0153 ) ) ) and ( always ( x_0 <= 11.98 ) )
2287,90,42,2,3,"[[7825, -1.0, 0.240497887134552], [2979, 1.0, 0.14752092957496643], [6670, 1.0, 0.011871324852108955]]",0.995880080692477,17,9,397,397,1.0,0.29648991784914114,368,361,0.9809782608695652,0.2772657450076805,"( ( not ( eventually ( x_2 <= -12.0665 ) ) ) and ( always[4,33] ( x_5 <= 43.75 ) ) ) and ( always ( x_0 <= 87.75 ) )"
2288,90,95,13,3,"[[636, -1.0, 0.30140775442123413], [4968, -1.0, 0.3179599344730377], [6513, 1.0, 0.08646780252456665]]",0.7527428728793251,16,11,5,5,1.0,0.03759398496240601,13,7,0.5384615384615384,0.059322033898305086,"( ( not ( eventually[26,29] ( x_4 <= 132.15 ) ) ) and ( not ( eventually[3,18] ( x_5 >= 12.77 ) ) ) ) and ( eventually ( always[1,11] ( x_2 >= 1.68 ) ) )"
2289,90,42,2,3,"[[333, -1.0, 0.36914706230163574], [2636, 1.0, 0.32548168301582336], [6670, 1.0, 0.011871324852108955]]",0.995869719826602,15,9,396,396,1.0,0.29574309185959674,330,327,0.990909090909091,0.2511520737327189,( ( not ( eventually ( x_5 <= -12.604 ) ) ) and ( always ( x_5 <= 93.65 ) ) ) and ( always ( x_0 <= 87.75 ) )
2290,90,42,2,3,"[[7825, -1.0, 0.24828489124774933], [2636, 1.0, 0.3395971655845642], [6670, 1.0, 0.3468719720840454]]",0.9962038521599509,16,9,431,431,1.0,0.321882001493652,423,421,0.9952718676122931,0.32334869431643626,( ( not ( eventually ( x_2 <= -7.84 ) ) ) and ( always ( x_5 <= 90.0153 ) ) ) and ( always ( x_0 <= 11.98 ) )
2291,90,42,2,3,"[[7825, -1.0, 0.24760669469833374], [2636, 1.0, 0.40433502197265625], [6670, 1.0, 0.3159447908401489]]",0.9890657431654631,16,9,438,436,0.9954337899543378,0.32561613144137413,416,412,0.9903846153846154,0.31643625192012287,( ( not ( eventually ( x_2 <= -8.21 ) ) ) and ( always ( x_5 <= 73.33 ) ) ) and ( always ( x_0 <= 18.97 ) )
2292,90,42,2,3,"[[7825, -1.0, 0.25003212690353394], [2636, 1.0, 0.33267396688461304], [6670, 1.0, 0.3159447908401489]]",0.9902806873807519,16,9,493,491,0.9959432048681541,0.36669156086631816,479,473,0.9874739039665971,0.3632872503840246,( ( not ( eventually ( x_2 <= -6.9 ) ) ) and ( always ( x_5 <= 91.8 ) ) ) and ( always ( x_0 <= 18.97 ) )
2293,90,6,5,3,"[[2636, -1.0, 1.8533506393432617], [5071, -1.0, 0.06747075915336609], [1949, -1.0, 0.16785869002342224]]",0.9333516167118984,17,14,23,23,1.0,0.12169312169312169,30,25,0.8333333333333334,0.11848341232227488,"( ( not ( always ( ( x_5 <= 655.16 ) or ( x_5 >= 1561.02 ) ) ) ) and ( not ( eventually[17,inf] ( x_1 >= 143.51 ) ) ) ) and ( not ( always[9,inf] ( eventually[6,18] ( x_2 <= -4.8 ) ) ) )"
2294,90,42,2,3,"[[333, -1.0, 0.3612343668937683], [2636, 1.0, 0.32548168301582336], [1462, 1.0, 0.26635462045669556]]",0.9933946318723307,16,9,247,247,1.0,0.18446601941747573,218,214,0.981651376146789,0.16436251920122888,"( ( not ( eventually ( x_5 <= -14.7 ) ) ) and ( always ( x_5 <= 93.65 ) ) ) and ( always[11,inf] ( x_0 >= -3.2375 ) )"
2295,90,42,2,3,"[[7825, -1.0, 0.24892975389957428], [2636, 1.0, 0.33267396688461304], [6670, 1.0, 0.3468719720840454]]",0.9961684273110172,16,9,427,427,1.0,0.3188946975354742,426,424,0.9953051643192489,0.32565284178187404,( ( not ( eventually ( x_2 <= -7.4953 ) ) ) and ( always ( x_5 <= 91.8 ) ) ) and ( always ( x_0 <= 11.98 ) )
2296,90,42,2,3,"[[333, -1.0, 0.36914706230163574], [2636, 1.0, 0.0], [6670, 1.0, 0.018576605245471]]",0.9967194658321351,15,9,499,499,1.0,0.3726661687826736,418,412,0.9856459330143541,0.31643625192012287,( ( not ( eventually ( x_5 <= -12.604 ) ) ) and ( always ( x_5 <= 177.53 ) ) ) and ( always ( x_0 <= 86.23 ) )
2297,90,42,2,3,"[[333, -1.0, 0.36914706230163574], [2636, 1.0, 0.0], [6670, 1.0, 0.018576605245471]]",0.9967194658321351,15,9,499,499,1.0,0.3726661687826736,418,412,0.9856459330143541,0.31643625192012287,( ( not ( eventually ( x_5 <= -12.604 ) ) ) and ( always ( x_5 <= 177.53 ) ) ) and ( always ( x_0 <= 86.23 ) )
2298,90,42,2,3,"[[7825, -1.0, 0.252818763256073], [2636, 1.0, 0.2879326641559601], [9736, 1.0, 0.17203958332538605]]",0.9939090641123745,16,9,268,268,1.0,0.20014936519790888,198,193,0.9747474747474747,0.14823348694316435,"( ( not ( eventually ( x_2 <= -5.39 ) ) ) and ( always ( x_5 <= 103.33 ) ) ) and ( always[28,31] ( x_5 <= 6.75 ) )"
2299,90,42,2,3,"[[333, -1.0, 0.3591393828392029], [3226, 1.0, 0.1976701021194458], [6670, 1.0, 0.31790822744369507]]",0.9927916480025585,15,9,462,461,0.9978354978354979,0.34428678117998507,389,382,0.9820051413881749,0.29339477726574503,"( ( not ( eventually ( x_5 <= -15.26 ) ) ) and ( always[4,inf] ( x_4 <= 132.99 ) ) ) and ( always ( x_0 <= 18.53 ) )"
2300,90,88,10,3,"[[83, 1.0, 0.07174572348594666], [5264, 1.0, 0.20730212330818176], [7825, -1.0, 0.07494551688432693]]",0.7591679764967696,17,9,59,49,0.8305084745762712,0.3223684210526316,57,43,0.7543859649122807,0.2792207792207792,"( ( always[29,inf] ( x_1 <= -0.86 ) ) and ( always ( x_4 <= 46.58 ) ) ) and ( not ( eventually ( x_2 <= -101.82 ) ) )"
2301,90,42,2,3,"[[7825, -1.0, 0.24828489124774933], [2636, 1.0, 0.3395971655845642], [6670, 1.0, 0.3468719720840454]]",0.9962038521599509,16,9,431,431,1.0,0.321882001493652,423,421,0.9952718676122931,0.32334869431643626,( ( not ( eventually ( x_2 <= -7.84 ) ) ) and ( always ( x_5 <= 90.0153 ) ) ) and ( always ( x_0 <= 11.98 ) )
2302,90,42,2,2,"[[7825, -1.0, 0.24573515355587006], [2636, 1.0, 0.6276548504829407]]",0.9879804897845237,11,6,135,135,1.0,0.10082150858849888,115,112,0.9739130434782609,0.08602150537634409,( not ( eventually ( x_2 <= -9.23 ) ) ) and ( always ( x_5 <= 15.78 ) )
2303,90,15,0,3,"[[6670, -1.0, 0.13635508716106415], [9569, -1.0, 0.06898892670869827], [636, -1.0, 0.1095355898141861]]",0.9640164554058636,19,11,44,44,1.0,0.19047619047619047,48,44,0.9166666666666666,0.16793893129770993,"( ( not ( always ( x_0 <= 121.28 ) ) ) and ( not ( eventually ( x_5 >= 217.03 ) ) ) ) and ( not ( eventually[26,29] ( x_4 <= -3.0 ) ) )"
2304,90,95,13,3,"[[2636, -1.0, 0.06593151390552521], [333, -1.0, 0.3610817790031433], [9901, -1.0, 0.2504796087741852]]",0.5077681822917459,16,12,34,21,0.6176470588235294,0.15789473684210525,47,17,0.3617021276595745,0.1440677966101695,"( ( not ( always ( x_5 <= 194.52 ) ) ) and ( not ( eventually ( x_5 <= -14.74 ) ) ) ) and ( not ( eventually ( always[3,5] ( x_0 <= -0.72 ) ) ) )"
2305,90,42,2,2,"[[333, -1.0, 0.375763475894928], [2636, 1.0, 0.32548168301582336]]",0.9946614167886589,10,6,306,306,1.0,0.22852875280059745,252,247,0.9801587301587301,0.18970814132104455,( not ( eventually ( x_5 <= -10.85 ) ) ) and ( always ( x_5 <= 93.65 ) )
2306,90,42,2,3,"[[2268, 1.0, 0.2010740041732788], [2636, 1.0, 0.2879326641559601], [1462, 1.0, 0.20788809657096863]]",0.9708521190291748,16,14,551,540,0.9800362976406534,0.4032860343539955,523,503,0.9617590822179732,0.38632872503840243,"( ( ( always[10,24] ( x_5 <= -994.12 ) ) or ( always[8,20] ( x_2 >= -3.6 ) ) ) and ( always ( x_5 <= 103.33 ) ) ) and ( ( always[12,28] ( x_3 <= -948.48 ) ) or ( always[11,inf] ( x_0 >= -12.16 ) ) )"
2307,90,42,2,3,"[[7825, -1.0, 0.2500096261501312], [2636, 1.0, 0.48685264587402344], [6670, 1.0, 0.011871324852108955]]",0.9955926257239869,16,9,371,371,1.0,0.2770724421209858,332,332,1.0,0.25499231950844853,( ( not ( eventually ( x_2 <= -6.91 ) ) ) and ( always ( x_5 <= 52.07 ) ) ) and ( always ( x_0 <= 87.75 ) )
2308,90,42,2,3,"[[7825, -1.0, 0.240497887134552], [2979, 1.0, 0.14752092957496643], [6670, 1.0, 0.011871324852108955]]",0.995880080692477,17,9,397,397,1.0,0.29648991784914114,368,361,0.9809782608695652,0.2772657450076805,"( ( not ( eventually ( x_2 <= -12.0665 ) ) ) and ( always[4,33] ( x_5 <= 43.75 ) ) ) and ( always ( x_0 <= 87.75 ) )"
2309,90,42,2,2,"[[7825, -1.0, 0.24573515355587006], [2636, 1.0, 0.6276548504829407]]",0.9879804897845237,11,6,135,135,1.0,0.10082150858849888,115,112,0.9739130434782609,0.08602150537634409,( not ( eventually ( x_2 <= -9.23 ) ) ) and ( always ( x_5 <= 15.78 ) )
2310,90,42,2,3,"[[333, -1.0, 0.3424757421016693], [2636, 1.0, 0.0], [6670, 1.0, 0.018576605245471]]",0.994699995075089,15,9,629,628,0.9984101748807631,0.4690067214339059,592,583,0.9847972972972973,0.4477726574500768,( ( not ( eventually ( x_5 <= -19.68 ) ) ) and ( always ( x_5 <= 177.53 ) ) ) and ( always ( x_0 <= 86.23 ) )
2311,90,88,10,3,"[[83, 1.0, 0.057874277234077454], [8005, -1.0, 0.007858403027057648], [7825, -1.0, 0.07494551688432693]]",0.5933501897043927,15,15,91,60,0.6593406593406593,0.39473684210526316,99,55,0.5555555555555556,0.35714285714285715,"( ( always[29,inf] ( ( x_0 >= 34.03 ) or ( x_1 <= 0.63 ) ) ) and ( not ( always[21,24] ( x_0 >= -15.36 ) ) ) ) and ( not ( ( eventually ( x_2 <= -101.82 ) ) and ( always[1,9] ( x_0 <= 2988.87 ) ) ) )"
2312,90,42,2,2,"[[7825, -1.0, 0.25412285327911377], [9736, 1.0, 0.18012940883636475]]",0.9757197403351059,11,6,66,66,1.0,0.04929051530993279,49,41,0.8367346938775511,0.0314900153609831,"( not ( eventually ( x_2 <= -4.68 ) ) ) and ( always[28,31] ( x_5 <= 1.23 ) )"
2313,90,6,5,3,"[[7339, 1.0, 0.027574433013796806], [3390, 1.0, 0.00572616932913661], [6670, 1.0, 0.13691315054893494]]",0.9366926374050217,16,10,51,50,0.9803921568627451,0.26455026455026454,41,37,0.9024390243902439,0.17535545023696683,"( ( eventually[7,27] ( x_5 >= 368.2 ) ) and ( always[12,inf] ( x_1 <= 227.58 ) ) ) and ( always ( ( x_0 <= 59.47 ) or ( x_5 >= 1193.87 ) ) )"
2314,90,95,13,3,"[[559, -1.0, 0.7291029095649719], [7008, -1.0, 0.20639045536518097], [1462, 1.0, 0.21936741471290588]]",0.8589313179094591,19,10,10,10,1.0,0.07518796992481203,14,6,0.42857142857142855,0.05084745762711865,"( ( not ( always[27,inf] ( x_5 <= 243.25 ) ) ) and ( not ( eventually[7,25] ( x_4 >= 26.19 ) ) ) ) and ( always[11,inf] ( x_0 >= -10.41 ) )"
2315,90,42,2,3,"[[4869, 1.0, 0.22687676548957825], [2636, 1.0, 0.40395987033843994], [8090, 1.0, 0.13811159133911133]]",0.9895151333010501,16,8,155,155,1.0,0.1157580283793876,158,155,0.9810126582278481,0.11904761904761904,"( ( always ( x_1 >= -14.49 ) ) and ( always ( x_5 <= 73.43 ) ) ) and ( always[27,inf] ( x_4 >= -1.75 ) )"
2316,90,42,2,2,"[[7825, -1.0, 0.24573515355587006], [2636, 1.0, 0.6276548504829407]]",0.9879804897845237,11,6,135,135,1.0,0.10082150858849888,115,112,0.9739130434782609,0.08602150537634409,( not ( eventually ( x_2 <= -9.23 ) ) ) and ( always ( x_5 <= 15.78 ) )
2317,90,42,2,2,"[[7825, -1.0, 0.24573515355587006], [2636, 1.0, 0.6276548504829407]]",0.9879804897845237,11,6,135,135,1.0,0.10082150858849888,115,112,0.9739130434782609,0.08602150537634409,( not ( eventually ( x_2 <= -9.23 ) ) ) and ( always ( x_5 <= 15.78 ) )
2318,90,42,2,2,"[[333, -1.0, 0.375763475894928], [2636, 1.0, 0.32548168301582336]]",0.9946614167886589,10,6,306,306,1.0,0.22852875280059745,252,247,0.9801587301587301,0.18970814132104455,( not ( eventually ( x_5 <= -10.85 ) ) ) and ( always ( x_5 <= 93.65 ) )
2319,90,88,10,3,"[[9901, 1.0, 0.0], [3390, 1.0, 0.27463942766189575], [7825, -1.0, 0.11129201948642731]]",0.7405578791821161,16,10,50,41,0.82,0.26973684210526316,52,35,0.6730769230769231,0.22727272727272727,"( ( eventually ( always[3,5] ( x_0 <= -29.57 ) ) ) and ( always[12,inf] ( x_1 <= 7.17 ) ) ) and ( not ( eventually ( x_2 <= -82.11 ) ) )"
2320,90,42,2,3,"[[7825, -1.0, 0.2500096261501312], [2636, 1.0, 0.48685264587402344], [6670, 1.0, 0.011871324852108955]]",0.9955926257239869,16,9,371,371,1.0,0.2770724421209858,332,332,1.0,0.25499231950844853,( ( not ( eventually ( x_2 <= -6.91 ) ) ) and ( always ( x_5 <= 52.07 ) ) ) and ( always ( x_0 <= 87.75 ) )
2321,90,92,12,3,"[[2338, -1.0, 0.9066106677055359], [8982, -1.0, 0.08804909884929657], [9226, 1.0, 0.5558155179023743]]",0.6909058164764402,18,13,49,38,0.7755102040816326,0.3877551020408163,56,36,0.6428571428571429,0.35294117647058826,"( ( not ( always[16,27] ( x_1 <= 554.55 ) ) ) and ( not ( ( eventually ( x_0 <= -872.4 ) ) or ( always[16,18] ( x_0 >= -8.69 ) ) ) ) ) and ( eventually[29,inf] ( x_2 >= 329.26 ) )"
2322,90,42,2,3,"[[7825, -1.0, 0.24828489124774933], [2636, 1.0, 0.3395971655845642], [6670, 1.0, 0.3468719720840454]]",0.9962038521599509,16,9,431,431,1.0,0.321882001493652,423,421,0.9952718676122931,0.32334869431643626,( ( not ( eventually ( x_2 <= -7.84 ) ) ) and ( always ( x_5 <= 90.0153 ) ) ) and ( always ( x_0 <= 11.98 ) )
2323,90,88,10,3,"[[9114, -1.0, 0.0793636366724968], [3390, 1.0, 0.26462727785110474], [6513, 1.0, 0.09204931557178497]]",0.4724628165565969,15,10,7,5,0.7142857142857143,0.03289473684210526,10,3,0.3,0.01948051948051948,"( ( not ( always[4,5] ( x_0 >= -12.94 ) ) ) and ( always[12,inf] ( x_1 <= 15.38 ) ) ) and ( eventually ( always[1,11] ( x_2 >= 4.9 ) ) )"
2324,90,42,2,3,"[[1462, 1.0, 0.24166759848594666], [3990, -1.0, 0.3642653226852417], [954, 1.0, 0.1083461195230484]]",0.9820828119324915,16,10,417,413,0.9904076738609112,0.3084391336818521,405,394,0.9728395061728395,0.30261136712749614,"( ( always[11,inf] ( x_0 >= -7.0062 ) ) and ( not ( eventually ( x_3 >= 59.63 ) ) ) ) and ( eventually[19,inf] ( always[1,8] ( x_2 >= -2.89 ) ) )"
2325,90,42,2,2,"[[333, -1.0, 0.375763475894928], [2636, 1.0, 0.32548168301582336]]",0.9946614167886589,10,6,306,306,1.0,0.22852875280059745,252,247,0.9801587301587301,0.18970814132104455,( not ( eventually ( x_5 <= -10.85 ) ) ) and ( always ( x_5 <= 93.65 ) )
2326,90,42,2,2,"[[7825, -1.0, 0.25412285327911377], [9736, 1.0, 0.18012940883636475]]",0.9757197403351059,11,6,66,66,1.0,0.04929051530993279,49,41,0.8367346938775511,0.0314900153609831,"( not ( eventually ( x_2 <= -4.68 ) ) ) and ( always[28,31] ( x_5 <= 1.23 ) )"
2327,90,42,2,2,"[[7825, -1.0, 0.24573515355587006], [2636, 1.0, 0.6276548504829407]]",0.9879804897845237,11,6,135,135,1.0,0.10082150858849888,115,112,0.9739130434782609,0.08602150537634409,( not ( eventually ( x_2 <= -9.23 ) ) ) and ( always ( x_5 <= 15.78 ) )
2328,90,42,2,2,"[[7825, -1.0, 0.24573515355587006], [2636, 1.0, 0.6276548504829407]]",0.9879804897845237,11,6,135,135,1.0,0.10082150858849888,115,112,0.9739130434782609,0.08602150537634409,( not ( eventually ( x_2 <= -9.23 ) ) ) and ( always ( x_5 <= 15.78 ) )
2329,90,42,2,3,"[[7825, -1.0, 0.2549334764480591], [2636, 1.0, 0.34885841608047485], [6513, 1.0, 0.08234167098999023]]",0.9948131565834063,15,10,315,315,1.0,0.2352501867064974,322,312,0.968944099378882,0.23963133640552994,"( ( not ( eventually ( x_2 <= -4.24 ) ) ) and ( always ( x_5 <= 87.63 ) ) ) and ( eventually ( always[1,11] ( x_2 >= -0.71 ) ) )"
2330,90,42,2,2,"[[7825, -1.0, 0.24573515355587006], [2636, 1.0, 0.6276548504829407]]",0.9879804897845237,11,6,135,135,1.0,0.10082150858849888,115,112,0.9739130434782609,0.08602150537634409,( not ( eventually ( x_2 <= -9.23 ) ) ) and ( always ( x_5 <= 15.78 ) )
2331,92,92,12,2,"[[83, -1.0, 1.1330318450927734], [5071, 1.0, 0.6509709358215332]]",0.9563690006098866,11,8,36,36,1.0,0.3673469387755102,42,35,0.8333333333333334,0.3431372549019608,"( not ( always[29,inf] ( ( x_0 >= -93.78 ) or ( x_1 <= 128.45 ) ) ) ) and ( eventually[17,inf] ( x_1 >= 680.03 ) )"
2332,92,92,12,1,"[[6513, -1.0, 2.1434223651885986]]",0.9614849210984293,4,4,41,41,1.0,0.41836734693877553,55,47,0.8545454545454545,0.46078431372549017,"not ( eventually ( always[1,11] ( x_2 >= -1286.6 ) ) )"
2333,92,92,12,1,"[[76, 1.0, 3.7897114753723145]]",0.9551782753884318,4,4,35,35,1.0,0.35714285714285715,38,33,0.868421052631579,0.3235294117647059,"eventually[1,26] ( ( x_4 >= 1014.31 ) and ( x_2 <= -1833.96 ) )"
2334,92,92,12,2,"[[559, -1.0, 1.8772876262664795], [1949, 1.0, 0.4287349581718445]]",0.970483387303065,10,10,54,54,1.0,0.5510204081632653,64,61,0.953125,0.5980392156862745,"( not ( ( always[27,inf] ( x_5 <= 501.5 ) ) or ( always[7,35] ( x_0 >= -162.77 ) ) ) ) and ( always[9,inf] ( eventually[6,18] ( x_2 <= -366.07 ) ) )"
2335,92,92,12,2,"[[6513, -1.0, 1.4738032817840576], [4968, 1.0, 0.23711198568344116]]",0.9669158771211273,9,7,48,48,1.0,0.4897959183673469,52,50,0.9615384615384616,0.49019607843137253,"( not ( eventually ( always[1,11] ( x_2 >= -899.74 ) ) ) ) and ( eventually[3,18] ( x_5 >= 237.11 ) )"
2336,92,16,1,2,"[[4869, -1.0, 0.4260433316230774], [2338, 1.0, 0.2187381088733673]]",0.8794661082652271,11,9,60,56,0.9333333333333333,0.25339366515837103,52,42,0.8076923076923077,0.19718309859154928,"( not ( ( always ( x_1 >= -109.23 ) ) or ( eventually[10,14] ( x_0 <= -486.74 ) ) ) ) and ( always[16,27] ( x_1 <= 34.66 ) )"
2337,92,92,12,2,"[[6513, -1.0, 1.9610716104507446], [1949, 1.0, 1.9905800819396973]]",0.96236743675936,8,8,42,42,1.0,0.42857142857142855,56,48,0.8571428571428571,0.47058823529411764,"( not ( eventually ( always[1,11] ( x_2 >= -1181.25 ) ) ) ) and ( always[9,inf] ( eventually[6,18] ( x_2 <= -1311.85 ) ) )"
2338,92,92,12,1,"[[6513, -1.0, 2.1434223651885986]]",0.9614849210984293,4,4,41,41,1.0,0.41836734693877553,55,47,0.8545454545454545,0.46078431372549017,"not ( eventually ( always[1,11] ( x_2 >= -1286.6 ) ) )"
2339,92,92,12,1,"[[6513, -1.0, 2.1434223651885986]]",0.9614849210984293,4,4,41,41,1.0,0.41836734693877553,55,47,0.8545454545454545,0.46078431372549017,"not ( eventually ( always[1,11] ( x_2 >= -1286.6 ) ) )"
2340,92,92,12,1,"[[6513, -1.0, 2.1434223651885986]]",0.9614849210984293,4,4,41,41,1.0,0.41836734693877553,55,47,0.8545454545454545,0.46078431372549017,"not ( eventually ( always[1,11] ( x_2 >= -1286.6 ) ) )"
2341,92,92,12,2,"[[4189, -1.0, 2.1228737831115723], [1183, -1.0, 1.3497192859649658]]",0.9241130208892355,11,9,20,20,1.0,0.20408163265306123,38,28,0.7368421052631579,0.27450980392156865,"( not ( always[16,21] ( ( x_4 <= -637.76 ) or ( x_0 >= -394.65 ) ) ) ) and ( not ( always[8,27] ( x_1 >= -442.56 ) ) )"
2342,92,92,12,2,"[[559, -1.0, 2.1578378677368164], [4968, 1.0, 1.0209426879882812]]",0.9669158771211273,11,9,48,48,1.0,0.4897959183673469,59,56,0.9491525423728814,0.5490196078431373,"( not ( ( always[27,inf] ( x_5 <= 564.6 ) ) or ( always[7,35] ( x_0 >= -225.87 ) ) ) ) and ( eventually[3,18] ( x_5 >= 553.89 ) )"
2343,92,92,12,2,"[[76, 1.0, 2.9605579376220703], [4968, 1.0, 0.16336560249328613]]",0.9614849210984293,9,7,41,41,1.0,0.41836734693877553,42,37,0.8809523809523809,0.3627450980392157,"( eventually[1,26] ( ( x_4 >= 636.99 ) and ( x_2 <= -1456.64 ) ) ) and ( eventually[3,18] ( x_5 >= 207.3 ) )"
2344,92,92,12,2,"[[6513, -1.0, 1.4671635627746582], [4968, 1.0, 0.24343551695346832]]",0.9669158771211273,9,7,48,48,1.0,0.4897959183673469,52,50,0.9615384615384616,0.49019607843137253,"( not ( eventually ( always[1,11] ( x_2 >= -895.9 ) ) ) ) and ( eventually[3,18] ( x_5 >= 239.66 ) )"
2345,92,92,12,1,"[[6513, -1.0, 2.1434223651885986]]",0.9614849210984293,4,4,41,41,1.0,0.41836734693877553,55,47,0.8545454545454545,0.46078431372549017,"not ( eventually ( always[1,11] ( x_2 >= -1286.6 ) ) )"
2346,92,92,12,2,"[[333, 1.0, 3.550997734069824], [2338, -1.0, 2.1353421211242676]]",0.9655270243074291,10,8,46,46,1.0,0.46938775510204084,55,52,0.9454545454545454,0.5098039215686274,"( eventually ( ( x_5 >= -2275.02 ) and ( x_5 <= -1053.0 ) ) ) and ( not ( always[16,27] ( x_1 <= 1122.2 ) ) )"
2347,92,92,12,1,"[[6513, -1.0, 2.1434223651885986]]",0.9614849210984293,4,4,41,41,1.0,0.41836734693877553,55,47,0.8545454545454545,0.46078431372549017,"not ( eventually ( always[1,11] ( x_2 >= -1286.6 ) ) )"
2348,92,92,12,1,"[[6513, -1.0, 2.1434223651885986]]",0.9614849210984293,4,4,41,41,1.0,0.41836734693877553,55,47,0.8545454545454545,0.46078431372549017,"not ( eventually ( always[1,11] ( x_2 >= -1286.6 ) ) )"
2349,92,92,12,1,"[[6513, -1.0, 2.1434223651885986]]",0.9614849210984293,4,4,41,41,1.0,0.41836734693877553,55,47,0.8545454545454545,0.46078431372549017,"not ( eventually ( always[1,11] ( x_2 >= -1286.6 ) ) )"
2350,92,92,12,1,"[[6513, -1.0, 2.1434223651885986]]",0.9614849210984293,4,4,41,41,1.0,0.41836734693877553,55,47,0.8545454545454545,0.46078431372549017,"not ( eventually ( always[1,11] ( x_2 >= -1286.6 ) ) )"
2351,92,92,12,2,"[[559, -1.0, 2.0913429260253906], [1949, 1.0, 0.35239243507385254]]",0.968197155267361,10,10,50,50,1.0,0.5102040816326531,63,60,0.9523809523809523,0.5882352941176471,"( not ( ( always[27,inf] ( x_5 <= 549.64 ) ) or ( always[7,35] ( x_0 >= -210.92 ) ) ) ) and ( always[9,inf] ( eventually[6,18] ( x_2 <= -319.84 ) ) )"
2352,92,92,12,1,"[[6513, -1.0, 2.1434223651885986]]",0.9614849210984293,4,4,41,41,1.0,0.41836734693877553,55,47,0.8545454545454545,0.46078431372549017,"not ( eventually ( always[1,11] ( x_2 >= -1286.6 ) ) )"
2353,92,16,1,3,"[[4869, -1.0, 0.2991183400154114], [2979, 1.0, 0.01788126304745674], [76, 1.0, 0.1072184145450592]]",0.9703628639928163,17,14,111,110,0.990990990990991,0.497737556561086,120,104,0.8666666666666667,0.48826291079812206,"( ( not ( ( always ( x_1 >= -90.82 ) ) or ( eventually[10,14] ( x_0 <= -505.16 ) ) ) ) and ( always[4,33] ( x_5 <= 361.19 ) ) ) and ( eventually[1,26] ( ( x_4 >= -661.47 ) and ( x_2 <= -158.18 ) ) )"
2354,92,92,12,1,"[[6513, -1.0, 2.1434223651885986]]",0.9614849210984293,4,4,41,41,1.0,0.41836734693877553,55,47,0.8545454545454545,0.46078431372549017,"not ( eventually ( always[1,11] ( x_2 >= -1286.6 ) ) )"
2355,92,92,12,2,"[[6513, -1.0, 1.4738032817840576], [4968, 1.0, 0.23711198568344116]]",0.9669158771211273,9,7,48,48,1.0,0.4897959183673469,52,50,0.9615384615384616,0.49019607843137253,"( not ( eventually ( always[1,11] ( x_2 >= -899.74 ) ) ) ) and ( eventually[3,18] ( x_5 >= 237.11 ) )"
2356,92,92,12,1,"[[6513, -1.0, 2.1434223651885986]]",0.9614849210984293,4,4,41,41,1.0,0.41836734693877553,55,47,0.8545454545454545,0.46078431372549017,"not ( eventually ( always[1,11] ( x_2 >= -1286.6 ) ) )"
2357,92,92,12,1,"[[76, 1.0, 3.7897114753723145]]",0.9551782753884318,4,4,35,35,1.0,0.35714285714285715,38,33,0.868421052631579,0.3235294117647059,"eventually[1,26] ( ( x_4 >= 1014.31 ) and ( x_2 <= -1833.96 ) )"
2358,92,92,12,2,"[[2268, -1.0, 2.6204960346221924], [76, 1.0, 0.7146900296211243]]",0.968197155267361,11,11,50,50,1.0,0.5102040816326531,57,53,0.9298245614035088,0.5196078431372549,"( not ( ( always[10,24] ( x_5 <= 536.25 ) ) or ( always[8,20] ( x_2 >= -1533.97 ) ) ) ) and ( eventually[1,26] ( ( x_4 >= -385.03 ) and ( x_2 <= -434.62 ) ) )"
2359,92,92,12,1,"[[6513, -1.0, 2.1434223651885986]]",0.9614849210984293,4,4,41,41,1.0,0.41836734693877553,55,47,0.8545454545454545,0.46078431372549017,"not ( eventually ( always[1,11] ( x_2 >= -1286.6 ) ) )"
2360,92,92,12,1,"[[76, 1.0, 3.7897114753723145]]",0.9551782753884318,4,4,35,35,1.0,0.35714285714285715,38,33,0.868421052631579,0.3235294117647059,"eventually[1,26] ( ( x_4 >= 1014.31 ) and ( x_2 <= -1833.96 ) )"
2361,92,92,12,1,"[[6513, -1.0, 2.1434223651885986]]",0.9614849210984293,4,4,41,41,1.0,0.41836734693877553,55,47,0.8545454545454545,0.46078431372549017,"not ( eventually ( always[1,11] ( x_2 >= -1286.6 ) ) )"
2362,92,92,12,2,"[[6513, -1.0, 1.9610716104507446], [1949, 1.0, 1.9905800819396973]]",0.96236743675936,8,8,42,42,1.0,0.42857142857142855,56,48,0.8571428571428571,0.47058823529411764,"( not ( eventually ( always[1,11] ( x_2 >= -1181.25 ) ) ) ) and ( always[9,inf] ( eventually[6,18] ( x_2 <= -1311.85 ) ) )"
2363,92,92,12,2,"[[2268, -1.0, 2.2020130157470703], [1949, 1.0, 0.35239243507385254]]",0.9719933847916375,10,10,57,57,1.0,0.5816326530612245,67,61,0.9104477611940298,0.5980392156862745,"( not ( ( always[10,24] ( x_5 <= 309.28 ) ) or ( always[8,20] ( x_2 >= -1306.99 ) ) ) ) and ( always[9,inf] ( eventually[6,18] ( x_2 <= -319.84 ) ) )"
2364,92,92,12,1,"[[6513, -1.0, 2.1434223651885986]]",0.9614849210984293,4,4,41,41,1.0,0.41836734693877553,55,47,0.8545454545454545,0.46078431372549017,"not ( eventually ( always[1,11] ( x_2 >= -1286.6 ) ) )"
2365,92,92,12,1,"[[6513, -1.0, 2.1434223651885986]]",0.9614849210984293,4,4,41,41,1.0,0.41836734693877553,55,47,0.8545454545454545,0.46078431372549017,"not ( eventually ( always[1,11] ( x_2 >= -1286.6 ) ) )"
2366,92,92,12,1,"[[6513, -1.0, 2.1434223651885986]]",0.9614849210984293,4,4,41,41,1.0,0.41836734693877553,55,47,0.8545454545454545,0.46078431372549017,"not ( eventually ( always[1,11] ( x_2 >= -1286.6 ) ) )"
2367,92,92,12,1,"[[6513, -1.0, 2.1434223651885986]]",0.9614849210984293,4,4,41,41,1.0,0.41836734693877553,55,47,0.8545454545454545,0.46078431372549017,"not ( eventually ( always[1,11] ( x_2 >= -1286.6 ) ) )"
2368,92,92,12,1,"[[76, 1.0, 3.7897114753723145]]",0.9551782753884318,4,4,35,35,1.0,0.35714285714285715,38,33,0.868421052631579,0.3235294117647059,"eventually[1,26] ( ( x_4 >= 1014.31 ) and ( x_2 <= -1833.96 ) )"
2369,92,92,12,1,"[[76, 1.0, 3.7897114753723145]]",0.9551782753884318,4,4,35,35,1.0,0.35714285714285715,38,33,0.868421052631579,0.3235294117647059,"eventually[1,26] ( ( x_4 >= 1014.31 ) and ( x_2 <= -1833.96 ) )"
2370,92,92,12,2,"[[6513, -1.0, 1.4738032817840576], [4968, 1.0, 0.23711198568344116]]",0.9669158771211273,9,7,48,48,1.0,0.4897959183673469,52,50,0.9615384615384616,0.49019607843137253,"( not ( eventually ( always[1,11] ( x_2 >= -899.74 ) ) ) ) and ( eventually[3,18] ( x_5 >= 237.11 ) )"
2371,92,92,12,2,"[[6513, -1.0, 1.4738032817840576], [4968, 1.0, 0.23711198568344116]]",0.9669158771211273,9,7,48,48,1.0,0.4897959183673469,52,50,0.9615384615384616,0.49019607843137253,"( not ( eventually ( always[1,11] ( x_2 >= -899.74 ) ) ) ) and ( eventually[3,18] ( x_5 >= 237.11 ) )"
2372,92,92,12,1,"[[6513, -1.0, 2.1434223651885986]]",0.9614849210984293,4,4,41,41,1.0,0.41836734693877553,55,47,0.8545454545454545,0.46078431372549017,"not ( eventually ( always[1,11] ( x_2 >= -1286.6 ) ) )"
2373,92,92,12,1,"[[6513, -1.0, 2.1434223651885986]]",0.9614849210984293,4,4,41,41,1.0,0.41836734693877553,55,47,0.8545454545454545,0.46078431372549017,"not ( eventually ( always[1,11] ( x_2 >= -1286.6 ) ) )"
2374,92,92,12,2,"[[83, -1.0, 1.1330318450927734], [5071, 1.0, 0.6509709358215332]]",0.9563690006098866,11,8,36,36,1.0,0.3673469387755102,42,35,0.8333333333333334,0.3431372549019608,"( not ( always[29,inf] ( ( x_0 >= -93.78 ) or ( x_1 <= 128.45 ) ) ) ) and ( eventually[17,inf] ( x_1 >= 680.03 ) )"
2375,92,92,12,1,"[[6513, -1.0, 2.1434223651885986]]",0.9614849210984293,4,4,41,41,1.0,0.41836734693877553,55,47,0.8545454545454545,0.46078431372549017,"not ( eventually ( always[1,11] ( x_2 >= -1286.6 ) ) )"
2376,92,92,12,2,"[[76, 1.0, 2.9605579376220703], [4968, 1.0, 0.16336560249328613]]",0.9614849210984293,9,7,41,41,1.0,0.41836734693877553,42,37,0.8809523809523809,0.3627450980392157,"( eventually[1,26] ( ( x_4 >= 636.99 ) and ( x_2 <= -1456.64 ) ) ) and ( eventually[3,18] ( x_5 >= 207.3 ) )"
2377,92,92,12,1,"[[6513, -1.0, 2.1434223651885986]]",0.9614849210984293,4,4,41,41,1.0,0.41836734693877553,55,47,0.8545454545454545,0.46078431372549017,"not ( eventually ( always[1,11] ( x_2 >= -1286.6 ) ) )"
2378,92,92,12,1,"[[76, 1.0, 3.7897114753723145]]",0.9551782753884318,4,4,35,35,1.0,0.35714285714285715,38,33,0.868421052631579,0.3235294117647059,"eventually[1,26] ( ( x_4 >= 1014.31 ) and ( x_2 <= -1833.96 ) )"
2379,92,92,12,1,"[[6513, -1.0, 2.1434223651885986]]",0.9614849210984293,4,4,41,41,1.0,0.41836734693877553,55,47,0.8545454545454545,0.46078431372549017,"not ( eventually ( always[1,11] ( x_2 >= -1286.6 ) ) )"
2380,92,92,12,2,"[[6513, -1.0, 0.5436633229255676], [4968, 1.0, 0.4603590667247772]]",0.9729170496539873,9,7,59,59,1.0,0.6020408163265306,64,56,0.875,0.5490196078431373,"( not ( eventually ( always[1,11] ( x_2 >= -362.37 ) ) ) ) and ( eventually[3,18] ( x_5 >= 327.33 ) )"
2381,92,92,12,1,"[[6513, -1.0, 2.1434223651885986]]",0.9614849210984293,4,4,41,41,1.0,0.41836734693877553,55,47,0.8545454545454545,0.46078431372549017,"not ( eventually ( always[1,11] ( x_2 >= -1286.6 ) ) )"
2382,92,92,12,1,"[[6513, -1.0, 2.1434223651885986]]",0.9614849210984293,4,4,41,41,1.0,0.41836734693877553,55,47,0.8545454545454545,0.46078431372549017,"not ( eventually ( always[1,11] ( x_2 >= -1286.6 ) ) )"
2383,92,92,12,1,"[[6513, -1.0, 2.1434223651885986]]",0.9614849210984293,4,4,41,41,1.0,0.41836734693877553,55,47,0.8545454545454545,0.46078431372549017,"not ( eventually ( always[1,11] ( x_2 >= -1286.6 ) ) )"
2384,92,92,12,1,"[[6513, -1.0, 2.1434223651885986]]",0.9614849210984293,4,4,41,41,1.0,0.41836734693877553,55,47,0.8545454545454545,0.46078431372549017,"not ( eventually ( always[1,11] ( x_2 >= -1286.6 ) ) )"
2385,92,92,12,3,"[[2338, -1.0, 1.4446094036102295], [6513, -1.0, 0.21309307217597961], [4968, 1.0, 0.40565094351768494]]",0.970483387303065,15,11,54,54,1.0,0.5510204081632653,57,54,0.9473684210526315,0.5294117647058824,"( ( not ( always[16,27] ( x_1 <= 803.09 ) ) ) and ( not ( eventually ( always[1,11] ( x_2 >= -171.39 ) ) ) ) ) and ( eventually[3,18] ( x_5 >= 305.22 ) )"
2386,92,92,12,1,"[[6513, -1.0, 2.1434223651885986]]",0.9614849210984293,4,4,41,41,1.0,0.41836734693877553,55,47,0.8545454545454545,0.46078431372549017,"not ( eventually ( always[1,11] ( x_2 >= -1286.6 ) ) )"
2387,92,88,10,3,"[[9736, 1.0, 0.19599127769470215], [1183, 1.0, 0.03189581632614136], [8005, -1.0, 0.11606980115175247]]",0.9163861567630498,13,9,18,18,1.0,0.11842105263157894,20,13,0.65,0.08441558441558442,"( ( always[28,31] ( x_5 <= -9.6 ) ) and ( always[8,27] ( x_1 >= -71.34 ) ) ) and ( not ( always[21,24] ( x_0 >= -30.54 ) ) )"
2388,92,92,12,1,"[[6513, -1.0, 2.1434223651885986]]",0.9614849210984293,4,4,41,41,1.0,0.41836734693877553,55,47,0.8545454545454545,0.46078431372549017,"not ( eventually ( always[1,11] ( x_2 >= -1286.6 ) ) )"
2389,92,92,12,3,"[[7876, -1.0, 2.350828170776367], [6513, -1.0, 0.36968135833740234], [333, 1.0, 0.8746144771575928]]",0.9585702309869168,15,13,38,38,1.0,0.3877551020408163,40,36,0.9,0.35294117647058826,"( ( not ( always[10,18] ( ( x_3 >= 891.07 ) or ( x_2 <= 1107.5 ) ) ) ) and ( not ( eventually ( always[1,11] ( x_2 >= -261.86 ) ) ) ) ) and ( eventually ( x_5 <= -342.7 ) )"
2390,92,92,12,1,"[[6513, -1.0, 2.1434223651885986]]",0.9614849210984293,4,4,41,41,1.0,0.41836734693877553,55,47,0.8545454545454545,0.46078431372549017,"not ( eventually ( always[1,11] ( x_2 >= -1286.6 ) ) )"
2391,92,92,12,3,"[[7876, -1.0, 2.003391981124878], [4968, 1.0, 0.8549529314041138], [9226, 1.0, 1.0356249809265137]]",0.9640164554058636,16,11,44,44,1.0,0.4489795918367347,46,42,0.9130434782608695,0.4117647058823529,"( ( not ( always[10,18] ( ( x_3 >= 1037.71 ) or ( x_2 <= 960.86 ) ) ) ) and ( eventually[3,18] ( x_5 >= 486.81 ) ) ) and ( eventually[29,inf] ( x_2 >= 519.26 ) )"
2392,92,92,12,2,"[[2268, -1.0, 2.6204960346221924], [76, 1.0, 0.7146900296211243]]",0.968197155267361,11,11,50,50,1.0,0.5102040816326531,57,53,0.9298245614035088,0.5196078431372549,"( not ( ( always[10,24] ( x_5 <= 536.25 ) ) or ( always[8,20] ( x_2 >= -1533.97 ) ) ) ) and ( eventually[1,26] ( ( x_4 >= -385.03 ) and ( x_2 <= -434.62 ) ) )"
2393,92,92,12,1,"[[6513, -1.0, 2.1434223651885986]]",0.9614849210984293,4,4,41,41,1.0,0.41836734693877553,55,47,0.8545454545454545,0.46078431372549017,"not ( eventually ( always[1,11] ( x_2 >= -1286.6 ) ) )"
2394,92,92,12,2,"[[6513, -1.0, 0.5436633229255676], [4968, 1.0, 0.4603590667247772]]",0.9729170496539873,9,7,59,59,1.0,0.6020408163265306,64,56,0.875,0.5490196078431373,"( not ( eventually ( always[1,11] ( x_2 >= -362.37 ) ) ) ) and ( eventually[3,18] ( x_5 >= 327.33 ) )"
2395,92,16,1,3,"[[4869, -1.0, 0.2991183400154114], [2979, 1.0, 0.02368694171309471], [76, 1.0, 0.1072184145450592]]",0.9703628639928163,17,14,111,110,0.990990990990991,0.497737556561086,118,102,0.864406779661017,0.4788732394366197,"( ( not ( ( always ( x_1 >= -90.82 ) ) or ( eventually[10,14] ( x_0 <= -505.16 ) ) ) ) and ( always[4,33] ( x_5 <= 346.97 ) ) ) and ( eventually[1,26] ( ( x_4 >= -661.47 ) and ( x_2 <= -158.18 ) ) )"
2396,92,92,12,1,"[[6513, -1.0, 2.1434223651885986]]",0.9614849210984293,4,4,41,41,1.0,0.41836734693877553,55,47,0.8545454545454545,0.46078431372549017,"not ( eventually ( always[1,11] ( x_2 >= -1286.6 ) ) )"
2397,92,92,12,1,"[[6513, -1.0, 2.1434223651885986]]",0.9614849210984293,4,4,41,41,1.0,0.41836734693877553,55,47,0.8545454545454545,0.46078431372549017,"not ( eventually ( always[1,11] ( x_2 >= -1286.6 ) ) )"
2398,92,92,12,1,"[[6513, -1.0, 2.1434223651885986]]",0.9614849210984293,4,4,41,41,1.0,0.41836734693877553,55,47,0.8545454545454545,0.46078431372549017,"not ( eventually ( always[1,11] ( x_2 >= -1286.6 ) ) )"
2399,92,92,12,2,"[[6513, -1.0, 1.4671635627746582], [4968, 1.0, 0.24343551695346832]]",0.9669158771211273,9,7,48,48,1.0,0.4897959183673469,52,50,0.9615384615384616,0.49019607843137253,"( not ( eventually ( always[1,11] ( x_2 >= -895.9 ) ) ) ) and ( eventually[3,18] ( x_5 >= 239.66 ) )"
2400,92,16,1,3,"[[4869, -1.0, 0.4260433316230774], [8982, -1.0, 0.02049052156507969], [9901, -1.0, 0.0941934883594513]]",0.6504858655108622,18,15,56,41,0.7321428571428571,0.18552036199095023,78,50,0.6410256410256411,0.2347417840375587,"( ( not ( ( always ( x_1 >= -109.23 ) ) or ( eventually[10,14] ( x_0 <= -486.74 ) ) ) ) and ( not ( always[16,18] ( x_0 >= -0.61 ) ) ) ) and ( not ( eventually ( always[3,5] ( x_0 <= -18.72 ) ) ) )"
2401,92,88,10,3,"[[83, 1.0, 0.07993483543395996], [3990, -1.0, 0.41631650924682617], [6513, 1.0, 0.019907169044017792]]",0.9160241771569808,15,10,38,37,0.9736842105263158,0.24342105263157895,37,28,0.7567567567567568,0.18181818181818182,"( ( always[29,inf] ( x_1 <= -1.74 ) ) and ( not ( eventually ( x_3 >= 38.8 ) ) ) ) and ( eventually ( always[1,11] ( x_2 >= -36.78 ) ) )"
2402,92,92,12,2,"[[2268, -1.0, 2.2020130157470703], [1949, 1.0, 0.35239243507385254]]",0.9719933847916375,10,10,57,57,1.0,0.5816326530612245,67,61,0.9104477611940298,0.5980392156862745,"( not ( ( always[10,24] ( x_5 <= 309.28 ) ) or ( always[8,20] ( x_2 >= -1306.99 ) ) ) ) and ( always[9,inf] ( eventually[6,18] ( x_2 <= -319.84 ) ) )"
2403,92,92,12,1,"[[6513, -1.0, 2.1434223651885986]]",0.9614849210984293,4,4,41,41,1.0,0.41836734693877553,55,47,0.8545454545454545,0.46078431372549017,"not ( eventually ( always[1,11] ( x_2 >= -1286.6 ) ) )"
2404,92,92,12,1,"[[6513, -1.0, 2.1434223651885986]]",0.9614849210984293,4,4,41,41,1.0,0.41836734693877553,55,47,0.8545454545454545,0.46078431372549017,"not ( eventually ( always[1,11] ( x_2 >= -1286.6 ) ) )"
2405,92,92,12,1,"[[6513, -1.0, 2.1434223651885986]]",0.9614849210984293,4,4,41,41,1.0,0.41836734693877553,55,47,0.8545454545454545,0.46078431372549017,"not ( eventually ( always[1,11] ( x_2 >= -1286.6 ) ) )"
2406,92,92,12,2,"[[2268, -1.0, 2.2020130157470703], [1949, 1.0, 0.35239243507385254]]",0.9719933847916375,10,10,57,57,1.0,0.5816326530612245,67,61,0.9104477611940298,0.5980392156862745,"( not ( ( always[10,24] ( x_5 <= 309.28 ) ) or ( always[8,20] ( x_2 >= -1306.99 ) ) ) ) and ( always[9,inf] ( eventually[6,18] ( x_2 <= -319.84 ) ) )"
2407,92,92,12,1,"[[6513, -1.0, 2.1434223651885986]]",0.9614849210984293,4,4,41,41,1.0,0.41836734693877553,55,47,0.8545454545454545,0.46078431372549017,"not ( eventually ( always[1,11] ( x_2 >= -1286.6 ) ) )"
2408,95,95,13,3,"[[2636, -1.0, 0.25694307684898376], [333, -1.0, 0.1557689607143402], [636, -1.0, 0.11703237891197205]]",0.42486288979927206,18,14,57,29,0.5087719298245614,0.21804511278195488,52,22,0.4230769230769231,0.1864406779661017,"( ( not ( always ( x_5 <= 243.75 ) ) ) and ( not ( eventually ( x_5 <= -69.23 ) ) ) ) and ( not ( ( always[7,10] ( x_5 >= 2944.46 ) ) or ( eventually[26,29] ( x_4 <= 2.28 ) ) ) )"
2409,95,42,2,3,"[[7825, -1.0, 0.25252872705459595], [2636, 1.0, 0.19827580451965332], [6670, 1.0, 0.29133862257003784]]",0.9863727891109484,16,9,549,545,0.9927140255009107,0.4070201643017177,517,514,0.9941972920696325,0.39477726574500765,( ( not ( eventually ( x_2 <= -5.5441 ) ) ) and ( always ( x_5 <= 126.44 ) ) ) and ( always ( x_0 <= 24.54 ) )
2410,95,42,2,3,"[[7825, -1.0, 0.2500096261501312], [2636, 1.0, 0.48685264587402344], [6670, 1.0, 0.011871324852108955]]",0.9955926257239869,16,9,371,371,1.0,0.2770724421209858,332,332,1.0,0.25499231950844853,( ( not ( eventually ( x_2 <= -6.91 ) ) ) and ( always ( x_5 <= 52.07 ) ) ) and ( always ( x_0 <= 87.75 ) )
2411,95,62,6,3,"[[2636, -1.0, 0.012482235208153725], [9569, -1.0, 0.09137018024921417], [4869, 1.0, 0.1540294885635376]]",0.8796122753143348,18,7,12,12,1.0,0.17142857142857143,15,6,0.4,0.06896551724137931,( not ( always ( x_5 <= 180.75 ) ) ) and ( not ( eventually ( x_5 >= 184.52 ) ) )
2412,95,6,5,3,"[[2636, -1.0, 0.14763446152210236], [559, 1.0, 0.03605634719133377], [6670, 1.0, 0.1630564033985138]]",0.8609407082847671,16,11,113,102,0.9026548672566371,0.5396825396825397,118,101,0.8559322033898306,0.4786729857819905,"( ( not ( always ( x_5 <= 215.58 ) ) ) and ( always[27,inf] ( x_5 <= 71.15 ) ) ) and ( always ( ( x_0 <= 53.55 ) or ( x_5 >= 1199.78 ) ) )"
2413,95,95,13,3,"[[559, -1.0, 0.7291029095649719], [3390, 1.0, 0.01634671911597252], [6844, -1.0, 0.1835472732782364]]",0.8878341470731327,18,10,13,13,1.0,0.09774436090225563,14,8,0.5714285714285714,0.06779661016949153,"( ( not ( always[27,inf] ( x_5 <= 243.25 ) ) ) and ( always[12,inf] ( x_1 <= 218.88 ) ) ) and ( not ( eventually[2,7] ( x_2 >= 1.66 ) ) )"
2414,95,6,5,3,"[[2636, -1.0, 0.34032851457595825], [559, 1.0, 0.0], [6670, 1.0, 0.09268765151500702]]",0.9228005373048752,16,11,95,91,0.9578947368421052,0.48148148148148145,93,86,0.9247311827956989,0.4075829383886256,"( ( not ( always ( x_5 <= 265.24 ) ) ) and ( always[27,inf] ( x_5 <= 79.26 ) ) ) and ( always ( ( x_0 <= 69.47 ) or ( x_5 >= 1183.87 ) ) )"
2415,95,15,0,3,"[[6670, -1.0, 0.5975147485733032], [2979, 1.0, 0.0001635177613934502], [2415, 1.0, 0.14918683469295502]]",0.9575770342860285,17,12,77,76,0.987012987012987,0.329004329004329,82,74,0.9024390243902439,0.2824427480916031,"( ( not ( always ( x_0 <= 225.58 ) ) ) and ( always[4,33] ( x_5 <= 404.57 ) ) ) and ( ( always[1,4] ( x_1 >= -6.79 ) ) and ( always[2,32] ( x_0 >= -315.54 ) ) )"
2416,95,42,2,3,"[[7825, -1.0, 0.2551865577697754], [2979, 1.0, 0.14421188831329346], [6670, 1.0, 0.011871324852108955]]",0.9909348595888486,17,9,367,366,0.997275204359673,0.27333831217326365,327,326,0.9969418960244648,0.250384024577573,"( ( not ( eventually ( x_2 <= -4.1 ) ) ) and ( always[4,33] ( x_5 <= 51.86 ) ) ) and ( always ( x_0 <= 87.75 ) )"
2417,95,42,2,3,"[[7825, -1.0, 0.24715818464756012], [2636, 1.0, 0.12633810937404633], [1462, 1.0, 0.22474607825279236]]",0.9675089642620355,17,9,674,658,0.9762611275964391,0.49141150112023896,634,615,0.9700315457413249,0.47235023041474655,"( ( not ( eventually ( x_2 <= -8.46 ) ) ) and ( always ( x_5 <= 144.97 ) ) ) and ( always[11,inf] ( x_0 >= -9.59 ) )"
2418,95,95,13,3,"[[559, -1.0, 0.43070605397224426], [1462, 1.0, 0.20490431785583496], [7876, 1.0, 0.25889891386032104]]",0.6695338151832044,17,11,35,27,0.7714285714285715,0.20300751879699247,41,16,0.3902439024390244,0.13559322033898305,"( ( not ( always[27,inf] ( x_5 <= 176.13 ) ) ) and ( always[11,inf] ( x_0 >= -12.62 ) ) ) and ( always[10,18] ( ( x_3 >= 1992.54 ) or ( x_2 <= 6.04 ) ) )"
2419,95,6,5,3,"[[2636, -1.0, 1.8533506393432617], [1462, 1.0, 0.014635823667049408], [8262, 1.0, 0.10671653598546982]]",0.8950047881759461,17,11,14,14,1.0,0.07407407407407407,7,4,0.5714285714285714,0.018957345971563982,"( ( not ( always ( ( x_5 <= 655.16 ) or ( x_5 >= 1561.02 ) ) ) ) and ( always[11,inf] ( x_0 >= -41.67 ) ) ) and ( always[0,1] ( x_4 <= -2.14 ) )"
2420,95,95,13,3,"[[559, -1.0, 0.7291029095649719], [7008, -1.0, 0.20639045536518097], [1462, 1.0, 0.21936741471290588]]",0.8589313179094591,19,10,10,10,1.0,0.07518796992481203,14,6,0.42857142857142855,0.05084745762711865,"( ( not ( always[27,inf] ( x_5 <= 243.25 ) ) ) and ( not ( eventually[7,25] ( x_4 >= 26.19 ) ) ) ) and ( always[11,inf] ( x_0 >= -10.41 ) )"
2421,95,95,13,3,"[[636, -1.0, 0.30140775442123413], [5071, -1.0, 0.009656567126512527], [3990, 1.0, 0.04669180139899254]]",0.8456759411873505,19,13,9,9,1.0,0.06766917293233082,9,5,0.5555555555555556,0.0423728813559322,"( ( not ( ( always[7,10] ( x_5 >= 2814.59 ) ) or ( eventually[26,29] ( x_4 <= 132.15 ) ) ) ) and ( not ( eventually[17,inf] ( x_1 >= 186.69 ) ) ) ) and ( eventually ( x_3 >= 224.07 ) )"
2422,95,42,2,3,"[[7825, -1.0, 0.240497887134552], [2979, 1.0, 0.14752092957496643], [6670, 1.0, 0.011871324852108955]]",0.995880080692477,17,9,397,397,1.0,0.29648991784914114,368,361,0.9809782608695652,0.2772657450076805,"( ( not ( eventually ( x_2 <= -12.0665 ) ) ) and ( always[4,33] ( x_5 <= 43.75 ) ) ) and ( always ( x_0 <= 87.75 ) )"
2423,95,6,5,3,"[[2636, -1.0, 1.8533506393432617], [5071, -1.0, 0.06960652768611908], [1949, -1.0, 0.16785869002342224]]",0.9333516167118984,17,14,23,23,1.0,0.12169312169312169,30,25,0.8333333333333334,0.11848341232227488,"( ( not ( always ( ( x_5 <= 655.16 ) or ( x_5 >= 1561.02 ) ) ) ) and ( not ( eventually[17,inf] ( x_1 >= 141.92 ) ) ) ) and ( not ( always[9,inf] ( eventually[6,18] ( x_2 <= -4.8 ) ) ) )"
2424,95,15,0,3,"[[6670, -1.0, 0.5975147485733032], [2979, 1.0, 0.029424820095300674], [2415, 1.0, 0.008981136605143547]]",0.9651042199119716,17,12,94,93,0.9893617021276596,0.4025974025974026,102,97,0.9509803921568627,0.3702290076335878,"( ( not ( always ( x_0 <= 225.58 ) ) ) and ( always[4,33] ( x_5 <= 332.92 ) ) ) and ( ( always[1,4] ( x_1 >= -97.2 ) ) and ( always[2,32] ( x_0 >= -405.94 ) ) )"
2425,95,6,5,3,"[[7339, 1.0, 0.0], [3390, 1.0, 0.2510151267051697], [6670, 1.0, 0.05332489684224129]]",0.9551782753884318,16,8,35,35,1.0,0.18518518518518517,33,31,0.9393939393939394,0.14691943127962084,"( ( eventually[7,27] ( x_5 >= 314.34 ) ) and ( always[12,inf] ( x_1 <= 26.53 ) ) ) and ( always ( x_0 <= 78.37 ) )"
2426,95,15,0,3,"[[6670, -1.0, 0.6171448230743408], [7008, -1.0, 0.19556616246700287], [954, 1.0, 0.11064743995666504]]",0.9204367490813241,16,11,19,19,1.0,0.08225108225108226,22,18,0.8181818181818182,0.06870229007633588,"( ( not ( always ( x_0 <= 230.02 ) ) ) and ( not ( eventually[7,25] ( x_4 >= 39.31 ) ) ) ) and ( eventually[19,inf] ( always[1,8] ( x_2 >= -1.6938 ) ) )"
2427,95,42,2,3,"[[7825, -1.0, 0.24892975389957428], [2636, 1.0, 0.3349437713623047], [6670, 1.0, 0.3468719720840454]]",0.9961684273110172,16,9,427,427,1.0,0.3188946975354742,425,423,0.9952941176470588,0.3248847926267281,( ( not ( eventually ( x_2 <= -7.4953 ) ) ) and ( always ( x_5 <= 91.21 ) ) ) and ( always ( x_0 <= 11.98 ) )
2428,95,95,13,3,"[[2636, -1.0, 0.25694307684898376], [8090, 1.0, 0.14179234206676483], [1462, 1.0, 0.20383642613887787]]",0.5237992894327143,17,12,40,25,0.625,0.18796992481203006,31,15,0.4838709677419355,0.1271186440677966,"( ( not ( always ( x_5 <= 243.75 ) ) ) and ( ( always[27,inf] ( x_4 >= 1.12 ) ) and ( eventually[28,30] ( x_4 <= 16232.09 ) ) ) ) and ( always[11,inf] ( x_0 >= -12.78 ) )"
2429,95,42,2,3,"[[7825, -1.0, 0.25567829608917236], [3990, -1.0, 0.31438136100769043], [333, -1.0, 0.37571263313293457]]",0.9920903697052406,19,11,206,206,1.0,0.15384615384615385,188,184,0.9787234042553191,0.141321044546851,( ( not ( eventually ( x_2 <= -3.8366 ) ) ) and ( not ( eventually ( x_3 >= 79.59 ) ) ) ) and ( not ( eventually ( x_5 <= -10.86 ) ) )
2430,95,95,13,3,"[[636, -1.0, 0.30140775442123413], [1183, 1.0, 0.1762579381465912], [83, -1.0, 0.08172734081745148]]",0.7394949884519448,17,12,11,10,0.9090909090909091,0.07518796992481203,13,6,0.46153846153846156,0.05084745762711865,"( ( not ( eventually[26,29] ( x_4 <= 132.15 ) ) ) and ( always[8,27] ( x_1 >= -32.55 ) ) ) and ( not ( always[29,inf] ( ( x_0 >= 19.05 ) or ( x_1 <= 15.61 ) ) ) )"
2431,95,95,13,3,"[[636, -1.0, 0.30140775442123413], [5339, -1.0, 0.22480015456676483], [7825, -1.0, 0.08223354816436768]]",0.7527428728793251,20,11,5,5,1.0,0.03759398496240601,6,6,1.0,0.05084745762711865,"( ( not ( eventually[26,29] ( x_4 <= 132.15 ) ) ) and ( not ( eventually[0,11] ( x_5 >= 8.13 ) ) ) ) and ( not ( eventually ( x_2 <= -97.87 ) ) )"
2432,95,6,5,3,"[[7339, 1.0, 0.001719433581456542], [6670, 1.0, 0.09644290804862976], [9736, 1.0, 0.11579660326242447]]",0.968197155267361,15,10,50,50,1.0,0.26455026455026454,46,44,0.9565217391304348,0.20853080568720378,"( ( eventually[7,27] ( x_5 >= 317.7 ) ) and ( always ( ( x_0 <= 68.62 ) or ( x_5 >= 1184.72 ) ) ) ) and ( always[28,31] ( x_5 <= 45.12 ) )"
2433,95,95,13,3,"[[2636, -1.0, 0.25694307684898376], [4968, -1.0, 0.11248254776000977], [2979, 1.0, 0.0001635177613934502]]",0.5127001246793739,17,10,75,44,0.5866666666666667,0.3308270676691729,69,32,0.463768115942029,0.2711864406779661,"( ( not ( always ( x_5 <= 243.75 ) ) ) and ( not ( eventually[3,18] ( x_5 >= 95.82 ) ) ) ) and ( always[4,33] ( x_5 <= 404.57 ) )"
2434,95,95,13,3,"[[636, -1.0, 0.21937185525894165], [5339, -1.0, 0.22831618785858154], [1949, -1.0, 0.16200628876686096]]",0.7527428728793251,18,12,5,5,1.0,0.03759398496240601,6,2,0.3333333333333333,0.01694915254237288,"( ( not ( eventually[26,29] ( x_4 <= 74.37 ) ) ) and ( not ( eventually[0,11] ( x_5 >= 5.56 ) ) ) ) and ( not ( always[9,inf] ( eventually[6,18] ( x_2 <= -8.34 ) ) ) )"
2435,95,42,2,3,"[[7825, -1.0, 0.240497887134552], [2979, 1.0, 0.14752092957496643], [6670, 1.0, 0.011871324852108955]]",0.995880080692477,17,9,397,397,1.0,0.29648991784914114,368,361,0.9809782608695652,0.2772657450076805,"( ( not ( eventually ( x_2 <= -12.0665 ) ) ) and ( always[4,33] ( x_5 <= 43.75 ) ) ) and ( always ( x_0 <= 87.75 ) )"
2436,95,95,13,3,"[[559, -1.0, 0.7291029095649719], [7008, -1.0, 0.20639045536518097], [1462, 1.0, 0.21936741471290588]]",0.8589313179094591,19,10,10,10,1.0,0.07518796992481203,14,6,0.42857142857142855,0.05084745762711865,"( ( not ( always[27,inf] ( x_5 <= 243.25 ) ) ) and ( not ( eventually[7,25] ( x_4 >= 26.19 ) ) ) ) and ( always[11,inf] ( x_0 >= -10.41 ) )"
2437,95,15,0,3,"[[6670, -1.0, 0.6171448230743408], [76, -1.0, 0.10385030508041382], [8982, -1.0, 0.016253821551799774]]",0.8572574193820525,18,16,85,77,0.9058823529411765,0.3333333333333333,106,94,0.8867924528301887,0.35877862595419846,"( ( not ( always ( ( x_0 <= 230.02 ) or ( x_5 >= 1023.32 ) ) ) ) and ( not ( eventually[1,26] ( x_2 <= -62.13 ) ) ) ) and ( not ( ( eventually ( x_0 <= -880.99 ) ) or ( always[16,18] ( x_0 >= -0.1 ) ) ) )"
2438,95,88,10,3,"[[83, 1.0, 0.05788792669773102], [8005, -1.0, 0.007912347093224525], [7825, -1.0, 0.07494551688432693]]",0.5933501897043927,15,15,91,60,0.6593406593406593,0.39473684210526316,99,55,0.5555555555555556,0.35714285714285715,"( ( always[29,inf] ( ( x_0 >= 34.03 ) or ( x_1 <= 0.63 ) ) ) and ( not ( always[21,24] ( x_0 >= -15.37 ) ) ) ) and ( not ( ( eventually ( x_2 <= -101.82 ) ) and ( always[1,9] ( x_0 <= 2988.87 ) ) ) )"
2439,95,88,10,3,"[[8005, -1.0, 0.09342555701732635], [5071, -1.0, 0.24555101990699768], [2415, 1.0, 0.16923612356185913]]",0.7527428728793251,16,10,5,5,1.0,0.03289473684210526,6,2,0.3333333333333333,0.012987012987012988,"( ( not ( always[21,24] ( x_0 >= -27.37 ) ) ) and ( not ( eventually[17,inf] ( x_1 >= 10.52 ) ) ) ) and ( always[1,4] ( x_1 >= 6.13 ) )"
2440,95,95,13,3,"[[636, -1.0, 0.30140775442123413], [5339, -1.0, 0.15213799476623535], [8499, -1.0, 0.06916370987892151]]",0.5438238932456315,20,11,27,18,0.6666666666666666,0.13533834586466165,21,9,0.42857142857142855,0.07627118644067797,"( ( not ( eventually[26,29] ( x_4 <= 132.15 ) ) ) and ( not ( eventually[0,11] ( x_5 >= 61.41 ) ) ) ) and ( not ( eventually ( x_5 <= -117.43 ) ) )"
2441,95,95,13,3,"[[559, -1.0, 0.5169373750686646], [7008, -1.0, 0.20639045536518097], [1462, 1.0, 0.19841261208057404]]",0.7712441244480098,19,10,19,17,0.8947368421052632,0.12781954887218044,28,11,0.39285714285714285,0.09322033898305085,"( ( not ( always[27,inf] ( x_5 <= 195.53 ) ) ) and ( not ( eventually[7,25] ( x_4 >= 26.19 ) ) ) ) and ( always[11,inf] ( x_0 >= -13.61 ) )"
2442,95,95,13,3,"[[636, -1.0, 0.30140775442123413], [4968, -1.0, 0.3179599344730377], [1949, -1.0, 0.10585449635982513]]",0.7527428728793251,17,12,5,5,1.0,0.03759398496240601,12,7,0.5833333333333334,0.059322033898305086,"( ( not ( eventually[26,29] ( x_4 <= 132.15 ) ) ) and ( not ( eventually[3,18] ( x_5 >= 12.77 ) ) ) ) and ( not ( always[9,inf] ( eventually[6,18] ( x_2 <= -42.35 ) ) ) )"
2443,95,42,2,3,"[[7825, -1.0, 0.24828489124774933], [2636, 1.0, 0.3395971655845642], [6670, 1.0, 0.3468719720840454]]",0.9962038521599509,16,9,431,431,1.0,0.321882001493652,423,421,0.9952718676122931,0.32334869431643626,( ( not ( eventually ( x_2 <= -7.84 ) ) ) and ( always ( x_5 <= 90.0153 ) ) ) and ( always ( x_0 <= 11.98 ) )
2444,95,42,2,3,"[[7825, -1.0, 0.240497887134552], [2979, 1.0, 0.14752092957496643], [6670, 1.0, 0.011871324852108955]]",0.995880080692477,17,9,397,397,1.0,0.29648991784914114,368,361,0.9809782608695652,0.2772657450076805,"( ( not ( eventually ( x_2 <= -12.0665 ) ) ) and ( always[4,33] ( x_5 <= 43.75 ) ) ) and ( always ( x_0 <= 87.75 ) )"
2445,95,42,2,3,"[[2979, 1.0, 0.1484450101852417], [1183, 1.0, 0.2553028166294098], [6670, 1.0, 0.2802865505218506]]",0.9911037128548496,15,8,374,373,0.9973262032085561,0.27856609410007466,339,333,0.9823008849557522,0.2557603686635945,"( ( always[4,33] ( x_5 <= 41.49 ) ) and ( always[8,27] ( x_1 >= -11.31 ) ) ) and ( always ( x_0 <= 27.04 ) )"
2446,95,42,2,3,"[[7825, -1.0, 0.24715818464756012], [3226, 1.0, 0.3116869628429413], [6670, 1.0, 0.32511216402053833]]",0.9859324420312422,16,9,340,338,0.9941176470588236,0.2524271844660194,319,312,0.9780564263322884,0.23963133640552994,"( ( not ( eventually ( x_2 <= -8.46 ) ) ) and ( always[4,inf] ( x_4 <= 38.21 ) ) ) and ( always ( x_0 <= 16.9 ) )"
2447,95,6,5,3,"[[2636, -1.0, 1.4518537521362305], [6670, 1.0, 0.1277111917734146], [8090, 1.0, 0.12439229339361191]]",0.9464018553882751,16,16,29,29,1.0,0.15343915343915343,18,15,0.8333333333333334,0.07109004739336493,"( ( not ( always ( ( x_5 <= 551.69 ) or ( x_5 >= 1664.49 ) ) ) ) and ( always ( ( x_0 <= 61.55 ) or ( x_5 >= 1191.79 ) ) ) ) and ( ( always[27,inf] ( x_4 >= -12.45 ) ) and ( eventually[28,30] ( x_4 <= 16245.67 ) ) )"
2448,95,62,6,3,"[[2636, -1.0, 0.012482235208153725], [9569, -1.0, 0.09137018024921417], [4869, 1.0, 0.1540294885635376]]",0.8796122753143348,18,7,12,12,1.0,0.17142857142857143,15,6,0.4,0.06896551724137931,( not ( always ( x_5 <= 180.75 ) ) ) and ( not ( eventually ( x_5 >= 184.52 ) ) )
2449,95,95,13,3,"[[636, -1.0, 0.30140775442123413], [333, -1.0, 0.16051085293293], [6844, -1.0, 0.18112939596176147]]",0.6412960168432938,18,11,15,12,0.8,0.09022556390977443,21,9,0.42857142857142855,0.07627118644067797,"( ( not ( eventually[26,29] ( x_4 <= 132.15 ) ) ) and ( not ( eventually ( x_5 <= -67.98 ) ) ) ) and ( not ( eventually[2,7] ( x_2 >= 3.45 ) ) )"
2450,95,95,13,3,"[[2636, -1.0, 0.16451238095760345], [7339, -1.0, 0.0471336767077446], [1462, 1.0, 0.109489805996418]]",0.42632442849417745,18,15,74,37,0.5,0.2781954887218045,84,28,0.3333333333333333,0.23728813559322035,"( ( not ( always ( ( x_5 <= 219.93 ) or ( x_5 >= 1996.25 ) ) ) ) and ( not ( ( always[4,19] ( x_3 <= 47002.39 ) ) and ( eventually[7,27] ( x_5 >= 222.28 ) ) ) ) ) and ( always[11,inf] ( x_0 >= -27.18 ) )"
2451,95,42,2,3,"[[7825, -1.0, 0.25567829608917236], [2979, 1.0, 0.13585014641284943], [3390, 1.0, 0.27860790491104126]]",0.9920134436308626,18,9,204,204,1.0,0.15235250186706498,185,179,0.9675675675675676,0.13748079877112135,"( ( not ( eventually ( x_2 <= -3.8366 ) ) ) and ( always[4,33] ( x_5 <= 72.33 ) ) ) and ( always[12,inf] ( x_1 <= 3.92 ) )"
2452,95,95,13,3,"[[636, -1.0, 0.30140775442123413], [3390, 1.0, 0.04536575824022293], [3990, 1.0, 0.04669180139899254]]",0.8456759411873505,18,12,9,9,1.0,0.06766917293233082,8,5,0.625,0.0423728813559322,"( ( not ( ( always[7,10] ( x_5 >= 2814.59 ) ) or ( eventually[26,29] ( x_4 <= 132.15 ) ) ) ) and ( always[12,inf] ( x_1 <= 195.09 ) ) ) and ( eventually ( x_3 >= 224.07 ) )"
2453,95,42,2,3,"[[1462, 1.0, 0.23851829767227173], [2636, 1.0, 0.31050223112106323], [7825, -1.0, 0.23017558455467224]]",0.9809812410525923,17,9,592,585,0.9881756756756757,0.4368932038834951,561,552,0.983957219251337,0.423963133640553,"( ( always[11,inf] ( x_0 >= -7.49 ) ) and ( always ( x_5 <= 97.51 ) ) ) and ( not ( eventually ( x_2 <= -17.66 ) ) )"
2454,95,95,13,3,"[[636, -1.0, 0.24251115322113037], [5071, -1.0, 0.009656567126512527], [559, -1.0, 0.5169373750686646]]",0.8589313179094591,20,14,10,10,1.0,0.07518796992481203,12,7,0.5833333333333334,0.059322033898305086,"( ( not ( ( always[7,10] ( x_5 >= 2856.08 ) ) or ( eventually[26,29] ( x_4 <= 90.67 ) ) ) ) and ( not ( eventually[17,inf] ( x_1 >= 186.69 ) ) ) ) and ( not ( always[27,inf] ( x_5 <= 195.53 ) ) )"
2455,95,42,2,3,"[[7825, -1.0, 0.25136059522628784], [2636, 1.0, 0.15394757688045502], [6670, 1.0, 0.3049207925796509]]",0.9893705476499502,16,9,580,577,0.9948275862068966,0.43091859596713966,544,539,0.9908088235294118,0.41397849462365593,( ( not ( eventually ( x_2 <= -6.1774 ) ) ) and ( always ( x_5 <= 137.86 ) ) ) and ( always ( x_0 <= 21.47 ) )
2456,95,6,5,3,"[[2636, -1.0, 1.8533506393432617], [5071, -1.0, 0.09996989369392395], [559, 1.0, 0.159471794962883]]",0.935950766939138,18,10,24,24,1.0,0.12698412698412698,33,28,0.8484848484848485,0.13270142180094788,"( ( not ( always ( x_5 <= 655.16 ) ) ) and ( not ( eventually[17,inf] ( x_1 >= 119.24 ) ) ) ) and ( always[27,inf] ( x_5 <= 43.39 ) )"
2457,95,42,2,3,"[[7825, -1.0, 0.24892975389957428], [2636, 1.0, 0.15394757688045502], [6670, 1.0, 0.2418779730796814]]",0.9742590362783241,16,9,716,703,0.9818435754189944,0.5250186706497386,682,664,0.9736070381231672,0.5099846390168971,( ( not ( eventually ( x_2 <= -7.4953 ) ) ) and ( always ( x_5 <= 137.86 ) ) ) and ( always ( x_0 <= 35.73 ) )
2458,95,42,2,3,"[[7825, -1.0, 0.24828489124774933], [2636, 1.0, 0.3395971655845642], [6670, 1.0, 0.3468719720840454]]",0.9962038521599509,16,9,431,431,1.0,0.321882001493652,423,421,0.9952718676122931,0.32334869431643626,( ( not ( eventually ( x_2 <= -7.84 ) ) ) and ( always ( x_5 <= 90.0153 ) ) ) and ( always ( x_0 <= 11.98 ) )
