dataset,run,test_bacc,method,i,k,length,feasible,seconds,cov_train,tp_train_f,prec_train_f,recall_train_f,tp_train_y,prec_train_y,recall_train_y,cov_test,tp_test_f,prec_test_f,recall_test_f,tp_test_y,prec_test_y,recall_test_y,rule
BasicMotions,0,0.975,beam_model,0,2,1,True,0.009132918774776044,10,10,1.0,1.0,10,1.0,1.0,8,8,1.0,0.8888888888888888,8,1.0,0.8888888888888888,"always[14,24] ( always ( ( x_2 <= -3.9541 ) or ( x_2 >= -1.019 ) ) )"
BasicMotions,0,0.975,beam_model,1,2,1,True,0.009132918774776044,10,10,1.0,1.0,10,1.0,1.0,8,8,1.0,0.8888888888888888,8,1.0,0.8888888888888888,"always[14,24] ( always ( ( x_2 <= -3.9541 ) or ( x_2 >= -1.019 ) ) )"
BasicMotions,0,0.975,beam_model,2,2,1,True,0.009132918774776044,10,10,1.0,1.0,10,1.0,1.0,8,8,1.0,0.8888888888888888,8,1.0,0.8888888888888888,"always[14,24] ( always ( ( x_2 <= -3.9541 ) or ( x_2 >= -1.019 ) ) )"
BasicMotions,0,0.975,beam_model,3,2,1,True,0.009132918774776044,10,10,1.0,1.0,10,1.0,1.0,8,8,1.0,0.8888888888888888,8,1.0,0.8888888888888888,"always[14,24] ( always ( ( x_2 <= -3.9541 ) or ( x_2 >= -1.019 ) ) )"
BasicMotions,0,0.975,beam_model,4,2,1,True,0.009132918774776044,10,10,1.0,1.0,10,1.0,1.0,8,8,1.0,0.8888888888888888,8,1.0,0.8888888888888888,"always[14,24] ( always ( ( x_2 <= -3.9541 ) or ( x_2 >= -1.019 ) ) )"
BasicMotions,0,0.975,beam_model,5,2,1,True,0.009132918774776044,10,10,1.0,1.0,10,1.0,1.0,8,8,1.0,0.8888888888888888,8,1.0,0.8888888888888888,"always[14,24] ( always ( ( x_2 <= -3.9541 ) or ( x_2 >= -1.019 ) ) )"
BasicMotions,0,0.975,beam_model,6,2,1,True,0.009132918774776044,10,10,1.0,1.0,10,1.0,1.0,8,8,1.0,0.8888888888888888,8,1.0,0.8888888888888888,"always[14,24] ( always ( ( x_2 <= -3.9541 ) or ( x_2 >= -1.019 ) ) )"
BasicMotions,0,0.975,beam_model,7,2,1,True,0.009132918774776044,10,10,1.0,1.0,10,1.0,1.0,8,8,1.0,0.8888888888888888,8,1.0,0.8888888888888888,"always[14,24] ( always ( ( x_2 <= -3.9541 ) or ( x_2 >= -1.019 ) ) )"
BasicMotions,0,0.975,beam_model,8,2,1,True,0.009132918774776044,10,10,1.0,1.0,10,1.0,1.0,9,9,1.0,1.0,9,1.0,1.0,"always[51,54] ( always[8,inf] ( ( x_1 <= -9.0373 ) or ( x_1 >= -2.4951 ) ) )"
BasicMotions,0,0.975,beam_model,9,2,1,True,0.009132918774776044,10,10,1.0,1.0,10,1.0,1.0,8,8,1.0,0.8888888888888888,8,1.0,0.8888888888888888,"always[14,24] ( always ( ( x_2 <= -3.9541 ) or ( x_2 >= -1.019 ) ) )"
BasicMotions,0,0.975,beam_model,10,1,1,True,0.009132918774776044,10,10,1.0,1.0,10,1.0,1.0,8,8,1.0,0.8888888888888888,8,1.0,0.8888888888888888,"not ( eventually[16,73] ( eventually[16,20] ( always[0,6] ( x_1 >= -5.7923 ) ) ) )"
BasicMotions,0,0.975,beam_model,11,1,1,True,0.009132918774776044,10,10,1.0,1.0,10,1.0,1.0,8,8,1.0,0.8888888888888888,8,1.0,0.8888888888888888,"not ( eventually[16,73] ( eventually[16,20] ( always[0,6] ( x_1 >= -5.7923 ) ) ) )"
BasicMotions,0,0.975,beam_model,12,1,1,True,0.009132918774776044,10,10,1.0,1.0,10,1.0,1.0,8,8,1.0,0.8888888888888888,8,1.0,0.8888888888888888,"not ( eventually[16,73] ( eventually[16,20] ( always[0,6] ( x_1 >= -5.7923 ) ) ) )"
BasicMotions,0,0.975,beam_model,13,1,1,True,0.009132918774776044,10,10,1.0,1.0,10,1.0,1.0,8,8,1.0,0.8888888888888888,8,1.0,0.8888888888888888,"not ( eventually[16,73] ( eventually[16,20] ( always[0,6] ( x_1 >= -5.7923 ) ) ) )"
BasicMotions,0,0.975,beam_model,14,1,1,True,0.009132918774776044,10,10,1.0,1.0,10,1.0,1.0,8,8,1.0,0.8888888888888888,8,1.0,0.8888888888888888,"not ( eventually[16,73] ( eventually[16,20] ( always[0,6] ( x_1 >= -5.7923 ) ) ) )"
BasicMotions,0,0.975,beam_model,15,1,1,True,0.009132918774776044,10,10,1.0,1.0,10,1.0,1.0,8,8,1.0,0.8888888888888888,8,1.0,0.8888888888888888,"not ( eventually[16,73] ( eventually[16,20] ( always[0,6] ( x_1 >= -5.7923 ) ) ) )"
BasicMotions,0,0.975,beam_model,16,1,1,True,0.009132918774776044,10,10,1.0,1.0,10,1.0,1.0,8,8,1.0,0.8888888888888888,8,1.0,0.8888888888888888,"not ( eventually[16,73] ( eventually[16,20] ( always[0,6] ( x_1 >= -5.7923 ) ) ) )"
BasicMotions,0,0.975,beam_model,17,1,1,True,0.009132918774776044,10,10,1.0,1.0,10,1.0,1.0,8,8,1.0,0.8888888888888888,8,1.0,0.8888888888888888,"not ( eventually[16,73] ( eventually[16,20] ( always[0,6] ( x_1 >= -5.7923 ) ) ) )"
BasicMotions,0,0.975,beam_model,18,1,1,True,0.009132918774776044,10,10,1.0,1.0,10,1.0,1.0,8,8,1.0,0.8888888888888888,8,1.0,0.8888888888888888,"not ( eventually[16,73] ( eventually[16,20] ( always[0,6] ( x_1 >= -5.7923 ) ) ) )"
BasicMotions,0,0.975,beam_model,19,1,1,True,0.009132918774776044,10,10,1.0,1.0,10,1.0,1.0,8,8,1.0,0.8888888888888888,8,1.0,0.8888888888888888,"not ( always[62,70] ( ( x_0 >= -8.7385 ) and ( x_0 >= -44.6248 ) ) )"
BasicMotions,0,0.975,beam_model,20,3,1,True,0.009132918774776044,10,10,1.0,1.0,10,1.0,1.0,9,9,1.0,0.9,9,1.0,1.0,"( always[5,16] ( eventually[39,60] ( x_0 >= 1.4664 ) ) ) and ( ( always[7,20] ( x_0 <= 21.263 ) ) and ( always ( x_1 >= -12.2195 ) ) )"
BasicMotions,0,0.975,beam_model,21,3,1,True,0.009132918774776044,10,10,1.0,1.0,10,1.0,1.0,9,9,1.0,0.9,9,1.0,1.0,"( always[5,16] ( eventually[39,60] ( x_0 >= 1.4664 ) ) ) and ( ( always[7,20] ( x_0 <= 21.263 ) ) and ( always ( x_1 >= -12.2195 ) ) )"
BasicMotions,0,0.975,beam_model,22,3,1,True,0.009132918774776044,10,10,1.0,1.0,10,1.0,1.0,9,9,1.0,0.9,9,1.0,1.0,"( always[5,16] ( eventually[39,60] ( x_0 >= 1.4664 ) ) ) and ( ( always[7,20] ( x_0 <= 21.263 ) ) and ( always ( x_1 >= -12.2195 ) ) )"
BasicMotions,0,0.975,beam_model,23,3,1,True,0.009132918774776044,10,10,1.0,1.0,10,1.0,1.0,9,9,1.0,0.9,9,1.0,1.0,"( always[5,16] ( eventually[39,60] ( x_0 >= 1.4664 ) ) ) and ( ( always[7,20] ( x_0 <= 21.263 ) ) and ( always ( x_1 >= -12.2195 ) ) )"
BasicMotions,0,0.975,beam_model,24,3,1,True,0.009132918774776044,10,10,1.0,1.0,10,1.0,1.0,9,9,1.0,0.9,9,1.0,1.0,"( always[5,16] ( eventually[39,60] ( x_0 >= 1.4664 ) ) ) and ( ( always[7,20] ( x_0 <= 21.263 ) ) and ( always ( x_1 >= -12.2195 ) ) )"
BasicMotions,0,0.975,beam_model,25,3,1,True,0.009132918774776044,10,10,1.0,1.0,10,1.0,1.0,9,9,1.0,0.9,9,1.0,1.0,"( always[5,16] ( eventually[39,60] ( x_0 >= 1.4664 ) ) ) and ( ( always[7,20] ( x_0 <= 21.263 ) ) and ( always ( x_1 >= -12.2195 ) ) )"
BasicMotions,0,0.975,beam_model,26,3,1,True,0.009132918774776044,10,10,1.0,1.0,10,1.0,1.0,9,9,1.0,0.9,9,1.0,1.0,"( always[5,16] ( eventually[39,60] ( x_0 >= 1.4664 ) ) ) and ( ( always[7,20] ( x_0 <= 21.263 ) ) and ( always ( x_1 >= -12.2195 ) ) )"
BasicMotions,0,0.975,beam_model,27,3,1,True,0.009132918774776044,10,10,1.0,1.0,10,1.0,1.0,9,9,1.0,0.9,9,1.0,1.0,"( always[5,16] ( eventually[39,60] ( x_0 >= 1.4664 ) ) ) and ( ( always[7,20] ( x_0 <= 21.263 ) ) and ( always ( x_1 >= -12.2195 ) ) )"
BasicMotions,0,0.975,beam_model,28,3,1,True,0.009132918774776044,10,10,1.0,1.0,10,1.0,1.0,9,9,1.0,0.9,9,1.0,1.0,"( always[5,16] ( eventually[39,60] ( x_0 >= 1.4664 ) ) ) and ( ( always[7,20] ( x_0 <= 21.263 ) ) and ( always ( x_1 >= -12.2195 ) ) )"
BasicMotions,0,0.975,beam_model,29,3,1,True,0.009132918774776044,10,10,1.0,1.0,10,1.0,1.0,9,9,1.0,0.9,9,1.0,1.0,"( always[5,16] ( eventually[39,60] ( x_0 >= 1.4664 ) ) ) and ( ( always[7,20] ( x_0 <= 21.263 ) ) and ( always ( x_1 >= -12.2195 ) ) )"
BasicMotions,0,0.975,beam_model,30,0,1,True,0.009132918774776044,10,10,1.0,1.0,10,1.0,1.0,8,7,0.875,0.875,7,0.875,0.7777777777777778,"not ( ( eventually[84,86] ( x_4 <= 1.9085 ) ) and ( always ( x_0 <= 25.4812 ) ) )"
BasicMotions,0,0.975,beam_model,31,0,1,True,0.009132918774776044,10,10,1.0,1.0,10,1.0,1.0,8,7,0.875,0.875,7,0.875,0.7777777777777778,"not ( ( eventually[84,86] ( x_4 <= 1.9085 ) ) and ( always ( x_0 <= 25.4812 ) ) )"
BasicMotions,0,0.975,beam_model,32,0,1,True,0.009132918774776044,10,10,1.0,1.0,10,1.0,1.0,6,5,0.8333333333333334,0.625,5,0.8333333333333334,0.5555555555555556,"( ( eventually[29,34] ( x_3 <= 12.0819 ) ) and ( eventually[27,inf] ( x_4 <= -6.8742 ) ) ) or ( ( always[78,79] ( x_1 <= -16.9454 ) ) or ( always ( x_4 <= -1.8217 ) ) )"
BasicMotions,0,0.975,beam_model,33,0,1,True,0.009132918774776044,10,10,1.0,1.0,10,1.0,1.0,8,7,0.875,0.875,7,0.875,0.7777777777777778,"not ( ( eventually[84,86] ( x_4 <= 1.9085 ) ) and ( always ( x_0 <= 25.4812 ) ) )"
BasicMotions,0,0.975,beam_model,34,0,1,True,0.009132918774776044,10,10,1.0,1.0,10,1.0,1.0,8,7,0.875,0.875,7,0.875,0.7777777777777778,"not ( ( eventually[84,86] ( x_4 <= 1.9085 ) ) and ( always ( x_0 <= 25.4812 ) ) )"
BasicMotions,0,0.975,beam_model,35,0,1,True,0.009132918774776044,10,10,1.0,1.0,10,1.0,1.0,6,5,0.8333333333333334,0.625,5,0.8333333333333334,0.5555555555555556,"( ( eventually[29,34] ( x_3 <= 12.0819 ) ) and ( eventually[27,inf] ( x_4 <= -6.8742 ) ) ) or ( ( always[78,79] ( x_1 <= -16.9454 ) ) or ( always ( x_4 <= -1.8217 ) ) )"
BasicMotions,0,0.975,beam_model,36,0,1,True,0.009132918774776044,10,10,1.0,1.0,10,1.0,1.0,8,7,0.875,0.875,7,0.875,0.7777777777777778,"not ( ( eventually[84,86] ( x_4 <= 1.9085 ) ) and ( always ( x_0 <= 25.4812 ) ) )"
BasicMotions,0,0.975,beam_model,37,0,1,True,0.009132918774776044,10,10,1.0,1.0,10,1.0,1.0,6,5,0.8333333333333334,0.625,5,0.8333333333333334,0.5555555555555556,"( ( eventually[29,34] ( x_3 <= 12.0819 ) ) and ( eventually[27,inf] ( x_4 <= -6.8742 ) ) ) or ( ( always[78,79] ( x_1 <= -16.9454 ) ) or ( always ( x_4 <= -1.8217 ) ) )"
BasicMotions,0,0.975,beam_model,38,3,1,True,0.009132918774776044,11,10,0.9090909090909091,1.0,10,0.9090909090909091,1.0,16,10,0.625,1.0,10,0.625,1.0,"not ( ( ( always[54,inf] ( x_2 <= -27.6416 ) ) or ( always[11,inf] ( x_4 <= 0.5579 ) ) ) or ( ( eventually[25,52] ( x_0 <= -2.3944 ) ) and ( eventually ( x_0 <= 0.2651 ) ) ) )"
BasicMotions,0,0.975,beam_model,39,0,1,True,0.009132918774776044,10,10,1.0,1.0,10,1.0,1.0,6,5,0.8333333333333334,0.625,5,0.8333333333333334,0.5555555555555556,"( ( eventually[29,34] ( x_3 <= 12.0819 ) ) and ( eventually[27,inf] ( x_4 <= -6.8742 ) ) ) or ( ( always[78,79] ( x_1 <= -16.9454 ) ) or ( always ( x_4 <= -1.8217 ) ) )"
BasicMotions,0,0.975,beam_data,0,2,1,True,0.00882989629972144,10,10,1.0,1.0,10,1.0,1.0,8,8,1.0,0.8888888888888888,8,1.0,0.8888888888888888,"always[14,24] ( always ( ( x_2 <= -3.9541 ) or ( x_2 >= -1.019 ) ) )"
BasicMotions,0,0.975,beam_data,1,2,1,True,0.00882989629972144,10,10,1.0,1.0,10,1.0,1.0,8,8,1.0,0.8888888888888888,8,1.0,0.8888888888888888,"always[14,24] ( always ( ( x_2 <= -3.9541 ) or ( x_2 >= -1.019 ) ) )"
BasicMotions,0,0.975,beam_data,2,2,1,True,0.00882989629972144,10,10,1.0,1.0,10,1.0,1.0,8,8,1.0,0.8888888888888888,8,1.0,0.8888888888888888,"always[14,24] ( always ( ( x_2 <= -3.9541 ) or ( x_2 >= -1.019 ) ) )"
BasicMotions,0,0.975,beam_data,3,2,1,True,0.00882989629972144,10,10,1.0,1.0,10,1.0,1.0,8,8,1.0,0.8888888888888888,8,1.0,0.8888888888888888,"always[14,24] ( always ( ( x_2 <= -3.9541 ) or ( x_2 >= -1.019 ) ) )"
BasicMotions,0,0.975,beam_data,4,2,1,True,0.00882989629972144,10,10,1.0,1.0,10,1.0,1.0,8,8,1.0,0.8888888888888888,8,1.0,0.8888888888888888,"always[14,24] ( always ( ( x_2 <= -3.9541 ) or ( x_2 >= -1.019 ) ) )"
BasicMotions,0,0.975,beam_data,5,2,1,True,0.00882989629972144,10,10,1.0,1.0,10,1.0,1.0,8,8,1.0,0.8888888888888888,8,1.0,0.8888888888888888,"always[14,24] ( always ( ( x_2 <= -3.9541 ) or ( x_2 >= -1.019 ) ) )"
BasicMotions,0,0.975,beam_data,6,2,1,True,0.00882989629972144,10,10,1.0,1.0,10,1.0,1.0,8,8,1.0,0.8888888888888888,8,1.0,0.8888888888888888,"always[14,24] ( always ( ( x_2 <= -3.9541 ) or ( x_2 >= -1.019 ) ) )"
BasicMotions,0,0.975,beam_data,7,2,1,True,0.00882989629972144,10,10,1.0,1.0,10,1.0,1.0,8,8,1.0,0.8888888888888888,8,1.0,0.8888888888888888,"always[14,24] ( always ( ( x_2 <= -3.9541 ) or ( x_2 >= -1.019 ) ) )"
BasicMotions,0,0.975,beam_data,8,2,1,True,0.00882989629972144,10,10,1.0,1.0,10,1.0,1.0,9,9,1.0,1.0,9,1.0,1.0,"always[51,54] ( always[8,inf] ( ( x_1 <= -9.0373 ) or ( x_1 >= -2.4951 ) ) )"
BasicMotions,0,0.975,beam_data,9,2,1,True,0.00882989629972144,10,10,1.0,1.0,10,1.0,1.0,8,8,1.0,0.8888888888888888,8,1.0,0.8888888888888888,"always[14,24] ( always ( ( x_2 <= -3.9541 ) or ( x_2 >= -1.019 ) ) )"
BasicMotions,0,0.975,beam_data,10,1,1,True,0.00882989629972144,10,10,1.0,1.0,10,1.0,1.0,8,8,1.0,0.8888888888888888,8,1.0,0.8888888888888888,"not ( eventually[16,73] ( eventually[16,20] ( always[0,6] ( x_1 >= -5.7923 ) ) ) )"
BasicMotions,0,0.975,beam_data,11,1,1,True,0.00882989629972144,10,10,1.0,1.0,10,1.0,1.0,8,8,1.0,0.8888888888888888,8,1.0,0.8888888888888888,"not ( eventually[16,73] ( eventually[16,20] ( always[0,6] ( x_1 >= -5.7923 ) ) ) )"
BasicMotions,0,0.975,beam_data,12,1,1,True,0.00882989629972144,10,10,1.0,1.0,10,1.0,1.0,8,8,1.0,0.8888888888888888,8,1.0,0.8888888888888888,"not ( eventually[16,73] ( eventually[16,20] ( always[0,6] ( x_1 >= -5.7923 ) ) ) )"
BasicMotions,0,0.975,beam_data,13,1,1,True,0.00882989629972144,10,10,1.0,1.0,10,1.0,1.0,8,8,1.0,0.8888888888888888,8,1.0,0.8888888888888888,"not ( eventually[16,73] ( eventually[16,20] ( always[0,6] ( x_1 >= -5.7923 ) ) ) )"
BasicMotions,0,0.975,beam_data,14,1,1,True,0.00882989629972144,10,10,1.0,1.0,10,1.0,1.0,8,8,1.0,0.8888888888888888,8,1.0,0.8888888888888888,"not ( eventually[16,73] ( eventually[16,20] ( always[0,6] ( x_1 >= -5.7923 ) ) ) )"
BasicMotions,0,0.975,beam_data,15,1,1,True,0.00882989629972144,10,10,1.0,1.0,10,1.0,1.0,8,8,1.0,0.8888888888888888,8,1.0,0.8888888888888888,"not ( eventually[16,73] ( eventually[16,20] ( always[0,6] ( x_1 >= -5.7923 ) ) ) )"
BasicMotions,0,0.975,beam_data,16,1,1,True,0.00882989629972144,10,10,1.0,1.0,10,1.0,1.0,8,8,1.0,0.8888888888888888,8,1.0,0.8888888888888888,"not ( eventually[16,73] ( eventually[16,20] ( always[0,6] ( x_1 >= -5.7923 ) ) ) )"
BasicMotions,0,0.975,beam_data,17,1,1,True,0.00882989629972144,10,10,1.0,1.0,10,1.0,1.0,8,8,1.0,0.8888888888888888,8,1.0,0.8888888888888888,"not ( eventually[16,73] ( eventually[16,20] ( always[0,6] ( x_1 >= -5.7923 ) ) ) )"
BasicMotions,0,0.975,beam_data,18,1,1,True,0.00882989629972144,10,10,1.0,1.0,10,1.0,1.0,8,8,1.0,0.8888888888888888,8,1.0,0.8888888888888888,"not ( eventually[16,73] ( eventually[16,20] ( always[0,6] ( x_1 >= -5.7923 ) ) ) )"
BasicMotions,0,0.975,beam_data,19,1,1,True,0.00882989629972144,10,10,1.0,1.0,10,1.0,1.0,8,8,1.0,0.8888888888888888,8,1.0,0.8888888888888888,"not ( always[62,70] ( ( x_0 >= -8.7385 ) and ( x_0 >= -44.6248 ) ) )"
BasicMotions,0,0.975,beam_data,20,3,1,True,0.00882989629972144,10,10,1.0,1.0,10,1.0,1.0,9,9,1.0,0.9,9,1.0,1.0,"( always[5,16] ( eventually[39,60] ( x_0 >= 1.4664 ) ) ) and ( ( always[7,20] ( x_0 <= 21.263 ) ) and ( always ( x_1 >= -12.2195 ) ) )"
BasicMotions,0,0.975,beam_data,21,3,1,True,0.00882989629972144,10,10,1.0,1.0,10,1.0,1.0,9,9,1.0,0.9,9,1.0,1.0,"( always[5,16] ( eventually[39,60] ( x_0 >= 1.4664 ) ) ) and ( ( always[7,20] ( x_0 <= 21.263 ) ) and ( always ( x_1 >= -12.2195 ) ) )"
BasicMotions,0,0.975,beam_data,22,3,1,True,0.00882989629972144,10,10,1.0,1.0,10,1.0,1.0,9,9,1.0,0.9,9,1.0,1.0,"( always[5,16] ( eventually[39,60] ( x_0 >= 1.4664 ) ) ) and ( ( always[7,20] ( x_0 <= 21.263 ) ) and ( always ( x_1 >= -12.2195 ) ) )"
BasicMotions,0,0.975,beam_data,23,3,1,True,0.00882989629972144,10,10,1.0,1.0,10,1.0,1.0,9,9,1.0,0.9,9,1.0,1.0,"( always[5,16] ( eventually[39,60] ( x_0 >= 1.4664 ) ) ) and ( ( always[7,20] ( x_0 <= 21.263 ) ) and ( always ( x_1 >= -12.2195 ) ) )"
BasicMotions,0,0.975,beam_data,24,3,1,True,0.00882989629972144,10,10,1.0,1.0,10,1.0,1.0,9,9,1.0,0.9,9,1.0,1.0,"( always[5,16] ( eventually[39,60] ( x_0 >= 1.4664 ) ) ) and ( ( always[7,20] ( x_0 <= 21.263 ) ) and ( always ( x_1 >= -12.2195 ) ) )"
BasicMotions,0,0.975,beam_data,25,3,1,True,0.00882989629972144,10,10,1.0,1.0,10,1.0,1.0,9,9,1.0,0.9,9,1.0,1.0,"( always[5,16] ( eventually[39,60] ( x_0 >= 1.4664 ) ) ) and ( ( always[7,20] ( x_0 <= 21.263 ) ) and ( always ( x_1 >= -12.2195 ) ) )"
BasicMotions,0,0.975,beam_data,26,3,1,True,0.00882989629972144,10,10,1.0,1.0,10,1.0,1.0,9,9,1.0,0.9,9,1.0,1.0,"( always[5,16] ( eventually[39,60] ( x_0 >= 1.4664 ) ) ) and ( ( always[7,20] ( x_0 <= 21.263 ) ) and ( always ( x_1 >= -12.2195 ) ) )"
BasicMotions,0,0.975,beam_data,27,3,1,True,0.00882989629972144,10,10,1.0,1.0,10,1.0,1.0,9,9,1.0,0.9,9,1.0,1.0,"( always[5,16] ( eventually[39,60] ( x_0 >= 1.4664 ) ) ) and ( ( always[7,20] ( x_0 <= 21.263 ) ) and ( always ( x_1 >= -12.2195 ) ) )"
BasicMotions,0,0.975,beam_data,28,3,1,True,0.00882989629972144,10,10,1.0,1.0,10,1.0,1.0,9,9,1.0,0.9,9,1.0,1.0,"( always[5,16] ( eventually[39,60] ( x_0 >= 1.4664 ) ) ) and ( ( always[7,20] ( x_0 <= 21.263 ) ) and ( always ( x_1 >= -12.2195 ) ) )"
BasicMotions,0,0.975,beam_data,29,3,1,True,0.00882989629972144,10,10,1.0,1.0,10,1.0,1.0,9,9,1.0,0.9,9,1.0,1.0,"( always[5,16] ( eventually[39,60] ( x_0 >= 1.4664 ) ) ) and ( ( always[7,20] ( x_0 <= 21.263 ) ) and ( always ( x_1 >= -12.2195 ) ) )"
BasicMotions,0,0.975,beam_data,30,0,1,True,0.00882989629972144,10,10,1.0,1.0,10,1.0,1.0,8,7,0.875,0.875,7,0.875,0.7777777777777778,"not ( ( eventually[84,86] ( x_4 <= 1.9085 ) ) and ( always ( x_0 <= 25.4812 ) ) )"
BasicMotions,0,0.975,beam_data,31,0,1,True,0.00882989629972144,10,10,1.0,1.0,10,1.0,1.0,8,7,0.875,0.875,7,0.875,0.7777777777777778,"not ( ( eventually[84,86] ( x_4 <= 1.9085 ) ) and ( always ( x_0 <= 25.4812 ) ) )"
BasicMotions,0,0.975,beam_data,32,0,1,True,0.00882989629972144,10,10,1.0,1.0,10,1.0,1.0,6,5,0.8333333333333334,0.625,5,0.8333333333333334,0.5555555555555556,"( ( eventually[29,34] ( x_3 <= 12.0819 ) ) and ( eventually[27,inf] ( x_4 <= -6.8742 ) ) ) or ( ( always[78,79] ( x_1 <= -16.9454 ) ) or ( always ( x_4 <= -1.8217 ) ) )"
BasicMotions,0,0.975,beam_data,33,0,1,True,0.00882989629972144,10,10,1.0,1.0,10,1.0,1.0,8,7,0.875,0.875,7,0.875,0.7777777777777778,"not ( ( eventually[84,86] ( x_4 <= 1.9085 ) ) and ( always ( x_0 <= 25.4812 ) ) )"
BasicMotions,0,0.975,beam_data,34,0,1,True,0.00882989629972144,10,10,1.0,1.0,10,1.0,1.0,8,7,0.875,0.875,7,0.875,0.7777777777777778,"not ( ( eventually[84,86] ( x_4 <= 1.9085 ) ) and ( always ( x_0 <= 25.4812 ) ) )"
BasicMotions,0,0.975,beam_data,35,0,1,True,0.00882989629972144,10,10,1.0,1.0,10,1.0,1.0,6,5,0.8333333333333334,0.625,5,0.8333333333333334,0.5555555555555556,"( ( eventually[29,34] ( x_3 <= 12.0819 ) ) and ( eventually[27,inf] ( x_4 <= -6.8742 ) ) ) or ( ( always[78,79] ( x_1 <= -16.9454 ) ) or ( always ( x_4 <= -1.8217 ) ) )"
BasicMotions,0,0.975,beam_data,36,0,1,True,0.00882989629972144,10,10,1.0,1.0,10,1.0,1.0,8,7,0.875,0.875,7,0.875,0.7777777777777778,"not ( ( eventually[84,86] ( x_4 <= 1.9085 ) ) and ( always ( x_0 <= 25.4812 ) ) )"
BasicMotions,0,0.975,beam_data,37,0,1,True,0.00882989629972144,10,10,1.0,1.0,10,1.0,1.0,6,5,0.8333333333333334,0.625,5,0.8333333333333334,0.5555555555555556,"( ( eventually[29,34] ( x_3 <= 12.0819 ) ) and ( eventually[27,inf] ( x_4 <= -6.8742 ) ) ) or ( ( always[78,79] ( x_1 <= -16.9454 ) ) or ( always ( x_4 <= -1.8217 ) ) )"
BasicMotions,0,0.975,beam_data,38,3,1,True,0.00882989629972144,11,10,0.9090909090909091,1.0,10,0.9090909090909091,1.0,16,10,0.625,1.0,10,0.625,1.0,"not ( ( ( always[54,inf] ( x_2 <= -27.6416 ) ) or ( always[11,inf] ( x_4 <= 0.5579 ) ) ) or ( ( eventually[25,52] ( x_0 <= -2.3944 ) ) and ( eventually ( x_0 <= 0.2651 ) ) ) )"
BasicMotions,0,0.975,beam_data,39,0,1,True,0.00882989629972144,10,10,1.0,1.0,10,1.0,1.0,6,5,0.8333333333333334,0.625,5,0.8333333333333334,0.5555555555555556,"( ( eventually[29,34] ( x_3 <= 12.0819 ) ) and ( eventually[27,inf] ( x_4 <= -6.8742 ) ) ) or ( ( always[78,79] ( x_1 <= -16.9454 ) ) or ( always ( x_4 <= -1.8217 ) ) )"
BasicMotions,0,0.975,greedy_old,0,2,1,True,0.011153205996379256,10,10,1.0,1.0,10,1.0,1.0,10,9,0.9,1.0,9,0.9,1.0,"always[14,24] ( always ( ( x_2 <= -3.6189 ) or ( x_2 >= -1.3542 ) ) )"
BasicMotions,0,0.975,greedy_old,1,2,1,True,0.00595736299874261,10,10,1.0,1.0,10,1.0,1.0,10,9,0.9,1.0,9,0.9,1.0,"always[14,24] ( always ( ( x_2 <= -3.6189 ) or ( x_2 >= -1.3542 ) ) )"
BasicMotions,0,0.975,greedy_old,2,2,1,True,0.005175730999326333,10,10,1.0,1.0,10,1.0,1.0,10,9,0.9,1.0,9,0.9,1.0,"always[14,24] ( always ( ( x_2 <= -3.6189 ) or ( x_2 >= -1.3542 ) ) )"
BasicMotions,0,0.975,greedy_old,3,2,1,True,0.004805807999218814,10,10,1.0,1.0,10,1.0,1.0,10,9,0.9,1.0,9,0.9,1.0,"always[14,24] ( always ( ( x_2 <= -3.6189 ) or ( x_2 >= -1.3542 ) ) )"
BasicMotions,0,0.975,greedy_old,4,2,1,True,0.00476879499910865,10,10,1.0,1.0,10,1.0,1.0,10,9,0.9,1.0,9,0.9,1.0,"always[14,24] ( always ( ( x_2 <= -3.6189 ) or ( x_2 >= -1.3542 ) ) )"
BasicMotions,0,0.975,greedy_old,5,2,1,True,0.004633983000530861,10,10,1.0,1.0,10,1.0,1.0,10,9,0.9,1.0,9,0.9,1.0,"always[14,24] ( always ( ( x_2 <= -3.6189 ) or ( x_2 >= -1.3542 ) ) )"
BasicMotions,0,0.975,greedy_old,6,2,1,True,0.004602945002261549,10,10,1.0,1.0,10,1.0,1.0,10,9,0.9,1.0,9,0.9,1.0,"always[14,24] ( always ( ( x_2 <= -3.6189 ) or ( x_2 >= -1.3542 ) ) )"
BasicMotions,0,0.975,greedy_old,7,2,1,True,0.004614691002643667,10,10,1.0,1.0,10,1.0,1.0,10,9,0.9,1.0,9,0.9,1.0,"always[14,24] ( always ( ( x_2 <= -3.6189 ) or ( x_2 >= -1.3542 ) ) )"
BasicMotions,0,0.975,greedy_old,8,2,1,True,0.004457906004972756,10,10,1.0,1.0,10,1.0,1.0,10,9,0.9,1.0,9,0.9,1.0,"always[14,24] ( always ( ( x_2 <= -3.6189 ) or ( x_2 >= -1.3542 ) ) )"
BasicMotions,0,0.975,greedy_old,9,2,1,True,0.004542612994555384,10,10,1.0,1.0,10,1.0,1.0,10,9,0.9,1.0,9,0.9,1.0,"always[14,24] ( always ( ( x_2 <= -3.6189 ) or ( x_2 >= -1.3542 ) ) )"
BasicMotions,0,0.975,greedy_old,10,1,1,True,0.011475798004539683,10,10,1.0,1.0,10,1.0,1.0,8,8,1.0,0.8888888888888888,8,1.0,0.8888888888888888,"not ( eventually[16,73] ( eventually[16,20] ( always[0,6] ( x_1 >= -5.8347 ) ) ) )"
BasicMotions,0,0.975,greedy_old,11,1,1,True,0.003831310008536093,10,10,1.0,1.0,10,1.0,1.0,8,8,1.0,0.8888888888888888,8,1.0,0.8888888888888888,"not ( eventually[16,73] ( eventually[16,20] ( always[0,6] ( x_1 >= -5.8347 ) ) ) )"
BasicMotions,0,0.975,greedy_old,12,1,1,True,0.0033695960009936243,10,10,1.0,1.0,10,1.0,1.0,8,8,1.0,0.8888888888888888,8,1.0,0.8888888888888888,"not ( eventually[16,73] ( eventually[16,20] ( always[0,6] ( x_1 >= -5.8347 ) ) ) )"
BasicMotions,0,0.975,greedy_old,13,1,1,True,0.005249187001027167,10,10,1.0,1.0,10,1.0,1.0,8,8,1.0,0.8888888888888888,8,1.0,0.8888888888888888,"not ( eventually[16,73] ( eventually[16,20] ( always[0,6] ( x_1 >= -5.8347 ) ) ) )"
BasicMotions,0,0.975,greedy_old,14,1,1,True,0.0036936999968020245,10,10,1.0,1.0,10,1.0,1.0,8,8,1.0,0.8888888888888888,8,1.0,0.8888888888888888,"not ( eventually[16,73] ( eventually[16,20] ( always[0,6] ( x_1 >= -5.8347 ) ) ) )"
BasicMotions,0,0.975,greedy_old,15,1,1,True,0.004296892002457753,10,10,1.0,1.0,10,1.0,1.0,8,8,1.0,0.8888888888888888,8,1.0,0.8888888888888888,"not ( eventually[16,73] ( eventually[16,20] ( always[0,6] ( x_1 >= -5.8347 ) ) ) )"
BasicMotions,0,0.975,greedy_old,16,1,1,True,0.0036069060006411746,10,10,1.0,1.0,10,1.0,1.0,8,8,1.0,0.8888888888888888,8,1.0,0.8888888888888888,"not ( eventually[16,73] ( eventually[16,20] ( always[0,6] ( x_1 >= -5.8347 ) ) ) )"
BasicMotions,0,0.975,greedy_old,17,1,1,True,0.003669464000267908,10,10,1.0,1.0,10,1.0,1.0,8,8,1.0,0.8888888888888888,8,1.0,0.8888888888888888,"not ( eventually[16,73] ( eventually[16,20] ( always[0,6] ( x_1 >= -5.8347 ) ) ) )"
BasicMotions,0,0.975,greedy_old,18,1,1,True,0.004190132996882312,10,10,1.0,1.0,10,1.0,1.0,8,8,1.0,0.8888888888888888,8,1.0,0.8888888888888888,"not ( eventually[16,73] ( eventually[16,20] ( always[0,6] ( x_1 >= -5.8347 ) ) ) )"
BasicMotions,0,0.975,greedy_old,19,1,1,True,0.0036398939992068335,10,10,1.0,1.0,10,1.0,1.0,8,8,1.0,0.8888888888888888,8,1.0,0.8888888888888888,"not ( always[62,70] ( ( x_0 >= -8.1852 ) and ( x_0 >= -44.0715 ) ) )"
BasicMotions,0,0.975,greedy_old,20,3,1,True,0.010236181013169698,10,10,1.0,1.0,10,1.0,1.0,9,9,1.0,0.9,9,1.0,1.0,"( always[5,16] ( eventually[39,60] ( x_0 >= 1.5797 ) ) ) and ( ( always[7,20] ( x_0 <= 21.1497 ) ) and ( always ( x_1 >= -12.1062 ) ) )"
BasicMotions,0,0.975,greedy_old,21,3,1,True,0.005406947995652445,10,10,1.0,1.0,10,1.0,1.0,9,9,1.0,0.9,9,1.0,1.0,"( always[5,16] ( eventually[39,60] ( x_0 >= 1.5797 ) ) ) and ( ( always[7,20] ( x_0 <= 21.1497 ) ) and ( always ( x_1 >= -12.1062 ) ) )"
BasicMotions,0,0.975,greedy_old,22,3,1,True,0.004297018997021951,10,10,1.0,1.0,10,1.0,1.0,9,9,1.0,0.9,9,1.0,1.0,"( always[5,16] ( eventually[39,60] ( x_0 >= 1.5797 ) ) ) and ( ( always[7,20] ( x_0 <= 21.1497 ) ) and ( always ( x_1 >= -12.1062 ) ) )"
BasicMotions,0,0.975,greedy_old,23,3,1,True,0.004982721991837025,10,10,1.0,1.0,10,1.0,1.0,9,9,1.0,0.9,9,1.0,1.0,"( always[5,16] ( eventually[39,60] ( x_0 >= 1.5797 ) ) ) and ( ( always[7,20] ( x_0 <= 21.1497 ) ) and ( always ( x_1 >= -12.1062 ) ) )"
BasicMotions,0,0.975,greedy_old,24,3,1,True,0.00424702100281138,10,10,1.0,1.0,10,1.0,1.0,9,9,1.0,0.9,9,1.0,1.0,"( always[5,16] ( eventually[39,60] ( x_0 >= 1.5797 ) ) ) and ( ( always[7,20] ( x_0 <= 21.1497 ) ) and ( always ( x_1 >= -12.1062 ) ) )"
BasicMotions,0,0.975,greedy_old,25,3,1,True,0.0043285380088491365,10,10,1.0,1.0,10,1.0,1.0,9,9,1.0,0.9,9,1.0,1.0,"( always[5,16] ( eventually[39,60] ( x_0 >= 1.5797 ) ) ) and ( ( always[7,20] ( x_0 <= 21.1497 ) ) and ( always ( x_1 >= -12.1062 ) ) )"
BasicMotions,0,0.975,greedy_old,26,3,1,True,0.004361158004030585,10,10,1.0,1.0,10,1.0,1.0,9,9,1.0,0.9,9,1.0,1.0,"( always[5,16] ( eventually[39,60] ( x_0 >= 1.5797 ) ) ) and ( ( always[7,20] ( x_0 <= 21.1497 ) ) and ( always ( x_1 >= -12.1062 ) ) )"
BasicMotions,0,0.975,greedy_old,27,3,1,True,0.004080817991052754,10,10,1.0,1.0,10,1.0,1.0,9,9,1.0,0.9,9,1.0,1.0,"( always[5,16] ( eventually[39,60] ( x_0 >= 1.5797 ) ) ) and ( ( always[7,20] ( x_0 <= 21.1497 ) ) and ( always ( x_1 >= -12.1062 ) ) )"
BasicMotions,0,0.975,greedy_old,28,3,1,True,0.005019927993998863,10,10,1.0,1.0,10,1.0,1.0,9,9,1.0,0.9,9,1.0,1.0,"( always[5,16] ( eventually[39,60] ( x_0 >= 1.5797 ) ) ) and ( ( always[7,20] ( x_0 <= 21.1497 ) ) and ( always ( x_1 >= -12.1062 ) ) )"
BasicMotions,0,0.975,greedy_old,29,3,1,True,0.004032258992083371,10,10,1.0,1.0,10,1.0,1.0,9,9,1.0,0.9,9,1.0,1.0,"( always[5,16] ( eventually[39,60] ( x_0 >= 1.5797 ) ) ) and ( ( always[7,20] ( x_0 <= 21.1497 ) ) and ( always ( x_1 >= -12.1062 ) ) )"
BasicMotions,0,0.975,greedy_old,30,0,1,True,0.009958404989447445,10,10,1.0,1.0,10,1.0,1.0,8,7,0.875,0.875,7,0.875,0.7777777777777778,"not ( ( eventually[84,86] ( x_4 <= 2.7473 ) ) and ( always ( x_0 <= 26.3201 ) ) )"
BasicMotions,0,0.975,greedy_old,31,0,1,True,0.006354213997838087,10,10,1.0,1.0,10,1.0,1.0,8,7,0.875,0.875,7,0.875,0.7777777777777778,"not ( ( eventually[84,86] ( x_4 <= 2.7473 ) ) and ( always ( x_0 <= 26.3201 ) ) )"
BasicMotions,0,0.975,greedy_old,32,0,1,True,0.00466961799247656,10,10,1.0,1.0,10,1.0,1.0,4,4,1.0,0.5,4,1.0,0.4444444444444444,"( ( eventually[29,34] ( x_3 <= 11.2069 ) ) and ( eventually[27,inf] ( x_4 <= -7.7491 ) ) ) or ( ( always[78,79] ( x_1 <= -17.8203 ) ) or ( always ( x_4 <= -2.6966 ) ) )"
BasicMotions,0,0.975,greedy_old,33,0,1,True,0.005659279995597899,10,10,1.0,1.0,10,1.0,1.0,8,7,0.875,0.875,7,0.875,0.7777777777777778,"not ( ( eventually[84,86] ( x_4 <= 2.7473 ) ) and ( always ( x_0 <= 26.3201 ) ) )"
BasicMotions,0,0.975,greedy_old,34,0,1,True,0.0068536309991031885,10,10,1.0,1.0,10,1.0,1.0,8,7,0.875,0.875,7,0.875,0.7777777777777778,"not ( ( eventually[84,86] ( x_4 <= 2.7473 ) ) and ( always ( x_0 <= 26.3201 ) ) )"
BasicMotions,0,0.975,greedy_old,35,0,1,True,0.00467912400199566,10,10,1.0,1.0,10,1.0,1.0,4,4,1.0,0.5,4,1.0,0.4444444444444444,"( ( eventually[29,34] ( x_3 <= 11.2069 ) ) and ( eventually[27,inf] ( x_4 <= -7.7491 ) ) ) or ( ( always[78,79] ( x_1 <= -17.8203 ) ) or ( always ( x_4 <= -2.6966 ) ) )"
BasicMotions,0,0.975,greedy_old,36,0,1,True,0.003811556991422549,10,10,1.0,1.0,10,1.0,1.0,8,7,0.875,0.875,7,0.875,0.7777777777777778,"not ( ( eventually[84,86] ( x_4 <= 2.7473 ) ) and ( always ( x_0 <= 26.3201 ) ) )"
BasicMotions,0,0.975,greedy_old,37,0,1,True,0.0037042559997644275,10,10,1.0,1.0,10,1.0,1.0,4,4,1.0,0.5,4,1.0,0.4444444444444444,"( ( eventually[29,34] ( x_3 <= 11.2069 ) ) and ( eventually[27,inf] ( x_4 <= -7.7491 ) ) ) or ( ( always[78,79] ( x_1 <= -17.8203 ) ) or ( always ( x_4 <= -2.6966 ) ) )"
BasicMotions,0,0.975,greedy_old,38,3,2,True,0.0035771270049735904,6,6,1.0,0.6,6,1.0,0.6,4,4,1.0,0.4,4,1.0,0.4,"( eventually[16,73] ( eventually[16,20] ( always[0,6] ( x_1 >= 0.4311 ) ) ) ) and ( ( eventually[84,86] ( x_4 <= -0.253 ) ) and ( always ( x_0 <= 23.3197 ) ) )"
BasicMotions,0,0.975,greedy_old,39,0,1,True,0.0037067789962748066,10,10,1.0,1.0,10,1.0,1.0,4,4,1.0,0.5,4,1.0,0.4444444444444444,"( ( eventually[29,34] ( x_3 <= 11.2069 ) ) and ( eventually[27,inf] ( x_4 <= -7.7491 ) ) ) or ( ( always[78,79] ( x_1 <= -17.8203 ) ) or ( always ( x_4 <= -2.6966 ) ) )"
NATOPS,0,0.8833333333333334,beam_model,0,3,1,True,0.027319337750021884,31,29,0.9354838709677419,0.9666666666666667,29,0.9354838709677419,0.9666666666666667,22,19,0.8636363636363636,0.6551724137931034,19,0.8636363636363636,0.6551724137931034,"eventually[5,21] ( x_15 <= 0.0173 )"
NATOPS,0,0.8833333333333334,beam_model,1,4,1,True,0.027319337750021884,32,30,0.9375,1.0,30,0.9375,1.0,37,28,0.7567567567567568,0.9333333333333333,28,0.7567567567567568,0.9655172413793104,"( eventually[5,19] ( x_12 <= -1.5557 ) ) and ( eventually ( x_16 >= -1.3465 ) )"
NATOPS,0,0.8833333333333334,beam_model,2,5,1,True,0.027319337750021884,33,30,0.9090909090909091,1.0,30,0.9090909090909091,1.0,31,26,0.8387096774193549,0.9629629629629629,27,0.8709677419354839,0.9310344827586207,"( eventually ( x_19 >= -0.7039 ) ) and ( always[9,38] ( x_12 >= -1.5452 ) )"
NATOPS,0,0.8833333333333334,beam_model,3,0,2,True,0.027319337750021884,33,30,0.9090909090909091,0.967741935483871,29,0.8787878787878788,0.9666666666666667,38,32,0.8421052631578947,1.0,29,0.7631578947368421,1.0,"( eventually ( ( x_4 >= 0.9827 ) and ( x_13 <= -0.823 ) ) ) and ( eventually ( eventually[14,17] ( ( x_10 <= 0.3525 ) and ( x_22 >= 0.6439 ) ) ) )"
NATOPS,0,0.8833333333333334,beam_model,4,3,1,True,0.027319337750021884,31,29,0.9354838709677419,0.9666666666666667,29,0.9354838709677419,0.9666666666666667,22,19,0.8636363636363636,0.6551724137931034,19,0.8636363636363636,0.6551724137931034,"eventually[5,21] ( x_15 <= 0.0173 )"
NATOPS,0,0.8833333333333334,beam_model,5,2,2,True,0.027319337750021884,32,30,0.9375,0.967741935483871,27,0.84375,0.9,30,27,0.9,0.9,18,0.6,0.6206896551724138,"( always ( ( x_14 >= -1.6226 ) and ( ( x_22 <= -0.1073 ) or ( x_16 >= -0.0187 ) ) ) ) and ( not ( ( ( eventually ( x_22 >= 1.0008 ) ) or ( eventually ( x_19 >= 0.2472 ) ) ) or ( ( always[40,inf] ( x_17 >= 0.7235 ) ) or ( eventually[23,inf] ( x_8 <= -1.2654 ) ) ) ) )"
NATOPS,0,0.8833333333333334,beam_model,6,2,2,True,0.027319337750021884,27,25,0.9259259259259259,0.8064516129032258,23,0.8518518518518519,0.7666666666666667,23,20,0.8695652173913043,0.6666666666666666,14,0.6086956521739131,0.4666666666666667,( always ( ( x_22 <= 0.4985 ) and ( x_15 >= -0.1115 ) ) ) and ( always ( ( x_14 >= -1.6528 ) and ( ( x_22 <= -0.077 ) or ( x_16 >= -0.0489 ) ) ) )
NATOPS,0,0.8833333333333334,beam_model,7,1,2,True,0.027319337750021884,21,20,0.9523809523809523,0.7142857142857143,20,0.9523809523809523,0.6666666666666666,14,13,0.9285714285714286,0.5,13,0.9285714285714286,0.43333333333333335,( not ( always ( ( x_14 >= -1.6811 ) and ( ( x_22 <= -0.0487 ) or ( x_16 >= -0.0772 ) ) ) ) ) and ( not ( eventually ( ( x_22 >= 0.1247 ) and ( x_3 <= 1.5298 ) ) ) )
NATOPS,0,0.8833333333333334,beam_model,8,2,2,True,0.027319337750021884,7,7,1.0,0.22580645161290322,5,0.7142857142857143,0.16666666666666666,17,6,0.35294117647058826,0.2,6,0.35294117647058826,0.20689655172413793,"( ( eventually ( x_17 <= -1.6919 ) ) or ( always[24,29] ( x_3 >= 2.0627 ) ) ) and ( not ( ( ( eventually ( x_22 >= 0.8662 ) ) or ( eventually ( x_19 >= 0.1125 ) ) ) or ( ( always[40,inf] ( x_17 >= 0.5889 ) ) or ( eventually[23,inf] ( x_8 <= -1.1308 ) ) ) ) )"
NATOPS,0,0.8833333333333334,beam_model,9,0,2,True,0.027319337750021884,33,30,0.9090909090909091,0.967741935483871,29,0.8787878787878788,0.9666666666666667,38,32,0.8421052631578947,1.0,29,0.7631578947368421,1.0,"( eventually ( ( x_4 >= 0.9827 ) and ( x_13 <= -0.823 ) ) ) and ( eventually ( eventually[14,17] ( ( x_10 <= 0.3525 ) and ( x_22 >= 0.6439 ) ) ) )"
NATOPS,0,0.8833333333333334,beam_model,10,4,1,True,0.027319337750021884,32,30,0.9375,1.0,30,0.9375,1.0,37,28,0.7567567567567568,0.9333333333333333,28,0.7567567567567568,0.9655172413793104,"( eventually[5,19] ( x_12 <= -1.5557 ) ) and ( eventually ( x_16 >= -1.3465 ) )"
NATOPS,0,0.8833333333333334,beam_model,11,3,1,True,0.027319337750021884,27,27,1.0,0.9,27,1.0,0.9,30,29,0.9666666666666667,1.0,29,0.9666666666666667,1.0,"( eventually ( x_7 >= -0.9019 ) ) and ( eventually[34,inf] ( x_0 <= -1.4934 ) )"
NATOPS,0,0.8833333333333334,beam_model,12,2,2,True,0.027319337750021884,30,30,1.0,0.967741935483871,27,0.9,0.9,27,22,0.8148148148148148,0.7333333333333333,14,0.5185185185185185,0.4827586206896552,"( always ( ( x_14 >= -1.634 ) and ( ( x_22 <= -0.0958 ) or ( x_16 >= -0.0301 ) ) ) ) and ( not ( eventually ( eventually[14,17] ( ( x_10 <= 0.4049 ) and ( x_22 >= 0.5914 ) ) ) ) )"
NATOPS,0,0.8833333333333334,beam_model,13,4,1,True,0.027319337750021884,32,30,0.9375,1.0,30,0.9375,1.0,37,28,0.7567567567567568,0.9333333333333333,28,0.7567567567567568,0.9655172413793104,"( eventually[5,19] ( x_12 <= -1.5557 ) ) and ( eventually ( x_16 >= -1.3465 ) )"
NATOPS,0,0.8833333333333334,beam_model,14,2,2,True,0.027319337750021884,16,15,0.9375,0.4838709677419355,13,0.8125,0.43333333333333335,9,9,1.0,0.3,6,0.6666666666666666,0.2,( always ( ( x_22 <= 0.2061 ) and ( x_15 >= 0.1808 ) ) ) and ( always ( ( x_14 >= -1.6653 ) and ( ( x_22 <= -0.0645 ) or ( x_16 >= -0.0615 ) ) ) )
NATOPS,0,0.8833333333333334,beam_model,15,0,2,True,0.027319337750021884,33,30,0.9090909090909091,0.967741935483871,29,0.8787878787878788,0.9666666666666667,38,32,0.8421052631578947,1.0,29,0.7631578947368421,1.0,"( eventually ( ( x_4 >= 0.9827 ) and ( x_13 <= -0.823 ) ) ) and ( eventually ( eventually[14,17] ( ( x_10 <= 0.3525 ) and ( x_22 >= 0.6439 ) ) ) )"
NATOPS,0,0.8833333333333334,beam_model,16,4,1,True,0.027319337750021884,32,30,0.9375,1.0,30,0.9375,1.0,37,28,0.7567567567567568,0.9333333333333333,28,0.7567567567567568,0.9655172413793104,"( eventually[5,19] ( x_12 <= -1.5557 ) ) and ( eventually ( x_16 >= -1.3465 ) )"
NATOPS,0,0.8833333333333334,beam_model,17,0,2,True,0.027319337750021884,33,30,0.9090909090909091,0.967741935483871,29,0.8787878787878788,0.9666666666666667,38,32,0.8421052631578947,1.0,29,0.7631578947368421,1.0,"( eventually ( ( x_4 >= 0.9827 ) and ( x_13 <= -0.823 ) ) ) and ( eventually ( eventually[14,17] ( ( x_10 <= 0.3525 ) and ( x_22 >= 0.6439 ) ) ) )"
NATOPS,0,0.8833333333333334,beam_model,18,4,1,True,0.027319337750021884,32,30,0.9375,1.0,30,0.9375,1.0,37,28,0.7567567567567568,0.9333333333333333,28,0.7567567567567568,0.9655172413793104,"( eventually[5,19] ( x_12 <= -1.5557 ) ) and ( eventually ( x_16 >= -1.3465 ) )"
NATOPS,0,0.8833333333333334,beam_model,19,0,2,True,0.027319337750021884,33,30,0.9090909090909091,0.967741935483871,29,0.8787878787878788,0.9666666666666667,38,32,0.8421052631578947,1.0,29,0.7631578947368421,1.0,"( eventually ( ( x_4 >= 0.9827 ) and ( x_13 <= -0.823 ) ) ) and ( eventually ( eventually[14,17] ( ( x_10 <= 0.3525 ) and ( x_22 >= 0.6439 ) ) ) )"
NATOPS,0,0.8833333333333334,beam_model,20,2,2,True,0.027319337750021884,16,15,0.9375,0.4838709677419355,13,0.8125,0.43333333333333335,9,9,1.0,0.3,5,0.5555555555555556,0.1724137931034483,( always ( ( x_22 <= 0.2061 ) and ( x_15 >= 0.1808 ) ) ) and ( always ( ( x_14 >= -1.6664 ) and ( ( x_22 <= -0.0634 ) or ( x_16 >= -0.0625 ) ) ) )
NATOPS,0,0.8833333333333334,beam_model,21,3,1,True,0.027319337750021884,31,29,0.9354838709677419,0.9666666666666667,29,0.9354838709677419,0.9666666666666667,22,19,0.8636363636363636,0.6551724137931034,19,0.8636363636363636,0.6551724137931034,"eventually[5,21] ( x_15 <= 0.0173 )"
NATOPS,0,0.8833333333333334,beam_model,22,5,1,True,0.027319337750021884,33,30,0.9090909090909091,1.0,30,0.9090909090909091,1.0,31,26,0.8387096774193549,0.9629629629629629,27,0.8709677419354839,0.9310344827586207,"( eventually ( x_19 >= -0.7039 ) ) and ( always[9,38] ( x_12 >= -1.5452 ) )"
NATOPS,0,0.8833333333333334,beam_model,23,5,1,True,0.027319337750021884,33,30,0.9090909090909091,1.0,30,0.9090909090909091,1.0,31,26,0.8387096774193549,0.9629629629629629,27,0.8709677419354839,0.9310344827586207,"( eventually ( x_19 >= -0.7039 ) ) and ( always[9,38] ( x_12 >= -1.5452 ) )"
NATOPS,0,0.8833333333333334,beam_model,24,2,2,True,0.027319337750021884,27,25,0.9259259259259259,0.8064516129032258,23,0.8518518518518519,0.7666666666666667,23,20,0.8695652173913043,0.6666666666666666,14,0.6086956521739131,0.4666666666666667,( always ( ( x_22 <= 0.4985 ) and ( x_15 >= -0.1115 ) ) ) and ( always ( ( x_14 >= -1.6528 ) and ( ( x_22 <= -0.077 ) or ( x_16 >= -0.0489 ) ) ) )
NATOPS,0,0.8833333333333334,beam_model,25,2,2,True,0.027319337750021884,32,30,0.9375,0.967741935483871,27,0.84375,0.9,30,27,0.9,0.9,18,0.6,0.6206896551724138,"( always ( ( x_14 >= -1.6226 ) and ( ( x_22 <= -0.1073 ) or ( x_16 >= -0.0187 ) ) ) ) and ( not ( ( ( eventually ( x_22 >= 1.0008 ) ) or ( eventually ( x_19 >= 0.2472 ) ) ) or ( ( always[40,inf] ( x_17 >= 0.7235 ) ) or ( eventually[23,inf] ( x_8 <= -1.2654 ) ) ) ) )"
NATOPS,0,0.8833333333333334,beam_model,26,2,2,True,0.027319337750021884,16,15,0.9375,0.4838709677419355,13,0.8125,0.43333333333333335,9,9,1.0,0.3,6,0.6666666666666666,0.2,( always ( ( x_22 <= 0.2061 ) and ( x_15 >= 0.1808 ) ) ) and ( always ( ( x_14 >= -1.6653 ) and ( ( x_22 <= -0.0645 ) or ( x_16 >= -0.0615 ) ) ) )
NATOPS,0,0.8833333333333334,beam_model,27,0,2,True,0.027319337750021884,33,30,0.9090909090909091,0.967741935483871,29,0.8787878787878788,0.9666666666666667,38,32,0.8421052631578947,1.0,29,0.7631578947368421,1.0,"( eventually ( ( x_4 >= 0.9827 ) and ( x_13 <= -0.823 ) ) ) and ( eventually ( eventually[14,17] ( ( x_10 <= 0.3525 ) and ( x_22 >= 0.6439 ) ) ) )"
NATOPS,0,0.8833333333333334,beam_model,28,1,2,True,0.027319337750021884,22,20,0.9090909090909091,0.7142857142857143,20,0.9090909090909091,0.6666666666666666,15,13,0.8666666666666667,0.5,12,0.8,0.41379310344827586,( not ( always ( ( x_14 >= -1.6811 ) and ( ( x_22 <= -0.0487 ) or ( x_16 >= -0.0772 ) ) ) ) ) and ( not ( eventually ( ( x_22 >= 0.1663 ) and ( x_3 <= 1.4882 ) ) ) )
NATOPS,0,0.8833333333333334,beam_model,29,4,1,True,0.027319337750021884,32,30,0.9375,1.0,30,0.9375,1.0,37,28,0.7567567567567568,0.9333333333333333,28,0.7567567567567568,0.9655172413793104,"( eventually[5,19] ( x_12 <= -1.5557 ) ) and ( eventually ( x_16 >= -1.3465 ) )"
NATOPS,0,0.8833333333333334,beam_model,30,2,2,True,0.027319337750021884,32,30,0.9375,0.967741935483871,27,0.84375,0.9,30,27,0.9,0.9,18,0.6,0.6206896551724138,"( always ( ( x_14 >= -1.6226 ) and ( ( x_22 <= -0.1073 ) or ( x_16 >= -0.0187 ) ) ) ) and ( not ( ( ( eventually ( x_22 >= 1.0008 ) ) or ( eventually ( x_19 >= 0.2472 ) ) ) or ( ( always[40,inf] ( x_17 >= 0.7235 ) ) or ( eventually[23,inf] ( x_8 <= -1.2654 ) ) ) ) )"
NATOPS,0,0.8833333333333334,beam_model,31,3,1,True,0.027319337750021884,31,29,0.9354838709677419,0.9666666666666667,29,0.9354838709677419,0.9666666666666667,22,19,0.8636363636363636,0.6551724137931034,19,0.8636363636363636,0.6551724137931034,"eventually[5,21] ( x_15 <= 0.0173 )"
NATOPS,0,0.8833333333333334,beam_model,32,5,2,True,0.027319337750021884,32,30,0.9375,1.0,30,0.9375,1.0,37,27,0.7297297297297297,1.0,29,0.7837837837837838,1.0,"( not ( always[20,30] ( ( x_18 <= -0.2765 ) or ( x_16 <= 0.0773 ) ) ) ) and ( always ( eventually[8,17] ( x_15 <= 1.2482 ) ) )"
NATOPS,0,0.8833333333333334,beam_model,33,4,1,True,0.027319337750021884,32,30,0.9375,1.0,30,0.9375,1.0,37,28,0.7567567567567568,0.9333333333333333,28,0.7567567567567568,0.9655172413793104,"( eventually[5,19] ( x_12 <= -1.5557 ) ) and ( eventually ( x_16 >= -1.3465 ) )"
NATOPS,0,0.8833333333333334,beam_model,34,3,1,True,0.027319337750021884,27,27,1.0,0.9,27,1.0,0.9,30,29,0.9666666666666667,1.0,29,0.9666666666666667,1.0,"( eventually ( x_7 >= -0.9019 ) ) and ( eventually[34,inf] ( x_0 <= -1.4934 ) )"
NATOPS,0,0.8833333333333334,beam_model,35,5,1,True,0.027319337750021884,33,30,0.9090909090909091,1.0,30,0.9090909090909091,1.0,31,26,0.8387096774193549,0.9629629629629629,27,0.8709677419354839,0.9310344827586207,"( eventually ( x_19 >= -0.7039 ) ) and ( always[9,38] ( x_12 >= -1.5452 ) )"
NATOPS,0,0.8833333333333334,beam_model,36,3,1,True,0.027319337750021884,31,29,0.9354838709677419,0.9666666666666667,29,0.9354838709677419,0.9666666666666667,22,19,0.8636363636363636,0.6551724137931034,19,0.8636363636363636,0.6551724137931034,"eventually[5,21] ( x_15 <= 0.0173 )"
NATOPS,0,0.8833333333333334,beam_model,37,0,2,True,0.027319337750021884,33,30,0.9090909090909091,0.967741935483871,29,0.8787878787878788,0.9666666666666667,38,32,0.8421052631578947,1.0,29,0.7631578947368421,1.0,"( eventually ( ( x_4 >= 0.9827 ) and ( x_13 <= -0.823 ) ) ) and ( eventually ( eventually[14,17] ( ( x_10 <= 0.3525 ) and ( x_22 >= 0.6439 ) ) ) )"
NATOPS,0,0.8833333333333334,beam_model,38,3,1,True,0.027319337750021884,31,29,0.9354838709677419,0.9666666666666667,29,0.9354838709677419,0.9666666666666667,22,19,0.8636363636363636,0.6551724137931034,19,0.8636363636363636,0.6551724137931034,"eventually[5,21] ( x_15 <= 0.0173 )"
NATOPS,0,0.8833333333333334,beam_model,39,5,1,True,0.027319337750021884,33,30,0.9090909090909091,1.0,30,0.9090909090909091,1.0,31,26,0.8387096774193549,0.9629629629629629,27,0.8709677419354839,0.9310344827586207,"( eventually ( x_19 >= -0.7039 ) ) and ( always[9,38] ( x_12 >= -1.5452 ) )"
NATOPS,0,0.8833333333333334,beam_model,40,4,1,True,0.027319337750021884,32,30,0.9375,1.0,30,0.9375,1.0,37,28,0.7567567567567568,0.9333333333333333,28,0.7567567567567568,0.9655172413793104,"( eventually[5,19] ( x_12 <= -1.5557 ) ) and ( eventually ( x_16 >= -1.3465 ) )"
NATOPS,0,0.8833333333333334,beam_model,41,2,2,True,0.027319337750021884,32,30,0.9375,0.967741935483871,27,0.84375,0.9,30,27,0.9,0.9,18,0.6,0.6206896551724138,"( always ( ( x_14 >= -1.6226 ) and ( ( x_22 <= -0.1073 ) or ( x_16 >= -0.0187 ) ) ) ) and ( not ( ( ( eventually ( x_22 >= 1.0008 ) ) or ( eventually ( x_19 >= 0.2472 ) ) ) or ( ( always[40,inf] ( x_17 >= 0.7235 ) ) or ( eventually[23,inf] ( x_8 <= -1.2654 ) ) ) ) )"
NATOPS,0,0.8833333333333334,beam_model,42,1,2,True,0.027319337750021884,7,7,1.0,0.25,6,0.8571428571428571,0.2,6,6,1.0,0.23076923076923078,4,0.6666666666666666,0.13793103448275862,"( always ( ( eventually[0,2] ( x_21 >= 1.2858 ) ) or ( ( x_15 <= 1.0075 ) and ( x_4 <= -1.437 ) ) ) ) and ( always[20,30] ( ( x_18 <= -0.3769 ) or ( x_16 <= -0.0231 ) ) )"
NATOPS,0,0.8833333333333334,beam_model,43,4,1,True,0.027319337750021884,32,29,0.90625,0.9666666666666667,29,0.90625,0.9666666666666667,34,28,0.8235294117647058,0.9333333333333333,28,0.8235294117647058,0.9333333333333333,"eventually[5,40] ( ( x_21 <= 0.1962 ) and ( always[5,inf] ( x_16 <= -0.1518 ) ) )"
NATOPS,0,0.8833333333333334,beam_model,44,0,2,True,0.027319337750021884,33,30,0.9090909090909091,0.967741935483871,29,0.8787878787878788,0.9666666666666667,38,32,0.8421052631578947,1.0,29,0.7631578947368421,1.0,"( eventually ( ( x_4 >= 0.9827 ) and ( x_13 <= -0.823 ) ) ) and ( eventually ( eventually[14,17] ( ( x_10 <= 0.3525 ) and ( x_22 >= 0.6439 ) ) ) )"
NATOPS,0,0.8833333333333334,beam_model,45,2,2,True,0.027319337750021884,27,25,0.9259259259259259,0.8064516129032258,23,0.8518518518518519,0.7666666666666667,23,20,0.8695652173913043,0.6666666666666666,13,0.5652173913043478,0.4482758620689655,( always ( ( x_22 <= 0.4985 ) and ( x_15 >= -0.1115 ) ) ) and ( always ( ( x_14 >= -1.6528 ) and ( ( x_22 <= -0.077 ) or ( x_16 >= -0.0489 ) ) ) )
NATOPS,0,0.8833333333333334,beam_model,46,4,1,True,0.027319337750021884,32,30,0.9375,1.0,30,0.9375,1.0,37,28,0.7567567567567568,0.9333333333333333,28,0.7567567567567568,0.9655172413793104,"( eventually[5,19] ( x_12 <= -1.5557 ) ) and ( eventually ( x_16 >= -1.3465 ) )"
NATOPS,0,0.8833333333333334,beam_model,47,3,1,True,0.027319337750021884,31,29,0.9354838709677419,0.9666666666666667,29,0.9354838709677419,0.9666666666666667,22,19,0.8636363636363636,0.6551724137931034,19,0.8636363636363636,0.6551724137931034,"eventually[5,21] ( x_15 <= 0.0173 )"
NATOPS,0,0.8833333333333334,beam_model,48,1,2,True,0.027319337750021884,5,5,1.0,0.17857142857142858,5,1.0,0.16666666666666666,12,6,0.5,0.23076923076923078,9,0.75,0.3,"( always[21,37] ( x_21 >= 1.4299 ) ) and ( not ( eventually[4,inf] ( ( x_4 >= 0.5997 ) or ( x_18 >= -0.3406 ) ) ) )"
NATOPS,0,0.8833333333333334,beam_model,49,2,2,True,0.027319337750021884,32,30,0.9375,0.967741935483871,27,0.84375,0.9,30,27,0.9,0.9,18,0.6,0.6206896551724138,"( always ( ( x_14 >= -1.6226 ) and ( ( x_22 <= -0.1073 ) or ( x_16 >= -0.0187 ) ) ) ) and ( not ( ( ( eventually ( x_22 >= 1.0008 ) ) or ( eventually ( x_19 >= 0.2472 ) ) ) or ( ( always[40,inf] ( x_17 >= 0.7235 ) ) or ( eventually[23,inf] ( x_8 <= -1.2654 ) ) ) ) )"
NATOPS,0,0.8833333333333334,beam_model,50,1,2,True,0.027319337750021884,5,5,1.0,0.17857142857142858,4,0.8,0.13333333333333333,6,3,0.5,0.11538461538461539,3,0.5,0.1,"( always ( ( eventually[0,2] ( x_21 >= 1.212 ) ) or ( ( x_15 <= 1.0813 ) and ( x_4 <= -1.3632 ) ) ) ) and ( not ( ( ( eventually[13,26] ( x_3 <= 0.2366 ) ) and ( eventually[0,50] ( x_4 >= -1.589 ) ) ) or ( eventually[49,inf] ( ( x_3 >= -1.3707 ) and ( x_7 <= -0.6693 ) ) ) ) )"
NATOPS,0,0.8833333333333334,beam_model,51,2,2,True,0.027319337750021884,32,30,0.9375,0.967741935483871,27,0.84375,0.9,30,27,0.9,0.9,18,0.6,0.6206896551724138,"( always ( ( x_14 >= -1.6226 ) and ( ( x_22 <= -0.1073 ) or ( x_16 >= -0.0187 ) ) ) ) and ( not ( ( ( eventually ( x_22 >= 1.0008 ) ) or ( eventually ( x_19 >= 0.2472 ) ) ) or ( ( always[40,inf] ( x_17 >= 0.7235 ) ) or ( eventually[23,inf] ( x_8 <= -1.2654 ) ) ) ) )"
NATOPS,0,0.8833333333333334,beam_model,52,0,2,True,0.027319337750021884,33,30,0.9090909090909091,0.967741935483871,29,0.8787878787878788,0.9666666666666667,38,32,0.8421052631578947,1.0,29,0.7631578947368421,1.0,"( eventually ( ( x_4 >= 0.9827 ) and ( x_13 <= -0.823 ) ) ) and ( eventually ( eventually[14,17] ( ( x_10 <= 0.3525 ) and ( x_22 >= 0.6439 ) ) ) )"
NATOPS,0,0.8833333333333334,beam_model,53,1,1,True,0.027319337750021884,2,2,1.0,0.07142857142857142,2,1.0,0.06666666666666667,11,5,0.45454545454545453,0.19230769230769232,4,0.36363636363636365,0.13333333333333333,"not ( ( eventually[12,47] ( x_20 <= -2.4994 ) ) or ( eventually[0,17] ( x_18 <= -0.3592 ) ) )"
NATOPS,0,0.8833333333333334,beam_model,54,0,2,True,0.027319337750021884,33,30,0.9090909090909091,0.967741935483871,29,0.8787878787878788,0.9666666666666667,38,32,0.8421052631578947,1.0,29,0.7631578947368421,1.0,"( eventually ( ( x_4 >= 0.9827 ) and ( x_13 <= -0.823 ) ) ) and ( eventually ( eventually[14,17] ( ( x_10 <= 0.3525 ) and ( x_22 >= 0.6439 ) ) ) )"
NATOPS,0,0.8833333333333334,beam_model,55,1,2,True,0.027319337750021884,14,13,0.9285714285714286,0.4642857142857143,11,0.7857142857142857,0.36666666666666664,11,10,0.9090909090909091,0.38461538461538464,8,0.7272727272727273,0.27586206896551724,"( always ( ( eventually[0,2] ( x_21 >= 1.2429 ) ) or ( ( x_15 <= 1.0504 ) and ( x_4 <= -1.3941 ) ) ) ) and ( not ( eventually[4,inf] ( ( x_4 >= 0.6559 ) or ( x_18 >= -0.2843 ) ) ) )"
NATOPS,0,0.8833333333333334,beam_model,56,0,2,True,0.027319337750021884,33,30,0.9090909090909091,0.967741935483871,29,0.8787878787878788,0.9666666666666667,38,32,0.8421052631578947,1.0,29,0.7631578947368421,1.0,"( eventually ( ( x_4 >= 0.9827 ) and ( x_13 <= -0.823 ) ) ) and ( eventually ( eventually[14,17] ( ( x_10 <= 0.3525 ) and ( x_22 >= 0.6439 ) ) ) )"
NATOPS,0,0.8833333333333334,beam_model,57,0,2,True,0.027319337750021884,33,30,0.9090909090909091,0.967741935483871,29,0.8787878787878788,0.9666666666666667,38,32,0.8421052631578947,1.0,29,0.7631578947368421,1.0,"( eventually ( ( x_4 >= 0.9827 ) and ( x_13 <= -0.823 ) ) ) and ( eventually ( eventually[14,17] ( ( x_10 <= 0.3525 ) and ( x_22 >= 0.6439 ) ) ) )"
NATOPS,0,0.8833333333333334,beam_model,58,4,1,True,0.027319337750021884,32,30,0.9375,1.0,30,0.9375,1.0,37,28,0.7567567567567568,0.9333333333333333,28,0.7567567567567568,0.9655172413793104,"( eventually[5,19] ( x_12 <= -1.5557 ) ) and ( eventually ( x_16 >= -1.3465 ) )"
NATOPS,0,0.8833333333333334,beam_model,59,1,2,True,0.027319337750021884,7,7,1.0,0.25,6,0.8571428571428571,0.2,7,6,0.8571428571428571,0.23076923076923078,5,0.7142857142857143,0.1724137931034483,"( always ( ( eventually[0,2] ( x_21 >= 1.2402 ) ) or ( ( x_15 <= 1.0531 ) and ( x_4 <= -1.3914 ) ) ) ) and ( not ( ( ( eventually[13,26] ( x_3 <= 0.204 ) ) and ( eventually[0,50] ( x_4 >= -1.5564 ) ) ) or ( eventually[49,inf] ( ( x_3 >= -1.338 ) and ( x_7 <= -0.702 ) ) ) ) )"
NATOPS,0,0.8833333333333334,beam_model,60,4,1,True,0.027319337750021884,32,30,0.9375,1.0,30,0.9375,1.0,37,28,0.7567567567567568,0.9333333333333333,28,0.7567567567567568,0.9655172413793104,"( eventually[5,19] ( x_12 <= -1.5557 ) ) and ( eventually ( x_16 >= -1.3465 ) )"
NATOPS,0,0.8833333333333334,beam_model,61,5,1,True,0.027319337750021884,33,30,0.9090909090909091,1.0,30,0.9090909090909091,1.0,31,26,0.8387096774193549,0.9629629629629629,27,0.8709677419354839,0.9310344827586207,"( eventually ( x_19 >= -0.7039 ) ) and ( always[9,38] ( x_12 >= -1.5452 ) )"
NATOPS,0,0.8833333333333334,beam_model,62,0,2,True,0.027319337750021884,33,30,0.9090909090909091,0.967741935483871,29,0.8787878787878788,0.9666666666666667,38,32,0.8421052631578947,1.0,29,0.7631578947368421,1.0,"( eventually ( ( x_4 >= 0.9827 ) and ( x_13 <= -0.823 ) ) ) and ( eventually ( eventually[14,17] ( ( x_10 <= 0.3525 ) and ( x_22 >= 0.6439 ) ) ) )"
NATOPS,0,0.8833333333333334,beam_model,63,5,1,True,0.027319337750021884,33,30,0.9090909090909091,1.0,30,0.9090909090909091,1.0,31,26,0.8387096774193549,0.9629629629629629,27,0.8709677419354839,0.9310344827586207,"( eventually ( x_19 >= -0.7039 ) ) and ( always[9,38] ( x_12 >= -1.5452 ) )"
NATOPS,0,0.8833333333333334,beam_model,64,2,3,True,0.027319337750021884,33,31,0.9393939393939394,1.0,28,0.8484848484848485,0.9333333333333333,37,27,0.7297297297297297,0.9,22,0.5945945945945946,0.7333333333333333,"( ( always ( ( x_14 >= -1.6541 ) and ( ( x_22 <= -0.0757 ) or ( x_16 >= -0.0502 ) ) ) ) and ( not ( ( ( eventually ( x_22 >= 0.9911 ) ) or ( eventually ( x_19 >= 0.2374 ) ) ) or ( ( always[40,inf] ( x_17 >= 0.7138 ) ) or ( eventually[23,inf] ( x_8 <= -1.2557 ) ) ) ) ) ) and ( ( eventually[20,46] ( eventually[3,4] ( x_14 <= -3.5245 ) ) ) or ( always[2,25] ( ( x_11 >= 1.087 ) or ( x_3 >= 0.4223 ) ) ) )"
NATOPS,0,0.8833333333333334,beam_model,65,1,2,True,0.027319337750021884,7,7,1.0,0.25,6,0.8571428571428571,0.2,6,6,1.0,0.23076923076923078,4,0.6666666666666666,0.13793103448275862,"( always ( ( eventually[0,2] ( x_21 >= 1.2858 ) ) or ( ( x_15 <= 1.0075 ) and ( x_4 <= -1.437 ) ) ) ) and ( always[20,30] ( ( x_18 <= -0.3769 ) or ( x_16 <= -0.0231 ) ) )"
NATOPS,0,0.8833333333333334,beam_model,66,1,2,True,0.027319337750021884,10,10,1.0,0.35714285714285715,10,1.0,0.3333333333333333,9,7,0.7777777777777778,0.2692307692307692,8,0.8888888888888888,0.27586206896551724,"( always[21,37] ( x_21 >= 1.3158 ) ) and ( not ( always ( ( x_14 >= -1.6866 ) and ( ( x_22 <= -0.0432 ) or ( x_16 >= -0.0827 ) ) ) ) )"
NATOPS,0,0.8833333333333334,beam_model,67,2,2,True,0.027319337750021884,32,30,0.9375,0.967741935483871,27,0.84375,0.9,30,27,0.9,0.9,18,0.6,0.6206896551724138,"( always ( ( x_14 >= -1.6226 ) and ( ( x_22 <= -0.1073 ) or ( x_16 >= -0.0187 ) ) ) ) and ( not ( ( ( eventually ( x_22 >= 1.0008 ) ) or ( eventually ( x_19 >= 0.2472 ) ) ) or ( ( always[40,inf] ( x_17 >= 0.7235 ) ) or ( eventually[23,inf] ( x_8 <= -1.2654 ) ) ) ) )"
NATOPS,0,0.8833333333333334,beam_model,68,4,1,True,0.027319337750021884,32,30,0.9375,1.0,30,0.9375,1.0,37,28,0.7567567567567568,0.9333333333333333,28,0.7567567567567568,0.9655172413793104,"( eventually[5,19] ( x_12 <= -1.5557 ) ) and ( eventually ( x_16 >= -1.3465 ) )"
NATOPS,0,0.8833333333333334,beam_model,69,1,3,True,0.027319337750021884,12,11,0.9166666666666666,0.39285714285714285,10,0.8333333333333334,0.3333333333333333,7,7,1.0,0.2692307692307692,5,0.7142857142857143,0.1724137931034483,"( ( always ( ( eventually[0,2] ( x_21 >= 1.2586 ) ) or ( ( x_15 <= 1.0347 ) and ( x_4 <= -1.4098 ) ) ) ) and ( always[20,30] ( ( x_18 <= -0.3562 ) or ( x_16 <= -0.0024 ) ) ) ) and ( not ( eventually ( ( x_22 >= 0.0092 ) and ( x_3 <= 1.6453 ) ) ) )"
NATOPS,0,0.8833333333333334,beam_model,70,5,1,True,0.027319337750021884,33,30,0.9090909090909091,1.0,30,0.9090909090909091,1.0,31,26,0.8387096774193549,0.9629629629629629,27,0.8709677419354839,0.9310344827586207,"( eventually ( x_19 >= -0.7039 ) ) and ( always[9,38] ( x_12 >= -1.5452 ) )"
NATOPS,0,0.8833333333333334,beam_model,71,3,1,True,0.027319337750021884,27,27,1.0,0.9,27,1.0,0.9,30,29,0.9666666666666667,1.0,29,0.9666666666666667,1.0,"( eventually ( x_7 >= -0.9019 ) ) and ( eventually[34,inf] ( x_0 <= -1.4934 ) )"
NATOPS,0,0.8833333333333334,beam_model,72,0,2,True,0.027319337750021884,33,30,0.9090909090909091,0.967741935483871,29,0.8787878787878788,0.9666666666666667,38,32,0.8421052631578947,1.0,29,0.7631578947368421,1.0,"( eventually ( ( x_4 >= 0.9827 ) and ( x_13 <= -0.823 ) ) ) and ( eventually ( eventually[14,17] ( ( x_10 <= 0.3525 ) and ( x_22 >= 0.6439 ) ) ) )"
NATOPS,0,0.8833333333333334,beam_model,73,3,1,True,0.027319337750021884,27,27,1.0,0.9,27,1.0,0.9,30,29,0.9666666666666667,1.0,29,0.9666666666666667,1.0,"( eventually ( x_7 >= -0.9019 ) ) and ( eventually[34,inf] ( x_0 <= -1.4934 ) )"
NATOPS,0,0.8833333333333334,beam_model,74,4,1,True,0.027319337750021884,32,30,0.9375,1.0,30,0.9375,1.0,37,28,0.7567567567567568,0.9333333333333333,28,0.7567567567567568,0.9655172413793104,"( eventually[5,19] ( x_12 <= -1.5557 ) ) and ( eventually ( x_16 >= -1.3465 ) )"
NATOPS,0,0.8833333333333334,beam_model,75,3,2,True,0.027319337750021884,31,30,0.967741935483871,1.0,30,0.967741935483871,1.0,28,24,0.8571428571428571,0.8275862068965517,24,0.8571428571428571,0.8275862068965517,"( eventually[0,24] ( x_15 <= 0.2213 ) ) and ( not ( always[25,inf] ( x_18 >= -1.1385 ) ) )"
NATOPS,0,0.8833333333333334,beam_model,76,1,3,True,0.027319337750021884,13,12,0.9230769230769231,0.42857142857142855,10,0.7692307692307693,0.3333333333333333,7,6,0.8571428571428571,0.23076923076923078,6,0.8571428571428571,0.20689655172413793,"( ( always ( ( eventually[0,2] ( x_21 >= 1.238 ) ) or ( ( x_15 <= 1.0553 ) and ( x_4 <= -1.3892 ) ) ) ) and ( not ( eventually[11,inf] ( eventually ( ( x_13 >= -1.5611 ) and ( x_16 >= 0.3165 ) ) ) ) ) ) and ( not ( eventually ( ( x_22 >= -0.0694 ) and ( x_3 <= 1.7239 ) ) ) )"
NATOPS,0,0.8833333333333334,beam_model,77,4,1,True,0.027319337750021884,32,30,0.9375,1.0,30,0.9375,1.0,37,28,0.7567567567567568,0.9333333333333333,28,0.7567567567567568,0.9655172413793104,"( eventually[5,19] ( x_12 <= -1.5557 ) ) and ( eventually ( x_16 >= -1.3465 ) )"
NATOPS,0,0.8833333333333334,beam_model,78,4,1,True,0.027319337750021884,32,30,0.9375,1.0,30,0.9375,1.0,37,28,0.7567567567567568,0.9333333333333333,28,0.7567567567567568,0.9655172413793104,"( eventually[5,19] ( x_12 <= -1.5557 ) ) and ( eventually ( x_16 >= -1.3465 ) )"
NATOPS,0,0.8833333333333334,beam_model,79,2,2,True,0.027319337750021884,32,30,0.9375,0.967741935483871,27,0.84375,0.9,30,27,0.9,0.9,18,0.6,0.6206896551724138,"( always ( ( x_14 >= -1.6226 ) and ( ( x_22 <= -0.1073 ) or ( x_16 >= -0.0187 ) ) ) ) and ( not ( ( ( eventually ( x_22 >= 1.0008 ) ) or ( eventually ( x_19 >= 0.2472 ) ) ) or ( ( always[40,inf] ( x_17 >= 0.7235 ) ) or ( eventually[23,inf] ( x_8 <= -1.2654 ) ) ) ) )"
NATOPS,0,0.8833333333333334,beam_model,80,0,2,True,0.027319337750021884,33,30,0.9090909090909091,0.967741935483871,29,0.8787878787878788,0.9666666666666667,38,32,0.8421052631578947,1.0,29,0.7631578947368421,1.0,"( eventually ( ( x_4 >= 0.9827 ) and ( x_13 <= -0.823 ) ) ) and ( eventually ( eventually[14,17] ( ( x_10 <= 0.3525 ) and ( x_22 >= 0.6439 ) ) ) )"
NATOPS,0,0.8833333333333334,beam_model,81,3,1,True,0.027319337750021884,27,27,1.0,0.9,27,1.0,0.9,30,29,0.9666666666666667,1.0,29,0.9666666666666667,1.0,"( eventually ( x_7 >= -0.9019 ) ) and ( eventually[34,inf] ( x_0 <= -1.4934 ) )"
NATOPS,0,0.8833333333333334,beam_model,82,3,1,True,0.027319337750021884,31,29,0.9354838709677419,0.9666666666666667,29,0.9354838709677419,0.9666666666666667,22,19,0.8636363636363636,0.6551724137931034,19,0.8636363636363636,0.6551724137931034,"eventually[5,21] ( x_15 <= 0.0173 )"
NATOPS,0,0.8833333333333334,beam_model,83,5,1,True,0.027319337750021884,33,30,0.9090909090909091,1.0,30,0.9090909090909091,1.0,31,26,0.8387096774193549,0.9629629629629629,27,0.8709677419354839,0.9310344827586207,"( eventually ( x_19 >= -0.7039 ) ) and ( always[9,38] ( x_12 >= -1.5452 ) )"
NATOPS,0,0.8833333333333334,beam_model,84,2,2,True,0.027319337750021884,16,15,0.9375,0.4838709677419355,13,0.8125,0.43333333333333335,9,9,1.0,0.3,6,0.6666666666666666,0.2,( always ( ( x_22 <= 0.2061 ) and ( x_15 >= 0.1808 ) ) ) and ( always ( ( x_14 >= -1.6664 ) and ( ( x_22 <= -0.0634 ) or ( x_16 >= -0.0625 ) ) ) )
NATOPS,0,0.8833333333333334,beam_model,85,5,1,True,0.027319337750021884,33,30,0.9090909090909091,1.0,30,0.9090909090909091,1.0,31,26,0.8387096774193549,0.9629629629629629,27,0.8709677419354839,0.9310344827586207,"( eventually ( x_19 >= -0.7039 ) ) and ( always[9,38] ( x_12 >= -1.5452 ) )"
NATOPS,0,0.8833333333333334,beam_model,86,2,2,True,0.027319337750021884,32,30,0.9375,0.967741935483871,27,0.84375,0.9,30,27,0.9,0.9,18,0.6,0.6206896551724138,"( always ( ( x_14 >= -1.6226 ) and ( ( x_22 <= -0.1073 ) or ( x_16 >= -0.0187 ) ) ) ) and ( not ( ( ( eventually ( x_22 >= 1.0008 ) ) or ( eventually ( x_19 >= 0.2472 ) ) ) or ( ( always[40,inf] ( x_17 >= 0.7235 ) ) or ( eventually[23,inf] ( x_8 <= -1.2654 ) ) ) ) )"
NATOPS,0,0.8833333333333334,beam_model,87,5,1,True,0.027319337750021884,33,30,0.9090909090909091,1.0,30,0.9090909090909091,1.0,31,26,0.8387096774193549,0.9629629629629629,27,0.8709677419354839,0.9310344827586207,"( eventually ( x_19 >= -0.7039 ) ) and ( always[9,38] ( x_12 >= -1.5452 ) )"
NATOPS,0,0.8833333333333334,beam_model,88,5,1,True,0.027319337750021884,33,30,0.9090909090909091,1.0,30,0.9090909090909091,1.0,31,26,0.8387096774193549,0.9629629629629629,27,0.8709677419354839,0.9310344827586207,"( eventually ( x_19 >= -0.7039 ) ) and ( always[9,38] ( x_12 >= -1.5452 ) )"
NATOPS,0,0.8833333333333334,beam_model,89,4,1,True,0.027319337750021884,32,30,0.9375,1.0,30,0.9375,1.0,37,28,0.7567567567567568,0.9333333333333333,28,0.7567567567567568,0.9655172413793104,"( eventually[5,19] ( x_12 <= -1.5557 ) ) and ( eventually ( x_16 >= -1.3465 ) )"
NATOPS,0,0.8833333333333334,beam_model,90,4,1,True,0.027319337750021884,32,30,0.9375,1.0,30,0.9375,1.0,37,28,0.7567567567567568,0.9333333333333333,28,0.7567567567567568,0.9655172413793104,"( eventually[5,19] ( x_12 <= -1.5557 ) ) and ( eventually ( x_16 >= -1.3465 ) )"
NATOPS,0,0.8833333333333334,beam_model,91,2,2,True,0.027319337750021884,16,15,0.9375,0.4838709677419355,13,0.8125,0.43333333333333335,9,9,1.0,0.3,5,0.5555555555555556,0.1724137931034483,( always ( ( x_22 <= 0.2061 ) and ( x_15 >= 0.1808 ) ) ) and ( always ( ( x_14 >= -1.6653 ) and ( ( x_22 <= -0.0645 ) or ( x_16 >= -0.0615 ) ) ) )
NATOPS,0,0.8833333333333334,beam_model,92,4,1,True,0.027319337750021884,32,30,0.9375,1.0,30,0.9375,1.0,37,28,0.7567567567567568,0.9333333333333333,28,0.7567567567567568,0.9655172413793104,"( eventually[5,19] ( x_12 <= -1.5557 ) ) and ( eventually ( x_16 >= -1.3465 ) )"
NATOPS,0,0.8833333333333334,beam_model,93,3,1,True,0.027319337750021884,31,29,0.9354838709677419,0.9666666666666667,29,0.9354838709677419,0.9666666666666667,22,19,0.8636363636363636,0.6551724137931034,19,0.8636363636363636,0.6551724137931034,"eventually[5,21] ( x_15 <= 0.0173 )"
NATOPS,0,0.8833333333333334,beam_model,94,5,1,True,0.027319337750021884,33,30,0.9090909090909091,1.0,30,0.9090909090909091,1.0,31,26,0.8387096774193549,0.9629629629629629,27,0.8709677419354839,0.9310344827586207,"( eventually ( x_19 >= -0.7039 ) ) and ( always[9,38] ( x_12 >= -1.5452 ) )"
NATOPS,0,0.8833333333333334,beam_model,95,1,2,True,0.027319337750021884,13,12,0.9230769230769231,0.42857142857142855,10,0.7692307692307693,0.3333333333333333,8,7,0.875,0.2692307692307692,7,0.875,0.23333333333333334,"( always ( ( eventually[0,2] ( x_21 >= 1.2402 ) ) or ( ( x_15 <= 1.0531 ) and ( x_4 <= -1.3914 ) ) ) ) and ( not ( eventually[4,inf] ( ( x_4 >= 0.6263 ) or ( x_18 >= -0.314 ) ) ) )"
NATOPS,0,0.8833333333333334,beam_model,96,1,2,True,0.027319337750021884,21,20,0.9523809523809523,0.7142857142857143,20,0.9523809523809523,0.6666666666666666,14,13,0.9285714285714286,0.5,12,0.8571428571428571,0.41379310344827586,( not ( always ( ( x_14 >= -1.6811 ) and ( ( x_22 <= -0.0487 ) or ( x_16 >= -0.0772 ) ) ) ) ) and ( not ( eventually ( ( x_22 >= 0.1247 ) and ( x_3 <= 1.5298 ) ) ) )
NATOPS,0,0.8833333333333334,beam_model,97,5,1,True,0.027319337750021884,33,30,0.9090909090909091,1.0,30,0.9090909090909091,1.0,31,26,0.8387096774193549,0.9629629629629629,27,0.8709677419354839,0.9310344827586207,"( eventually ( x_19 >= -0.7039 ) ) and ( always[9,38] ( x_12 >= -1.5452 ) )"
NATOPS,0,0.8833333333333334,beam_model,98,0,2,True,0.027319337750021884,33,30,0.9090909090909091,0.967741935483871,29,0.8787878787878788,0.9666666666666667,38,32,0.8421052631578947,1.0,29,0.7631578947368421,1.0,"( eventually ( ( x_4 >= 0.9827 ) and ( x_13 <= -0.823 ) ) ) and ( eventually ( eventually[14,17] ( ( x_10 <= 0.3525 ) and ( x_22 >= 0.6439 ) ) ) )"
NATOPS,0,0.8833333333333334,beam_model,99,3,1,True,0.027319337750021884,31,29,0.9354838709677419,0.9666666666666667,29,0.9354838709677419,0.9666666666666667,22,19,0.8636363636363636,0.6551724137931034,19,0.8636363636363636,0.6551724137931034,"eventually[5,21] ( x_15 <= 0.0173 )"
NATOPS,0,0.8833333333333334,beam_model,100,0,2,True,0.027319337750021884,33,30,0.9090909090909091,0.967741935483871,29,0.8787878787878788,0.9666666666666667,38,32,0.8421052631578947,1.0,29,0.7631578947368421,1.0,"( eventually ( ( x_4 >= 0.9827 ) and ( x_13 <= -0.823 ) ) ) and ( eventually ( eventually[14,17] ( ( x_10 <= 0.3525 ) and ( x_22 >= 0.6439 ) ) ) )"
NATOPS,0,0.8833333333333334,beam_model,101,5,1,True,0.027319337750021884,33,30,0.9090909090909091,1.0,30,0.9090909090909091,1.0,31,26,0.8387096774193549,0.9629629629629629,27,0.8709677419354839,0.9310344827586207,"( eventually ( x_19 >= -0.7039 ) ) and ( always[9,38] ( x_12 >= -1.5452 ) )"
NATOPS,0,0.8833333333333334,beam_model,102,3,2,True,0.027319337750021884,31,30,0.967741935483871,1.0,30,0.967741935483871,1.0,28,24,0.8571428571428571,0.8275862068965517,24,0.8571428571428571,0.8275862068965517,"( eventually[0,24] ( x_15 <= 0.2213 ) ) and ( not ( always[25,inf] ( x_18 >= -1.1385 ) ) )"
NATOPS,0,0.8833333333333334,beam_model,103,5,1,True,0.027319337750021884,33,30,0.9090909090909091,1.0,30,0.9090909090909091,1.0,31,26,0.8387096774193549,0.9629629629629629,27,0.8709677419354839,0.9310344827586207,"( eventually ( x_19 >= -0.7039 ) ) and ( always[9,38] ( x_12 >= -1.5452 ) )"
NATOPS,0,0.8833333333333334,beam_model,104,0,2,True,0.027319337750021884,33,30,0.9090909090909091,0.967741935483871,29,0.8787878787878788,0.9666666666666667,38,32,0.8421052631578947,1.0,29,0.7631578947368421,1.0,"( eventually ( ( x_4 >= 0.9827 ) and ( x_13 <= -0.823 ) ) ) and ( eventually ( eventually[14,17] ( ( x_10 <= 0.3525 ) and ( x_22 >= 0.6439 ) ) ) )"
NATOPS,0,0.8833333333333334,beam_model,105,0,2,True,0.027319337750021884,33,30,0.9090909090909091,0.967741935483871,29,0.8787878787878788,0.9666666666666667,38,32,0.8421052631578947,1.0,30,0.7894736842105263,1.0,"( eventually ( ( x_4 >= 0.9827 ) and ( x_13 <= -0.823 ) ) ) and ( eventually ( eventually[14,17] ( ( x_10 <= 0.3525 ) and ( x_22 >= 0.6439 ) ) ) )"
NATOPS,0,0.8833333333333334,beam_model,106,5,1,True,0.027319337750021884,33,30,0.9090909090909091,1.0,30,0.9090909090909091,1.0,31,26,0.8387096774193549,0.9629629629629629,27,0.8709677419354839,0.9310344827586207,"( eventually ( x_19 >= -0.7039 ) ) and ( always[9,38] ( x_12 >= -1.5452 ) )"
NATOPS,0,0.8833333333333334,beam_model,107,0,2,True,0.027319337750021884,32,30,0.9375,0.967741935483871,29,0.90625,0.9666666666666667,31,31,1.0,0.96875,29,0.9354838709677419,1.0,"( eventually ( ( x_4 >= 0.9827 ) and ( x_13 <= -0.823 ) ) ) and ( not ( ( eventually ( x_19 >= -1.1021 ) ) and ( always[9,38] ( x_12 >= -1.9434 ) ) ) )"
NATOPS,0,0.8833333333333334,beam_model,108,2,2,True,0.027319337750021884,32,30,0.9375,0.967741935483871,27,0.84375,0.9,30,27,0.9,0.9,18,0.6,0.6206896551724138,"( always ( ( x_14 >= -1.6226 ) and ( ( x_22 <= -0.1073 ) or ( x_16 >= -0.0187 ) ) ) ) and ( not ( ( ( eventually ( x_22 >= 1.0008 ) ) or ( eventually ( x_19 >= 0.2472 ) ) ) or ( ( always[40,inf] ( x_17 >= 0.7235 ) ) or ( eventually[23,inf] ( x_8 <= -1.2654 ) ) ) ) )"
NATOPS,0,0.8833333333333334,beam_model,109,5,1,True,0.027319337750021884,33,30,0.9090909090909091,1.0,30,0.9090909090909091,1.0,31,26,0.8387096774193549,0.9629629629629629,27,0.8709677419354839,0.9310344827586207,"( eventually ( x_19 >= -0.7039 ) ) and ( always[9,38] ( x_12 >= -1.5452 ) )"
NATOPS,0,0.8833333333333334,beam_model,110,0,2,True,0.027319337750021884,32,30,0.9375,0.967741935483871,29,0.90625,0.9666666666666667,31,31,1.0,0.96875,29,0.9354838709677419,1.0,"( eventually ( ( x_4 >= 0.9827 ) and ( x_13 <= -0.823 ) ) ) and ( not ( ( eventually ( x_19 >= -1.1185 ) ) and ( always[9,38] ( x_12 >= -1.9597 ) ) ) )"
NATOPS,0,0.8833333333333334,beam_model,111,1,2,True,0.027319337750021884,10,10,1.0,0.35714285714285715,10,1.0,0.3333333333333333,10,8,0.8,0.3076923076923077,8,0.8,0.27586206896551724,"( always[21,37] ( x_21 >= 1.3158 ) ) and ( not ( always ( ( x_14 >= -1.681 ) and ( ( x_22 <= -0.0488 ) or ( x_16 >= -0.0771 ) ) ) ) )"
NATOPS,0,0.8833333333333334,beam_model,112,1,2,True,0.027319337750021884,21,20,0.9523809523809523,0.7142857142857143,20,0.9523809523809523,0.6666666666666666,14,13,0.9285714285714286,0.5,12,0.8571428571428571,0.41379310344827586,( not ( always ( ( x_14 >= -1.6811 ) and ( ( x_22 <= -0.0487 ) or ( x_16 >= -0.0772 ) ) ) ) ) and ( not ( eventually ( ( x_22 >= 0.1247 ) and ( x_3 <= 1.5298 ) ) ) )
NATOPS,0,0.8833333333333334,beam_model,113,4,1,True,0.027319337750021884,32,30,0.9375,1.0,30,0.9375,1.0,37,28,0.7567567567567568,0.9333333333333333,28,0.7567567567567568,0.9655172413793104,"( eventually[5,19] ( x_12 <= -1.5557 ) ) and ( eventually ( x_16 >= -1.3465 ) )"
NATOPS,0,0.8833333333333334,beam_model,114,1,2,True,0.027319337750021884,7,7,1.0,0.25,6,0.8571428571428571,0.2,6,6,1.0,0.23076923076923078,4,0.6666666666666666,0.13793103448275862,"( always ( ( eventually[0,2] ( x_21 >= 1.2858 ) ) or ( ( x_15 <= 1.0075 ) and ( x_4 <= -1.437 ) ) ) ) and ( always[20,30] ( ( x_18 <= -0.3769 ) or ( x_16 <= -0.0231 ) ) )"
NATOPS,0,0.8833333333333334,beam_model,115,0,2,True,0.027319337750021884,33,30,0.9090909090909091,0.967741935483871,29,0.8787878787878788,0.9666666666666667,38,32,0.8421052631578947,1.0,29,0.7631578947368421,1.0,"( eventually ( ( x_4 >= 0.9827 ) and ( x_13 <= -0.823 ) ) ) and ( eventually ( eventually[14,17] ( ( x_10 <= 0.3525 ) and ( x_22 >= 0.6439 ) ) ) )"
NATOPS,0,0.8833333333333334,beam_model,116,0,2,True,0.027319337750021884,33,30,0.9090909090909091,0.967741935483871,29,0.8787878787878788,0.9666666666666667,38,32,0.8421052631578947,1.0,29,0.7631578947368421,1.0,"( eventually ( ( x_4 >= 0.9827 ) and ( x_13 <= -0.823 ) ) ) and ( eventually ( eventually[14,17] ( ( x_10 <= 0.3525 ) and ( x_22 >= 0.6439 ) ) ) )"
NATOPS,0,0.8833333333333334,beam_model,117,2,2,True,0.027319337750021884,16,15,0.9375,0.4838709677419355,13,0.8125,0.43333333333333335,9,9,1.0,0.3,5,0.5555555555555556,0.1724137931034483,( always ( ( x_22 <= 0.2061 ) and ( x_15 >= 0.1808 ) ) ) and ( always ( ( x_14 >= -1.6664 ) and ( ( x_22 <= -0.0634 ) or ( x_16 >= -0.0625 ) ) ) )
NATOPS,0,0.8833333333333334,beam_model,118,4,1,True,0.027319337750021884,32,30,0.9375,1.0,30,0.9375,1.0,37,28,0.7567567567567568,0.9333333333333333,28,0.7567567567567568,0.9655172413793104,"( eventually[5,19] ( x_12 <= -1.5557 ) ) and ( eventually ( x_16 >= -1.3465 ) )"
NATOPS,0,0.8833333333333334,beam_model,119,2,2,True,0.027319337750021884,30,30,1.0,0.967741935483871,27,0.9,0.9,22,21,0.9545454545454546,0.7,14,0.6363636363636364,0.4666666666666667,"( always ( ( x_14 >= -1.6226 ) and ( ( x_22 <= -0.1073 ) or ( x_16 >= -0.0187 ) ) ) ) and ( not ( eventually ( eventually[14,17] ( ( x_10 <= 0.4049 ) and ( x_22 >= 0.5914 ) ) ) ) )"
NATOPS,0,0.8833333333333334,beam_model,120,0,2,True,0.027319337750021884,33,30,0.9090909090909091,0.967741935483871,29,0.8787878787878788,0.9666666666666667,38,32,0.8421052631578947,1.0,29,0.7631578947368421,1.0,"( eventually ( ( x_4 >= 0.9827 ) and ( x_13 <= -0.823 ) ) ) and ( eventually ( eventually[14,17] ( ( x_10 <= 0.3525 ) and ( x_22 >= 0.6439 ) ) ) )"
NATOPS,0,0.8833333333333334,beam_model,121,3,1,True,0.027319337750021884,31,29,0.9354838709677419,0.9666666666666667,29,0.9354838709677419,0.9666666666666667,22,19,0.8636363636363636,0.6551724137931034,19,0.8636363636363636,0.6551724137931034,"eventually[5,21] ( x_15 <= 0.0173 )"
NATOPS,0,0.8833333333333334,beam_model,122,4,1,True,0.027319337750021884,32,30,0.9375,1.0,30,0.9375,1.0,37,28,0.7567567567567568,0.9333333333333333,28,0.7567567567567568,0.9655172413793104,"( eventually[5,19] ( x_12 <= -1.5557 ) ) and ( eventually ( x_16 >= -1.3465 ) )"
NATOPS,0,0.8833333333333334,beam_model,123,3,1,True,0.027319337750021884,31,29,0.9354838709677419,0.9666666666666667,29,0.9354838709677419,0.9666666666666667,22,19,0.8636363636363636,0.6551724137931034,19,0.8636363636363636,0.6551724137931034,"eventually[5,21] ( x_15 <= 0.0173 )"
NATOPS,0,0.8833333333333334,beam_model,124,1,2,True,0.027319337750021884,5,5,1.0,0.17857142857142858,4,0.8,0.13333333333333333,6,3,0.5,0.11538461538461539,2,0.3333333333333333,0.06896551724137931,"( always ( ( eventually[0,2] ( x_21 >= 1.212 ) ) or ( ( x_15 <= 1.0813 ) and ( x_4 <= -1.3632 ) ) ) ) and ( not ( ( ( eventually[13,26] ( x_3 <= 0.2366 ) ) and ( eventually[0,50] ( x_4 >= -1.589 ) ) ) or ( eventually[49,inf] ( ( x_3 >= -1.3707 ) and ( x_7 <= -0.6693 ) ) ) ) )"
NATOPS,0,0.8833333333333334,beam_model,125,1,2,True,0.027319337750021884,7,7,1.0,0.25,6,0.8571428571428571,0.2,6,6,1.0,0.23076923076923078,5,0.8333333333333334,0.16666666666666666,"( always ( ( eventually[0,2] ( x_21 >= 1.2858 ) ) or ( ( x_15 <= 1.0075 ) and ( x_4 <= -1.437 ) ) ) ) and ( always[20,30] ( ( x_18 <= -0.3747 ) or ( x_16 <= -0.0209 ) ) )"
NATOPS,0,0.8833333333333334,beam_model,126,2,3,True,0.027319337750021884,33,31,0.9393939393939394,1.0,28,0.8484848484848485,0.9333333333333333,37,27,0.7297297297297297,0.9,21,0.5675675675675675,0.7241379310344828,"( ( always ( ( x_14 >= -1.6541 ) and ( ( x_22 <= -0.0757 ) or ( x_16 >= -0.0502 ) ) ) ) and ( not ( ( ( eventually ( x_22 >= 0.9911 ) ) or ( eventually ( x_19 >= 0.2374 ) ) ) or ( ( always[40,inf] ( x_17 >= 0.7138 ) ) or ( eventually[23,inf] ( x_8 <= -1.2557 ) ) ) ) ) ) and ( ( eventually[20,46] ( eventually[3,4] ( x_14 <= -3.5356 ) ) ) or ( always[2,25] ( ( x_11 >= 1.098 ) or ( x_3 >= 0.4333 ) ) ) )"
NATOPS,0,0.8833333333333334,beam_model,127,2,2,True,0.027319337750021884,32,30,0.9375,0.967741935483871,27,0.84375,0.9,30,27,0.9,0.9,18,0.6,0.6206896551724138,"( always ( ( x_14 >= -1.6226 ) and ( ( x_22 <= -0.1073 ) or ( x_16 >= -0.0187 ) ) ) ) and ( not ( ( ( eventually ( x_22 >= 1.0008 ) ) or ( eventually ( x_19 >= 0.2472 ) ) ) or ( ( always[40,inf] ( x_17 >= 0.7235 ) ) or ( eventually[23,inf] ( x_8 <= -1.2654 ) ) ) ) )"
NATOPS,0,0.8833333333333334,beam_model,128,2,2,True,0.027319337750021884,5,5,1.0,0.16129032258064516,3,0.6,0.1,7,4,0.5714285714285714,0.13333333333333333,3,0.42857142857142855,0.10344827586206896,"( ( eventually[20,46] ( eventually[3,4] ( x_14 <= -3.7967 ) ) ) or ( always[2,25] ( ( x_11 >= 1.3592 ) or ( x_3 >= 0.6945 ) ) ) ) and ( always ( ( x_14 >= -1.6664 ) and ( ( x_22 <= -0.0634 ) or ( x_16 >= -0.0625 ) ) ) )"
NATOPS,0,0.8833333333333334,beam_model,129,0,2,True,0.027319337750021884,33,30,0.9090909090909091,0.967741935483871,29,0.8787878787878788,0.9666666666666667,38,32,0.8421052631578947,1.0,29,0.7631578947368421,1.0,"( eventually ( ( x_4 >= 0.9827 ) and ( x_13 <= -0.823 ) ) ) and ( eventually ( eventually[14,17] ( ( x_10 <= 0.3525 ) and ( x_22 >= 0.6439 ) ) ) )"
NATOPS,0,0.8833333333333334,beam_model,130,4,1,True,0.027319337750021884,32,30,0.9375,1.0,30,0.9375,1.0,37,28,0.7567567567567568,0.9333333333333333,28,0.7567567567567568,0.9655172413793104,"( eventually[5,19] ( x_12 <= -1.5557 ) ) and ( eventually ( x_16 >= -1.3465 ) )"
NATOPS,0,0.8833333333333334,beam_model,131,0,2,True,0.027319337750021884,33,30,0.9090909090909091,0.967741935483871,29,0.8787878787878788,0.9666666666666667,38,32,0.8421052631578947,1.0,29,0.7631578947368421,1.0,"( eventually ( ( x_4 >= 0.9827 ) and ( x_13 <= -0.823 ) ) ) and ( eventually ( eventually[14,17] ( ( x_10 <= 0.3525 ) and ( x_22 >= 0.6439 ) ) ) )"
NATOPS,0,0.8833333333333334,beam_model,132,0,2,True,0.027319337750021884,33,30,0.9090909090909091,0.967741935483871,29,0.8787878787878788,0.9666666666666667,38,32,0.8421052631578947,1.0,29,0.7631578947368421,1.0,"( eventually ( ( x_4 >= 0.9827 ) and ( x_13 <= -0.823 ) ) ) and ( eventually ( eventually[14,17] ( ( x_10 <= 0.3525 ) and ( x_22 >= 0.6439 ) ) ) )"
NATOPS,0,0.8833333333333334,beam_model,133,1,2,True,0.027319337750021884,7,7,1.0,0.25,6,0.8571428571428571,0.2,6,6,1.0,0.23076923076923078,4,0.6666666666666666,0.13793103448275862,"( always ( ( eventually[0,2] ( x_21 >= 1.2858 ) ) or ( ( x_15 <= 1.0075 ) and ( x_4 <= -1.437 ) ) ) ) and ( always[20,30] ( ( x_18 <= -0.3769 ) or ( x_16 <= -0.0231 ) ) )"
NATOPS,0,0.8833333333333334,beam_model,134,3,1,True,0.027319337750021884,31,29,0.9354838709677419,0.9666666666666667,29,0.9354838709677419,0.9666666666666667,22,19,0.8636363636363636,0.6551724137931034,19,0.8636363636363636,0.6551724137931034,"eventually[5,21] ( x_15 <= 0.0173 )"
NATOPS,0,0.8833333333333334,beam_model,135,4,1,True,0.027319337750021884,32,30,0.9375,1.0,30,0.9375,1.0,37,28,0.7567567567567568,0.9333333333333333,28,0.7567567567567568,0.9655172413793104,"( eventually[5,19] ( x_12 <= -1.5557 ) ) and ( eventually ( x_16 >= -1.3465 ) )"
NATOPS,0,0.8833333333333334,beam_model,136,4,1,True,0.027319337750021884,32,30,0.9375,1.0,30,0.9375,1.0,37,28,0.7567567567567568,0.9333333333333333,28,0.7567567567567568,0.9655172413793104,"( eventually[5,19] ( x_12 <= -1.5557 ) ) and ( eventually ( x_16 >= -1.3465 ) )"
NATOPS,0,0.8833333333333334,beam_model,137,2,2,True,0.027319337750021884,32,30,0.9375,0.967741935483871,27,0.84375,0.9,30,27,0.9,0.9,18,0.6,0.6206896551724138,"( always ( ( x_14 >= -1.6226 ) and ( ( x_22 <= -0.1073 ) or ( x_16 >= -0.0187 ) ) ) ) and ( not ( ( ( eventually ( x_22 >= 1.0008 ) ) or ( eventually ( x_19 >= 0.2472 ) ) ) or ( ( always[40,inf] ( x_17 >= 0.7235 ) ) or ( eventually[23,inf] ( x_8 <= -1.2654 ) ) ) ) )"
NATOPS,0,0.8833333333333334,beam_model,138,1,1,True,0.027319337750021884,6,6,1.0,0.21428571428571427,5,0.8333333333333334,0.16666666666666666,7,6,0.8571428571428571,0.23076923076923078,5,0.7142857142857143,0.1724137931034483,"always ( ( eventually[0,2] ( x_21 >= 1.2957 ) ) or ( ( x_15 <= 0.9976 ) and ( x_4 <= -1.4469 ) ) )"
NATOPS,0,0.8833333333333334,beam_model,139,2,2,True,0.027319337750021884,32,30,0.9375,0.967741935483871,27,0.84375,0.9,30,27,0.9,0.9,19,0.6333333333333333,0.6333333333333333,"( always ( ( x_14 >= -1.6226 ) and ( ( x_22 <= -0.1073 ) or ( x_16 >= -0.0187 ) ) ) ) and ( not ( ( ( eventually ( x_22 >= 1.0008 ) ) or ( eventually ( x_19 >= 0.2472 ) ) ) or ( ( always[40,inf] ( x_17 >= 0.7235 ) ) or ( eventually[23,inf] ( x_8 <= -1.2654 ) ) ) ) )"
NATOPS,0,0.8833333333333334,beam_model,140,0,2,True,0.027319337750021884,32,30,0.9375,0.967741935483871,29,0.90625,0.9666666666666667,31,31,1.0,0.96875,30,0.967741935483871,1.0,"( eventually ( ( x_4 >= 0.9827 ) and ( x_13 <= -0.823 ) ) ) and ( not ( ( eventually ( x_19 >= -1.1185 ) ) and ( always[9,38] ( x_12 >= -1.9597 ) ) ) )"
NATOPS,0,0.8833333333333334,beam_model,141,4,1,True,0.027319337750021884,32,30,0.9375,1.0,30,0.9375,1.0,37,28,0.7567567567567568,0.9333333333333333,28,0.7567567567567568,0.9655172413793104,"( eventually[5,19] ( x_12 <= -1.5557 ) ) and ( eventually ( x_16 >= -1.3465 ) )"
NATOPS,0,0.8833333333333334,beam_model,142,4,1,True,0.027319337750021884,32,30,0.9375,1.0,30,0.9375,1.0,37,28,0.7567567567567568,0.9333333333333333,28,0.7567567567567568,0.9655172413793104,"( eventually[5,19] ( x_12 <= -1.5557 ) ) and ( eventually ( x_16 >= -1.3465 ) )"
NATOPS,0,0.8833333333333334,beam_model,143,3,1,True,0.027319337750021884,31,29,0.9354838709677419,0.9666666666666667,29,0.9354838709677419,0.9666666666666667,22,19,0.8636363636363636,0.6551724137931034,19,0.8636363636363636,0.6551724137931034,"eventually[5,21] ( x_15 <= 0.0173 )"
NATOPS,0,0.8833333333333334,beam_model,144,1,2,True,0.027319337750021884,21,20,0.9523809523809523,0.7142857142857143,20,0.9523809523809523,0.6666666666666666,14,13,0.9285714285714286,0.5,11,0.7857142857142857,0.3793103448275862,"( not ( eventually[4,inf] ( ( x_4 >= 1.0811 ) or ( x_18 >= 0.1408 ) ) ) ) and ( not ( always ( ( x_14 >= -1.6811 ) and ( ( x_22 <= -0.0487 ) or ( x_16 >= -0.0772 ) ) ) ) )"
NATOPS,0,0.8833333333333334,beam_model,145,4,1,True,0.027319337750021884,32,30,0.9375,1.0,30,0.9375,1.0,37,28,0.7567567567567568,0.9333333333333333,28,0.7567567567567568,0.9655172413793104,"( eventually[5,19] ( x_12 <= -1.5557 ) ) and ( eventually ( x_16 >= -1.3465 ) )"
NATOPS,0,0.8833333333333334,beam_model,146,0,2,True,0.027319337750021884,33,30,0.9090909090909091,0.967741935483871,29,0.8787878787878788,0.9666666666666667,38,32,0.8421052631578947,1.0,29,0.7631578947368421,1.0,"( eventually ( ( x_4 >= 0.9827 ) and ( x_13 <= -0.823 ) ) ) and ( eventually ( eventually[14,17] ( ( x_10 <= 0.3525 ) and ( x_22 >= 0.6439 ) ) ) )"
NATOPS,0,0.8833333333333334,beam_model,147,4,1,True,0.027319337750021884,32,29,0.90625,0.9666666666666667,29,0.90625,0.9666666666666667,34,28,0.8235294117647058,0.9333333333333333,27,0.7941176470588235,0.9310344827586207,"eventually[5,40] ( ( x_21 <= 0.1962 ) and ( always[5,inf] ( x_16 <= -0.1518 ) ) )"
NATOPS,0,0.8833333333333334,beam_model,148,5,1,True,0.027319337750021884,33,30,0.9090909090909091,1.0,30,0.9090909090909091,1.0,31,26,0.8387096774193549,0.9629629629629629,27,0.8709677419354839,0.9310344827586207,"( eventually ( x_19 >= -0.7039 ) ) and ( always[9,38] ( x_12 >= -1.5452 ) )"
NATOPS,0,0.8833333333333334,beam_model,149,5,1,True,0.027319337750021884,33,30,0.9090909090909091,1.0,30,0.9090909090909091,1.0,31,26,0.8387096774193549,0.9629629629629629,27,0.8709677419354839,0.9310344827586207,"( eventually ( x_19 >= -0.7039 ) ) and ( always[9,38] ( x_12 >= -1.5452 ) )"
NATOPS,0,0.8833333333333334,beam_model,150,1,2,True,0.027319337750021884,14,13,0.9285714285714286,0.4642857142857143,11,0.7857142857142857,0.36666666666666664,11,10,0.9090909090909091,0.38461538461538464,8,0.7272727272727273,0.27586206896551724,"( always ( ( eventually[0,2] ( x_21 >= 1.2429 ) ) or ( ( x_15 <= 1.0504 ) and ( x_4 <= -1.3941 ) ) ) ) and ( not ( eventually[4,inf] ( ( x_4 >= 0.6559 ) or ( x_18 >= -0.2843 ) ) ) )"
NATOPS,0,0.8833333333333334,beam_model,151,5,1,True,0.027319337750021884,33,30,0.9090909090909091,1.0,30,0.9090909090909091,1.0,31,26,0.8387096774193549,0.9629629629629629,27,0.8709677419354839,0.9310344827586207,"( eventually ( x_19 >= -0.7039 ) ) and ( always[9,38] ( x_12 >= -1.5452 ) )"
NATOPS,0,0.8833333333333334,beam_model,152,3,1,True,0.027319337750021884,27,27,1.0,0.9,27,1.0,0.9,30,29,0.9666666666666667,1.0,29,0.9666666666666667,1.0,"( eventually ( x_7 >= -0.9019 ) ) and ( eventually[34,inf] ( x_0 <= -1.4934 ) )"
NATOPS,0,0.8833333333333334,beam_model,153,3,1,True,0.027319337750021884,31,29,0.9354838709677419,0.9666666666666667,29,0.9354838709677419,0.9666666666666667,22,19,0.8636363636363636,0.6551724137931034,19,0.8636363636363636,0.6551724137931034,"eventually[5,21] ( x_15 <= 0.0173 )"
NATOPS,0,0.8833333333333334,beam_model,154,5,1,True,0.027319337750021884,33,30,0.9090909090909091,1.0,30,0.9090909090909091,1.0,31,26,0.8387096774193549,0.9629629629629629,27,0.8709677419354839,0.9310344827586207,"( eventually ( x_19 >= -0.7039 ) ) and ( always[9,38] ( x_12 >= -1.5452 ) )"
NATOPS,0,0.8833333333333334,beam_model,155,5,1,True,0.027319337750021884,33,30,0.9090909090909091,1.0,30,0.9090909090909091,1.0,31,26,0.8387096774193549,0.9629629629629629,27,0.8709677419354839,0.9310344827586207,"( eventually ( x_19 >= -0.7039 ) ) and ( always[9,38] ( x_12 >= -1.5452 ) )"
NATOPS,0,0.8833333333333334,beam_model,156,4,1,True,0.027319337750021884,32,30,0.9375,1.0,30,0.9375,1.0,37,28,0.7567567567567568,0.9333333333333333,28,0.7567567567567568,0.9655172413793104,"( eventually[5,19] ( x_12 <= -1.5557 ) ) and ( eventually ( x_16 >= -1.3465 ) )"
NATOPS,0,0.8833333333333334,beam_model,157,3,2,True,0.027319337750021884,31,30,0.967741935483871,1.0,30,0.967741935483871,1.0,28,24,0.8571428571428571,0.8275862068965517,24,0.8571428571428571,0.8275862068965517,"( eventually[0,24] ( x_15 <= 0.2213 ) ) and ( not ( always[25,inf] ( x_18 >= -1.1385 ) ) )"
NATOPS,0,0.8833333333333334,beam_model,158,5,1,True,0.027319337750021884,33,30,0.9090909090909091,1.0,30,0.9090909090909091,1.0,31,26,0.8387096774193549,0.9629629629629629,27,0.8709677419354839,0.9310344827586207,"( eventually ( x_19 >= -0.7039 ) ) and ( always[9,38] ( x_12 >= -1.5452 ) )"
NATOPS,0,0.8833333333333334,beam_model,159,1,2,True,0.027319337750021884,22,20,0.9090909090909091,0.7142857142857143,20,0.9090909090909091,0.6666666666666666,15,13,0.8666666666666667,0.5,12,0.8,0.41379310344827586,( not ( always ( ( x_14 >= -1.6811 ) and ( ( x_22 <= -0.0487 ) or ( x_16 >= -0.0772 ) ) ) ) ) and ( not ( eventually ( ( x_22 >= 0.1663 ) and ( x_3 <= 1.4882 ) ) ) )
NATOPS,0,0.8833333333333334,beam_model,160,3,1,True,0.027319337750021884,31,29,0.9354838709677419,0.9666666666666667,29,0.9354838709677419,0.9666666666666667,22,19,0.8636363636363636,0.6551724137931034,19,0.8636363636363636,0.6551724137931034,"eventually[5,21] ( x_15 <= 0.0173 )"
NATOPS,0,0.8833333333333334,beam_model,161,1,3,True,0.027319337750021884,12,11,0.9166666666666666,0.39285714285714285,10,0.8333333333333334,0.3333333333333333,7,7,1.0,0.2692307692307692,6,0.8571428571428571,0.2,"( ( always ( ( eventually[0,2] ( x_21 >= 1.2586 ) ) or ( ( x_15 <= 1.0347 ) and ( x_4 <= -1.4098 ) ) ) ) and ( always[20,30] ( ( x_18 <= -0.3562 ) or ( x_16 <= -0.0024 ) ) ) ) and ( not ( eventually ( ( x_22 >= 0.0092 ) and ( x_3 <= 1.6453 ) ) ) )"
NATOPS,0,0.8833333333333334,beam_model,162,3,1,True,0.027319337750021884,31,29,0.9354838709677419,0.9666666666666667,29,0.9354838709677419,0.9666666666666667,22,19,0.8636363636363636,0.6551724137931034,19,0.8636363636363636,0.6551724137931034,"eventually[5,21] ( x_15 <= 0.0173 )"
NATOPS,0,0.8833333333333334,beam_model,163,0,2,True,0.027319337750021884,33,30,0.9090909090909091,0.967741935483871,29,0.8787878787878788,0.9666666666666667,38,32,0.8421052631578947,1.0,29,0.7631578947368421,1.0,"( eventually ( ( x_4 >= 0.9827 ) and ( x_13 <= -0.823 ) ) ) and ( eventually ( eventually[14,17] ( ( x_10 <= 0.3525 ) and ( x_22 >= 0.6439 ) ) ) )"
NATOPS,0,0.8833333333333334,beam_model,164,1,2,True,0.027319337750021884,22,20,0.9090909090909091,0.7142857142857143,20,0.9090909090909091,0.6666666666666666,15,13,0.8666666666666667,0.5,12,0.8,0.41379310344827586,( not ( always ( ( x_14 >= -1.6811 ) and ( ( x_22 <= -0.0487 ) or ( x_16 >= -0.0772 ) ) ) ) ) and ( not ( eventually ( ( x_22 >= 0.1663 ) and ( x_3 <= 1.4882 ) ) ) )
NATOPS,0,0.8833333333333334,beam_model,165,3,1,True,0.027319337750021884,31,29,0.9354838709677419,0.9666666666666667,29,0.9354838709677419,0.9666666666666667,22,19,0.8636363636363636,0.6551724137931034,19,0.8636363636363636,0.6551724137931034,"eventually[5,21] ( x_15 <= 0.0173 )"
NATOPS,0,0.8833333333333334,beam_model,166,0,2,True,0.027319337750021884,33,30,0.9090909090909091,0.967741935483871,29,0.8787878787878788,0.9666666666666667,38,32,0.8421052631578947,1.0,29,0.7631578947368421,1.0,"( eventually ( ( x_4 >= 0.9827 ) and ( x_13 <= -0.823 ) ) ) and ( eventually ( eventually[14,17] ( ( x_10 <= 0.3525 ) and ( x_22 >= 0.6439 ) ) ) )"
NATOPS,0,0.8833333333333334,beam_model,167,2,2,True,0.027319337750021884,16,15,0.9375,0.4838709677419355,13,0.8125,0.43333333333333335,9,9,1.0,0.3,5,0.5555555555555556,0.1724137931034483,( always ( ( x_22 <= 0.2061 ) and ( x_15 >= 0.1808 ) ) ) and ( always ( ( x_14 >= -1.6664 ) and ( ( x_22 <= -0.0634 ) or ( x_16 >= -0.0625 ) ) ) )
NATOPS,0,0.8833333333333334,beam_model,168,5,1,True,0.027319337750021884,33,30,0.9090909090909091,1.0,30,0.9090909090909091,1.0,31,26,0.8387096774193549,0.9629629629629629,27,0.8709677419354839,0.9310344827586207,"( eventually ( x_19 >= -0.7039 ) ) and ( always[9,38] ( x_12 >= -1.5452 ) )"
NATOPS,0,0.8833333333333334,beam_model,169,2,2,True,0.027319337750021884,32,30,0.9375,0.967741935483871,27,0.84375,0.9,30,27,0.9,0.9,18,0.6,0.6206896551724138,"( always ( ( x_14 >= -1.6226 ) and ( ( x_22 <= -0.1073 ) or ( x_16 >= -0.0187 ) ) ) ) and ( not ( ( ( eventually ( x_22 >= 1.0008 ) ) or ( eventually ( x_19 >= 0.2472 ) ) ) or ( ( always[40,inf] ( x_17 >= 0.7235 ) ) or ( eventually[23,inf] ( x_8 <= -1.2654 ) ) ) ) )"
NATOPS,0,0.8833333333333334,beam_model,170,2,2,True,0.027319337750021884,16,15,0.9375,0.4838709677419355,13,0.8125,0.43333333333333335,9,9,1.0,0.3,6,0.6666666666666666,0.2,( always ( ( x_22 <= 0.2061 ) and ( x_15 >= 0.1808 ) ) ) and ( always ( ( x_14 >= -1.6653 ) and ( ( x_22 <= -0.0645 ) or ( x_16 >= -0.0615 ) ) ) )
NATOPS,0,0.8833333333333334,beam_model,171,5,1,True,0.027319337750021884,33,30,0.9090909090909091,1.0,30,0.9090909090909091,1.0,31,26,0.8387096774193549,0.9629629629629629,27,0.8709677419354839,0.9310344827586207,"( eventually ( x_19 >= -0.7039 ) ) and ( always[9,38] ( x_12 >= -1.5452 ) )"
NATOPS,0,0.8833333333333334,beam_model,172,3,1,True,0.027319337750021884,31,29,0.9354838709677419,0.9666666666666667,29,0.9354838709677419,0.9666666666666667,22,19,0.8636363636363636,0.6551724137931034,19,0.8636363636363636,0.6551724137931034,"eventually[5,21] ( x_15 <= 0.0173 )"
NATOPS,0,0.8833333333333334,beam_model,173,0,2,True,0.027319337750021884,32,30,0.9375,0.967741935483871,29,0.90625,0.9666666666666667,31,31,1.0,0.96875,30,0.967741935483871,1.0,"( eventually ( ( x_4 >= 0.9827 ) and ( x_13 <= -0.823 ) ) ) and ( not ( ( eventually ( x_19 >= -1.1185 ) ) and ( always[9,38] ( x_12 >= -1.9597 ) ) ) )"
NATOPS,0,0.8833333333333334,beam_model,174,0,2,True,0.027319337750021884,32,30,0.9375,0.967741935483871,29,0.90625,0.9666666666666667,31,31,1.0,0.96875,29,0.9354838709677419,1.0,"( eventually ( ( x_4 >= 0.9827 ) and ( x_13 <= -0.823 ) ) ) and ( not ( ( eventually ( x_19 >= -1.1185 ) ) and ( always[9,38] ( x_12 >= -1.9597 ) ) ) )"
NATOPS,0,0.8833333333333334,beam_model,175,5,1,True,0.027319337750021884,33,30,0.9090909090909091,1.0,30,0.9090909090909091,1.0,31,26,0.8387096774193549,0.9629629629629629,27,0.8709677419354839,0.9310344827586207,"( eventually ( x_19 >= -0.7039 ) ) and ( always[9,38] ( x_12 >= -1.5452 ) )"
NATOPS,0,0.8833333333333334,beam_model,176,1,2,True,0.027319337750021884,21,20,0.9523809523809523,0.7142857142857143,20,0.9523809523809523,0.6666666666666666,14,13,0.9285714285714286,0.5,13,0.9285714285714286,0.43333333333333335,( not ( always ( ( x_14 >= -1.6811 ) and ( ( x_22 <= -0.0487 ) or ( x_16 >= -0.0772 ) ) ) ) ) and ( not ( eventually ( ( x_22 >= 0.1247 ) and ( x_3 <= 1.5298 ) ) ) )
NATOPS,0,0.8833333333333334,beam_model,177,4,1,True,0.027319337750021884,32,30,0.9375,1.0,30,0.9375,1.0,37,28,0.7567567567567568,0.9333333333333333,28,0.7567567567567568,0.9655172413793104,"( eventually[5,19] ( x_12 <= -1.5557 ) ) and ( eventually ( x_16 >= -1.3465 ) )"
NATOPS,0,0.8833333333333334,beam_model,178,3,1,True,0.027319337750021884,31,29,0.9354838709677419,0.9666666666666667,29,0.9354838709677419,0.9666666666666667,22,19,0.8636363636363636,0.6551724137931034,19,0.8636363636363636,0.6551724137931034,"eventually[5,21] ( x_15 <= 0.0173 )"
NATOPS,0,0.8833333333333334,beam_model,179,3,2,True,0.027319337750021884,31,30,0.967741935483871,1.0,30,0.967741935483871,1.0,28,24,0.8571428571428571,0.8275862068965517,24,0.8571428571428571,0.8275862068965517,"( eventually[0,24] ( x_15 <= 0.2213 ) ) and ( not ( always[25,inf] ( x_18 >= -1.1385 ) ) )"
NATOPS,0,0.8833333333333334,beam_data,0,3,1,True,0.025664963905566968,31,29,0.9354838709677419,0.9666666666666667,29,0.9354838709677419,0.9666666666666667,22,19,0.8636363636363636,0.6551724137931034,19,0.8636363636363636,0.6551724137931034,"eventually[5,21] ( x_15 <= 0.0173 )"
NATOPS,0,0.8833333333333334,beam_data,1,4,1,True,0.025664963905566968,32,30,0.9375,1.0,30,0.9375,1.0,37,28,0.7567567567567568,0.9333333333333333,28,0.7567567567567568,0.9655172413793104,"( eventually[5,19] ( x_12 <= -1.5557 ) ) and ( eventually ( x_16 >= -1.3465 ) )"
NATOPS,0,0.8833333333333334,beam_data,2,5,1,True,0.025664963905566968,33,30,0.9090909090909091,1.0,30,0.9090909090909091,1.0,31,26,0.8387096774193549,0.9629629629629629,27,0.8709677419354839,0.9310344827586207,"( eventually ( x_19 >= -0.7039 ) ) and ( always[9,38] ( x_12 >= -1.5452 ) )"
NATOPS,0,0.8833333333333334,beam_data,3,0,3,True,0.025664963905566968,31,29,0.9354838709677419,0.9354838709677419,29,0.9354838709677419,0.9666666666666667,37,32,0.8648648648648649,1.0,29,0.7837837837837838,1.0,"( ( eventually ( ( x_4 >= 0.9827 ) and ( x_13 <= -0.823 ) ) ) and ( not ( always[22,23] ( eventually[12,inf] ( ( x_1 >= -1.4905 ) and ( x_0 <= -0.3975 ) ) ) ) ) ) and ( eventually ( eventually[14,17] ( ( x_10 <= 0.3525 ) and ( x_22 >= 0.6439 ) ) ) )"
NATOPS,0,0.8833333333333334,beam_data,4,3,1,True,0.025664963905566968,31,29,0.9354838709677419,0.9666666666666667,29,0.9354838709677419,0.9666666666666667,22,19,0.8636363636363636,0.6551724137931034,19,0.8636363636363636,0.6551724137931034,"eventually[5,21] ( x_15 <= 0.0173 )"
NATOPS,0,0.8833333333333334,beam_data,5,2,2,True,0.025664963905566968,26,26,1.0,0.8387096774193549,24,0.9230769230769231,0.8,21,19,0.9047619047619048,0.6333333333333333,16,0.7619047619047619,0.5517241379310345,"( always ( ( x_14 >= -1.6032 ) and ( ( x_22 <= -0.1266 ) or ( x_16 >= 0.0007 ) ) ) ) and ( not ( ( ( eventually ( x_22 >= 1.0008 ) ) or ( eventually ( x_19 >= 0.2472 ) ) ) or ( ( always[40,inf] ( x_17 >= 0.7235 ) ) or ( eventually[23,inf] ( x_8 <= -1.2654 ) ) ) ) )"
NATOPS,0,0.8833333333333334,beam_data,6,2,2,True,0.025664963905566968,28,26,0.9285714285714286,0.8387096774193549,26,0.9285714285714286,0.8666666666666667,21,19,0.9047619047619048,0.6333333333333333,13,0.6190476190476191,0.43333333333333335,"( not ( ( ( eventually ( x_22 >= 0.553 ) ) or ( eventually ( x_19 >= -0.2006 ) ) ) or ( ( always[40,inf] ( x_17 >= 0.2757 ) ) or ( eventually[23,inf] ( x_8 <= -0.8176 ) ) ) ) ) and ( always ( ( x_14 >= -1.6426 ) and ( ( x_22 <= -0.0872 ) or ( x_16 >= -0.0388 ) ) ) )"
NATOPS,0,0.8833333333333334,beam_data,7,1,2,True,0.025664963905566968,21,20,0.9523809523809523,0.7142857142857143,20,0.9523809523809523,0.6666666666666666,14,13,0.9285714285714286,0.5,13,0.9285714285714286,0.43333333333333335,( not ( always ( ( x_14 >= -1.6811 ) and ( ( x_22 <= -0.0487 ) or ( x_16 >= -0.0772 ) ) ) ) ) and ( not ( eventually ( ( x_22 >= 0.1247 ) and ( x_3 <= 1.5298 ) ) ) )
NATOPS,0,0.8833333333333334,beam_data,8,2,2,True,0.025664963905566968,25,25,1.0,0.8064516129032258,23,0.92,0.7666666666666667,19,19,1.0,0.6333333333333333,16,0.8421052631578947,0.5517241379310345,"( always ( ( x_14 >= -1.6083 ) and ( ( x_22 <= -0.1215 ) or ( x_16 >= -0.0045 ) ) ) ) and ( not ( ( ( eventually ( x_22 >= 0.7997 ) ) or ( eventually ( x_19 >= 0.046 ) ) ) or ( ( always[40,inf] ( x_17 >= 0.5224 ) ) or ( eventually[23,inf] ( x_8 <= -1.0643 ) ) ) ) )"
NATOPS,0,0.8833333333333334,beam_data,9,0,3,True,0.025664963905566968,31,29,0.9354838709677419,0.9354838709677419,29,0.9354838709677419,0.9666666666666667,37,32,0.8648648648648649,1.0,29,0.7837837837837838,1.0,"( ( eventually ( ( x_4 >= 0.9827 ) and ( x_13 <= -0.823 ) ) ) and ( eventually ( eventually[14,17] ( ( x_10 <= 0.3525 ) and ( x_22 >= 0.6439 ) ) ) ) ) and ( not ( always[22,23] ( eventually[12,inf] ( ( x_1 >= -1.4905 ) and ( x_0 <= -0.3975 ) ) ) ) )"
NATOPS,0,0.8833333333333334,beam_data,10,4,1,True,0.025664963905566968,32,30,0.9375,1.0,30,0.9375,1.0,37,28,0.7567567567567568,0.9333333333333333,28,0.7567567567567568,0.9655172413793104,"( eventually[5,19] ( x_12 <= -1.5557 ) ) and ( eventually ( x_16 >= -1.3465 ) )"
NATOPS,0,0.8833333333333334,beam_data,11,3,1,True,0.025664963905566968,27,27,1.0,0.9,27,1.0,0.9,30,29,0.9666666666666667,1.0,29,0.9666666666666667,1.0,"( eventually ( x_7 >= -0.9019 ) ) and ( eventually[34,inf] ( x_0 <= -1.4934 ) )"
NATOPS,0,0.8833333333333334,beam_data,12,2,2,True,0.025664963905566968,32,30,0.9375,0.967741935483871,29,0.90625,0.9666666666666667,30,22,0.7333333333333333,0.7333333333333333,14,0.4666666666666667,0.4827586206896552,"( always ( ( x_14 >= -1.6432 ) and ( ( x_22 <= -0.0867 ) or ( x_16 >= -0.0393 ) ) ) ) and ( not ( eventually ( eventually[14,17] ( ( x_10 <= 0.4049 ) and ( x_22 >= 0.5914 ) ) ) ) )"
NATOPS,0,0.8833333333333334,beam_data,13,4,1,True,0.025664963905566968,32,30,0.9375,1.0,30,0.9375,1.0,37,28,0.7567567567567568,0.9333333333333333,28,0.7567567567567568,0.9655172413793104,"( eventually[5,19] ( x_12 <= -1.5557 ) ) and ( eventually ( x_16 >= -1.3465 ) )"
NATOPS,0,0.8833333333333334,beam_data,14,2,2,True,0.025664963905566968,28,26,0.9285714285714286,0.8387096774193549,26,0.9285714285714286,0.8666666666666667,22,20,0.9090909090909091,0.6666666666666666,14,0.6363636363636364,0.4666666666666667,"( not ( ( ( eventually ( x_22 >= 0.553 ) ) or ( eventually ( x_19 >= -0.2006 ) ) ) or ( ( always[40,inf] ( x_17 >= 0.2757 ) ) or ( eventually[23,inf] ( x_8 <= -0.8176 ) ) ) ) ) and ( always ( ( x_14 >= -1.648 ) and ( ( x_22 <= -0.0818 ) or ( x_16 >= -0.0441 ) ) ) )"
NATOPS,0,0.8833333333333334,beam_data,15,0,3,True,0.025664963905566968,31,29,0.9354838709677419,0.9354838709677419,29,0.9354838709677419,0.9666666666666667,37,32,0.8648648648648649,1.0,29,0.7837837837837838,1.0,"( ( eventually ( ( x_4 >= 0.9827 ) and ( x_13 <= -0.823 ) ) ) and ( not ( always[22,23] ( eventually[12,inf] ( ( x_1 >= -1.4905 ) and ( x_0 <= -0.3975 ) ) ) ) ) ) and ( eventually ( eventually[14,17] ( ( x_10 <= 0.3525 ) and ( x_22 >= 0.6439 ) ) ) )"
NATOPS,0,0.8833333333333334,beam_data,16,4,1,True,0.025664963905566968,32,30,0.9375,1.0,30,0.9375,1.0,37,28,0.7567567567567568,0.9333333333333333,28,0.7567567567567568,0.9655172413793104,"( eventually[5,19] ( x_12 <= -1.5557 ) ) and ( eventually ( x_16 >= -1.3465 ) )"
NATOPS,0,0.8833333333333334,beam_data,17,0,3,True,0.025664963905566968,31,29,0.9354838709677419,0.9354838709677419,29,0.9354838709677419,0.9666666666666667,37,32,0.8648648648648649,1.0,29,0.7837837837837838,1.0,"( ( eventually ( ( x_4 >= 0.9827 ) and ( x_13 <= -0.823 ) ) ) and ( not ( always[22,23] ( eventually[12,inf] ( ( x_1 >= -1.4905 ) and ( x_0 <= -0.3975 ) ) ) ) ) ) and ( eventually ( eventually[14,17] ( ( x_10 <= 0.3525 ) and ( x_22 >= 0.6439 ) ) ) )"
NATOPS,0,0.8833333333333334,beam_data,18,4,1,True,0.025664963905566968,32,30,0.9375,1.0,30,0.9375,1.0,37,28,0.7567567567567568,0.9333333333333333,28,0.7567567567567568,0.9655172413793104,"( eventually[5,19] ( x_12 <= -1.5557 ) ) and ( eventually ( x_16 >= -1.3465 ) )"
NATOPS,0,0.8833333333333334,beam_data,19,0,3,True,0.025664963905566968,31,29,0.9354838709677419,0.9354838709677419,29,0.9354838709677419,0.9666666666666667,37,32,0.8648648648648649,1.0,29,0.7837837837837838,1.0,"( ( eventually ( ( x_4 >= 0.9827 ) and ( x_13 <= -0.823 ) ) ) and ( eventually ( eventually[14,17] ( ( x_10 <= 0.3525 ) and ( x_22 >= 0.6439 ) ) ) ) ) and ( not ( always[22,23] ( eventually[12,inf] ( ( x_1 >= -1.4905 ) and ( x_0 <= -0.3975 ) ) ) ) )"
NATOPS,0,0.8833333333333334,beam_data,20,2,2,True,0.025664963905566968,28,26,0.9285714285714286,0.8387096774193549,26,0.9285714285714286,0.8666666666666667,22,20,0.9090909090909091,0.6666666666666666,13,0.5909090909090909,0.4482758620689655,"( not ( ( ( eventually ( x_22 >= 0.553 ) ) or ( eventually ( x_19 >= -0.2006 ) ) ) or ( ( always[40,inf] ( x_17 >= 0.2757 ) ) or ( eventually[23,inf] ( x_8 <= -0.8176 ) ) ) ) ) and ( always ( ( x_14 >= -1.648 ) and ( ( x_22 <= -0.0818 ) or ( x_16 >= -0.0441 ) ) ) )"
NATOPS,0,0.8833333333333334,beam_data,21,3,1,True,0.025664963905566968,31,29,0.9354838709677419,0.9666666666666667,29,0.9354838709677419,0.9666666666666667,22,19,0.8636363636363636,0.6551724137931034,19,0.8636363636363636,0.6551724137931034,"eventually[5,21] ( x_15 <= 0.0173 )"
NATOPS,0,0.8833333333333334,beam_data,22,5,1,True,0.025664963905566968,33,30,0.9090909090909091,1.0,30,0.9090909090909091,1.0,31,26,0.8387096774193549,0.9629629629629629,27,0.8709677419354839,0.9310344827586207,"( eventually ( x_19 >= -0.7039 ) ) and ( always[9,38] ( x_12 >= -1.5452 ) )"
NATOPS,0,0.8833333333333334,beam_data,23,5,1,True,0.025664963905566968,33,30,0.9090909090909091,1.0,30,0.9090909090909091,1.0,31,26,0.8387096774193549,0.9629629629629629,27,0.8709677419354839,0.9310344827586207,"( eventually ( x_19 >= -0.7039 ) ) and ( always[9,38] ( x_12 >= -1.5452 ) )"
NATOPS,0,0.8833333333333334,beam_data,24,2,2,True,0.025664963905566968,28,26,0.9285714285714286,0.8387096774193549,26,0.9285714285714286,0.8666666666666667,22,19,0.8636363636363636,0.6333333333333333,13,0.5909090909090909,0.43333333333333335,( always ( ( x_22 <= 0.5601 ) and ( x_15 >= -0.1731 ) ) ) and ( always ( ( x_14 >= -1.6432 ) and ( ( x_22 <= -0.0867 ) or ( x_16 >= -0.0393 ) ) ) )
NATOPS,0,0.8833333333333334,beam_data,25,2,2,True,0.025664963905566968,26,26,1.0,0.8387096774193549,24,0.9230769230769231,0.8,21,19,0.9047619047619048,0.6333333333333333,16,0.7619047619047619,0.5517241379310345,"( always ( ( x_14 >= -1.6032 ) and ( ( x_22 <= -0.1266 ) or ( x_16 >= 0.0007 ) ) ) ) and ( not ( ( ( eventually ( x_22 >= 1.0008 ) ) or ( eventually ( x_19 >= 0.2472 ) ) ) or ( ( always[40,inf] ( x_17 >= 0.7235 ) ) or ( eventually[23,inf] ( x_8 <= -1.2654 ) ) ) ) )"
NATOPS,0,0.8833333333333334,beam_data,26,2,2,True,0.025664963905566968,28,26,0.9285714285714286,0.8387096774193549,26,0.9285714285714286,0.8666666666666667,22,20,0.9090909090909091,0.6666666666666666,14,0.6363636363636364,0.4666666666666667,"( not ( ( ( eventually ( x_22 >= 0.553 ) ) or ( eventually ( x_19 >= -0.2006 ) ) ) or ( ( always[40,inf] ( x_17 >= 0.2757 ) ) or ( eventually[23,inf] ( x_8 <= -0.8176 ) ) ) ) ) and ( always ( ( x_14 >= -1.648 ) and ( ( x_22 <= -0.0818 ) or ( x_16 >= -0.0441 ) ) ) )"
NATOPS,0,0.8833333333333334,beam_data,27,0,3,True,0.025664963905566968,31,29,0.9354838709677419,0.9354838709677419,29,0.9354838709677419,0.9666666666666667,37,32,0.8648648648648649,1.0,29,0.7837837837837838,1.0,"( ( eventually ( ( x_4 >= 0.9827 ) and ( x_13 <= -0.823 ) ) ) and ( not ( always[22,23] ( eventually[12,inf] ( ( x_1 >= -1.4905 ) and ( x_0 <= -0.3975 ) ) ) ) ) ) and ( eventually ( eventually[14,17] ( ( x_10 <= 0.3525 ) and ( x_22 >= 0.6439 ) ) ) )"
NATOPS,0,0.8833333333333334,beam_data,28,1,2,True,0.025664963905566968,13,11,0.8461538461538461,0.39285714285714285,12,0.9230769230769231,0.4,11,8,0.7272727272727273,0.3076923076923077,8,0.7272727272727273,0.27586206896551724,"( always[21,37] ( x_21 >= 1.0975 ) ) and ( not ( always ( ( x_14 >= -1.6843 ) and ( ( x_22 <= -0.0455 ) or ( x_16 >= -0.0804 ) ) ) ) )"
NATOPS,0,0.8833333333333334,beam_data,29,4,1,True,0.025664963905566968,32,30,0.9375,1.0,30,0.9375,1.0,37,28,0.7567567567567568,0.9333333333333333,28,0.7567567567567568,0.9655172413793104,"( eventually[5,19] ( x_12 <= -1.5557 ) ) and ( eventually ( x_16 >= -1.3465 ) )"
NATOPS,0,0.8833333333333334,beam_data,30,2,2,True,0.025664963905566968,26,26,1.0,0.8387096774193549,24,0.9230769230769231,0.8,21,19,0.9047619047619048,0.6333333333333333,16,0.7619047619047619,0.5517241379310345,"( always ( ( x_14 >= -1.6032 ) and ( ( x_22 <= -0.1266 ) or ( x_16 >= 0.0007 ) ) ) ) and ( not ( ( ( eventually ( x_22 >= 1.0008 ) ) or ( eventually ( x_19 >= 0.2472 ) ) ) or ( ( always[40,inf] ( x_17 >= 0.7235 ) ) or ( eventually[23,inf] ( x_8 <= -1.2654 ) ) ) ) )"
NATOPS,0,0.8833333333333334,beam_data,31,3,1,True,0.025664963905566968,31,29,0.9354838709677419,0.9666666666666667,29,0.9354838709677419,0.9666666666666667,22,19,0.8636363636363636,0.6551724137931034,19,0.8636363636363636,0.6551724137931034,"eventually[5,21] ( x_15 <= 0.0173 )"
NATOPS,0,0.8833333333333334,beam_data,32,5,2,True,0.025664963905566968,32,30,0.9375,1.0,30,0.9375,1.0,37,27,0.7297297297297297,1.0,29,0.7837837837837838,1.0,"( not ( always[20,30] ( ( x_18 <= -0.2765 ) or ( x_16 <= 0.0773 ) ) ) ) and ( always ( eventually[8,17] ( x_15 <= 1.2482 ) ) )"
NATOPS,0,0.8833333333333334,beam_data,33,4,1,True,0.025664963905566968,32,30,0.9375,1.0,30,0.9375,1.0,37,28,0.7567567567567568,0.9333333333333333,28,0.7567567567567568,0.9655172413793104,"( eventually[5,19] ( x_12 <= -1.5557 ) ) and ( eventually ( x_16 >= -1.3465 ) )"
NATOPS,0,0.8833333333333334,beam_data,34,3,1,True,0.025664963905566968,27,27,1.0,0.9,27,1.0,0.9,30,29,0.9666666666666667,1.0,29,0.9666666666666667,1.0,"( eventually ( x_7 >= -0.9019 ) ) and ( eventually[34,inf] ( x_0 <= -1.4934 ) )"
NATOPS,0,0.8833333333333334,beam_data,35,5,1,True,0.025664963905566968,33,30,0.9090909090909091,1.0,30,0.9090909090909091,1.0,31,26,0.8387096774193549,0.9629629629629629,27,0.8709677419354839,0.9310344827586207,"( eventually ( x_19 >= -0.7039 ) ) and ( always[9,38] ( x_12 >= -1.5452 ) )"
NATOPS,0,0.8833333333333334,beam_data,36,3,1,True,0.025664963905566968,31,29,0.9354838709677419,0.9666666666666667,29,0.9354838709677419,0.9666666666666667,22,19,0.8636363636363636,0.6551724137931034,19,0.8636363636363636,0.6551724137931034,"eventually[5,21] ( x_15 <= 0.0173 )"
NATOPS,0,0.8833333333333334,beam_data,37,0,3,True,0.025664963905566968,31,29,0.9354838709677419,0.9354838709677419,29,0.9354838709677419,0.9666666666666667,37,32,0.8648648648648649,1.0,29,0.7837837837837838,1.0,"( ( eventually ( ( x_4 >= 0.9827 ) and ( x_13 <= -0.823 ) ) ) and ( not ( always[22,23] ( eventually[12,inf] ( ( x_1 >= -1.4905 ) and ( x_0 <= -0.3975 ) ) ) ) ) ) and ( eventually ( eventually[14,17] ( ( x_10 <= 0.3525 ) and ( x_22 >= 0.6439 ) ) ) )"
NATOPS,0,0.8833333333333334,beam_data,38,3,1,True,0.025664963905566968,31,29,0.9354838709677419,0.9666666666666667,29,0.9354838709677419,0.9666666666666667,22,19,0.8636363636363636,0.6551724137931034,19,0.8636363636363636,0.6551724137931034,"eventually[5,21] ( x_15 <= 0.0173 )"
NATOPS,0,0.8833333333333334,beam_data,39,5,1,True,0.025664963905566968,33,30,0.9090909090909091,1.0,30,0.9090909090909091,1.0,31,26,0.8387096774193549,0.9629629629629629,27,0.8709677419354839,0.9310344827586207,"( eventually ( x_19 >= -0.7039 ) ) and ( always[9,38] ( x_12 >= -1.5452 ) )"
NATOPS,0,0.8833333333333334,beam_data,40,4,1,True,0.025664963905566968,32,30,0.9375,1.0,30,0.9375,1.0,37,28,0.7567567567567568,0.9333333333333333,28,0.7567567567567568,0.9655172413793104,"( eventually[5,19] ( x_12 <= -1.5557 ) ) and ( eventually ( x_16 >= -1.3465 ) )"
NATOPS,0,0.8833333333333334,beam_data,41,2,2,True,0.025664963905566968,26,26,1.0,0.8387096774193549,24,0.9230769230769231,0.8,21,19,0.9047619047619048,0.6333333333333333,16,0.7619047619047619,0.5517241379310345,"( always ( ( x_14 >= -1.6032 ) and ( ( x_22 <= -0.1266 ) or ( x_16 >= 0.0007 ) ) ) ) and ( not ( ( ( eventually ( x_22 >= 1.0008 ) ) or ( eventually ( x_19 >= 0.2472 ) ) ) or ( ( always[40,inf] ( x_17 >= 0.7235 ) ) or ( eventually[23,inf] ( x_8 <= -1.2654 ) ) ) ) )"
NATOPS,0,0.8833333333333334,beam_data,42,1,2,True,0.025664963905566968,6,6,1.0,0.21428571428571427,6,1.0,0.2,6,6,1.0,0.23076923076923078,5,0.8333333333333334,0.1724137931034483,"( always ( ( eventually[0,2] ( x_21 >= 1.268 ) ) or ( ( x_15 <= 1.0253 ) and ( x_4 <= -1.4192 ) ) ) ) and ( always[20,30] ( ( x_18 <= -0.4267 ) or ( x_16 <= -0.073 ) ) )"
NATOPS,0,0.8833333333333334,beam_data,43,4,1,True,0.025664963905566968,32,29,0.90625,0.9666666666666667,29,0.90625,0.9666666666666667,34,28,0.8235294117647058,0.9333333333333333,28,0.8235294117647058,0.9333333333333333,"eventually[5,40] ( ( x_21 <= 0.1962 ) and ( always[5,inf] ( x_16 <= -0.1518 ) ) )"
NATOPS,0,0.8833333333333334,beam_data,44,0,3,True,0.025664963905566968,31,29,0.9354838709677419,0.9354838709677419,29,0.9354838709677419,0.9666666666666667,37,32,0.8648648648648649,1.0,29,0.7837837837837838,1.0,"( ( eventually ( ( x_4 >= 0.9827 ) and ( x_13 <= -0.823 ) ) ) and ( eventually ( eventually[14,17] ( ( x_10 <= 0.3525 ) and ( x_22 >= 0.6439 ) ) ) ) ) and ( not ( always[22,23] ( eventually[12,inf] ( ( x_1 >= -1.4905 ) and ( x_0 <= -0.3975 ) ) ) ) )"
NATOPS,0,0.8833333333333334,beam_data,45,2,2,True,0.025664963905566968,28,26,0.9285714285714286,0.8387096774193549,26,0.9285714285714286,0.8666666666666667,22,20,0.9090909090909091,0.6666666666666666,13,0.5909090909090909,0.4482758620689655,"( not ( ( ( eventually ( x_22 >= 0.553 ) ) or ( eventually ( x_19 >= -0.2006 ) ) ) or ( ( always[40,inf] ( x_17 >= 0.2757 ) ) or ( eventually[23,inf] ( x_8 <= -0.8176 ) ) ) ) ) and ( always ( ( x_14 >= -1.648 ) and ( ( x_22 <= -0.0818 ) or ( x_16 >= -0.0441 ) ) ) )"
NATOPS,0,0.8833333333333334,beam_data,46,4,1,True,0.025664963905566968,32,30,0.9375,1.0,30,0.9375,1.0,37,28,0.7567567567567568,0.9333333333333333,28,0.7567567567567568,0.9655172413793104,"( eventually[5,19] ( x_12 <= -1.5557 ) ) and ( eventually ( x_16 >= -1.3465 ) )"
NATOPS,0,0.8833333333333334,beam_data,47,3,1,True,0.025664963905566968,31,29,0.9354838709677419,0.9666666666666667,29,0.9354838709677419,0.9666666666666667,22,19,0.8636363636363636,0.6551724137931034,19,0.8636363636363636,0.6551724137931034,"eventually[5,21] ( x_15 <= 0.0173 )"
NATOPS,0,0.8833333333333334,beam_data,48,1,2,True,0.025664963905566968,5,5,1.0,0.17857142857142858,5,1.0,0.16666666666666666,12,6,0.5,0.23076923076923078,9,0.75,0.3,"( always[21,37] ( x_21 >= 1.4299 ) ) and ( not ( eventually[4,inf] ( ( x_4 >= 0.5997 ) or ( x_18 >= -0.3406 ) ) ) )"
NATOPS,0,0.8833333333333334,beam_data,49,2,2,True,0.025664963905566968,26,26,1.0,0.8387096774193549,24,0.9230769230769231,0.8,21,19,0.9047619047619048,0.6333333333333333,16,0.7619047619047619,0.5517241379310345,"( always ( ( x_14 >= -1.6032 ) and ( ( x_22 <= -0.1266 ) or ( x_16 >= 0.0007 ) ) ) ) and ( not ( ( ( eventually ( x_22 >= 1.0008 ) ) or ( eventually ( x_19 >= 0.2472 ) ) ) or ( ( always[40,inf] ( x_17 >= 0.7235 ) ) or ( eventually[23,inf] ( x_8 <= -1.2654 ) ) ) ) )"
NATOPS,0,0.8833333333333334,beam_data,50,1,2,True,0.025664963905566968,5,4,0.8,0.14285714285714285,5,1.0,0.16666666666666666,14,9,0.6428571428571429,0.34615384615384615,9,0.6428571428571429,0.3,"( always ( ( eventually[0,2] ( x_21 >= 1.2002 ) ) or ( ( x_15 <= 1.0931 ) and ( x_4 <= -1.3514 ) ) ) ) and ( ( eventually ( x_17 <= -1.6739 ) ) or ( always[24,29] ( x_3 >= 2.0447 ) ) )"
NATOPS,0,0.8833333333333334,beam_data,51,2,2,True,0.025664963905566968,26,26,1.0,0.8387096774193549,24,0.9230769230769231,0.8,21,19,0.9047619047619048,0.6333333333333333,16,0.7619047619047619,0.5517241379310345,"( always ( ( x_14 >= -1.6032 ) and ( ( x_22 <= -0.1266 ) or ( x_16 >= 0.0007 ) ) ) ) and ( not ( ( ( eventually ( x_22 >= 1.0008 ) ) or ( eventually ( x_19 >= 0.2472 ) ) ) or ( ( always[40,inf] ( x_17 >= 0.7235 ) ) or ( eventually[23,inf] ( x_8 <= -1.2654 ) ) ) ) )"
NATOPS,0,0.8833333333333334,beam_data,52,0,3,True,0.025664963905566968,31,29,0.9354838709677419,0.9354838709677419,29,0.9354838709677419,0.9666666666666667,37,32,0.8648648648648649,1.0,29,0.7837837837837838,1.0,"( ( eventually ( ( x_4 >= 0.9827 ) and ( x_13 <= -0.823 ) ) ) and ( eventually ( eventually[14,17] ( ( x_10 <= 0.3525 ) and ( x_22 >= 0.6439 ) ) ) ) ) and ( not ( always[22,23] ( eventually[12,inf] ( ( x_1 >= -1.4905 ) and ( x_0 <= -0.3975 ) ) ) ) )"
NATOPS,0,0.8833333333333334,beam_data,53,1,1,True,0.025664963905566968,2,2,1.0,0.07142857142857142,2,1.0,0.06666666666666667,11,5,0.45454545454545453,0.19230769230769232,4,0.36363636363636365,0.13333333333333333,"not ( ( eventually[12,47] ( x_20 <= -2.4994 ) ) or ( eventually[0,17] ( x_18 <= -0.3592 ) ) )"
NATOPS,0,0.8833333333333334,beam_data,54,0,3,True,0.025664963905566968,31,29,0.9354838709677419,0.9354838709677419,29,0.9354838709677419,0.9666666666666667,37,32,0.8648648648648649,1.0,29,0.7837837837837838,1.0,"( ( eventually ( ( x_4 >= 0.9827 ) and ( x_13 <= -0.823 ) ) ) and ( not ( always[22,23] ( eventually[12,inf] ( ( x_1 >= -1.4905 ) and ( x_0 <= -0.3975 ) ) ) ) ) ) and ( eventually ( eventually[14,17] ( ( x_10 <= 0.3525 ) and ( x_22 >= 0.6439 ) ) ) )"
NATOPS,0,0.8833333333333334,beam_data,55,1,2,True,0.025664963905566968,7,6,0.8571428571428571,0.21428571428571427,7,1.0,0.23333333333333334,9,7,0.7777777777777778,0.2692307692307692,4,0.4444444444444444,0.13793103448275862,"( always ( ( eventually[0,2] ( x_21 >= 1.25 ) ) or ( ( x_15 <= 1.0433 ) and ( x_4 <= -1.4012 ) ) ) ) and ( not ( eventually[0,24] ( x_15 <= 0.6052 ) ) )"
NATOPS,0,0.8833333333333334,beam_data,56,0,3,True,0.025664963905566968,31,29,0.9354838709677419,0.9354838709677419,29,0.9354838709677419,0.9666666666666667,37,32,0.8648648648648649,1.0,29,0.7837837837837838,1.0,"( ( eventually ( ( x_4 >= 0.9827 ) and ( x_13 <= -0.823 ) ) ) and ( eventually ( eventually[14,17] ( ( x_10 <= 0.3525 ) and ( x_22 >= 0.6439 ) ) ) ) ) and ( not ( always[22,23] ( eventually[12,inf] ( ( x_1 >= -1.4905 ) and ( x_0 <= -0.3975 ) ) ) ) )"
NATOPS,0,0.8833333333333334,beam_data,57,0,3,True,0.025664963905566968,31,29,0.9354838709677419,0.9354838709677419,29,0.9354838709677419,0.9666666666666667,37,32,0.8648648648648649,1.0,29,0.7837837837837838,1.0,"( ( eventually ( ( x_4 >= 0.9827 ) and ( x_13 <= -0.823 ) ) ) and ( not ( always[22,23] ( eventually[12,inf] ( ( x_1 >= -1.4905 ) and ( x_0 <= -0.3975 ) ) ) ) ) ) and ( eventually ( eventually[14,17] ( ( x_10 <= 0.3525 ) and ( x_22 >= 0.6439 ) ) ) )"
NATOPS,0,0.8833333333333334,beam_data,58,4,1,True,0.025664963905566968,32,30,0.9375,1.0,30,0.9375,1.0,37,28,0.7567567567567568,0.9333333333333333,28,0.7567567567567568,0.9655172413793104,"( eventually[5,19] ( x_12 <= -1.5557 ) ) and ( eventually ( x_16 >= -1.3465 ) )"
NATOPS,0,0.8833333333333334,beam_data,59,1,2,True,0.025664963905566968,7,6,0.8571428571428571,0.21428571428571427,7,1.0,0.23333333333333334,9,7,0.7777777777777778,0.2692307692307692,7,0.7777777777777778,0.2413793103448276,"( always[21,37] ( x_21 >= 1.5479 ) ) and ( always ( ( eventually[0,2] ( x_21 >= 1.2236 ) ) or ( ( x_15 <= 1.0697 ) and ( x_4 <= -1.3748 ) ) ) )"
NATOPS,0,0.8833333333333334,beam_data,60,4,1,True,0.025664963905566968,32,30,0.9375,1.0,30,0.9375,1.0,37,28,0.7567567567567568,0.9333333333333333,28,0.7567567567567568,0.9655172413793104,"( eventually[5,19] ( x_12 <= -1.5557 ) ) and ( eventually ( x_16 >= -1.3465 ) )"
NATOPS,0,0.8833333333333334,beam_data,61,5,1,True,0.025664963905566968,33,30,0.9090909090909091,1.0,30,0.9090909090909091,1.0,31,26,0.8387096774193549,0.9629629629629629,27,0.8709677419354839,0.9310344827586207,"( eventually ( x_19 >= -0.7039 ) ) and ( always[9,38] ( x_12 >= -1.5452 ) )"
NATOPS,0,0.8833333333333334,beam_data,62,0,3,True,0.025664963905566968,31,29,0.9354838709677419,0.9354838709677419,29,0.9354838709677419,0.9666666666666667,37,32,0.8648648648648649,1.0,29,0.7837837837837838,1.0,"( ( eventually ( ( x_4 >= 0.9827 ) and ( x_13 <= -0.823 ) ) ) and ( not ( always[22,23] ( eventually[12,inf] ( ( x_1 >= -1.4905 ) and ( x_0 <= -0.3975 ) ) ) ) ) ) and ( eventually ( eventually[14,17] ( ( x_10 <= 0.3525 ) and ( x_22 >= 0.6439 ) ) ) )"
NATOPS,0,0.8833333333333334,beam_data,63,5,1,True,0.025664963905566968,33,30,0.9090909090909091,1.0,30,0.9090909090909091,1.0,31,26,0.8387096774193549,0.9629629629629629,27,0.8709677419354839,0.9310344827586207,"( eventually ( x_19 >= -0.7039 ) ) and ( always[9,38] ( x_12 >= -1.5452 ) )"
NATOPS,0,0.8833333333333334,beam_data,64,2,2,True,0.025664963905566968,26,26,1.0,0.8387096774193549,24,0.9230769230769231,0.8,21,19,0.9047619047619048,0.6333333333333333,17,0.8095238095238095,0.5666666666666667,"( always ( ( x_14 >= -1.6032 ) and ( ( x_22 <= -0.1266 ) or ( x_16 >= 0.0007 ) ) ) ) and ( not ( ( ( eventually ( x_22 >= 1.0008 ) ) or ( eventually ( x_19 >= 0.2472 ) ) ) or ( ( always[40,inf] ( x_17 >= 0.7235 ) ) or ( eventually[23,inf] ( x_8 <= -1.2654 ) ) ) ) )"
NATOPS,0,0.8833333333333334,beam_data,65,1,2,True,0.025664963905566968,22,20,0.9090909090909091,0.7142857142857143,21,0.9545454545454546,0.7,17,12,0.7058823529411765,0.46153846153846156,11,0.6470588235294118,0.3793103448275862,"( always ( ( eventually[0,2] ( x_21 >= 1.1106 ) ) or ( ( x_15 <= 1.1827 ) and ( x_4 <= -1.2618 ) ) ) ) and ( not ( always ( ( x_14 >= -1.681 ) and ( ( x_22 <= -0.0488 ) or ( x_16 >= -0.0771 ) ) ) ) )"
NATOPS,0,0.8833333333333334,beam_data,66,1,2,True,0.025664963905566968,13,11,0.8461538461538461,0.39285714285714285,12,0.9230769230769231,0.4,11,8,0.7272727272727273,0.3076923076923077,8,0.7272727272727273,0.27586206896551724,"( always[21,37] ( x_21 >= 1.0975 ) ) and ( not ( always ( ( x_14 >= -1.6843 ) and ( ( x_22 <= -0.0455 ) or ( x_16 >= -0.0804 ) ) ) ) )"
NATOPS,0,0.8833333333333334,beam_data,67,2,2,True,0.025664963905566968,26,26,1.0,0.8387096774193549,24,0.9230769230769231,0.8,21,19,0.9047619047619048,0.6333333333333333,16,0.7619047619047619,0.5517241379310345,"( always ( ( x_14 >= -1.6032 ) and ( ( x_22 <= -0.1266 ) or ( x_16 >= 0.0007 ) ) ) ) and ( not ( ( ( eventually ( x_22 >= 1.0008 ) ) or ( eventually ( x_19 >= 0.2472 ) ) ) or ( ( always[40,inf] ( x_17 >= 0.7235 ) ) or ( eventually[23,inf] ( x_8 <= -1.2654 ) ) ) ) )"
NATOPS,0,0.8833333333333334,beam_data,68,4,1,True,0.025664963905566968,32,30,0.9375,1.0,30,0.9375,1.0,37,28,0.7567567567567568,0.9333333333333333,28,0.7567567567567568,0.9655172413793104,"( eventually[5,19] ( x_12 <= -1.5557 ) ) and ( eventually ( x_16 >= -1.3465 ) )"
NATOPS,0,0.8833333333333334,beam_data,69,1,2,True,0.025664963905566968,22,20,0.9090909090909091,0.7142857142857143,21,0.9545454545454546,0.7,17,12,0.7058823529411765,0.46153846153846156,11,0.6470588235294118,0.3793103448275862,"( always ( ( eventually[0,2] ( x_21 >= 1.1106 ) ) or ( ( x_15 <= 1.1827 ) and ( x_4 <= -1.2618 ) ) ) ) and ( not ( always ( ( x_14 >= -1.681 ) and ( ( x_22 <= -0.0488 ) or ( x_16 >= -0.0771 ) ) ) ) )"
NATOPS,0,0.8833333333333334,beam_data,70,5,1,True,0.025664963905566968,33,30,0.9090909090909091,1.0,30,0.9090909090909091,1.0,31,26,0.8387096774193549,0.9629629629629629,27,0.8709677419354839,0.9310344827586207,"( eventually ( x_19 >= -0.7039 ) ) and ( always[9,38] ( x_12 >= -1.5452 ) )"
NATOPS,0,0.8833333333333334,beam_data,71,3,1,True,0.025664963905566968,27,27,1.0,0.9,27,1.0,0.9,30,29,0.9666666666666667,1.0,29,0.9666666666666667,1.0,"( eventually ( x_7 >= -0.9019 ) ) and ( eventually[34,inf] ( x_0 <= -1.4934 ) )"
NATOPS,0,0.8833333333333334,beam_data,72,0,3,True,0.025664963905566968,31,29,0.9354838709677419,0.9354838709677419,29,0.9354838709677419,0.9666666666666667,37,32,0.8648648648648649,1.0,29,0.7837837837837838,1.0,"( ( eventually ( ( x_4 >= 0.9827 ) and ( x_13 <= -0.823 ) ) ) and ( not ( always[22,23] ( eventually[12,inf] ( ( x_1 >= -1.4905 ) and ( x_0 <= -0.3975 ) ) ) ) ) ) and ( eventually ( eventually[14,17] ( ( x_10 <= 0.3525 ) and ( x_22 >= 0.6439 ) ) ) )"
NATOPS,0,0.8833333333333334,beam_data,73,3,1,True,0.025664963905566968,27,27,1.0,0.9,27,1.0,0.9,30,29,0.9666666666666667,1.0,29,0.9666666666666667,1.0,"( eventually ( x_7 >= -0.9019 ) ) and ( eventually[34,inf] ( x_0 <= -1.4934 ) )"
NATOPS,0,0.8833333333333334,beam_data,74,4,1,True,0.025664963905566968,32,30,0.9375,1.0,30,0.9375,1.0,37,28,0.7567567567567568,0.9333333333333333,28,0.7567567567567568,0.9655172413793104,"( eventually[5,19] ( x_12 <= -1.5557 ) ) and ( eventually ( x_16 >= -1.3465 ) )"
NATOPS,0,0.8833333333333334,beam_data,75,3,2,True,0.025664963905566968,31,30,0.967741935483871,1.0,30,0.967741935483871,1.0,28,24,0.8571428571428571,0.8275862068965517,24,0.8571428571428571,0.8275862068965517,"( eventually[0,24] ( x_15 <= 0.2213 ) ) and ( not ( always[25,inf] ( x_18 >= -1.1385 ) ) )"
NATOPS,0,0.8833333333333334,beam_data,76,1,2,True,0.025664963905566968,5,5,1.0,0.17857142857142858,5,1.0,0.16666666666666666,13,8,0.6153846153846154,0.3076923076923077,5,0.38461538461538464,0.1724137931034483,"( always ( ( eventually[0,2] ( x_21 >= 1.238 ) ) or ( ( x_15 <= 1.0553 ) and ( x_4 <= -1.3892 ) ) ) ) and ( not ( eventually[0,24] ( x_15 <= 0.628 ) ) )"
NATOPS,0,0.8833333333333334,beam_data,77,4,1,True,0.025664963905566968,32,30,0.9375,1.0,30,0.9375,1.0,37,28,0.7567567567567568,0.9333333333333333,28,0.7567567567567568,0.9655172413793104,"( eventually[5,19] ( x_12 <= -1.5557 ) ) and ( eventually ( x_16 >= -1.3465 ) )"
NATOPS,0,0.8833333333333334,beam_data,78,4,1,True,0.025664963905566968,32,30,0.9375,1.0,30,0.9375,1.0,37,28,0.7567567567567568,0.9333333333333333,28,0.7567567567567568,0.9655172413793104,"( eventually[5,19] ( x_12 <= -1.5557 ) ) and ( eventually ( x_16 >= -1.3465 ) )"
NATOPS,0,0.8833333333333334,beam_data,79,2,2,True,0.025664963905566968,26,26,1.0,0.8387096774193549,24,0.9230769230769231,0.8,21,19,0.9047619047619048,0.6333333333333333,16,0.7619047619047619,0.5517241379310345,"( always ( ( x_14 >= -1.6032 ) and ( ( x_22 <= -0.1266 ) or ( x_16 >= 0.0007 ) ) ) ) and ( not ( ( ( eventually ( x_22 >= 1.0008 ) ) or ( eventually ( x_19 >= 0.2472 ) ) ) or ( ( always[40,inf] ( x_17 >= 0.7235 ) ) or ( eventually[23,inf] ( x_8 <= -1.2654 ) ) ) ) )"
NATOPS,0,0.8833333333333334,beam_data,80,0,3,True,0.025664963905566968,31,29,0.9354838709677419,0.9354838709677419,29,0.9354838709677419,0.9666666666666667,37,32,0.8648648648648649,1.0,29,0.7837837837837838,1.0,"( ( eventually ( ( x_4 >= 0.9827 ) and ( x_13 <= -0.823 ) ) ) and ( not ( always[22,23] ( eventually[12,inf] ( ( x_1 >= -1.4905 ) and ( x_0 <= -0.3975 ) ) ) ) ) ) and ( eventually ( eventually[14,17] ( ( x_10 <= 0.3525 ) and ( x_22 >= 0.6439 ) ) ) )"
NATOPS,0,0.8833333333333334,beam_data,81,3,1,True,0.025664963905566968,27,27,1.0,0.9,27,1.0,0.9,30,29,0.9666666666666667,1.0,29,0.9666666666666667,1.0,"( eventually ( x_7 >= -0.9019 ) ) and ( eventually[34,inf] ( x_0 <= -1.4934 ) )"
NATOPS,0,0.8833333333333334,beam_data,82,3,1,True,0.025664963905566968,31,29,0.9354838709677419,0.9666666666666667,29,0.9354838709677419,0.9666666666666667,22,19,0.8636363636363636,0.6551724137931034,19,0.8636363636363636,0.6551724137931034,"eventually[5,21] ( x_15 <= 0.0173 )"
NATOPS,0,0.8833333333333334,beam_data,83,5,1,True,0.025664963905566968,33,30,0.9090909090909091,1.0,30,0.9090909090909091,1.0,31,26,0.8387096774193549,0.9629629629629629,27,0.8709677419354839,0.9310344827586207,"( eventually ( x_19 >= -0.7039 ) ) and ( always[9,38] ( x_12 >= -1.5452 ) )"
NATOPS,0,0.8833333333333334,beam_data,84,2,2,True,0.025664963905566968,28,26,0.9285714285714286,0.8387096774193549,26,0.9285714285714286,0.8666666666666667,22,20,0.9090909090909091,0.6666666666666666,14,0.6363636363636364,0.4666666666666667,"( not ( ( ( eventually ( x_22 >= 0.553 ) ) or ( eventually ( x_19 >= -0.2006 ) ) ) or ( ( always[40,inf] ( x_17 >= 0.2757 ) ) or ( eventually[23,inf] ( x_8 <= -0.8176 ) ) ) ) ) and ( always ( ( x_14 >= -1.648 ) and ( ( x_22 <= -0.0818 ) or ( x_16 >= -0.0441 ) ) ) )"
NATOPS,0,0.8833333333333334,beam_data,85,5,1,True,0.025664963905566968,33,30,0.9090909090909091,1.0,30,0.9090909090909091,1.0,31,26,0.8387096774193549,0.9629629629629629,27,0.8709677419354839,0.9310344827586207,"( eventually ( x_19 >= -0.7039 ) ) and ( always[9,38] ( x_12 >= -1.5452 ) )"
NATOPS,0,0.8833333333333334,beam_data,86,2,2,True,0.025664963905566968,26,26,1.0,0.8387096774193549,24,0.9230769230769231,0.8,21,19,0.9047619047619048,0.6333333333333333,16,0.7619047619047619,0.5517241379310345,"( always ( ( x_14 >= -1.6032 ) and ( ( x_22 <= -0.1266 ) or ( x_16 >= 0.0007 ) ) ) ) and ( not ( ( ( eventually ( x_22 >= 1.0008 ) ) or ( eventually ( x_19 >= 0.2472 ) ) ) or ( ( always[40,inf] ( x_17 >= 0.7235 ) ) or ( eventually[23,inf] ( x_8 <= -1.2654 ) ) ) ) )"
NATOPS,0,0.8833333333333334,beam_data,87,5,1,True,0.025664963905566968,33,30,0.9090909090909091,1.0,30,0.9090909090909091,1.0,31,26,0.8387096774193549,0.9629629629629629,27,0.8709677419354839,0.9310344827586207,"( eventually ( x_19 >= -0.7039 ) ) and ( always[9,38] ( x_12 >= -1.5452 ) )"
NATOPS,0,0.8833333333333334,beam_data,88,5,1,True,0.025664963905566968,33,30,0.9090909090909091,1.0,30,0.9090909090909091,1.0,31,26,0.8387096774193549,0.9629629629629629,27,0.8709677419354839,0.9310344827586207,"( eventually ( x_19 >= -0.7039 ) ) and ( always[9,38] ( x_12 >= -1.5452 ) )"
NATOPS,0,0.8833333333333334,beam_data,89,4,1,True,0.025664963905566968,32,30,0.9375,1.0,30,0.9375,1.0,37,28,0.7567567567567568,0.9333333333333333,28,0.7567567567567568,0.9655172413793104,"( eventually[5,19] ( x_12 <= -1.5557 ) ) and ( eventually ( x_16 >= -1.3465 ) )"
NATOPS,0,0.8833333333333334,beam_data,90,4,1,True,0.025664963905566968,32,30,0.9375,1.0,30,0.9375,1.0,37,28,0.7567567567567568,0.9333333333333333,28,0.7567567567567568,0.9655172413793104,"( eventually[5,19] ( x_12 <= -1.5557 ) ) and ( eventually ( x_16 >= -1.3465 ) )"
NATOPS,0,0.8833333333333334,beam_data,91,2,2,True,0.025664963905566968,28,26,0.9285714285714286,0.8387096774193549,26,0.9285714285714286,0.8666666666666667,22,20,0.9090909090909091,0.6666666666666666,13,0.5909090909090909,0.4482758620689655,"( not ( ( ( eventually ( x_22 >= 0.553 ) ) or ( eventually ( x_19 >= -0.2006 ) ) ) or ( ( always[40,inf] ( x_17 >= 0.2757 ) ) or ( eventually[23,inf] ( x_8 <= -0.8176 ) ) ) ) ) and ( always ( ( x_14 >= -1.648 ) and ( ( x_22 <= -0.0818 ) or ( x_16 >= -0.0441 ) ) ) )"
NATOPS,0,0.8833333333333334,beam_data,92,4,1,True,0.025664963905566968,32,30,0.9375,1.0,30,0.9375,1.0,37,28,0.7567567567567568,0.9333333333333333,28,0.7567567567567568,0.9655172413793104,"( eventually[5,19] ( x_12 <= -1.5557 ) ) and ( eventually ( x_16 >= -1.3465 ) )"
NATOPS,0,0.8833333333333334,beam_data,93,3,1,True,0.025664963905566968,31,29,0.9354838709677419,0.9666666666666667,29,0.9354838709677419,0.9666666666666667,22,19,0.8636363636363636,0.6551724137931034,19,0.8636363636363636,0.6551724137931034,"eventually[5,21] ( x_15 <= 0.0173 )"
NATOPS,0,0.8833333333333334,beam_data,94,5,1,True,0.025664963905566968,33,30,0.9090909090909091,1.0,30,0.9090909090909091,1.0,31,26,0.8387096774193549,0.9629629629629629,27,0.8709677419354839,0.9310344827586207,"( eventually ( x_19 >= -0.7039 ) ) and ( always[9,38] ( x_12 >= -1.5452 ) )"
NATOPS,0,0.8833333333333334,beam_data,95,1,2,True,0.025664963905566968,5,5,1.0,0.17857142857142858,5,1.0,0.16666666666666666,13,8,0.6153846153846154,0.3076923076923077,6,0.46153846153846156,0.2,"( always ( ( eventually[0,2] ( x_21 >= 1.238 ) ) or ( ( x_15 <= 1.0553 ) and ( x_4 <= -1.3892 ) ) ) ) and ( not ( eventually[0,24] ( x_15 <= 0.628 ) ) )"
NATOPS,0,0.8833333333333334,beam_data,96,1,2,True,0.025664963905566968,22,20,0.9090909090909091,0.7142857142857143,21,0.9545454545454546,0.7,16,11,0.6875,0.4230769230769231,10,0.625,0.3448275862068966,"( always ( ( eventually[0,2] ( x_21 >= 1.1598 ) ) or ( ( x_15 <= 1.1335 ) and ( x_4 <= -1.311 ) ) ) ) and ( not ( always ( ( x_14 >= -1.6811 ) and ( ( x_22 <= -0.0487 ) or ( x_16 >= -0.0772 ) ) ) ) )"
NATOPS,0,0.8833333333333334,beam_data,97,5,1,True,0.025664963905566968,33,30,0.9090909090909091,1.0,30,0.9090909090909091,1.0,31,26,0.8387096774193549,0.9629629629629629,27,0.8709677419354839,0.9310344827586207,"( eventually ( x_19 >= -0.7039 ) ) and ( always[9,38] ( x_12 >= -1.5452 ) )"
NATOPS,0,0.8833333333333334,beam_data,98,0,3,True,0.025664963905566968,31,29,0.9354838709677419,0.9354838709677419,29,0.9354838709677419,0.9666666666666667,37,32,0.8648648648648649,1.0,29,0.7837837837837838,1.0,"( ( eventually ( ( x_4 >= 0.9827 ) and ( x_13 <= -0.823 ) ) ) and ( not ( always[22,23] ( eventually[12,inf] ( ( x_1 >= -1.4905 ) and ( x_0 <= -0.3975 ) ) ) ) ) ) and ( eventually ( eventually[14,17] ( ( x_10 <= 0.3525 ) and ( x_22 >= 0.6439 ) ) ) )"
NATOPS,0,0.8833333333333334,beam_data,99,3,1,True,0.025664963905566968,31,29,0.9354838709677419,0.9666666666666667,29,0.9354838709677419,0.9666666666666667,22,19,0.8636363636363636,0.6551724137931034,19,0.8636363636363636,0.6551724137931034,"eventually[5,21] ( x_15 <= 0.0173 )"
NATOPS,0,0.8833333333333334,beam_data,100,0,3,True,0.025664963905566968,31,29,0.9354838709677419,0.9354838709677419,29,0.9354838709677419,0.9666666666666667,37,32,0.8648648648648649,1.0,29,0.7837837837837838,1.0,"( ( eventually ( ( x_4 >= 0.9827 ) and ( x_13 <= -0.823 ) ) ) and ( not ( always[22,23] ( eventually[12,inf] ( ( x_1 >= -1.4905 ) and ( x_0 <= -0.3975 ) ) ) ) ) ) and ( eventually ( eventually[14,17] ( ( x_10 <= 0.3525 ) and ( x_22 >= 0.6439 ) ) ) )"
NATOPS,0,0.8833333333333334,beam_data,101,5,1,True,0.025664963905566968,33,30,0.9090909090909091,1.0,30,0.9090909090909091,1.0,31,26,0.8387096774193549,0.9629629629629629,27,0.8709677419354839,0.9310344827586207,"( eventually ( x_19 >= -0.7039 ) ) and ( always[9,38] ( x_12 >= -1.5452 ) )"
NATOPS,0,0.8833333333333334,beam_data,102,3,2,True,0.025664963905566968,31,30,0.967741935483871,1.0,30,0.967741935483871,1.0,28,24,0.8571428571428571,0.8275862068965517,24,0.8571428571428571,0.8275862068965517,"( eventually[0,24] ( x_15 <= 0.2213 ) ) and ( not ( always[25,inf] ( x_18 >= -1.1385 ) ) )"
NATOPS,0,0.8833333333333334,beam_data,103,5,1,True,0.025664963905566968,33,30,0.9090909090909091,1.0,30,0.9090909090909091,1.0,31,26,0.8387096774193549,0.9629629629629629,27,0.8709677419354839,0.9310344827586207,"( eventually ( x_19 >= -0.7039 ) ) and ( always[9,38] ( x_12 >= -1.5452 ) )"
NATOPS,0,0.8833333333333334,beam_data,104,0,3,True,0.025664963905566968,31,29,0.9354838709677419,0.9354838709677419,29,0.9354838709677419,0.9666666666666667,37,32,0.8648648648648649,1.0,29,0.7837837837837838,1.0,"( ( eventually ( ( x_4 >= 0.9827 ) and ( x_13 <= -0.823 ) ) ) and ( not ( always[22,23] ( eventually[12,inf] ( ( x_1 >= -1.4905 ) and ( x_0 <= -0.3975 ) ) ) ) ) ) and ( eventually ( eventually[14,17] ( ( x_10 <= 0.3525 ) and ( x_22 >= 0.6439 ) ) ) )"
NATOPS,0,0.8833333333333334,beam_data,105,0,3,True,0.025664963905566968,31,29,0.9354838709677419,0.9354838709677419,29,0.9354838709677419,0.9666666666666667,37,32,0.8648648648648649,1.0,30,0.8108108108108109,1.0,"( ( eventually ( ( x_4 >= 0.9827 ) and ( x_13 <= -0.823 ) ) ) and ( not ( always[22,23] ( eventually[12,inf] ( ( x_1 >= -1.4905 ) and ( x_0 <= -0.3975 ) ) ) ) ) ) and ( eventually ( eventually[14,17] ( ( x_10 <= 0.3525 ) and ( x_22 >= 0.6439 ) ) ) )"
NATOPS,0,0.8833333333333334,beam_data,106,5,1,True,0.025664963905566968,33,30,0.9090909090909091,1.0,30,0.9090909090909091,1.0,31,26,0.8387096774193549,0.9629629629629629,27,0.8709677419354839,0.9310344827586207,"( eventually ( x_19 >= -0.7039 ) ) and ( always[9,38] ( x_12 >= -1.5452 ) )"
NATOPS,0,0.8833333333333334,beam_data,107,0,2,True,0.025664963905566968,32,30,0.9375,0.967741935483871,29,0.90625,0.9666666666666667,31,31,1.0,0.96875,29,0.9354838709677419,1.0,"( eventually ( ( x_4 >= 0.9827 ) and ( x_13 <= -0.823 ) ) ) and ( not ( ( eventually ( x_19 >= -1.1021 ) ) and ( always[9,38] ( x_12 >= -1.9434 ) ) ) )"
NATOPS,0,0.8833333333333334,beam_data,108,2,2,True,0.025664963905566968,26,26,1.0,0.8387096774193549,24,0.9230769230769231,0.8,21,19,0.9047619047619048,0.6333333333333333,16,0.7619047619047619,0.5517241379310345,"( always ( ( x_14 >= -1.6032 ) and ( ( x_22 <= -0.1266 ) or ( x_16 >= 0.0007 ) ) ) ) and ( not ( ( ( eventually ( x_22 >= 1.0008 ) ) or ( eventually ( x_19 >= 0.2472 ) ) ) or ( ( always[40,inf] ( x_17 >= 0.7235 ) ) or ( eventually[23,inf] ( x_8 <= -1.2654 ) ) ) ) )"
NATOPS,0,0.8833333333333334,beam_data,109,5,1,True,0.025664963905566968,33,30,0.9090909090909091,1.0,30,0.9090909090909091,1.0,31,26,0.8387096774193549,0.9629629629629629,27,0.8709677419354839,0.9310344827586207,"( eventually ( x_19 >= -0.7039 ) ) and ( always[9,38] ( x_12 >= -1.5452 ) )"
NATOPS,0,0.8833333333333334,beam_data,110,0,2,True,0.025664963905566968,32,30,0.9375,0.967741935483871,29,0.90625,0.9666666666666667,31,31,1.0,0.96875,29,0.9354838709677419,1.0,"( eventually ( ( x_4 >= 0.9827 ) and ( x_13 <= -0.823 ) ) ) and ( not ( ( eventually ( x_19 >= -1.1185 ) ) and ( always[9,38] ( x_12 >= -1.9597 ) ) ) )"
NATOPS,0,0.8833333333333334,beam_data,111,1,2,True,0.025664963905566968,13,11,0.8461538461538461,0.39285714285714285,12,0.9230769230769231,0.4,11,8,0.7272727272727273,0.3076923076923077,8,0.7272727272727273,0.27586206896551724,"( always[21,37] ( x_21 >= 1.0975 ) ) and ( not ( always ( ( x_14 >= -1.6843 ) and ( ( x_22 <= -0.0455 ) or ( x_16 >= -0.0804 ) ) ) ) )"
NATOPS,0,0.8833333333333334,beam_data,112,1,2,True,0.025664963905566968,21,20,0.9523809523809523,0.7142857142857143,20,0.9523809523809523,0.6666666666666666,14,13,0.9285714285714286,0.5,12,0.8571428571428571,0.41379310344827586,( not ( always ( ( x_14 >= -1.6811 ) and ( ( x_22 <= -0.0487 ) or ( x_16 >= -0.0772 ) ) ) ) ) and ( not ( eventually ( ( x_22 >= 0.1247 ) and ( x_3 <= 1.5298 ) ) ) )
NATOPS,0,0.8833333333333334,beam_data,113,4,1,True,0.025664963905566968,32,30,0.9375,1.0,30,0.9375,1.0,37,28,0.7567567567567568,0.9333333333333333,28,0.7567567567567568,0.9655172413793104,"( eventually[5,19] ( x_12 <= -1.5557 ) ) and ( eventually ( x_16 >= -1.3465 ) )"
NATOPS,0,0.8833333333333334,beam_data,114,1,2,True,0.025664963905566968,22,20,0.9090909090909091,0.7142857142857143,21,0.9545454545454546,0.7,17,12,0.7058823529411765,0.46153846153846156,11,0.6470588235294118,0.3793103448275862,"( always ( ( eventually[0,2] ( x_21 >= 1.1106 ) ) or ( ( x_15 <= 1.1827 ) and ( x_4 <= -1.2618 ) ) ) ) and ( not ( always ( ( x_14 >= -1.681 ) and ( ( x_22 <= -0.0488 ) or ( x_16 >= -0.0771 ) ) ) ) )"
NATOPS,0,0.8833333333333334,beam_data,115,0,3,True,0.025664963905566968,31,29,0.9354838709677419,0.9354838709677419,29,0.9354838709677419,0.9666666666666667,37,32,0.8648648648648649,1.0,29,0.7837837837837838,1.0,"( ( eventually ( ( x_4 >= 0.9827 ) and ( x_13 <= -0.823 ) ) ) and ( not ( always[22,23] ( eventually[12,inf] ( ( x_1 >= -1.4905 ) and ( x_0 <= -0.3975 ) ) ) ) ) ) and ( eventually ( eventually[14,17] ( ( x_10 <= 0.3525 ) and ( x_22 >= 0.6439 ) ) ) )"
NATOPS,0,0.8833333333333334,beam_data,116,0,3,True,0.025664963905566968,31,29,0.9354838709677419,0.9354838709677419,29,0.9354838709677419,0.9666666666666667,37,32,0.8648648648648649,1.0,29,0.7837837837837838,1.0,"( ( eventually ( ( x_4 >= 0.9827 ) and ( x_13 <= -0.823 ) ) ) and ( eventually ( eventually[14,17] ( ( x_10 <= 0.3525 ) and ( x_22 >= 0.6439 ) ) ) ) ) and ( not ( always[22,23] ( eventually[12,inf] ( ( x_1 >= -1.4905 ) and ( x_0 <= -0.3975 ) ) ) ) )"
NATOPS,0,0.8833333333333334,beam_data,117,2,2,True,0.025664963905566968,28,26,0.9285714285714286,0.8387096774193549,26,0.9285714285714286,0.8666666666666667,22,20,0.9090909090909091,0.6666666666666666,13,0.5909090909090909,0.4482758620689655,"( not ( ( ( eventually ( x_22 >= 0.553 ) ) or ( eventually ( x_19 >= -0.2006 ) ) ) or ( ( always[40,inf] ( x_17 >= 0.2757 ) ) or ( eventually[23,inf] ( x_8 <= -0.8176 ) ) ) ) ) and ( always ( ( x_14 >= -1.6461 ) and ( ( x_22 <= -0.0837 ) or ( x_16 >= -0.0422 ) ) ) )"
NATOPS,0,0.8833333333333334,beam_data,118,4,1,True,0.025664963905566968,32,30,0.9375,1.0,30,0.9375,1.0,37,28,0.7567567567567568,0.9333333333333333,28,0.7567567567567568,0.9655172413793104,"( eventually[5,19] ( x_12 <= -1.5557 ) ) and ( eventually ( x_16 >= -1.3465 ) )"
NATOPS,0,0.8833333333333334,beam_data,119,2,2,True,0.025664963905566968,28,26,0.9285714285714286,0.8387096774193549,26,0.9285714285714286,0.8666666666666667,21,19,0.9047619047619048,0.6333333333333333,13,0.6190476190476191,0.43333333333333335,"( not ( ( ( eventually ( x_22 >= 0.553 ) ) or ( eventually ( x_19 >= -0.2006 ) ) ) or ( ( always[40,inf] ( x_17 >= 0.2757 ) ) or ( eventually[23,inf] ( x_8 <= -0.8176 ) ) ) ) ) and ( always ( ( x_14 >= -1.6426 ) and ( ( x_22 <= -0.0872 ) or ( x_16 >= -0.0388 ) ) ) )"
NATOPS,0,0.8833333333333334,beam_data,120,0,3,True,0.025664963905566968,31,29,0.9354838709677419,0.9354838709677419,29,0.9354838709677419,0.9666666666666667,37,32,0.8648648648648649,1.0,29,0.7837837837837838,1.0,"( ( eventually ( ( x_4 >= 0.9827 ) and ( x_13 <= -0.823 ) ) ) and ( not ( always[22,23] ( eventually[12,inf] ( ( x_1 >= -1.4905 ) and ( x_0 <= -0.3975 ) ) ) ) ) ) and ( eventually ( eventually[14,17] ( ( x_10 <= 0.3525 ) and ( x_22 >= 0.6439 ) ) ) )"
NATOPS,0,0.8833333333333334,beam_data,121,3,1,True,0.025664963905566968,31,29,0.9354838709677419,0.9666666666666667,29,0.9354838709677419,0.9666666666666667,22,19,0.8636363636363636,0.6551724137931034,19,0.8636363636363636,0.6551724137931034,"eventually[5,21] ( x_15 <= 0.0173 )"
NATOPS,0,0.8833333333333334,beam_data,122,4,1,True,0.025664963905566968,32,30,0.9375,1.0,30,0.9375,1.0,37,28,0.7567567567567568,0.9333333333333333,28,0.7567567567567568,0.9655172413793104,"( eventually[5,19] ( x_12 <= -1.5557 ) ) and ( eventually ( x_16 >= -1.3465 ) )"
NATOPS,0,0.8833333333333334,beam_data,123,3,1,True,0.025664963905566968,31,29,0.9354838709677419,0.9666666666666667,29,0.9354838709677419,0.9666666666666667,22,19,0.8636363636363636,0.6551724137931034,19,0.8636363636363636,0.6551724137931034,"eventually[5,21] ( x_15 <= 0.0173 )"
NATOPS,0,0.8833333333333334,beam_data,124,1,2,True,0.025664963905566968,4,4,1.0,0.14285714285714285,4,1.0,0.13333333333333333,5,3,0.6,0.11538461538461539,2,0.4,0.06896551724137931,"( always ( ( eventually[0,2] ( x_21 >= 1.212 ) ) or ( ( x_15 <= 1.0813 ) and ( x_4 <= -1.3632 ) ) ) ) and ( not ( ( ( eventually[13,26] ( x_3 <= 0.2475 ) ) and ( eventually[0,50] ( x_4 >= -1.5999 ) ) ) or ( eventually[49,inf] ( ( x_3 >= -1.3816 ) and ( x_7 <= -0.6585 ) ) ) ) )"
NATOPS,0,0.8833333333333334,beam_data,125,1,2,True,0.025664963905566968,5,5,1.0,0.17857142857142858,5,1.0,0.16666666666666666,4,4,1.0,0.15384615384615385,4,1.0,0.13333333333333333,"( always ( ( eventually[0,2] ( x_21 >= 1.2957 ) ) or ( ( x_15 <= 0.9976 ) and ( x_4 <= -1.4469 ) ) ) ) and ( not ( ( ( eventually[13,26] ( x_3 <= 0.1367 ) ) and ( eventually[0,50] ( x_4 >= -1.489 ) ) ) or ( eventually[49,inf] ( ( x_3 >= -1.2707 ) and ( x_7 <= -0.7693 ) ) ) ) )"
NATOPS,0,0.8833333333333334,beam_data,126,2,3,True,0.025664963905566968,25,23,0.92,0.7419354838709677,23,0.92,0.7666666666666667,22,20,0.9090909090909091,0.6666666666666666,14,0.6363636363636364,0.4827586206896552,"( ( not ( ( ( eventually ( x_22 >= 0.6239 ) ) or ( eventually ( x_19 >= -0.1298 ) ) ) or ( ( always[40,inf] ( x_17 >= 0.3466 ) ) or ( eventually[23,inf] ( x_8 <= -0.8885 ) ) ) ) ) and ( always ( ( x_14 >= -1.6432 ) and ( ( x_22 <= -0.0867 ) or ( x_16 >= -0.0393 ) ) ) ) ) and ( not ( ( eventually ( x_19 >= -1.3465 ) ) and ( always[9,38] ( x_12 >= -2.1877 ) ) ) )"
NATOPS,0,0.8833333333333334,beam_data,127,2,2,True,0.025664963905566968,26,26,1.0,0.8387096774193549,24,0.9230769230769231,0.8,21,19,0.9047619047619048,0.6333333333333333,16,0.7619047619047619,0.5517241379310345,"( always ( ( x_14 >= -1.6032 ) and ( ( x_22 <= -0.1266 ) or ( x_16 >= 0.0007 ) ) ) ) and ( not ( ( ( eventually ( x_22 >= 1.0008 ) ) or ( eventually ( x_19 >= 0.2472 ) ) ) or ( ( always[40,inf] ( x_17 >= 0.7235 ) ) or ( eventually[23,inf] ( x_8 <= -1.2654 ) ) ) ) )"
NATOPS,0,0.8833333333333334,beam_data,128,2,2,True,0.025664963905566968,26,26,1.0,0.8387096774193549,24,0.9230769230769231,0.8,21,19,0.9047619047619048,0.6333333333333333,16,0.7619047619047619,0.5517241379310345,"( always ( ( x_14 >= -1.6032 ) and ( ( x_22 <= -0.1266 ) or ( x_16 >= 0.0007 ) ) ) ) and ( not ( ( ( eventually ( x_22 >= 1.0008 ) ) or ( eventually ( x_19 >= 0.2472 ) ) ) or ( ( always[40,inf] ( x_17 >= 0.7235 ) ) or ( eventually[23,inf] ( x_8 <= -1.2654 ) ) ) ) )"
NATOPS,0,0.8833333333333334,beam_data,129,0,3,True,0.025664963905566968,31,29,0.9354838709677419,0.9354838709677419,29,0.9354838709677419,0.9666666666666667,37,32,0.8648648648648649,1.0,29,0.7837837837837838,1.0,"( ( eventually ( ( x_4 >= 0.9827 ) and ( x_13 <= -0.823 ) ) ) and ( not ( always[22,23] ( eventually[12,inf] ( ( x_1 >= -1.4905 ) and ( x_0 <= -0.3975 ) ) ) ) ) ) and ( eventually ( eventually[14,17] ( ( x_10 <= 0.3525 ) and ( x_22 >= 0.6439 ) ) ) )"
NATOPS,0,0.8833333333333334,beam_data,130,4,1,True,0.025664963905566968,32,30,0.9375,1.0,30,0.9375,1.0,37,28,0.7567567567567568,0.9333333333333333,28,0.7567567567567568,0.9655172413793104,"( eventually[5,19] ( x_12 <= -1.5557 ) ) and ( eventually ( x_16 >= -1.3465 ) )"
NATOPS,0,0.8833333333333334,beam_data,131,0,3,True,0.025664963905566968,31,29,0.9354838709677419,0.9354838709677419,29,0.9354838709677419,0.9666666666666667,37,32,0.8648648648648649,1.0,29,0.7837837837837838,1.0,"( ( eventually ( ( x_4 >= 0.9827 ) and ( x_13 <= -0.823 ) ) ) and ( not ( always[22,23] ( eventually[12,inf] ( ( x_1 >= -1.4905 ) and ( x_0 <= -0.3975 ) ) ) ) ) ) and ( eventually ( eventually[14,17] ( ( x_10 <= 0.3525 ) and ( x_22 >= 0.6439 ) ) ) )"
NATOPS,0,0.8833333333333334,beam_data,132,0,3,True,0.025664963905566968,31,29,0.9354838709677419,0.9354838709677419,29,0.9354838709677419,0.9666666666666667,37,32,0.8648648648648649,1.0,29,0.7837837837837838,1.0,"( ( eventually ( ( x_4 >= 0.9827 ) and ( x_13 <= -0.823 ) ) ) and ( not ( always[22,23] ( eventually[12,inf] ( ( x_1 >= -1.4905 ) and ( x_0 <= -0.3975 ) ) ) ) ) ) and ( eventually ( eventually[14,17] ( ( x_10 <= 0.3525 ) and ( x_22 >= 0.6439 ) ) ) )"
NATOPS,0,0.8833333333333334,beam_data,133,1,2,True,0.025664963905566968,6,6,1.0,0.21428571428571427,6,1.0,0.2,6,6,1.0,0.23076923076923078,5,0.8333333333333334,0.1724137931034483,"( always ( ( eventually[0,2] ( x_21 >= 1.268 ) ) or ( ( x_15 <= 1.0253 ) and ( x_4 <= -1.4192 ) ) ) ) and ( always[20,30] ( ( x_18 <= -0.4267 ) or ( x_16 <= -0.073 ) ) )"
NATOPS,0,0.8833333333333334,beam_data,134,3,1,True,0.025664963905566968,31,29,0.9354838709677419,0.9666666666666667,29,0.9354838709677419,0.9666666666666667,22,19,0.8636363636363636,0.6551724137931034,19,0.8636363636363636,0.6551724137931034,"eventually[5,21] ( x_15 <= 0.0173 )"
NATOPS,0,0.8833333333333334,beam_data,135,4,1,True,0.025664963905566968,32,30,0.9375,1.0,30,0.9375,1.0,37,28,0.7567567567567568,0.9333333333333333,28,0.7567567567567568,0.9655172413793104,"( eventually[5,19] ( x_12 <= -1.5557 ) ) and ( eventually ( x_16 >= -1.3465 ) )"
NATOPS,0,0.8833333333333334,beam_data,136,4,1,True,0.025664963905566968,32,30,0.9375,1.0,30,0.9375,1.0,37,28,0.7567567567567568,0.9333333333333333,28,0.7567567567567568,0.9655172413793104,"( eventually[5,19] ( x_12 <= -1.5557 ) ) and ( eventually ( x_16 >= -1.3465 ) )"
NATOPS,0,0.8833333333333334,beam_data,137,2,2,True,0.025664963905566968,28,26,0.9285714285714286,0.8387096774193549,26,0.9285714285714286,0.8666666666666667,21,19,0.9047619047619048,0.6333333333333333,12,0.5714285714285714,0.41379310344827586,"( not ( ( ( eventually ( x_22 >= 0.553 ) ) or ( eventually ( x_19 >= -0.2006 ) ) ) or ( ( always[40,inf] ( x_17 >= 0.2757 ) ) or ( eventually[23,inf] ( x_8 <= -0.8176 ) ) ) ) ) and ( always ( ( x_14 >= -1.6426 ) and ( ( x_22 <= -0.0872 ) or ( x_16 >= -0.0388 ) ) ) )"
NATOPS,0,0.8833333333333334,beam_data,138,1,2,True,0.025664963905566968,22,20,0.9090909090909091,0.7142857142857143,21,0.9545454545454546,0.7,17,12,0.7058823529411765,0.46153846153846156,11,0.6470588235294118,0.3793103448275862,"( always ( ( eventually[0,2] ( x_21 >= 1.1106 ) ) or ( ( x_15 <= 1.1827 ) and ( x_4 <= -1.2618 ) ) ) ) and ( not ( always ( ( x_14 >= -1.681 ) and ( ( x_22 <= -0.0488 ) or ( x_16 >= -0.0771 ) ) ) ) )"
NATOPS,0,0.8833333333333334,beam_data,139,2,2,True,0.025664963905566968,26,26,1.0,0.8387096774193549,24,0.9230769230769231,0.8,21,19,0.9047619047619048,0.6333333333333333,17,0.8095238095238095,0.5666666666666667,"( always ( ( x_14 >= -1.6032 ) and ( ( x_22 <= -0.1266 ) or ( x_16 >= 0.0007 ) ) ) ) and ( not ( ( ( eventually ( x_22 >= 1.0008 ) ) or ( eventually ( x_19 >= 0.2472 ) ) ) or ( ( always[40,inf] ( x_17 >= 0.7235 ) ) or ( eventually[23,inf] ( x_8 <= -1.2654 ) ) ) ) )"
NATOPS,0,0.8833333333333334,beam_data,140,0,2,True,0.025664963905566968,32,30,0.9375,0.967741935483871,29,0.90625,0.9666666666666667,31,31,1.0,0.96875,30,0.967741935483871,1.0,"( eventually ( ( x_4 >= 0.9827 ) and ( x_13 <= -0.823 ) ) ) and ( not ( ( eventually ( x_19 >= -1.1185 ) ) and ( always[9,38] ( x_12 >= -1.9597 ) ) ) )"
NATOPS,0,0.8833333333333334,beam_data,141,4,1,True,0.025664963905566968,32,30,0.9375,1.0,30,0.9375,1.0,37,28,0.7567567567567568,0.9333333333333333,28,0.7567567567567568,0.9655172413793104,"( eventually[5,19] ( x_12 <= -1.5557 ) ) and ( eventually ( x_16 >= -1.3465 ) )"
NATOPS,0,0.8833333333333334,beam_data,142,4,1,True,0.025664963905566968,32,30,0.9375,1.0,30,0.9375,1.0,37,28,0.7567567567567568,0.9333333333333333,28,0.7567567567567568,0.9655172413793104,"( eventually[5,19] ( x_12 <= -1.5557 ) ) and ( eventually ( x_16 >= -1.3465 ) )"
NATOPS,0,0.8833333333333334,beam_data,143,3,1,True,0.025664963905566968,31,29,0.9354838709677419,0.9666666666666667,29,0.9354838709677419,0.9666666666666667,22,19,0.8636363636363636,0.6551724137931034,19,0.8636363636363636,0.6551724137931034,"eventually[5,21] ( x_15 <= 0.0173 )"
NATOPS,0,0.8833333333333334,beam_data,144,1,2,True,0.025664963905566968,22,20,0.9090909090909091,0.7142857142857143,21,0.9545454545454546,0.7,17,12,0.7058823529411765,0.46153846153846156,11,0.6470588235294118,0.3793103448275862,"( always ( ( eventually[0,2] ( x_21 >= 1.1379 ) ) or ( ( x_15 <= 1.1554 ) and ( x_4 <= -1.2891 ) ) ) ) and ( not ( always ( ( x_14 >= -1.6811 ) and ( ( x_22 <= -0.0487 ) or ( x_16 >= -0.0772 ) ) ) ) )"
NATOPS,0,0.8833333333333334,beam_data,145,4,1,True,0.025664963905566968,32,30,0.9375,1.0,30,0.9375,1.0,37,28,0.7567567567567568,0.9333333333333333,28,0.7567567567567568,0.9655172413793104,"( eventually[5,19] ( x_12 <= -1.5557 ) ) and ( eventually ( x_16 >= -1.3465 ) )"
NATOPS,0,0.8833333333333334,beam_data,146,0,3,True,0.025664963905566968,31,29,0.9354838709677419,0.9354838709677419,29,0.9354838709677419,0.9666666666666667,37,32,0.8648648648648649,1.0,29,0.7837837837837838,1.0,"( ( eventually ( ( x_4 >= 0.9827 ) and ( x_13 <= -0.823 ) ) ) and ( not ( always[22,23] ( eventually[12,inf] ( ( x_1 >= -1.4905 ) and ( x_0 <= -0.3975 ) ) ) ) ) ) and ( eventually ( eventually[14,17] ( ( x_10 <= 0.3525 ) and ( x_22 >= 0.6439 ) ) ) )"
NATOPS,0,0.8833333333333334,beam_data,147,4,1,True,0.025664963905566968,32,29,0.90625,0.9666666666666667,29,0.90625,0.9666666666666667,34,28,0.8235294117647058,0.9333333333333333,27,0.7941176470588235,0.9310344827586207,"eventually[5,40] ( ( x_21 <= 0.1962 ) and ( always[5,inf] ( x_16 <= -0.1518 ) ) )"
NATOPS,0,0.8833333333333334,beam_data,148,5,1,True,0.025664963905566968,33,30,0.9090909090909091,1.0,30,0.9090909090909091,1.0,31,26,0.8387096774193549,0.9629629629629629,27,0.8709677419354839,0.9310344827586207,"( eventually ( x_19 >= -0.7039 ) ) and ( always[9,38] ( x_12 >= -1.5452 ) )"
NATOPS,0,0.8833333333333334,beam_data,149,5,1,True,0.025664963905566968,33,30,0.9090909090909091,1.0,30,0.9090909090909091,1.0,31,26,0.8387096774193549,0.9629629629629629,27,0.8709677419354839,0.9310344827586207,"( eventually ( x_19 >= -0.7039 ) ) and ( always[9,38] ( x_12 >= -1.5452 ) )"
NATOPS,0,0.8833333333333334,beam_data,150,1,2,True,0.025664963905566968,6,6,1.0,0.21428571428571427,6,1.0,0.2,4,4,1.0,0.15384615384615385,4,1.0,0.13793103448275862,"( always ( ( eventually[0,2] ( x_21 >= 1.2429 ) ) or ( ( x_15 <= 1.0504 ) and ( x_4 <= -1.3941 ) ) ) ) and ( not ( eventually[4,inf] ( ( x_4 >= 0.5123 ) or ( x_18 >= -0.428 ) ) ) )"
NATOPS,0,0.8833333333333334,beam_data,151,5,1,True,0.025664963905566968,33,30,0.9090909090909091,1.0,30,0.9090909090909091,1.0,31,26,0.8387096774193549,0.9629629629629629,27,0.8709677419354839,0.9310344827586207,"( eventually ( x_19 >= -0.7039 ) ) and ( always[9,38] ( x_12 >= -1.5452 ) )"
NATOPS,0,0.8833333333333334,beam_data,152,3,1,True,0.025664963905566968,27,27,1.0,0.9,27,1.0,0.9,30,29,0.9666666666666667,1.0,29,0.9666666666666667,1.0,"( eventually ( x_7 >= -0.9019 ) ) and ( eventually[34,inf] ( x_0 <= -1.4934 ) )"
NATOPS,0,0.8833333333333334,beam_data,153,3,1,True,0.025664963905566968,31,29,0.9354838709677419,0.9666666666666667,29,0.9354838709677419,0.9666666666666667,22,19,0.8636363636363636,0.6551724137931034,19,0.8636363636363636,0.6551724137931034,"eventually[5,21] ( x_15 <= 0.0173 )"
NATOPS,0,0.8833333333333334,beam_data,154,5,1,True,0.025664963905566968,33,30,0.9090909090909091,1.0,30,0.9090909090909091,1.0,31,26,0.8387096774193549,0.9629629629629629,27,0.8709677419354839,0.9310344827586207,"( eventually ( x_19 >= -0.7039 ) ) and ( always[9,38] ( x_12 >= -1.5452 ) )"
NATOPS,0,0.8833333333333334,beam_data,155,5,1,True,0.025664963905566968,33,30,0.9090909090909091,1.0,30,0.9090909090909091,1.0,31,26,0.8387096774193549,0.9629629629629629,27,0.8709677419354839,0.9310344827586207,"( eventually ( x_19 >= -0.7039 ) ) and ( always[9,38] ( x_12 >= -1.5452 ) )"
NATOPS,0,0.8833333333333334,beam_data,156,4,1,True,0.025664963905566968,32,30,0.9375,1.0,30,0.9375,1.0,37,28,0.7567567567567568,0.9333333333333333,28,0.7567567567567568,0.9655172413793104,"( eventually[5,19] ( x_12 <= -1.5557 ) ) and ( eventually ( x_16 >= -1.3465 ) )"
NATOPS,0,0.8833333333333334,beam_data,157,3,2,True,0.025664963905566968,31,30,0.967741935483871,1.0,30,0.967741935483871,1.0,28,24,0.8571428571428571,0.8275862068965517,24,0.8571428571428571,0.8275862068965517,"( eventually[0,24] ( x_15 <= 0.2213 ) ) and ( not ( always[25,inf] ( x_18 >= -1.1385 ) ) )"
NATOPS,0,0.8833333333333334,beam_data,158,5,1,True,0.025664963905566968,33,30,0.9090909090909091,1.0,30,0.9090909090909091,1.0,31,26,0.8387096774193549,0.9629629629629629,27,0.8709677419354839,0.9310344827586207,"( eventually ( x_19 >= -0.7039 ) ) and ( always[9,38] ( x_12 >= -1.5452 ) )"
NATOPS,0,0.8833333333333334,beam_data,159,1,2,True,0.025664963905566968,13,11,0.8461538461538461,0.39285714285714285,12,0.9230769230769231,0.4,11,8,0.7272727272727273,0.3076923076923077,8,0.7272727272727273,0.27586206896551724,"( always[21,37] ( x_21 >= 1.0975 ) ) and ( not ( always ( ( x_14 >= -1.6843 ) and ( ( x_22 <= -0.0455 ) or ( x_16 >= -0.0804 ) ) ) ) )"
NATOPS,0,0.8833333333333334,beam_data,160,3,1,True,0.025664963905566968,31,29,0.9354838709677419,0.9666666666666667,29,0.9354838709677419,0.9666666666666667,22,19,0.8636363636363636,0.6551724137931034,19,0.8636363636363636,0.6551724137931034,"eventually[5,21] ( x_15 <= 0.0173 )"
NATOPS,0,0.8833333333333334,beam_data,161,1,2,True,0.025664963905566968,7,6,0.8571428571428571,0.21428571428571427,7,1.0,0.23333333333333334,9,7,0.7777777777777778,0.2692307692307692,5,0.5555555555555556,0.16666666666666666,"( always ( ( eventually[0,2] ( x_21 >= 1.25 ) ) or ( ( x_15 <= 1.0433 ) and ( x_4 <= -1.4012 ) ) ) ) and ( not ( eventually[0,24] ( x_15 <= 0.6052 ) ) )"
NATOPS,0,0.8833333333333334,beam_data,162,3,1,True,0.025664963905566968,31,29,0.9354838709677419,0.9666666666666667,29,0.9354838709677419,0.9666666666666667,22,19,0.8636363636363636,0.6551724137931034,19,0.8636363636363636,0.6551724137931034,"eventually[5,21] ( x_15 <= 0.0173 )"
NATOPS,0,0.8833333333333334,beam_data,163,0,3,True,0.025664963905566968,31,29,0.9354838709677419,0.9354838709677419,29,0.9354838709677419,0.9666666666666667,37,32,0.8648648648648649,1.0,29,0.7837837837837838,1.0,"( ( eventually ( ( x_4 >= 0.9827 ) and ( x_13 <= -0.823 ) ) ) and ( eventually ( eventually[14,17] ( ( x_10 <= 0.3525 ) and ( x_22 >= 0.6439 ) ) ) ) ) and ( not ( always[22,23] ( eventually[12,inf] ( ( x_1 >= -1.4905 ) and ( x_0 <= -0.3975 ) ) ) ) )"
NATOPS,0,0.8833333333333334,beam_data,164,1,2,True,0.025664963905566968,22,20,0.9090909090909091,0.7142857142857143,20,0.9090909090909091,0.6666666666666666,15,13,0.8666666666666667,0.5,12,0.8,0.41379310344827586,( not ( always ( ( x_14 >= -1.6811 ) and ( ( x_22 <= -0.0487 ) or ( x_16 >= -0.0772 ) ) ) ) ) and ( not ( eventually ( ( x_22 >= 0.1663 ) and ( x_3 <= 1.4882 ) ) ) )
NATOPS,0,0.8833333333333334,beam_data,165,3,1,True,0.025664963905566968,31,29,0.9354838709677419,0.9666666666666667,29,0.9354838709677419,0.9666666666666667,22,19,0.8636363636363636,0.6551724137931034,19,0.8636363636363636,0.6551724137931034,"eventually[5,21] ( x_15 <= 0.0173 )"
NATOPS,0,0.8833333333333334,beam_data,166,0,3,True,0.025664963905566968,31,29,0.9354838709677419,0.9354838709677419,29,0.9354838709677419,0.9666666666666667,37,32,0.8648648648648649,1.0,29,0.7837837837837838,1.0,"( ( eventually ( ( x_4 >= 0.9827 ) and ( x_13 <= -0.823 ) ) ) and ( eventually ( eventually[14,17] ( ( x_10 <= 0.3525 ) and ( x_22 >= 0.6439 ) ) ) ) ) and ( not ( always[22,23] ( eventually[12,inf] ( ( x_1 >= -1.4905 ) and ( x_0 <= -0.3975 ) ) ) ) )"
NATOPS,0,0.8833333333333334,beam_data,167,2,2,True,0.025664963905566968,28,26,0.9285714285714286,0.8387096774193549,26,0.9285714285714286,0.8666666666666667,22,20,0.9090909090909091,0.6666666666666666,13,0.5909090909090909,0.4482758620689655,"( not ( ( ( eventually ( x_22 >= 0.553 ) ) or ( eventually ( x_19 >= -0.2006 ) ) ) or ( ( always[40,inf] ( x_17 >= 0.2757 ) ) or ( eventually[23,inf] ( x_8 <= -0.8176 ) ) ) ) ) and ( always ( ( x_14 >= -1.648 ) and ( ( x_22 <= -0.0818 ) or ( x_16 >= -0.0441 ) ) ) )"
NATOPS,0,0.8833333333333334,beam_data,168,5,1,True,0.025664963905566968,33,30,0.9090909090909091,1.0,30,0.9090909090909091,1.0,31,26,0.8387096774193549,0.9629629629629629,27,0.8709677419354839,0.9310344827586207,"( eventually ( x_19 >= -0.7039 ) ) and ( always[9,38] ( x_12 >= -1.5452 ) )"
NATOPS,0,0.8833333333333334,beam_data,169,2,2,True,0.025664963905566968,26,26,1.0,0.8387096774193549,24,0.9230769230769231,0.8,21,19,0.9047619047619048,0.6333333333333333,16,0.7619047619047619,0.5517241379310345,"( always ( ( x_14 >= -1.6032 ) and ( ( x_22 <= -0.1266 ) or ( x_16 >= 0.0007 ) ) ) ) and ( not ( ( ( eventually ( x_22 >= 1.0008 ) ) or ( eventually ( x_19 >= 0.2472 ) ) ) or ( ( always[40,inf] ( x_17 >= 0.7235 ) ) or ( eventually[23,inf] ( x_8 <= -1.2654 ) ) ) ) )"
NATOPS,0,0.8833333333333334,beam_data,170,2,2,True,0.025664963905566968,28,26,0.9285714285714286,0.8387096774193549,26,0.9285714285714286,0.8666666666666667,22,20,0.9090909090909091,0.6666666666666666,14,0.6363636363636364,0.4666666666666667,"( not ( ( ( eventually ( x_22 >= 0.553 ) ) or ( eventually ( x_19 >= -0.2006 ) ) ) or ( ( always[40,inf] ( x_17 >= 0.2757 ) ) or ( eventually[23,inf] ( x_8 <= -0.8176 ) ) ) ) ) and ( always ( ( x_14 >= -1.648 ) and ( ( x_22 <= -0.0818 ) or ( x_16 >= -0.0441 ) ) ) )"
NATOPS,0,0.8833333333333334,beam_data,171,5,1,True,0.025664963905566968,33,30,0.9090909090909091,1.0,30,0.9090909090909091,1.0,31,26,0.8387096774193549,0.9629629629629629,27,0.8709677419354839,0.9310344827586207,"( eventually ( x_19 >= -0.7039 ) ) and ( always[9,38] ( x_12 >= -1.5452 ) )"
NATOPS,0,0.8833333333333334,beam_data,172,3,1,True,0.025664963905566968,31,29,0.9354838709677419,0.9666666666666667,29,0.9354838709677419,0.9666666666666667,22,19,0.8636363636363636,0.6551724137931034,19,0.8636363636363636,0.6551724137931034,"eventually[5,21] ( x_15 <= 0.0173 )"
NATOPS,0,0.8833333333333334,beam_data,173,0,2,True,0.025664963905566968,32,30,0.9375,0.967741935483871,29,0.90625,0.9666666666666667,31,31,1.0,0.96875,30,0.967741935483871,1.0,"( eventually ( ( x_4 >= 0.9827 ) and ( x_13 <= -0.823 ) ) ) and ( not ( ( eventually ( x_19 >= -1.1185 ) ) and ( always[9,38] ( x_12 >= -1.9597 ) ) ) )"
NATOPS,0,0.8833333333333334,beam_data,174,0,2,True,0.025664963905566968,32,30,0.9375,0.967741935483871,29,0.90625,0.9666666666666667,31,31,1.0,0.96875,29,0.9354838709677419,1.0,"( eventually ( ( x_4 >= 0.9827 ) and ( x_13 <= -0.823 ) ) ) and ( not ( ( eventually ( x_19 >= -1.1185 ) ) and ( always[9,38] ( x_12 >= -1.9597 ) ) ) )"
NATOPS,0,0.8833333333333334,beam_data,175,5,1,True,0.025664963905566968,33,30,0.9090909090909091,1.0,30,0.9090909090909091,1.0,31,26,0.8387096774193549,0.9629629629629629,27,0.8709677419354839,0.9310344827586207,"( eventually ( x_19 >= -0.7039 ) ) and ( always[9,38] ( x_12 >= -1.5452 ) )"
NATOPS,0,0.8833333333333334,beam_data,176,1,2,True,0.025664963905566968,21,20,0.9523809523809523,0.7142857142857143,20,0.9523809523809523,0.6666666666666666,14,13,0.9285714285714286,0.5,13,0.9285714285714286,0.43333333333333335,( not ( always ( ( x_14 >= -1.6811 ) and ( ( x_22 <= -0.0487 ) or ( x_16 >= -0.0772 ) ) ) ) ) and ( not ( eventually ( ( x_22 >= 0.1247 ) and ( x_3 <= 1.5298 ) ) ) )
NATOPS,0,0.8833333333333334,beam_data,177,4,1,True,0.025664963905566968,32,30,0.9375,1.0,30,0.9375,1.0,37,28,0.7567567567567568,0.9333333333333333,28,0.7567567567567568,0.9655172413793104,"( eventually[5,19] ( x_12 <= -1.5557 ) ) and ( eventually ( x_16 >= -1.3465 ) )"
NATOPS,0,0.8833333333333334,beam_data,178,3,1,True,0.025664963905566968,31,29,0.9354838709677419,0.9666666666666667,29,0.9354838709677419,0.9666666666666667,22,19,0.8636363636363636,0.6551724137931034,19,0.8636363636363636,0.6551724137931034,"eventually[5,21] ( x_15 <= 0.0173 )"
NATOPS,0,0.8833333333333334,beam_data,179,3,2,True,0.025664963905566968,31,30,0.967741935483871,1.0,30,0.967741935483871,1.0,28,24,0.8571428571428571,0.8275862068965517,24,0.8571428571428571,0.8275862068965517,"( eventually[0,24] ( x_15 <= 0.2213 ) ) and ( not ( always[25,inf] ( x_18 >= -1.1385 ) ) )"
NATOPS,0,0.8833333333333334,greedy_old,0,3,1,True,0.013798500993289053,25,25,1.0,0.8333333333333334,25,1.0,0.8333333333333334,27,27,1.0,0.9310344827586207,27,1.0,0.9310344827586207,"( eventually ( x_19 <= -1.0971 ) ) and ( eventually[22,inf] ( always[10,14] ( x_12 <= -1.189 ) ) )"
NATOPS,0,0.8833333333333334,greedy_old,1,4,1,True,0.016922208000323735,28,26,0.9285714285714286,0.8666666666666667,26,0.9285714285714286,0.8666666666666667,23,23,1.0,0.7666666666666667,22,0.9565217391304348,0.7586206896551724,"eventually[5,40] ( ( x_21 <= 0.0315 ) and ( always[5,inf] ( x_16 <= -0.3165 ) ) )"
NATOPS,0,0.8833333333333334,greedy_old,2,5,1,True,0.015696781003498472,26,26,1.0,0.8666666666666667,26,1.0,0.8666666666666667,26,26,1.0,0.9629629629629629,26,1.0,0.896551724137931,"( eventually ( x_19 >= -0.5603 ) ) and ( always[9,38] ( x_12 >= -1.4015 ) )"
NATOPS,0,0.8833333333333334,greedy_old,3,0,1,True,0.015394312998978421,30,29,0.9666666666666667,0.9354838709677419,28,0.9333333333333333,0.9333333333333333,31,27,0.8709677419354839,0.84375,26,0.8387096774193549,0.896551724137931,eventually ( ( x_4 >= 1.0858 ) and ( x_13 <= -0.9261 ) )
NATOPS,0,0.8833333333333334,greedy_old,4,3,1,True,0.006510118997539394,25,25,1.0,0.8333333333333334,25,1.0,0.8333333333333334,27,27,1.0,0.9310344827586207,27,1.0,0.9310344827586207,"( eventually ( x_19 <= -1.0971 ) ) and ( eventually[22,inf] ( always[10,14] ( x_12 <= -1.189 ) ) )"
NATOPS,0,0.8833333333333334,greedy_old,5,2,2,True,0.016517676005605608,18,18,1.0,0.5806451612903226,17,0.9444444444444444,0.5666666666666667,13,13,1.0,0.43333333333333335,9,0.6923076923076923,0.3103448275862069,"( not ( ( ( eventually ( x_22 >= 0.4118 ) ) or ( eventually ( x_19 >= -0.3418 ) ) ) or ( ( always[40,inf] ( x_17 >= 0.1345 ) ) or ( eventually[23,inf] ( x_8 <= -0.6764 ) ) ) ) ) and ( always ( ( x_14 >= -1.6163 ) and ( ( x_22 <= -0.1135 ) or ( x_16 >= -0.0124 ) ) ) )"
NATOPS,0,0.8833333333333334,greedy_old,6,2,2,True,0.006804813994676806,18,18,1.0,0.5806451612903226,17,0.9444444444444444,0.5666666666666667,13,13,1.0,0.43333333333333335,10,0.7692307692307693,0.3333333333333333,"( not ( ( ( eventually ( x_22 >= 0.4118 ) ) or ( eventually ( x_19 >= -0.3418 ) ) ) or ( ( always[40,inf] ( x_17 >= 0.1345 ) ) or ( eventually[23,inf] ( x_8 <= -0.6764 ) ) ) ) ) and ( always ( ( x_14 >= -1.6163 ) and ( ( x_22 <= -0.1135 ) or ( x_16 >= -0.0124 ) ) ) )"
NATOPS,0,0.8833333333333334,greedy_old,7,1,2,True,0.01648661600484047,13,13,1.0,0.4642857142857143,13,1.0,0.43333333333333335,8,7,0.875,0.2692307692307692,7,0.875,0.23333333333333334,"( always ( ( eventually[0,2] ( x_21 >= 1.226 ) ) or ( ( x_15 <= 1.0673 ) and ( x_4 <= -1.3772 ) ) ) ) and ( not ( always ( ( x_14 >= -1.6972 ) and ( ( x_22 <= -0.0326 ) or ( x_16 >= -0.0933 ) ) ) ) )"
NATOPS,0,0.8833333333333334,greedy_old,8,2,3,True,0.008487148996209726,6,6,1.0,0.1935483870967742,6,1.0,0.2,7,7,1.0,0.23333333333333334,5,0.7142857142857143,0.1724137931034483,"( ( always ( ( x_14 >= -1.6163 ) and ( ( x_22 <= -0.1135 ) or ( x_16 >= -0.0124 ) ) ) ) and ( ( eventually ( x_17 <= -1.5666 ) ) or ( always[24,29] ( x_3 >= 1.9374 ) ) ) ) and ( not ( ( eventually ( x_19 >= -1.4798 ) ) and ( always[9,38] ( x_12 >= -2.3211 ) ) ) )"
NATOPS,0,0.8833333333333334,greedy_old,9,0,1,True,0.009068162995390594,30,29,0.9666666666666667,0.9354838709677419,28,0.9333333333333333,0.9333333333333333,31,27,0.8709677419354839,0.84375,26,0.8387096774193549,0.896551724137931,eventually ( ( x_4 >= 1.0858 ) and ( x_13 <= -0.9261 ) )
NATOPS,0,0.8833333333333334,greedy_old,10,4,1,True,0.004767324993736111,28,26,0.9285714285714286,0.8666666666666667,26,0.9285714285714286,0.8666666666666667,23,23,1.0,0.7666666666666667,22,0.9565217391304348,0.7586206896551724,"eventually[5,40] ( ( x_21 <= 0.0315 ) and ( always[5,inf] ( x_16 <= -0.3165 ) ) )"
NATOPS,0,0.8833333333333334,greedy_old,11,3,1,True,0.007288190012332052,25,25,1.0,0.8333333333333334,25,1.0,0.8333333333333334,27,27,1.0,0.9310344827586207,27,1.0,0.9310344827586207,"( eventually ( x_19 <= -1.0971 ) ) and ( eventually[22,inf] ( always[10,14] ( x_12 <= -1.189 ) ) )"
NATOPS,0,0.8833333333333334,greedy_old,12,2,6,False,0.004809258010936901,6,4,0.6666666666666666,0.12903225806451613,4,0.6666666666666666,0.13333333333333333,4,3,0.75,0.1,3,0.75,0.10344827586206896,"( ( ( ( ( always ( ( x_14 >= -1.6163 ) and ( ( x_22 <= -0.1135 ) or ( x_16 >= -0.0124 ) ) ) ) and ( not ( ( eventually ( x_19 >= -1.4798 ) ) and ( always[9,38] ( x_12 >= -2.3211 ) ) ) ) ) and ( not ( ( eventually ( x_19 <= -0.5198 ) ) and ( eventually[22,inf] ( always[10,14] ( x_12 <= -0.6117 ) ) ) ) ) ) and ( not ( ( eventually[5,19] ( x_12 <= -0.64 ) ) and ( eventually ( x_16 >= -2.2622 ) ) ) ) ) and ( always[25,inf] ( x_18 >= -0.7056 ) ) ) and ( not ( eventually[5,40] ( ( x_21 <= 0.5546 ) and ( always[5,inf] ( x_16 <= 0.2065 ) ) ) ) )"
NATOPS,0,0.8833333333333334,greedy_old,13,4,1,True,0.007333727000514045,28,26,0.9285714285714286,0.8666666666666667,26,0.9285714285714286,0.8666666666666667,23,23,1.0,0.7666666666666667,22,0.9565217391304348,0.7586206896551724,"eventually[5,40] ( ( x_21 <= 0.0315 ) and ( always[5,inf] ( x_16 <= -0.3165 ) ) )"
NATOPS,0,0.8833333333333334,greedy_old,14,2,6,False,0.004683106002630666,11,7,0.6363636363636364,0.22580645161290322,6,0.5454545454545454,0.2,6,5,0.8333333333333334,0.16666666666666666,3,0.5,0.1,"( ( ( ( ( not ( ( ( eventually ( x_22 >= 0.4118 ) ) or ( eventually ( x_19 >= -0.3418 ) ) ) or ( ( always[40,inf] ( x_17 >= 0.1345 ) ) or ( eventually[23,inf] ( x_8 <= -0.6764 ) ) ) ) ) and ( not ( eventually ( eventually[14,17] ( ( x_10 <= 0.6222 ) and ( x_22 >= 0.3742 ) ) ) ) ) ) and ( not ( eventually ( ( x_4 >= 0.4013 ) and ( x_13 <= -0.2416 ) ) ) ) ) and ( always ( ( x_22 <= 0.3742 ) and ( x_15 >= 0.0128 ) ) ) ) and ( not ( eventually[0,24] ( x_15 <= 0.5915 ) ) ) ) and ( ( eventually[20,46] ( eventually[3,4] ( x_14 <= -3.6706 ) ) ) or ( always[2,25] ( ( x_11 >= 1.2331 ) or ( x_3 >= 0.5683 ) ) ) )"
NATOPS,0,0.8833333333333334,greedy_old,15,0,1,True,0.007245806002174504,30,29,0.9666666666666667,0.9354838709677419,28,0.9333333333333333,0.9333333333333333,31,27,0.8709677419354839,0.84375,26,0.8387096774193549,0.896551724137931,eventually ( ( x_4 >= 1.0858 ) and ( x_13 <= -0.9261 ) )
NATOPS,0,0.8833333333333334,greedy_old,16,4,2,True,0.006196907997946255,16,15,0.9375,0.5,15,0.9375,0.5,25,17,0.68,0.5666666666666667,17,0.68,0.5862068965517241,"( ( eventually[5,19] ( x_12 <= -1.3479 ) ) and ( eventually ( x_16 >= -1.5542 ) ) ) and ( not ( always ( ( x_14 >= -1.7194 ) and ( ( x_22 <= -0.0105 ) or ( x_16 >= -0.1155 ) ) ) ) )"
NATOPS,0,0.8833333333333334,greedy_old,17,0,1,True,0.0063033509941305965,30,29,0.9666666666666667,0.9354838709677419,28,0.9333333333333333,0.9333333333333333,31,27,0.8709677419354839,0.84375,26,0.8387096774193549,0.896551724137931,eventually ( ( x_4 >= 1.0858 ) and ( x_13 <= -0.9261 ) )
NATOPS,0,0.8833333333333334,greedy_old,18,4,1,True,0.004790472987224348,28,26,0.9285714285714286,0.8666666666666667,26,0.9285714285714286,0.8666666666666667,23,23,1.0,0.7666666666666667,22,0.9565217391304348,0.7586206896551724,"eventually[5,40] ( ( x_21 <= 0.0315 ) and ( always[5,inf] ( x_16 <= -0.3165 ) ) )"
NATOPS,0,0.8833333333333334,greedy_old,19,0,1,True,0.004861904002609663,30,29,0.9666666666666667,0.9354838709677419,28,0.9333333333333333,0.9333333333333333,31,27,0.8709677419354839,0.84375,26,0.8387096774193549,0.896551724137931,eventually ( ( x_4 >= 1.0858 ) and ( x_13 <= -0.9261 ) )
NATOPS,0,0.8833333333333334,greedy_old,20,2,2,True,0.004720236000139266,18,18,1.0,0.5806451612903226,17,0.9444444444444444,0.5666666666666667,13,13,1.0,0.43333333333333335,9,0.6923076923076923,0.3103448275862069,"( not ( ( ( eventually ( x_22 >= 0.4118 ) ) or ( eventually ( x_19 >= -0.3418 ) ) ) or ( ( always[40,inf] ( x_17 >= 0.1345 ) ) or ( eventually[23,inf] ( x_8 <= -0.6764 ) ) ) ) ) and ( always ( ( x_14 >= -1.6163 ) and ( ( x_22 <= -0.1135 ) or ( x_16 >= -0.0124 ) ) ) )"
NATOPS,0,0.8833333333333334,greedy_old,21,3,1,True,0.004487407000851817,25,25,1.0,0.8333333333333334,25,1.0,0.8333333333333334,27,27,1.0,0.9310344827586207,27,1.0,0.9310344827586207,"( eventually ( x_19 <= -1.0971 ) ) and ( eventually[22,inf] ( always[10,14] ( x_12 <= -1.189 ) ) )"
NATOPS,0,0.8833333333333334,greedy_old,22,5,1,True,0.005526983004529029,26,26,1.0,0.8666666666666667,26,1.0,0.8666666666666667,26,26,1.0,0.9629629629629629,26,1.0,0.896551724137931,"( eventually ( x_19 >= -0.5603 ) ) and ( always[9,38] ( x_12 >= -1.4015 ) )"
NATOPS,0,0.8833333333333334,greedy_old,23,5,1,True,0.008544627999071963,26,26,1.0,0.8666666666666667,26,1.0,0.8666666666666667,26,26,1.0,0.9629629629629629,26,1.0,0.896551724137931,"( eventually ( x_19 >= -0.5603 ) ) and ( always[9,38] ( x_12 >= -1.4015 ) )"
NATOPS,0,0.8833333333333334,greedy_old,24,2,2,True,0.0049162349896505475,18,18,1.0,0.5806451612903226,17,0.9444444444444444,0.5666666666666667,13,13,1.0,0.43333333333333335,10,0.7692307692307693,0.3333333333333333,"( not ( ( ( eventually ( x_22 >= 0.4118 ) ) or ( eventually ( x_19 >= -0.3418 ) ) ) or ( ( always[40,inf] ( x_17 >= 0.1345 ) ) or ( eventually[23,inf] ( x_8 <= -0.6764 ) ) ) ) ) and ( always ( ( x_14 >= -1.6163 ) and ( ( x_22 <= -0.1135 ) or ( x_16 >= -0.0124 ) ) ) )"
NATOPS,0,0.8833333333333334,greedy_old,25,2,4,True,0.006095289005315863,2,2,1.0,0.06451612903225806,2,1.0,0.06666666666666667,5,5,1.0,0.16666666666666666,5,1.0,0.1724137931034483,"( ( ( always ( ( x_14 >= -1.6163 ) and ( ( x_22 <= -0.1135 ) or ( x_16 >= -0.0124 ) ) ) ) and ( ( eventually[20,46] ( eventually[3,4] ( x_14 <= -3.6706 ) ) ) or ( always[2,25] ( ( x_11 >= 1.2331 ) or ( x_3 >= 0.5683 ) ) ) ) ) and ( not ( ( eventually ( x_19 <= -0.5198 ) ) and ( eventually[22,inf] ( always[10,14] ( x_12 <= -0.6117 ) ) ) ) ) ) and ( not ( eventually ( ( x_22 >= -0.3 ) and ( x_3 <= 1.9545 ) ) ) )"
NATOPS,0,0.8833333333333334,greedy_old,26,2,3,True,0.004891944001428783,10,8,0.8,0.25806451612903225,9,0.9,0.3,8,6,0.75,0.2,6,0.75,0.2,"( ( not ( ( ( eventually ( x_22 >= 0.4118 ) ) or ( eventually ( x_19 >= -0.3418 ) ) ) or ( ( always[40,inf] ( x_17 >= 0.1345 ) ) or ( eventually[23,inf] ( x_8 <= -0.6764 ) ) ) ) ) and ( not ( ( eventually[5,19] ( x_12 <= -0.64 ) ) and ( eventually ( x_16 >= -2.2622 ) ) ) ) ) and ( not ( eventually ( ( x_4 >= 0.4013 ) and ( x_13 <= -0.2416 ) ) ) )"
NATOPS,0,0.8833333333333334,greedy_old,27,0,1,True,0.00614349999523256,30,29,0.9666666666666667,0.9354838709677419,28,0.9333333333333333,0.9333333333333333,31,27,0.8709677419354839,0.84375,26,0.8387096774193549,0.896551724137931,eventually ( ( x_4 >= 1.0858 ) and ( x_13 <= -0.9261 ) )
NATOPS,0,0.8833333333333334,greedy_old,28,1,2,True,0.0071346720069414005,13,13,1.0,0.4642857142857143,13,1.0,0.43333333333333335,8,7,0.875,0.2692307692307692,6,0.75,0.20689655172413793,"( always ( ( eventually[0,2] ( x_21 >= 1.226 ) ) or ( ( x_15 <= 1.0673 ) and ( x_4 <= -1.3772 ) ) ) ) and ( not ( always ( ( x_14 >= -1.6972 ) and ( ( x_22 <= -0.0326 ) or ( x_16 >= -0.0933 ) ) ) ) )"
NATOPS,0,0.8833333333333334,greedy_old,29,4,1,True,0.00608608199399896,28,26,0.9285714285714286,0.8666666666666667,26,0.9285714285714286,0.8666666666666667,23,23,1.0,0.7666666666666667,22,0.9565217391304348,0.7586206896551724,"eventually[5,40] ( ( x_21 <= 0.0315 ) and ( always[5,inf] ( x_16 <= -0.3165 ) ) )"
NATOPS,0,0.8833333333333334,greedy_old,30,2,2,True,0.00513227199553512,18,18,1.0,0.5806451612903226,17,0.9444444444444444,0.5666666666666667,13,13,1.0,0.43333333333333335,9,0.6923076923076923,0.3103448275862069,"( not ( ( ( eventually ( x_22 >= 0.4118 ) ) or ( eventually ( x_19 >= -0.3418 ) ) ) or ( ( always[40,inf] ( x_17 >= 0.1345 ) ) or ( eventually[23,inf] ( x_8 <= -0.6764 ) ) ) ) ) and ( always ( ( x_14 >= -1.6163 ) and ( ( x_22 <= -0.1135 ) or ( x_16 >= -0.0124 ) ) ) )"
NATOPS,0,0.8833333333333334,greedy_old,31,3,1,True,0.004640761995688081,25,25,1.0,0.8333333333333334,25,1.0,0.8333333333333334,27,27,1.0,0.9310344827586207,27,1.0,0.9310344827586207,"( eventually ( x_19 <= -1.0971 ) ) and ( eventually[22,inf] ( always[10,14] ( x_12 <= -1.189 ) ) )"
NATOPS,0,0.8833333333333334,greedy_old,32,5,1,True,0.006533052001032047,26,26,1.0,0.8666666666666667,26,1.0,0.8666666666666667,23,21,0.9130434782608695,0.7777777777777778,22,0.9565217391304348,0.7586206896551724,"( ( always ( x_1 <= -1.123 ) ) or ( eventually[10,inf] ( x_4 >= 0.9798 ) ) ) and ( always[25,27] ( ( x_12 >= -0.3644 ) or ( x_9 >= 1.6228 ) ) )"
NATOPS,0,0.8833333333333334,greedy_old,33,4,1,True,0.0050474960007704794,28,26,0.9285714285714286,0.8666666666666667,26,0.9285714285714286,0.8666666666666667,23,23,1.0,0.7666666666666667,22,0.9565217391304348,0.7586206896551724,"eventually[5,40] ( ( x_21 <= 0.0315 ) and ( always[5,inf] ( x_16 <= -0.3165 ) ) )"
NATOPS,0,0.8833333333333334,greedy_old,34,3,1,True,0.007391210994683206,25,25,1.0,0.8333333333333334,25,1.0,0.8333333333333334,27,27,1.0,0.9310344827586207,27,1.0,0.9310344827586207,"( eventually ( x_19 <= -1.0971 ) ) and ( eventually[22,inf] ( always[10,14] ( x_12 <= -1.189 ) ) )"
NATOPS,0,0.8833333333333334,greedy_old,35,5,1,True,0.006522561001474969,26,26,1.0,0.8666666666666667,26,1.0,0.8666666666666667,26,26,1.0,0.9629629629629629,26,1.0,0.896551724137931,"( eventually ( x_19 >= -0.5603 ) ) and ( always[9,38] ( x_12 >= -1.4015 ) )"
NATOPS,0,0.8833333333333334,greedy_old,36,3,1,True,0.005941210998571478,30,27,0.9,0.9,27,0.9,0.9,19,18,0.9473684210526315,0.6206896551724138,18,0.9473684210526315,0.6206896551724138,"eventually[3,18] ( x_3 <= -0.0887 )"
NATOPS,0,0.8833333333333334,greedy_old,37,0,1,True,0.004930251001496799,30,29,0.9666666666666667,0.9354838709677419,28,0.9333333333333333,0.9333333333333333,31,27,0.8709677419354839,0.84375,26,0.8387096774193549,0.896551724137931,eventually ( ( x_4 >= 1.0858 ) and ( x_13 <= -0.9261 ) )
NATOPS,0,0.8833333333333334,greedy_old,38,3,1,True,0.004613601995515637,25,25,1.0,0.8333333333333334,25,1.0,0.8333333333333334,27,27,1.0,0.9310344827586207,27,1.0,0.9310344827586207,"( eventually ( x_19 <= -1.0971 ) ) and ( eventually[22,inf] ( always[10,14] ( x_12 <= -1.189 ) ) )"
NATOPS,0,0.8833333333333334,greedy_old,39,5,1,True,0.005791235002106987,26,26,1.0,0.8666666666666667,26,1.0,0.8666666666666667,26,26,1.0,0.9629629629629629,26,1.0,0.896551724137931,"( eventually ( x_19 >= -0.5603 ) ) and ( always[9,38] ( x_12 >= -1.4015 ) )"
NATOPS,0,0.8833333333333334,greedy_old,40,4,2,True,0.007210808005766012,27,27,1.0,0.9,27,1.0,0.9,24,22,0.9166666666666666,0.7333333333333333,22,0.9166666666666666,0.7586206896551724,"( ( ( always[44,47] ( x_22 >= -1.8036 ) ) or ( eventually[2,50] ( x_15 <= 1.1386 ) ) ) and ( ( always[39,49] ( x_13 >= -0.985 ) ) or ( eventually[33,36] ( x_21 <= 0.0539 ) ) ) ) and ( ( eventually[5,19] ( x_12 <= -1.3479 ) ) and ( eventually ( x_16 >= -1.5542 ) ) )"
NATOPS,0,0.8833333333333334,greedy_old,41,2,3,True,0.005276559997582808,4,4,1.0,0.12903225806451613,4,1.0,0.13333333333333333,7,7,1.0,0.23333333333333334,6,0.8571428571428571,0.20689655172413793,"( ( always ( ( x_14 >= -1.6163 ) and ( ( x_22 <= -0.1135 ) or ( x_16 >= -0.0124 ) ) ) ) and ( ( eventually ( x_17 <= -1.5666 ) ) or ( always[24,29] ( x_3 >= 1.9374 ) ) ) ) and ( not ( ( eventually[5,19] ( x_12 <= -0.64 ) ) and ( eventually ( x_16 >= -2.2622 ) ) ) )"
NATOPS,0,0.8833333333333334,greedy_old,42,1,6,False,0.006649140996159986,13,9,0.6923076923076923,0.32142857142857145,10,0.7692307692307693,0.3333333333333333,11,8,0.7272727272727273,0.3076923076923077,7,0.6363636363636364,0.2413793103448276,"( ( ( ( ( always ( ( eventually[0,2] ( x_21 >= 1.226 ) ) or ( ( x_15 <= 1.0673 ) and ( x_4 <= -1.3772 ) ) ) ) and ( ( eventually ( x_17 <= -1.3704 ) ) or ( always[24,29] ( x_3 >= 1.7412 ) ) ) ) and ( not ( eventually[4,inf] ( ( x_4 >= 1.0131 ) or ( x_18 >= 0.0728 ) ) ) ) ) and ( not ( eventually[0,24] ( x_15 <= 0.6094 ) ) ) ) and ( not ( eventually ( ( x_22 >= 0.1348 ) and ( x_3 <= 1.5197 ) ) ) ) ) and ( not ( ( eventually[5,19] ( x_12 <= -0.7287 ) ) and ( eventually ( x_16 >= -2.1734 ) ) ) )"
NATOPS,0,0.8833333333333334,greedy_old,43,4,1,True,0.005710409997846,28,26,0.9285714285714286,0.8666666666666667,26,0.9285714285714286,0.8666666666666667,23,23,1.0,0.7666666666666667,23,1.0,0.7666666666666667,"eventually[5,40] ( ( x_21 <= 0.0315 ) and ( always[5,inf] ( x_16 <= -0.3165 ) ) )"
NATOPS,0,0.8833333333333334,greedy_old,44,0,1,True,0.005223076994298026,30,29,0.9666666666666667,0.9354838709677419,28,0.9333333333333333,0.9333333333333333,31,27,0.8709677419354839,0.84375,26,0.8387096774193549,0.896551724137931,eventually ( ( x_4 >= 1.0858 ) and ( x_13 <= -0.9261 ) )
NATOPS,0,0.8833333333333334,greedy_old,45,2,3,True,0.005019481002818793,10,8,0.8,0.25806451612903225,9,0.9,0.3,8,6,0.75,0.2,5,0.625,0.1724137931034483,"( ( not ( ( ( eventually ( x_22 >= 0.4118 ) ) or ( eventually ( x_19 >= -0.3418 ) ) ) or ( ( always[40,inf] ( x_17 >= 0.1345 ) ) or ( eventually[23,inf] ( x_8 <= -0.6764 ) ) ) ) ) and ( not ( ( eventually[5,19] ( x_12 <= -0.64 ) ) and ( eventually ( x_16 >= -2.2622 ) ) ) ) ) and ( not ( eventually ( ( x_4 >= 0.4013 ) and ( x_13 <= -0.2416 ) ) ) )"
NATOPS,0,0.8833333333333334,greedy_old,46,4,1,True,0.006031221986631863,28,26,0.9285714285714286,0.8666666666666667,26,0.9285714285714286,0.8666666666666667,23,23,1.0,0.7666666666666667,22,0.9565217391304348,0.7586206896551724,"eventually[5,40] ( ( x_21 <= 0.0315 ) and ( always[5,inf] ( x_16 <= -0.3165 ) ) )"
NATOPS,0,0.8833333333333334,greedy_old,47,3,1,True,0.005994890001602471,25,25,1.0,0.8333333333333334,25,1.0,0.8333333333333334,27,27,1.0,0.9310344827586207,27,1.0,0.9310344827586207,"( eventually ( x_19 <= -1.0971 ) ) and ( eventually[22,inf] ( always[10,14] ( x_12 <= -1.189 ) ) )"
NATOPS,0,0.8833333333333334,greedy_old,48,1,6,False,0.005386468998040073,8,4,0.5,0.14285714285714285,4,0.5,0.13333333333333333,3,2,0.6666666666666666,0.07692307692307693,2,0.6666666666666666,0.06666666666666667,"( ( ( ( ( always[21,37] ( x_21 >= 1.0968 ) ) and ( not ( eventually[4,inf] ( ( x_4 >= 1.0131 ) or ( x_18 >= 0.0728 ) ) ) ) ) and ( not ( ( eventually[5,19] ( x_12 <= -0.7287 ) ) and ( eventually ( x_16 >= -2.1734 ) ) ) ) ) and ( not ( eventually ( ( x_22 >= 0.1348 ) and ( x_3 <= 1.5197 ) ) ) ) ) and ( always[25,inf] ( x_18 >= -0.5576 ) ) ) and ( not ( always ( eventually[8,17] ( x_15 <= 1.6391 ) ) ) )"
NATOPS,0,0.8833333333333334,greedy_old,49,2,2,True,0.005058342998381704,18,18,1.0,0.5806451612903226,17,0.9444444444444444,0.5666666666666667,13,13,1.0,0.43333333333333335,9,0.6923076923076923,0.3103448275862069,"( not ( ( ( eventually ( x_22 >= 0.4118 ) ) or ( eventually ( x_19 >= -0.3418 ) ) ) or ( ( always[40,inf] ( x_17 >= 0.1345 ) ) or ( eventually[23,inf] ( x_8 <= -0.6764 ) ) ) ) ) and ( always ( ( x_14 >= -1.6163 ) and ( ( x_22 <= -0.1135 ) or ( x_16 >= -0.0124 ) ) ) )"
NATOPS,0,0.8833333333333334,greedy_old,50,1,7,False,0.006247009005164728,3,2,0.6666666666666666,0.07142857142857142,2,0.6666666666666666,0.06666666666666667,9,3,0.3333333333333333,0.11538461538461539,3,0.3333333333333333,0.1,"( ( ( ( ( ( not ( eventually[4,inf] ( ( x_4 >= 1.0131 ) or ( x_18 >= 0.0728 ) ) ) ) and ( eventually ( ( x_4 >= 0.4013 ) and ( x_13 <= -0.2416 ) ) ) ) and ( not ( always ( eventually[8,17] ( x_15 <= 1.6391 ) ) ) ) ) and ( not ( ( eventually[5,19] ( x_12 <= -0.7287 ) ) and ( eventually ( x_16 >= -2.1734 ) ) ) ) ) and ( not ( eventually[5,40] ( ( x_21 <= 0.6387 ) and ( always[5,inf] ( x_16 <= 0.2907 ) ) ) ) ) ) and ( not ( eventually ( ( x_22 >= 0.1348 ) and ( x_3 <= 1.5197 ) ) ) ) ) and ( ( eventually[20,46] ( eventually[3,4] ( x_14 <= -3.6302 ) ) ) or ( always[2,25] ( ( x_11 >= 1.1927 ) or ( x_3 >= 0.528 ) ) ) )"
NATOPS,0,0.8833333333333334,greedy_old,51,2,3,False,0.005293683003401384,21,18,0.8571428571428571,0.5806451612903226,15,0.7142857142857143,0.5,10,7,0.7,0.23333333333333334,6,0.6,0.20689655172413793,"( ( always ( ( x_14 >= -1.6163 ) and ( ( x_22 <= -0.1135 ) or ( x_16 >= -0.0124 ) ) ) ) and ( not ( eventually[0,24] ( x_15 <= 0.5915 ) ) ) ) and ( always[25,inf] ( x_18 >= -0.7056 ) )"
NATOPS,0,0.8833333333333334,greedy_old,52,0,1,True,0.004760191004606895,30,29,0.9666666666666667,0.9354838709677419,28,0.9333333333333333,0.9333333333333333,31,27,0.8709677419354839,0.84375,26,0.8387096774193549,0.896551724137931,eventually ( ( x_4 >= 1.0858 ) and ( x_13 <= -0.9261 ) )
NATOPS,0,0.8833333333333334,greedy_old,53,1,7,False,0.005013557005440816,4,2,0.5,0.07142857142857142,2,0.5,0.06666666666666667,3,2,0.6666666666666666,0.07692307692307693,2,0.6666666666666666,0.06666666666666667,"( ( ( ( ( ( always[21,37] ( x_21 >= 1.0968 ) ) and ( not ( eventually[4,inf] ( ( x_4 >= 1.0131 ) or ( x_18 >= 0.0728 ) ) ) ) ) and ( not ( ( eventually[5,19] ( x_12 <= -0.7287 ) ) and ( eventually ( x_16 >= -2.1734 ) ) ) ) ) and ( not ( eventually ( ( x_22 >= 0.1348 ) and ( x_3 <= 1.5197 ) ) ) ) ) and ( not ( eventually[5,40] ( ( x_21 <= 0.6387 ) and ( always[5,inf] ( x_16 <= 0.2907 ) ) ) ) ) ) and ( always[25,inf] ( x_18 >= -0.5576 ) ) ) and ( ( eventually[20,46] ( eventually[3,4] ( x_14 <= -3.6302 ) ) ) or ( always[2,25] ( ( x_11 >= 1.1927 ) or ( x_3 >= 0.528 ) ) ) )"
NATOPS,0,0.8833333333333334,greedy_old,54,0,1,True,0.004833439001231454,30,29,0.9666666666666667,0.9354838709677419,28,0.9333333333333333,0.9333333333333333,31,27,0.8709677419354839,0.84375,26,0.8387096774193549,0.896551724137931,eventually ( ( x_4 >= 1.0858 ) and ( x_13 <= -0.9261 ) )
NATOPS,0,0.8833333333333334,greedy_old,55,1,3,True,0.004855958002735861,10,9,0.9,0.32142857142857145,9,0.9,0.3,6,4,0.6666666666666666,0.15384615384615385,4,0.6666666666666666,0.13793103448275862,"( ( always ( ( eventually[0,2] ( x_21 >= 1.226 ) ) or ( ( x_15 <= 1.0673 ) and ( x_4 <= -1.3772 ) ) ) ) and ( always[21,37] ( x_21 >= 1.0968 ) ) ) and ( not ( ( eventually ( x_19 >= -1.4758 ) ) and ( always[9,38] ( x_12 >= -2.317 ) ) ) )"
NATOPS,0,0.8833333333333334,greedy_old,56,0,1,True,0.004924829991068691,30,29,0.9666666666666667,0.9354838709677419,28,0.9333333333333333,0.9333333333333333,31,27,0.8709677419354839,0.84375,26,0.8387096774193549,0.896551724137931,eventually ( ( x_4 >= 1.0858 ) and ( x_13 <= -0.9261 ) )
NATOPS,0,0.8833333333333334,greedy_old,57,0,1,True,0.005389015001128428,30,29,0.9666666666666667,0.9354838709677419,28,0.9333333333333333,0.9333333333333333,31,27,0.8709677419354839,0.84375,26,0.8387096774193549,0.896551724137931,eventually ( ( x_4 >= 1.0858 ) and ( x_13 <= -0.9261 ) )
NATOPS,0,0.8833333333333334,greedy_old,58,4,1,True,0.006989864006754942,28,26,0.9285714285714286,0.8666666666666667,26,0.9285714285714286,0.8666666666666667,23,23,1.0,0.7666666666666667,22,0.9565217391304348,0.7586206896551724,"eventually[5,40] ( ( x_21 <= 0.0315 ) and ( always[5,inf] ( x_16 <= -0.3165 ) ) )"
NATOPS,0,0.8833333333333334,greedy_old,59,1,8,False,0.006616739992750809,5,4,0.8,0.14285714285714285,4,0.8,0.13333333333333333,2,1,0.5,0.038461538461538464,1,0.5,0.034482758620689655,"( ( ( ( ( ( ( always ( ( eventually[0,2] ( x_21 >= 1.226 ) ) or ( ( x_15 <= 1.0673 ) and ( x_4 <= -1.3772 ) ) ) ) and ( always[21,37] ( x_21 >= 1.0968 ) ) ) and ( not ( eventually[4,inf] ( ( x_4 >= 1.0131 ) or ( x_18 >= 0.0728 ) ) ) ) ) and ( not ( eventually[5,40] ( ( x_21 <= 0.6387 ) and ( always[5,inf] ( x_16 <= 0.2907 ) ) ) ) ) ) and ( not ( eventually ( ( x_22 >= 0.1348 ) and ( x_3 <= 1.5197 ) ) ) ) ) and ( not ( ( eventually[5,19] ( x_12 <= -0.7287 ) ) and ( eventually ( x_16 >= -2.1734 ) ) ) ) ) and ( not ( ( eventually ( x_19 <= -0.5233 ) ) and ( eventually[22,inf] ( always[10,14] ( x_12 <= -0.6152 ) ) ) ) ) ) and ( always[25,inf] ( x_18 >= -0.5576 ) )"
NATOPS,0,0.8833333333333334,greedy_old,60,4,2,True,0.007377989997621626,22,22,1.0,0.7333333333333333,22,1.0,0.7333333333333333,27,23,0.8518518518518519,0.7666666666666667,23,0.8518518518518519,0.7931034482758621,"( ( eventually[5,19] ( x_12 <= -1.3479 ) ) and ( eventually ( x_16 >= -1.5542 ) ) ) and ( eventually[2,28] ( ( eventually[6,inf] ( x_19 >= -0.2852 ) ) and ( x_23 >= 0.1665 ) ) )"
NATOPS,0,0.8833333333333334,greedy_old,61,5,1,True,0.006671733994153328,26,26,1.0,0.8666666666666667,26,1.0,0.8666666666666667,26,26,1.0,0.9629629629629629,26,1.0,0.896551724137931,"( eventually ( x_19 >= -0.5603 ) ) and ( always[9,38] ( x_12 >= -1.4015 ) )"
NATOPS,0,0.8833333333333334,greedy_old,62,0,1,True,0.005460012995172292,30,29,0.9666666666666667,0.9354838709677419,28,0.9333333333333333,0.9333333333333333,31,27,0.8709677419354839,0.84375,26,0.8387096774193549,0.896551724137931,eventually ( ( x_4 >= 1.0858 ) and ( x_13 <= -0.9261 ) )
NATOPS,0,0.8833333333333334,greedy_old,63,5,1,True,0.00494981900556013,26,26,1.0,0.8666666666666667,26,1.0,0.8666666666666667,26,26,1.0,0.9629629629629629,26,1.0,0.896551724137931,"( eventually ( x_19 >= -0.5603 ) ) and ( always[9,38] ( x_12 >= -1.4015 ) )"
NATOPS,0,0.8833333333333334,greedy_old,64,2,3,False,0.00497311599610839,21,18,0.8571428571428571,0.5806451612903226,15,0.7142857142857143,0.5,10,7,0.7,0.23333333333333334,7,0.7,0.23333333333333334,"( ( always ( ( x_14 >= -1.6163 ) and ( ( x_22 <= -0.1135 ) or ( x_16 >= -0.0124 ) ) ) ) and ( not ( eventually[0,24] ( x_15 <= 0.5915 ) ) ) ) and ( always[25,inf] ( x_18 >= -0.7056 ) )"
NATOPS,0,0.8833333333333334,greedy_old,65,1,2,True,0.004974573996150866,13,13,1.0,0.4642857142857143,13,1.0,0.43333333333333335,8,7,0.875,0.2692307692307692,6,0.75,0.20689655172413793,"( always ( ( eventually[0,2] ( x_21 >= 1.226 ) ) or ( ( x_15 <= 1.0673 ) and ( x_4 <= -1.3772 ) ) ) ) and ( not ( always ( ( x_14 >= -1.6972 ) and ( ( x_22 <= -0.0326 ) or ( x_16 >= -0.0933 ) ) ) ) )"
NATOPS,0,0.8833333333333334,greedy_old,66,1,2,True,0.005029200998251326,10,9,0.9,0.32142857142857145,10,1.0,0.3333333333333333,7,6,0.8571428571428571,0.23076923076923078,6,0.8571428571428571,0.20689655172413793,"( always[21,37] ( x_21 >= 1.0968 ) ) and ( not ( always ( ( x_14 >= -1.6972 ) and ( ( x_22 <= -0.0326 ) or ( x_16 >= -0.0933 ) ) ) ) )"
NATOPS,0,0.8833333333333334,greedy_old,67,2,3,True,0.005128310003783554,4,4,1.0,0.12903225806451613,4,1.0,0.13333333333333333,7,7,1.0,0.23333333333333334,6,0.8571428571428571,0.20689655172413793,"( ( always ( ( x_14 >= -1.6163 ) and ( ( x_22 <= -0.1135 ) or ( x_16 >= -0.0124 ) ) ) ) and ( ( eventually ( x_17 <= -1.5666 ) ) or ( always[24,29] ( x_3 >= 1.9374 ) ) ) ) and ( not ( ( eventually[5,19] ( x_12 <= -0.64 ) ) and ( eventually ( x_16 >= -2.2622 ) ) ) )"
NATOPS,0,0.8833333333333334,greedy_old,68,4,1,True,0.005223316999035887,28,26,0.9285714285714286,0.8666666666666667,26,0.9285714285714286,0.8666666666666667,23,23,1.0,0.7666666666666667,22,0.9565217391304348,0.7586206896551724,"eventually[5,40] ( ( x_21 <= 0.0315 ) and ( always[5,inf] ( x_16 <= -0.3165 ) ) )"
NATOPS,0,0.8833333333333334,greedy_old,69,1,2,True,0.005120080997585319,13,13,1.0,0.4642857142857143,13,1.0,0.43333333333333335,8,7,0.875,0.2692307692307692,6,0.75,0.20689655172413793,"( always ( ( eventually[0,2] ( x_21 >= 1.226 ) ) or ( ( x_15 <= 1.0673 ) and ( x_4 <= -1.3772 ) ) ) ) and ( not ( always ( ( x_14 >= -1.6972 ) and ( ( x_22 <= -0.0326 ) or ( x_16 >= -0.0933 ) ) ) ) )"
NATOPS,0,0.8833333333333334,greedy_old,70,5,1,True,0.005070828992757015,26,26,1.0,0.8666666666666667,26,1.0,0.8666666666666667,26,26,1.0,0.9629629629629629,26,1.0,0.896551724137931,"( eventually ( x_19 >= -0.5603 ) ) and ( always[9,38] ( x_12 >= -1.4015 ) )"
NATOPS,0,0.8833333333333334,greedy_old,71,3,1,True,0.00869496499944944,25,25,1.0,0.8333333333333334,25,1.0,0.8333333333333334,27,27,1.0,0.9310344827586207,27,1.0,0.9310344827586207,"( eventually ( x_19 <= -1.0971 ) ) and ( eventually[22,inf] ( always[10,14] ( x_12 <= -1.189 ) ) )"
NATOPS,0,0.8833333333333334,greedy_old,72,0,1,True,0.005028237996157259,30,29,0.9666666666666667,0.9354838709677419,28,0.9333333333333333,0.9333333333333333,31,27,0.8709677419354839,0.84375,26,0.8387096774193549,0.896551724137931,eventually ( ( x_4 >= 1.0858 ) and ( x_13 <= -0.9261 ) )
NATOPS,0,0.8833333333333334,greedy_old,73,3,1,True,0.004991551002603956,25,25,1.0,0.8333333333333334,25,1.0,0.8333333333333334,27,27,1.0,0.9310344827586207,27,1.0,0.9310344827586207,"( eventually ( x_19 <= -1.0971 ) ) and ( eventually[22,inf] ( always[10,14] ( x_12 <= -1.189 ) ) )"
NATOPS,0,0.8833333333333334,greedy_old,74,4,1,True,0.006667481997283176,28,26,0.9285714285714286,0.8666666666666667,26,0.9285714285714286,0.8666666666666667,23,23,1.0,0.7666666666666667,22,0.9565217391304348,0.7586206896551724,"eventually[5,40] ( ( x_21 <= 0.0315 ) and ( always[5,inf] ( x_16 <= -0.3165 ) ) )"
NATOPS,0,0.8833333333333334,greedy_old,75,3,1,True,0.005322430006344803,25,25,1.0,0.8333333333333334,25,1.0,0.8333333333333334,27,27,1.0,0.9310344827586207,27,1.0,0.9310344827586207,"( eventually ( x_19 <= -1.0971 ) ) and ( eventually[22,inf] ( always[10,14] ( x_12 <= -1.189 ) ) )"
NATOPS,0,0.8833333333333334,greedy_old,76,1,4,True,0.0052803830039920285,4,3,0.75,0.10714285714285714,4,1.0,0.13333333333333333,6,3,0.5,0.11538461538461539,2,0.3333333333333333,0.06896551724137931,"( ( ( always ( ( eventually[0,2] ( x_21 >= 1.226 ) ) or ( ( x_15 <= 1.0673 ) and ( x_4 <= -1.3772 ) ) ) ) and ( not ( eventually[5,40] ( ( x_21 <= 0.6387 ) and ( always[5,inf] ( x_16 <= 0.2907 ) ) ) ) ) ) and ( not ( eventually[0,24] ( x_15 <= 0.6094 ) ) ) ) and ( not ( ( eventually ( x_19 >= -1.4758 ) ) and ( always[9,38] ( x_12 >= -2.317 ) ) ) )"
NATOPS,0,0.8833333333333334,greedy_old,77,4,1,True,0.005211497002164833,28,26,0.9285714285714286,0.8666666666666667,26,0.9285714285714286,0.8666666666666667,23,23,1.0,0.7666666666666667,22,0.9565217391304348,0.7586206896551724,"eventually[5,40] ( ( x_21 <= 0.0315 ) and ( always[5,inf] ( x_16 <= -0.3165 ) ) )"
NATOPS,0,0.8833333333333334,greedy_old,78,4,1,True,0.005168704999960028,28,26,0.9285714285714286,0.8666666666666667,26,0.9285714285714286,0.8666666666666667,23,23,1.0,0.7666666666666667,22,0.9565217391304348,0.7586206896551724,"eventually[5,40] ( ( x_21 <= 0.0315 ) and ( always[5,inf] ( x_16 <= -0.3165 ) ) )"
NATOPS,0,0.8833333333333334,greedy_old,79,2,3,True,0.005229786998825148,7,7,1.0,0.22580645161290322,7,1.0,0.23333333333333334,7,7,1.0,0.23333333333333334,5,0.7142857142857143,0.1724137931034483,"( ( always ( ( x_14 >= -1.6163 ) and ( ( x_22 <= -0.1135 ) or ( x_16 >= -0.0124 ) ) ) ) and ( ( eventually ( x_17 <= -1.5666 ) ) or ( always[24,29] ( x_3 >= 1.9374 ) ) ) ) and ( ( eventually[20,46] ( eventually[3,4] ( x_14 <= -3.6706 ) ) ) or ( always[2,25] ( ( x_11 >= 1.2331 ) or ( x_3 >= 0.5683 ) ) ) )"
NATOPS,0,0.8833333333333334,greedy_old,80,0,1,True,0.005298008996760473,30,29,0.9666666666666667,0.9354838709677419,28,0.9333333333333333,0.9333333333333333,31,27,0.8709677419354839,0.84375,26,0.8387096774193549,0.896551724137931,eventually ( ( x_4 >= 1.0858 ) and ( x_13 <= -0.9261 ) )
NATOPS,0,0.8833333333333334,greedy_old,81,3,1,True,0.0069559559924528,25,25,1.0,0.8333333333333334,25,1.0,0.8333333333333334,27,27,1.0,0.9310344827586207,27,1.0,0.9310344827586207,"( eventually ( x_19 <= -1.0971 ) ) and ( eventually[22,inf] ( always[10,14] ( x_12 <= -1.189 ) ) )"
NATOPS,0,0.8833333333333334,greedy_old,82,3,1,True,0.004970049005351029,25,25,1.0,0.8333333333333334,25,1.0,0.8333333333333334,27,27,1.0,0.9310344827586207,27,1.0,0.9310344827586207,"( eventually ( x_19 <= -1.0971 ) ) and ( eventually[22,inf] ( always[10,14] ( x_12 <= -1.189 ) ) )"
NATOPS,0,0.8833333333333334,greedy_old,83,5,1,True,0.007511779011110775,26,26,1.0,0.8666666666666667,26,1.0,0.8666666666666667,26,26,1.0,0.9629629629629629,26,1.0,0.896551724137931,"( eventually ( x_19 >= -0.5603 ) ) and ( always[9,38] ( x_12 >= -1.4015 ) )"
NATOPS,0,0.8833333333333334,greedy_old,84,2,3,True,0.005214415010414086,10,8,0.8,0.25806451612903225,9,0.9,0.3,8,6,0.75,0.2,6,0.75,0.2,"( ( not ( ( ( eventually ( x_22 >= 0.4118 ) ) or ( eventually ( x_19 >= -0.3418 ) ) ) or ( ( always[40,inf] ( x_17 >= 0.1345 ) ) or ( eventually[23,inf] ( x_8 <= -0.6764 ) ) ) ) ) and ( not ( ( eventually[5,19] ( x_12 <= -0.64 ) ) and ( eventually ( x_16 >= -2.2622 ) ) ) ) ) and ( not ( eventually ( ( x_4 >= 0.4013 ) and ( x_13 <= -0.2416 ) ) ) )"
NATOPS,0,0.8833333333333334,greedy_old,85,5,1,True,0.005118690998642705,26,26,1.0,0.8666666666666667,26,1.0,0.8666666666666667,26,26,1.0,0.9629629629629629,26,1.0,0.896551724137931,"( eventually ( x_19 >= -0.5603 ) ) and ( always[9,38] ( x_12 >= -1.4015 ) )"
NATOPS,0,0.8833333333333334,greedy_old,86,2,2,True,0.005228654001257382,18,18,1.0,0.5806451612903226,17,0.9444444444444444,0.5666666666666667,13,13,1.0,0.43333333333333335,9,0.6923076923076923,0.3103448275862069,"( not ( ( ( eventually ( x_22 >= 0.4118 ) ) or ( eventually ( x_19 >= -0.3418 ) ) ) or ( ( always[40,inf] ( x_17 >= 0.1345 ) ) or ( eventually[23,inf] ( x_8 <= -0.6764 ) ) ) ) ) and ( always ( ( x_14 >= -1.6163 ) and ( ( x_22 <= -0.1135 ) or ( x_16 >= -0.0124 ) ) ) )"
NATOPS,0,0.8833333333333334,greedy_old,87,5,1,True,0.00527871199301444,26,26,1.0,0.8666666666666667,26,1.0,0.8666666666666667,26,26,1.0,0.9629629629629629,26,1.0,0.896551724137931,"( eventually ( x_19 >= -0.5603 ) ) and ( always[9,38] ( x_12 >= -1.4015 ) )"
NATOPS,0,0.8833333333333334,greedy_old,88,5,1,True,0.005200386993237771,26,26,1.0,0.8666666666666667,26,1.0,0.8666666666666667,26,26,1.0,0.9629629629629629,26,1.0,0.896551724137931,"( eventually ( x_19 >= -0.5603 ) ) and ( always[9,38] ( x_12 >= -1.4015 ) )"
NATOPS,0,0.8833333333333334,greedy_old,89,4,2,True,0.0052125200018053874,27,27,1.0,0.9,27,1.0,0.9,24,22,0.9166666666666666,0.7333333333333333,22,0.9166666666666666,0.7586206896551724,"( ( ( always[44,47] ( x_22 >= -1.8036 ) ) or ( eventually[2,50] ( x_15 <= 1.1386 ) ) ) and ( ( always[39,49] ( x_13 >= -0.985 ) ) or ( eventually[33,36] ( x_21 <= 0.0539 ) ) ) ) and ( ( eventually[5,19] ( x_12 <= -1.3479 ) ) and ( eventually ( x_16 >= -1.5542 ) ) )"
NATOPS,0,0.8833333333333334,greedy_old,90,4,1,True,0.00507121100963559,28,26,0.9285714285714286,0.8666666666666667,26,0.9285714285714286,0.8666666666666667,23,23,1.0,0.7666666666666667,22,0.9565217391304348,0.7586206896551724,"eventually[5,40] ( ( x_21 <= 0.0315 ) and ( always[5,inf] ( x_16 <= -0.3165 ) ) )"
NATOPS,0,0.8833333333333334,greedy_old,91,2,2,True,0.00513853199663572,18,18,1.0,0.5806451612903226,17,0.9444444444444444,0.5666666666666667,13,13,1.0,0.43333333333333335,9,0.6923076923076923,0.3103448275862069,"( not ( ( ( eventually ( x_22 >= 0.4118 ) ) or ( eventually ( x_19 >= -0.3418 ) ) ) or ( ( always[40,inf] ( x_17 >= 0.1345 ) ) or ( eventually[23,inf] ( x_8 <= -0.6764 ) ) ) ) ) and ( always ( ( x_14 >= -1.6163 ) and ( ( x_22 <= -0.1135 ) or ( x_16 >= -0.0124 ) ) ) )"
NATOPS,0,0.8833333333333334,greedy_old,92,4,1,True,0.0051904039864894,28,26,0.9285714285714286,0.8666666666666667,26,0.9285714285714286,0.8666666666666667,23,23,1.0,0.7666666666666667,22,0.9565217391304348,0.7586206896551724,"eventually[5,40] ( ( x_21 <= 0.0315 ) and ( always[5,inf] ( x_16 <= -0.3165 ) ) )"
NATOPS,0,0.8833333333333334,greedy_old,93,3,1,True,0.005232872994383797,25,25,1.0,0.8333333333333334,25,1.0,0.8333333333333334,27,27,1.0,0.9310344827586207,27,1.0,0.9310344827586207,"( eventually ( x_19 <= -1.0971 ) ) and ( eventually[22,inf] ( always[10,14] ( x_12 <= -1.189 ) ) )"
NATOPS,0,0.8833333333333334,greedy_old,94,5,1,True,0.006053629011148587,26,26,1.0,0.8666666666666667,26,1.0,0.8666666666666667,26,26,1.0,0.9629629629629629,26,1.0,0.896551724137931,"( eventually ( x_19 >= -0.5603 ) ) and ( always[9,38] ( x_12 >= -1.4015 ) )"
NATOPS,0,0.8833333333333334,greedy_old,95,1,4,True,0.005139378001331352,4,4,1.0,0.14285714285714285,4,1.0,0.13333333333333333,8,7,0.875,0.2692307692307692,7,0.875,0.23333333333333334,"( ( ( always ( ( eventually[0,2] ( x_21 >= 1.226 ) ) or ( ( x_15 <= 1.0673 ) and ( x_4 <= -1.3772 ) ) ) ) and ( ( eventually ( x_17 <= -1.3704 ) ) or ( always[24,29] ( x_3 >= 1.7412 ) ) ) ) and ( not ( ( eventually ( x_19 >= -1.4758 ) ) and ( always[9,38] ( x_12 >= -2.317 ) ) ) ) ) and ( not ( always ( eventually[8,17] ( x_15 <= 1.6391 ) ) ) )"
NATOPS,0,0.8833333333333334,greedy_old,96,1,8,False,0.0053868179966229945,6,2,0.3333333333333333,0.07142857142857142,3,0.5,0.1,10,6,0.6,0.23076923076923078,6,0.6,0.20689655172413793,"( ( ( ( ( ( ( not ( eventually[4,inf] ( ( x_4 >= 1.0131 ) or ( x_18 >= 0.0728 ) ) ) ) and ( ( eventually ( x_17 <= -1.3704 ) ) or ( always[24,29] ( x_3 >= 1.7412 ) ) ) ) and ( not ( ( eventually ( x_19 >= -1.4758 ) ) and ( always[9,38] ( x_12 >= -2.317 ) ) ) ) ) and ( not ( ( eventually[5,19] ( x_12 <= -0.7287 ) ) and ( eventually ( x_16 >= -2.1734 ) ) ) ) ) and ( not ( eventually[0,24] ( x_15 <= 0.6094 ) ) ) ) and ( not ( eventually ( ( x_22 >= 0.1348 ) and ( x_3 <= 1.5197 ) ) ) ) ) and ( ( eventually[20,46] ( eventually[3,4] ( x_14 <= -3.6302 ) ) ) or ( always[2,25] ( ( x_11 >= 1.1927 ) or ( x_3 >= 0.528 ) ) ) ) ) and ( not ( always ( eventually[8,17] ( x_15 <= 1.6391 ) ) ) )"
NATOPS,0,0.8833333333333334,greedy_old,97,5,1,True,0.005082689007394947,26,26,1.0,0.8666666666666667,26,1.0,0.8666666666666667,26,26,1.0,0.9629629629629629,26,1.0,0.896551724137931,"( eventually ( x_19 >= -0.5603 ) ) and ( always[9,38] ( x_12 >= -1.4015 ) )"
NATOPS,0,0.8833333333333334,greedy_old,98,0,1,True,0.005176670994842425,30,29,0.9666666666666667,0.9354838709677419,28,0.9333333333333333,0.9333333333333333,31,27,0.8709677419354839,0.84375,26,0.8387096774193549,0.896551724137931,eventually ( ( x_4 >= 1.0858 ) and ( x_13 <= -0.9261 ) )
NATOPS,0,0.8833333333333334,greedy_old,99,3,1,True,0.005053505999967456,25,25,1.0,0.8333333333333334,25,1.0,0.8333333333333334,27,27,1.0,0.9310344827586207,27,1.0,0.9310344827586207,"( eventually ( x_19 <= -1.0971 ) ) and ( eventually[22,inf] ( always[10,14] ( x_12 <= -1.189 ) ) )"
NATOPS,0,0.8833333333333334,greedy_old,100,0,1,True,0.00486448900483083,30,29,0.9666666666666667,0.9354838709677419,28,0.9333333333333333,0.9333333333333333,31,27,0.8709677419354839,0.84375,26,0.8387096774193549,0.896551724137931,eventually ( ( x_4 >= 1.0858 ) and ( x_13 <= -0.9261 ) )
NATOPS,0,0.8833333333333334,greedy_old,101,5,1,True,0.004960434991517104,26,26,1.0,0.8666666666666667,26,1.0,0.8666666666666667,26,26,1.0,0.9629629629629629,26,1.0,0.896551724137931,"( eventually ( x_19 >= -0.5603 ) ) and ( always[9,38] ( x_12 >= -1.4015 ) )"
NATOPS,0,0.8833333333333334,greedy_old,102,3,1,True,0.004926434994558804,25,25,1.0,0.8333333333333334,25,1.0,0.8333333333333334,27,27,1.0,0.9310344827586207,27,1.0,0.9310344827586207,"( eventually ( x_19 <= -1.0971 ) ) and ( eventually[22,inf] ( always[10,14] ( x_12 <= -1.189 ) ) )"
NATOPS,0,0.8833333333333334,greedy_old,103,5,1,True,0.00539555300201755,26,26,1.0,0.8666666666666667,26,1.0,0.8666666666666667,26,26,1.0,0.9629629629629629,26,1.0,0.896551724137931,"( eventually ( x_19 >= -0.5603 ) ) and ( always[9,38] ( x_12 >= -1.4015 ) )"
NATOPS,0,0.8833333333333334,greedy_old,104,0,1,True,0.005141575005836785,30,29,0.9666666666666667,0.9354838709677419,28,0.9333333333333333,0.9333333333333333,31,27,0.8709677419354839,0.84375,26,0.8387096774193549,0.896551724137931,eventually ( ( x_4 >= 1.0858 ) and ( x_13 <= -0.9261 ) )
NATOPS,0,0.8833333333333334,greedy_old,105,0,1,True,0.006588773991097696,30,29,0.9666666666666667,0.9354838709677419,28,0.9333333333333333,0.9333333333333333,31,27,0.8709677419354839,0.84375,27,0.8709677419354839,0.9,eventually ( ( x_4 >= 1.0858 ) and ( x_13 <= -0.9261 ) )
NATOPS,0,0.8833333333333334,greedy_old,106,5,1,True,0.005270627996651456,26,26,1.0,0.8666666666666667,26,1.0,0.8666666666666667,26,26,1.0,0.9629629629629629,26,1.0,0.896551724137931,"( eventually ( x_19 >= -0.5603 ) ) and ( always[9,38] ( x_12 >= -1.4015 ) )"
NATOPS,0,0.8833333333333334,greedy_old,107,0,3,True,0.005005786006222479,13,12,0.9230769230769231,0.3870967741935484,12,0.9230769230769231,0.4,4,4,1.0,0.125,4,1.0,0.13793103448275862,"( ( not ( eventually[5,40] ( ( x_21 <= 0.7521 ) and ( always[5,inf] ( x_16 <= 0.404 ) ) ) ) ) and ( eventually ( ( x_22 >= 0.7276 ) and ( x_3 <= 0.9269 ) ) ) ) and ( not ( ( eventually ( x_19 <= -0.5585 ) ) and ( eventually[22,inf] ( always[10,14] ( x_12 <= -0.6504 ) ) ) ) )"
NATOPS,0,0.8833333333333334,greedy_old,108,2,2,True,0.0051815860060742125,18,18,1.0,0.5806451612903226,17,0.9444444444444444,0.5666666666666667,13,13,1.0,0.43333333333333335,9,0.6923076923076923,0.3103448275862069,"( not ( ( ( eventually ( x_22 >= 0.4118 ) ) or ( eventually ( x_19 >= -0.3418 ) ) ) or ( ( always[40,inf] ( x_17 >= 0.1345 ) ) or ( eventually[23,inf] ( x_8 <= -0.6764 ) ) ) ) ) and ( always ( ( x_14 >= -1.6163 ) and ( ( x_22 <= -0.1135 ) or ( x_16 >= -0.0124 ) ) ) )"
NATOPS,0,0.8833333333333334,greedy_old,109,5,1,True,0.006518851005239412,26,26,1.0,0.8666666666666667,26,1.0,0.8666666666666667,26,26,1.0,0.9629629629629629,26,1.0,0.896551724137931,"( eventually ( x_19 >= -0.5603 ) ) and ( always[9,38] ( x_12 >= -1.4015 ) )"
NATOPS,0,0.8833333333333334,greedy_old,110,0,3,True,0.005158400992513634,11,11,1.0,0.3548387096774194,11,1.0,0.36666666666666664,13,11,0.8461538461538461,0.34375,11,0.8461538461538461,0.3793103448275862,"( ( not ( ( eventually ( x_17 <= -0.8086 ) ) or ( always[24,29] ( x_3 >= 1.1794 ) ) ) ) and ( not ( ( eventually ( x_19 >= -1.2144 ) ) and ( always[9,38] ( x_12 >= -2.0557 ) ) ) ) ) and ( not ( ( eventually[5,19] ( x_12 <= -0.6349 ) ) and ( eventually ( x_16 >= -2.2673 ) ) ) )"
NATOPS,0,0.8833333333333334,greedy_old,111,1,2,True,0.005548828994506039,10,9,0.9,0.32142857142857145,10,1.0,0.3333333333333333,7,6,0.8571428571428571,0.23076923076923078,6,0.8571428571428571,0.20689655172413793,"( always[21,37] ( x_21 >= 1.0968 ) ) and ( not ( always ( ( x_14 >= -1.6972 ) and ( ( x_22 <= -0.0326 ) or ( x_16 >= -0.0933 ) ) ) ) )"
NATOPS,0,0.8833333333333334,greedy_old,112,1,2,True,0.005096006003441289,13,13,1.0,0.4642857142857143,13,1.0,0.43333333333333335,8,7,0.875,0.2692307692307692,6,0.75,0.20689655172413793,"( always ( ( eventually[0,2] ( x_21 >= 1.226 ) ) or ( ( x_15 <= 1.0673 ) and ( x_4 <= -1.3772 ) ) ) ) and ( not ( always ( ( x_14 >= -1.6972 ) and ( ( x_22 <= -0.0326 ) or ( x_16 >= -0.0933 ) ) ) ) )"
NATOPS,0,0.8833333333333334,greedy_old,113,4,1,True,0.0052707949944306165,28,26,0.9285714285714286,0.8666666666666667,26,0.9285714285714286,0.8666666666666667,23,23,1.0,0.7666666666666667,22,0.9565217391304348,0.7586206896551724,"eventually[5,40] ( ( x_21 <= 0.0315 ) and ( always[5,inf] ( x_16 <= -0.3165 ) ) )"
NATOPS,0,0.8833333333333334,greedy_old,114,1,2,True,0.005001989004085772,13,13,1.0,0.4642857142857143,13,1.0,0.43333333333333335,8,7,0.875,0.2692307692307692,6,0.75,0.20689655172413793,"( always ( ( eventually[0,2] ( x_21 >= 1.226 ) ) or ( ( x_15 <= 1.0673 ) and ( x_4 <= -1.3772 ) ) ) ) and ( not ( always ( ( x_14 >= -1.6972 ) and ( ( x_22 <= -0.0326 ) or ( x_16 >= -0.0933 ) ) ) ) )"
NATOPS,0,0.8833333333333334,greedy_old,115,0,1,True,0.004890846001217142,30,29,0.9666666666666667,0.9354838709677419,28,0.9333333333333333,0.9333333333333333,31,27,0.8709677419354839,0.84375,26,0.8387096774193549,0.896551724137931,eventually ( ( x_4 >= 1.0858 ) and ( x_13 <= -0.9261 ) )
NATOPS,0,0.8833333333333334,greedy_old,116,0,1,True,0.005013496003812179,30,29,0.9666666666666667,0.9354838709677419,28,0.9333333333333333,0.9333333333333333,31,27,0.8709677419354839,0.84375,26,0.8387096774193549,0.896551724137931,eventually ( ( x_4 >= 1.0858 ) and ( x_13 <= -0.9261 ) )
NATOPS,0,0.8833333333333334,greedy_old,117,2,6,False,0.005265437997877598,11,7,0.6363636363636364,0.22580645161290322,6,0.5454545454545454,0.2,5,4,0.8,0.13333333333333333,2,0.4,0.06896551724137931,"( ( ( ( ( not ( ( ( eventually ( x_22 >= 0.4118 ) ) or ( eventually ( x_19 >= -0.3418 ) ) ) or ( ( always[40,inf] ( x_17 >= 0.1345 ) ) or ( eventually[23,inf] ( x_8 <= -0.6764 ) ) ) ) ) and ( not ( eventually ( eventually[14,17] ( ( x_10 <= 0.6222 ) and ( x_22 >= 0.3742 ) ) ) ) ) ) and ( not ( eventually ( ( x_4 >= 0.4013 ) and ( x_13 <= -0.2416 ) ) ) ) ) and ( not ( eventually[5,40] ( ( x_21 <= 0.5546 ) and ( always[5,inf] ( x_16 <= 0.2065 ) ) ) ) ) ) and ( always ( ( x_22 <= 0.3742 ) and ( x_15 >= 0.0128 ) ) ) ) and ( ( eventually[20,46] ( eventually[3,4] ( x_14 <= -3.6706 ) ) ) or ( always[2,25] ( ( x_11 >= 1.2331 ) or ( x_3 >= 0.5683 ) ) ) )"
NATOPS,0,0.8833333333333334,greedy_old,118,4,1,True,0.005311968008754775,28,26,0.9285714285714286,0.8666666666666667,26,0.9285714285714286,0.8666666666666667,23,23,1.0,0.7666666666666667,22,0.9565217391304348,0.7586206896551724,"eventually[5,40] ( ( x_21 <= 0.0315 ) and ( always[5,inf] ( x_16 <= -0.3165 ) ) )"
NATOPS,0,0.8833333333333334,greedy_old,119,2,2,True,0.005174848003662191,18,18,1.0,0.5806451612903226,17,0.9444444444444444,0.5666666666666667,13,13,1.0,0.43333333333333335,10,0.7692307692307693,0.3333333333333333,"( not ( ( ( eventually ( x_22 >= 0.4118 ) ) or ( eventually ( x_19 >= -0.3418 ) ) ) or ( ( always[40,inf] ( x_17 >= 0.1345 ) ) or ( eventually[23,inf] ( x_8 <= -0.6764 ) ) ) ) ) and ( always ( ( x_14 >= -1.6163 ) and ( ( x_22 <= -0.1135 ) or ( x_16 >= -0.0124 ) ) ) )"
NATOPS,0,0.8833333333333334,greedy_old,120,0,1,True,0.005130299992742948,30,29,0.9666666666666667,0.9354838709677419,28,0.9333333333333333,0.9333333333333333,31,27,0.8709677419354839,0.84375,26,0.8387096774193549,0.896551724137931,eventually ( ( x_4 >= 1.0858 ) and ( x_13 <= -0.9261 ) )
NATOPS,0,0.8833333333333334,greedy_old,121,3,1,True,0.004836986990994774,25,25,1.0,0.8333333333333334,25,1.0,0.8333333333333334,27,27,1.0,0.9310344827586207,27,1.0,0.9310344827586207,"( eventually ( x_19 <= -1.0971 ) ) and ( eventually[22,inf] ( always[10,14] ( x_12 <= -1.189 ) ) )"
NATOPS,0,0.8833333333333334,greedy_old,122,4,2,True,0.005162362998817116,16,15,0.9375,0.5,15,0.9375,0.5,25,17,0.68,0.5666666666666667,17,0.68,0.5862068965517241,"( ( eventually[5,19] ( x_12 <= -1.3479 ) ) and ( eventually ( x_16 >= -1.5542 ) ) ) and ( not ( always ( ( x_14 >= -1.7194 ) and ( ( x_22 <= -0.0105 ) or ( x_16 >= -0.1155 ) ) ) ) )"
NATOPS,0,0.8833333333333334,greedy_old,123,3,1,True,0.004820682996069081,25,25,1.0,0.8333333333333334,25,1.0,0.8333333333333334,27,27,1.0,0.9310344827586207,27,1.0,0.9310344827586207,"( eventually ( x_19 <= -1.0971 ) ) and ( eventually[22,inf] ( always[10,14] ( x_12 <= -1.189 ) ) )"
NATOPS,0,0.8833333333333334,greedy_old,124,1,6,False,0.005430791003163904,8,5,0.625,0.17857142857142858,5,0.625,0.16666666666666666,7,6,0.8571428571428571,0.23076923076923078,4,0.5714285714285714,0.13793103448275862,"( ( ( ( ( always[21,37] ( x_21 >= 1.0968 ) ) and ( not ( eventually[4,inf] ( ( x_4 >= 1.0131 ) or ( x_18 >= 0.0728 ) ) ) ) ) and ( not ( ( eventually[5,19] ( x_12 <= -0.7287 ) ) and ( eventually ( x_16 >= -2.1734 ) ) ) ) ) and ( not ( eventually ( ( x_22 >= 0.1348 ) and ( x_3 <= 1.5197 ) ) ) ) ) and ( not ( eventually[5,40] ( ( x_21 <= 0.6387 ) and ( always[5,inf] ( x_16 <= 0.2907 ) ) ) ) ) ) and ( always[25,inf] ( x_18 >= -0.5576 ) )"
NATOPS,0,0.8833333333333334,greedy_old,125,1,3,True,0.005259377998299897,10,9,0.9,0.32142857142857145,9,0.9,0.3,6,4,0.6666666666666666,0.15384615384615385,5,0.8333333333333334,0.16666666666666666,"( ( always ( ( eventually[0,2] ( x_21 >= 1.226 ) ) or ( ( x_15 <= 1.0673 ) and ( x_4 <= -1.3772 ) ) ) ) and ( always[21,37] ( x_21 >= 1.0968 ) ) ) and ( not ( ( eventually ( x_19 >= -1.4758 ) ) and ( always[9,38] ( x_12 >= -2.317 ) ) ) )"
NATOPS,0,0.8833333333333334,greedy_old,126,2,1,False,0.006073504002415575,60,17,0.2833333333333333,0.5483870967741935,15,0.25,0.5,62,21,0.3387096774193548,0.7,16,0.25806451612903225,0.5517241379310345,"always[20,30] ( ( x_18 <= -0.4604 ) or ( x_16 <= -0.1066 ) )"
NATOPS,0,0.8833333333333334,greedy_old,127,2,4,True,0.0053211460035527125,7,7,1.0,0.22580645161290322,7,1.0,0.23333333333333334,10,10,1.0,0.3333333333333333,8,0.8,0.27586206896551724,"( ( ( always ( ( x_14 >= -1.6163 ) and ( ( x_22 <= -0.1135 ) or ( x_16 >= -0.0124 ) ) ) ) and ( ( eventually[20,46] ( eventually[3,4] ( x_14 <= -3.6706 ) ) ) or ( always[2,25] ( ( x_11 >= 1.2331 ) or ( x_3 >= 0.5683 ) ) ) ) ) and ( not ( always ( eventually[8,17] ( x_15 <= 1.6018 ) ) ) ) ) and ( not ( eventually[5,40] ( ( x_21 <= 0.5546 ) and ( always[5,inf] ( x_16 <= 0.2065 ) ) ) ) )"
NATOPS,0,0.8833333333333334,greedy_old,128,2,3,True,0.007171713004936464,10,10,1.0,0.3225806451612903,9,0.9,0.3,8,7,0.875,0.23333333333333334,5,0.625,0.1724137931034483,"( ( always ( ( x_14 >= -1.6163 ) and ( ( x_22 <= -0.1135 ) or ( x_16 >= -0.0124 ) ) ) ) and ( ( eventually[20,46] ( eventually[3,4] ( x_14 <= -3.6706 ) ) ) or ( always[2,25] ( ( x_11 >= 1.2331 ) or ( x_3 >= 0.5683 ) ) ) ) ) and ( not ( ( eventually ( x_19 >= -1.4798 ) ) and ( always[9,38] ( x_12 >= -2.3211 ) ) ) )"
NATOPS,0,0.8833333333333334,greedy_old,129,0,1,True,0.005439669999759644,30,29,0.9666666666666667,0.9354838709677419,28,0.9333333333333333,0.9333333333333333,31,27,0.8709677419354839,0.84375,26,0.8387096774193549,0.896551724137931,eventually ( ( x_4 >= 1.0858 ) and ( x_13 <= -0.9261 ) )
NATOPS,0,0.8833333333333334,greedy_old,130,4,1,True,0.005235520002315752,28,26,0.9285714285714286,0.8666666666666667,26,0.9285714285714286,0.8666666666666667,23,23,1.0,0.7666666666666667,22,0.9565217391304348,0.7586206896551724,"eventually[5,40] ( ( x_21 <= 0.0315 ) and ( always[5,inf] ( x_16 <= -0.3165 ) ) )"
NATOPS,0,0.8833333333333334,greedy_old,131,0,1,True,0.004987694002920762,30,29,0.9666666666666667,0.9354838709677419,28,0.9333333333333333,0.9333333333333333,31,27,0.8709677419354839,0.84375,26,0.8387096774193549,0.896551724137931,eventually ( ( x_4 >= 1.0858 ) and ( x_13 <= -0.9261 ) )
NATOPS,0,0.8833333333333334,greedy_old,132,0,1,True,0.007712842008913867,30,29,0.9666666666666667,0.9354838709677419,28,0.9333333333333333,0.9333333333333333,31,27,0.8709677419354839,0.84375,26,0.8387096774193549,0.896551724137931,eventually ( ( x_4 >= 1.0858 ) and ( x_13 <= -0.9261 ) )
NATOPS,0,0.8833333333333334,greedy_old,133,1,4,True,0.005172188000869937,4,4,1.0,0.14285714285714285,4,1.0,0.13333333333333333,8,7,0.875,0.2692307692307692,6,0.75,0.20689655172413793,"( ( ( always ( ( eventually[0,2] ( x_21 >= 1.226 ) ) or ( ( x_15 <= 1.0673 ) and ( x_4 <= -1.3772 ) ) ) ) and ( ( eventually ( x_17 <= -1.3704 ) ) or ( always[24,29] ( x_3 >= 1.7412 ) ) ) ) and ( not ( ( eventually ( x_19 >= -1.4758 ) ) and ( always[9,38] ( x_12 >= -2.317 ) ) ) ) ) and ( not ( always ( eventually[8,17] ( x_15 <= 1.6391 ) ) ) )"
NATOPS,0,0.8833333333333334,greedy_old,134,3,1,True,0.0047639940021326765,25,25,1.0,0.8333333333333334,25,1.0,0.8333333333333334,27,27,1.0,0.9310344827586207,27,1.0,0.9310344827586207,"( eventually ( x_19 <= -1.0971 ) ) and ( eventually[22,inf] ( always[10,14] ( x_12 <= -1.189 ) ) )"
NATOPS,0,0.8833333333333334,greedy_old,135,4,1,True,0.005507587004103698,28,26,0.9285714285714286,0.8666666666666667,26,0.9285714285714286,0.8666666666666667,23,23,1.0,0.7666666666666667,22,0.9565217391304348,0.7586206896551724,"eventually[5,40] ( ( x_21 <= 0.0315 ) and ( always[5,inf] ( x_16 <= -0.3165 ) ) )"
NATOPS,0,0.8833333333333334,greedy_old,136,4,1,True,0.005270062989438884,28,26,0.9285714285714286,0.8666666666666667,26,0.9285714285714286,0.8666666666666667,23,23,1.0,0.7666666666666667,22,0.9565217391304348,0.7586206896551724,"eventually[5,40] ( ( x_21 <= 0.0315 ) and ( always[5,inf] ( x_16 <= -0.3165 ) ) )"
NATOPS,0,0.8833333333333334,greedy_old,137,2,2,True,0.0051811590092256665,18,18,1.0,0.5806451612903226,17,0.9444444444444444,0.5666666666666667,13,13,1.0,0.43333333333333335,9,0.6923076923076923,0.3103448275862069,"( not ( ( ( eventually ( x_22 >= 0.4118 ) ) or ( eventually ( x_19 >= -0.3418 ) ) ) or ( ( always[40,inf] ( x_17 >= 0.1345 ) ) or ( eventually[23,inf] ( x_8 <= -0.6764 ) ) ) ) ) and ( always ( ( x_14 >= -1.6163 ) and ( ( x_22 <= -0.1135 ) or ( x_16 >= -0.0124 ) ) ) )"
NATOPS,0,0.8833333333333334,greedy_old,138,1,7,False,0.0050774839910445735,5,4,0.8,0.14285714285714285,4,0.8,0.13333333333333333,4,3,0.75,0.11538461538461539,2,0.5,0.06896551724137931,"( ( ( ( ( ( always ( ( eventually[0,2] ( x_21 >= 1.226 ) ) or ( ( x_15 <= 1.0673 ) and ( x_4 <= -1.3772 ) ) ) ) and ( always[21,37] ( x_21 >= 1.0968 ) ) ) and ( not ( eventually[4,inf] ( ( x_4 >= 1.0131 ) or ( x_18 >= 0.0728 ) ) ) ) ) and ( not ( eventually[5,40] ( ( x_21 <= 0.6387 ) and ( always[5,inf] ( x_16 <= 0.2907 ) ) ) ) ) ) and ( not ( eventually ( ( x_22 >= 0.1348 ) and ( x_3 <= 1.5197 ) ) ) ) ) and ( not ( ( eventually[5,19] ( x_12 <= -0.7287 ) ) and ( eventually ( x_16 >= -2.1734 ) ) ) ) ) and ( always[25,inf] ( x_18 >= -0.5576 ) )"
NATOPS,0,0.8833333333333334,greedy_old,139,2,3,True,0.0054001160024199635,6,6,1.0,0.1935483870967742,6,1.0,0.2,7,7,1.0,0.23333333333333334,6,0.8571428571428571,0.2,"( ( always ( ( x_14 >= -1.6163 ) and ( ( x_22 <= -0.1135 ) or ( x_16 >= -0.0124 ) ) ) ) and ( ( eventually ( x_17 <= -1.5666 ) ) or ( always[24,29] ( x_3 >= 1.9374 ) ) ) ) and ( not ( ( eventually ( x_19 >= -1.4798 ) ) and ( always[9,38] ( x_12 >= -2.3211 ) ) ) )"
NATOPS,0,0.8833333333333334,greedy_old,140,0,8,False,0.005450555006973445,5,2,0.4,0.06451612903225806,2,0.4,0.06666666666666667,9,5,0.5555555555555556,0.15625,4,0.4444444444444444,0.13333333333333333,"( ( ( ( ( ( ( not ( ( eventually ( x_19 >= -1.2144 ) ) and ( always[9,38] ( x_12 >= -2.0557 ) ) ) ) and ( not ( ( eventually[5,19] ( x_12 <= -0.6349 ) ) and ( eventually ( x_16 >= -2.2673 ) ) ) ) ) and ( not ( always[22,23] ( eventually[12,inf] ( ( x_1 >= -1.7401 ) and ( x_0 <= -0.1479 ) ) ) ) ) ) and ( always[25,inf] ( x_18 >= -0.5879 ) ) ) and ( not ( ( eventually[12,47] ( x_20 <= -2.7071 ) ) or ( eventually[0,17] ( x_18 <= -0.5668 ) ) ) ) ) and ( not ( ( eventually ( x_19 <= -0.5585 ) ) and ( eventually[22,inf] ( always[10,14] ( x_12 <= -0.6504 ) ) ) ) ) ) and ( not ( eventually[0,24] ( x_15 <= 0.5717 ) ) ) ) and ( ( eventually[20,46] ( eventually[3,4] ( x_14 <= -3.5779 ) ) ) or ( always[2,25] ( ( x_11 >= 1.1403 ) or ( x_3 >= 0.4756 ) ) ) )"
NATOPS,0,0.8833333333333334,greedy_old,141,4,1,True,0.005466564995003864,28,26,0.9285714285714286,0.8666666666666667,26,0.9285714285714286,0.8666666666666667,23,23,1.0,0.7666666666666667,22,0.9565217391304348,0.7586206896551724,"eventually[5,40] ( ( x_21 <= 0.0315 ) and ( always[5,inf] ( x_16 <= -0.3165 ) ) )"
NATOPS,0,0.8833333333333334,greedy_old,142,4,1,True,0.005101194008602761,28,26,0.9285714285714286,0.8666666666666667,26,0.9285714285714286,0.8666666666666667,23,23,1.0,0.7666666666666667,22,0.9565217391304348,0.7586206896551724,"eventually[5,40] ( ( x_21 <= 0.0315 ) and ( always[5,inf] ( x_16 <= -0.3165 ) ) )"
NATOPS,0,0.8833333333333334,greedy_old,143,3,1,True,0.004663971994887106,25,25,1.0,0.8333333333333334,25,1.0,0.8333333333333334,27,27,1.0,0.9310344827586207,27,1.0,0.9310344827586207,"( eventually ( x_19 <= -1.0971 ) ) and ( eventually[22,inf] ( always[10,14] ( x_12 <= -1.189 ) ) )"
NATOPS,0,0.8833333333333334,greedy_old,144,1,2,True,0.005136268999194726,18,17,0.9444444444444444,0.6071428571428571,17,0.9444444444444444,0.5666666666666667,10,10,1.0,0.38461538461538464,9,0.9,0.3103448275862069,"( not ( eventually[4,inf] ( ( x_4 >= 1.0131 ) or ( x_18 >= 0.0728 ) ) ) ) and ( not ( always ( ( x_14 >= -1.6972 ) and ( ( x_22 <= -0.0326 ) or ( x_16 >= -0.0933 ) ) ) ) )"
NATOPS,0,0.8833333333333334,greedy_old,145,4,1,True,0.005106301003252156,28,26,0.9285714285714286,0.8666666666666667,26,0.9285714285714286,0.8666666666666667,23,23,1.0,0.7666666666666667,22,0.9565217391304348,0.7586206896551724,"eventually[5,40] ( ( x_21 <= 0.0315 ) and ( always[5,inf] ( x_16 <= -0.3165 ) ) )"
NATOPS,0,0.8833333333333334,greedy_old,146,0,1,True,0.005134744002134539,30,29,0.9666666666666667,0.9354838709677419,28,0.9333333333333333,0.9333333333333333,31,27,0.8709677419354839,0.84375,26,0.8387096774193549,0.896551724137931,eventually ( ( x_4 >= 1.0858 ) and ( x_13 <= -0.9261 ) )
NATOPS,0,0.8833333333333334,greedy_old,147,4,2,True,0.005901037002331577,22,22,1.0,0.7333333333333333,22,1.0,0.7333333333333333,27,23,0.8518518518518519,0.7666666666666667,23,0.8518518518518519,0.7931034482758621,"( ( eventually[5,19] ( x_12 <= -1.3479 ) ) and ( eventually ( x_16 >= -1.5542 ) ) ) and ( eventually[2,28] ( ( eventually[6,inf] ( x_19 >= -0.2852 ) ) and ( x_23 >= 0.1665 ) ) )"
NATOPS,0,0.8833333333333334,greedy_old,148,5,1,True,0.00559774499561172,26,26,1.0,0.8666666666666667,26,1.0,0.8666666666666667,26,26,1.0,0.9629629629629629,26,1.0,0.896551724137931,"( eventually ( x_19 >= -0.5603 ) ) and ( always[9,38] ( x_12 >= -1.4015 ) )"
NATOPS,0,0.8833333333333334,greedy_old,149,5,1,True,0.005652893989463337,26,26,1.0,0.8666666666666667,26,1.0,0.8666666666666667,26,26,1.0,0.9629629629629629,26,1.0,0.896551724137931,"( eventually ( x_19 >= -0.5603 ) ) and ( always[9,38] ( x_12 >= -1.4015 ) )"
NATOPS,0,0.8833333333333334,greedy_old,150,1,3,True,0.005136117993970402,10,9,0.9,0.32142857142857145,9,0.9,0.3,6,4,0.6666666666666666,0.15384615384615385,4,0.6666666666666666,0.13793103448275862,"( ( always ( ( eventually[0,2] ( x_21 >= 1.226 ) ) or ( ( x_15 <= 1.0673 ) and ( x_4 <= -1.3772 ) ) ) ) and ( always[21,37] ( x_21 >= 1.0968 ) ) ) and ( not ( ( eventually ( x_19 >= -1.4758 ) ) and ( always[9,38] ( x_12 >= -2.317 ) ) ) )"
NATOPS,0,0.8833333333333334,greedy_old,151,5,1,True,0.005097362998640165,26,26,1.0,0.8666666666666667,26,1.0,0.8666666666666667,26,26,1.0,0.9629629629629629,26,1.0,0.896551724137931,"( eventually ( x_19 >= -0.5603 ) ) and ( always[9,38] ( x_12 >= -1.4015 ) )"
NATOPS,0,0.8833333333333334,greedy_old,152,3,1,True,0.004926984998746775,25,25,1.0,0.8333333333333334,25,1.0,0.8333333333333334,27,27,1.0,0.9310344827586207,27,1.0,0.9310344827586207,"( eventually ( x_19 <= -1.0971 ) ) and ( eventually[22,inf] ( always[10,14] ( x_12 <= -1.189 ) ) )"
NATOPS,0,0.8833333333333334,greedy_old,153,3,1,True,0.004759824994835071,25,25,1.0,0.8333333333333334,25,1.0,0.8333333333333334,27,27,1.0,0.9310344827586207,27,1.0,0.9310344827586207,"( eventually ( x_19 <= -1.0971 ) ) and ( eventually[22,inf] ( always[10,14] ( x_12 <= -1.189 ) ) )"
NATOPS,0,0.8833333333333334,greedy_old,154,5,1,True,0.006524911004817113,26,26,1.0,0.8666666666666667,26,1.0,0.8666666666666667,26,26,1.0,0.9629629629629629,26,1.0,0.896551724137931,"( eventually ( x_19 >= -0.5603 ) ) and ( always[9,38] ( x_12 >= -1.4015 ) )"
NATOPS,0,0.8833333333333334,greedy_old,155,5,1,True,0.005089024998596869,26,26,1.0,0.8666666666666667,26,1.0,0.8666666666666667,26,26,1.0,0.9629629629629629,26,1.0,0.896551724137931,"( eventually ( x_19 >= -0.5603 ) ) and ( always[9,38] ( x_12 >= -1.4015 ) )"
NATOPS,0,0.8833333333333334,greedy_old,156,4,2,True,0.005382681993069127,27,27,1.0,0.9,27,1.0,0.9,24,22,0.9166666666666666,0.7333333333333333,22,0.9166666666666666,0.7586206896551724,"( ( ( always[44,47] ( x_22 >= -1.8036 ) ) or ( eventually[2,50] ( x_15 <= 1.1386 ) ) ) and ( ( always[39,49] ( x_13 >= -0.985 ) ) or ( eventually[33,36] ( x_21 <= 0.0539 ) ) ) ) and ( ( eventually[5,19] ( x_12 <= -1.3479 ) ) and ( eventually ( x_16 >= -1.5542 ) ) )"
NATOPS,0,0.8833333333333334,greedy_old,157,3,1,True,0.004986188010661863,25,25,1.0,0.8333333333333334,25,1.0,0.8333333333333334,27,27,1.0,0.9310344827586207,27,1.0,0.9310344827586207,"( eventually ( x_19 <= -1.0971 ) ) and ( eventually[22,inf] ( always[10,14] ( x_12 <= -1.189 ) ) )"
NATOPS,0,0.8833333333333334,greedy_old,158,5,1,True,0.005183550005313009,26,26,1.0,0.8666666666666667,26,1.0,0.8666666666666667,26,26,1.0,0.9629629629629629,26,1.0,0.896551724137931,"( eventually ( x_19 >= -0.5603 ) ) and ( always[9,38] ( x_12 >= -1.4015 ) )"
NATOPS,0,0.8833333333333334,greedy_old,159,1,2,True,0.005204174012760632,13,13,1.0,0.4642857142857143,13,1.0,0.43333333333333335,8,7,0.875,0.2692307692307692,6,0.75,0.20689655172413793,"( always ( ( eventually[0,2] ( x_21 >= 1.226 ) ) or ( ( x_15 <= 1.0673 ) and ( x_4 <= -1.3772 ) ) ) ) and ( not ( always ( ( x_14 >= -1.6972 ) and ( ( x_22 <= -0.0326 ) or ( x_16 >= -0.0933 ) ) ) ) )"
NATOPS,0,0.8833333333333334,greedy_old,160,3,1,True,0.005612663997453637,25,25,1.0,0.8333333333333334,25,1.0,0.8333333333333334,27,27,1.0,0.9310344827586207,27,1.0,0.9310344827586207,"( eventually ( x_19 <= -1.0971 ) ) and ( eventually[22,inf] ( always[10,14] ( x_12 <= -1.189 ) ) )"
NATOPS,0,0.8833333333333334,greedy_old,161,1,7,False,0.005445588001748547,5,4,0.8,0.14285714285714285,4,0.8,0.13333333333333333,4,3,0.75,0.11538461538461539,3,0.75,0.1,"( ( ( ( ( ( always ( ( eventually[0,2] ( x_21 >= 1.226 ) ) or ( ( x_15 <= 1.0673 ) and ( x_4 <= -1.3772 ) ) ) ) and ( always[21,37] ( x_21 >= 1.0968 ) ) ) and ( not ( eventually[4,inf] ( ( x_4 >= 1.0131 ) or ( x_18 >= 0.0728 ) ) ) ) ) and ( not ( eventually[5,40] ( ( x_21 <= 0.6387 ) and ( always[5,inf] ( x_16 <= 0.2907 ) ) ) ) ) ) and ( not ( eventually ( ( x_22 >= 0.1348 ) and ( x_3 <= 1.5197 ) ) ) ) ) and ( not ( ( eventually[5,19] ( x_12 <= -0.7287 ) ) and ( eventually ( x_16 >= -2.1734 ) ) ) ) ) and ( always[25,inf] ( x_18 >= -0.5576 ) )"
NATOPS,0,0.8833333333333334,greedy_old,162,3,1,True,0.005077304987935349,30,27,0.9,0.9,27,0.9,0.9,19,18,0.9473684210526315,0.6206896551724138,18,0.9473684210526315,0.6206896551724138,"eventually[3,18] ( x_3 <= -0.0887 )"
NATOPS,0,0.8833333333333334,greedy_old,163,0,1,True,0.005256283999187872,30,29,0.9666666666666667,0.9354838709677419,28,0.9333333333333333,0.9333333333333333,31,27,0.8709677419354839,0.84375,26,0.8387096774193549,0.896551724137931,eventually ( ( x_4 >= 1.0858 ) and ( x_13 <= -0.9261 ) )
NATOPS,0,0.8833333333333334,greedy_old,164,1,2,True,0.005175761005375534,13,13,1.0,0.4642857142857143,13,1.0,0.43333333333333335,8,7,0.875,0.2692307692307692,6,0.75,0.20689655172413793,"( always ( ( eventually[0,2] ( x_21 >= 1.226 ) ) or ( ( x_15 <= 1.0673 ) and ( x_4 <= -1.3772 ) ) ) ) and ( not ( always ( ( x_14 >= -1.6972 ) and ( ( x_22 <= -0.0326 ) or ( x_16 >= -0.0933 ) ) ) ) )"
NATOPS,0,0.8833333333333334,greedy_old,165,3,1,True,0.004989381006453186,25,25,1.0,0.8333333333333334,25,1.0,0.8333333333333334,27,27,1.0,0.9310344827586207,27,1.0,0.9310344827586207,"( eventually ( x_19 <= -1.0971 ) ) and ( eventually[22,inf] ( always[10,14] ( x_12 <= -1.189 ) ) )"
NATOPS,0,0.8833333333333334,greedy_old,166,0,1,True,0.005471341995871626,30,29,0.9666666666666667,0.9354838709677419,28,0.9333333333333333,0.9333333333333333,31,27,0.8709677419354839,0.84375,26,0.8387096774193549,0.896551724137931,eventually ( ( x_4 >= 1.0858 ) and ( x_13 <= -0.9261 ) )
NATOPS,0,0.8833333333333334,greedy_old,167,2,2,True,0.005292136003845371,18,18,1.0,0.5806451612903226,17,0.9444444444444444,0.5666666666666667,13,13,1.0,0.43333333333333335,9,0.6923076923076923,0.3103448275862069,"( not ( ( ( eventually ( x_22 >= 0.4118 ) ) or ( eventually ( x_19 >= -0.3418 ) ) ) or ( ( always[40,inf] ( x_17 >= 0.1345 ) ) or ( eventually[23,inf] ( x_8 <= -0.6764 ) ) ) ) ) and ( always ( ( x_14 >= -1.6163 ) and ( ( x_22 <= -0.1135 ) or ( x_16 >= -0.0124 ) ) ) )"
NATOPS,0,0.8833333333333334,greedy_old,168,5,1,True,0.005357583999284543,26,26,1.0,0.8666666666666667,26,1.0,0.8666666666666667,26,26,1.0,0.9629629629629629,26,1.0,0.896551724137931,"( eventually ( x_19 >= -0.5603 ) ) and ( always[9,38] ( x_12 >= -1.4015 ) )"
NATOPS,0,0.8833333333333334,greedy_old,169,2,2,True,0.005348885009880178,18,18,1.0,0.5806451612903226,17,0.9444444444444444,0.5666666666666667,13,13,1.0,0.43333333333333335,9,0.6923076923076923,0.3103448275862069,"( not ( ( ( eventually ( x_22 >= 0.4118 ) ) or ( eventually ( x_19 >= -0.3418 ) ) ) or ( ( always[40,inf] ( x_17 >= 0.1345 ) ) or ( eventually[23,inf] ( x_8 <= -0.6764 ) ) ) ) ) and ( always ( ( x_14 >= -1.6163 ) and ( ( x_22 <= -0.1135 ) or ( x_16 >= -0.0124 ) ) ) )"
NATOPS,0,0.8833333333333334,greedy_old,170,2,2,True,0.005239078003796749,18,18,1.0,0.5806451612903226,17,0.9444444444444444,0.5666666666666667,13,13,1.0,0.43333333333333335,10,0.7692307692307693,0.3333333333333333,"( not ( ( ( eventually ( x_22 >= 0.4118 ) ) or ( eventually ( x_19 >= -0.3418 ) ) ) or ( ( always[40,inf] ( x_17 >= 0.1345 ) ) or ( eventually[23,inf] ( x_8 <= -0.6764 ) ) ) ) ) and ( always ( ( x_14 >= -1.6163 ) and ( ( x_22 <= -0.1135 ) or ( x_16 >= -0.0124 ) ) ) )"
NATOPS,0,0.8833333333333334,greedy_old,171,5,1,True,0.005584434999036603,26,26,1.0,0.8666666666666667,26,1.0,0.8666666666666667,26,26,1.0,0.9629629629629629,26,1.0,0.896551724137931,"( eventually ( x_19 >= -0.5603 ) ) and ( always[9,38] ( x_12 >= -1.4015 ) )"
NATOPS,0,0.8833333333333334,greedy_old,172,3,1,True,0.005561487007071264,25,25,1.0,0.8333333333333334,25,1.0,0.8333333333333334,27,27,1.0,0.9310344827586207,27,1.0,0.9310344827586207,"( eventually ( x_19 <= -1.0971 ) ) and ( eventually[22,inf] ( always[10,14] ( x_12 <= -1.189 ) ) )"
NATOPS,0,0.8833333333333334,greedy_old,173,0,7,False,0.005419652996351942,9,6,0.6666666666666666,0.1935483870967742,6,0.6666666666666666,0.2,7,4,0.5714285714285714,0.125,4,0.5714285714285714,0.13333333333333333,"( ( ( ( ( ( not ( eventually[5,40] ( ( x_21 <= 0.7521 ) and ( always[5,inf] ( x_16 <= 0.404 ) ) ) ) ) and ( not ( ( eventually ( x_19 >= -1.2144 ) ) and ( always[9,38] ( x_12 >= -2.0557 ) ) ) ) ) and ( not ( ( eventually[5,19] ( x_12 <= -0.6349 ) ) and ( eventually ( x_16 >= -2.2673 ) ) ) ) ) and ( ( eventually[20,46] ( eventually[3,4] ( x_14 <= -3.5779 ) ) ) or ( always[2,25] ( ( x_11 >= 1.1403 ) or ( x_3 >= 0.4756 ) ) ) ) ) and ( always[25,inf] ( x_18 >= -0.5879 ) ) ) and ( not ( ( eventually ( x_19 <= -0.5585 ) ) and ( eventually[22,inf] ( always[10,14] ( x_12 <= -0.6504 ) ) ) ) ) ) and ( not ( eventually[0,24] ( x_15 <= 0.5717 ) ) )"
NATOPS,0,0.8833333333333334,greedy_old,174,0,3,True,0.005256268006633036,17,17,1.0,0.5483870967741935,17,1.0,0.5666666666666667,13,12,0.9230769230769231,0.375,12,0.9230769230769231,0.41379310344827586,"( ( not ( ( eventually ( x_17 <= -0.8086 ) ) or ( always[24,29] ( x_3 >= 1.1794 ) ) ) ) and ( not ( eventually[5,40] ( ( x_21 <= 0.7521 ) and ( always[5,inf] ( x_16 <= 0.404 ) ) ) ) ) ) and ( not ( ( eventually ( x_19 >= -1.2144 ) ) and ( always[9,38] ( x_12 >= -2.0557 ) ) ) )"
NATOPS,0,0.8833333333333334,greedy_old,175,5,1,True,0.005302650009980425,26,26,1.0,0.8666666666666667,26,1.0,0.8666666666666667,26,26,1.0,0.9629629629629629,26,1.0,0.896551724137931,"( eventually ( x_19 >= -0.5603 ) ) and ( always[9,38] ( x_12 >= -1.4015 ) )"
NATOPS,0,0.8833333333333334,greedy_old,176,1,7,False,0.005392609993577935,7,5,0.7142857142857143,0.17857142857142858,5,0.7142857142857143,0.16666666666666666,4,3,0.75,0.11538461538461539,3,0.75,0.1,"( ( ( ( ( ( always ( ( eventually[0,2] ( x_21 >= 1.226 ) ) or ( ( x_15 <= 1.0673 ) and ( x_4 <= -1.3772 ) ) ) ) and ( always[21,37] ( x_21 >= 1.0968 ) ) ) and ( not ( eventually[4,inf] ( ( x_4 >= 1.0131 ) or ( x_18 >= 0.0728 ) ) ) ) ) and ( not ( eventually ( ( x_22 >= 0.1348 ) and ( x_3 <= 1.5197 ) ) ) ) ) and ( not ( ( eventually[5,19] ( x_12 <= -0.7287 ) ) and ( eventually ( x_16 >= -2.1734 ) ) ) ) ) and ( not ( ( eventually ( x_19 <= -0.5233 ) ) and ( eventually[22,inf] ( always[10,14] ( x_12 <= -0.6152 ) ) ) ) ) ) and ( always[25,inf] ( x_18 >= -0.5576 ) )"
NATOPS,0,0.8833333333333334,greedy_old,177,4,1,True,0.006727515996317379,28,26,0.9285714285714286,0.8666666666666667,26,0.9285714285714286,0.8666666666666667,23,23,1.0,0.7666666666666667,22,0.9565217391304348,0.7586206896551724,"eventually[5,40] ( ( x_21 <= 0.0315 ) and ( always[5,inf] ( x_16 <= -0.3165 ) ) )"
NATOPS,0,0.8833333333333334,greedy_old,178,3,1,True,0.00493983700289391,25,25,1.0,0.8333333333333334,25,1.0,0.8333333333333334,27,27,1.0,0.9310344827586207,27,1.0,0.9310344827586207,"( eventually ( x_19 <= -1.0971 ) ) and ( eventually[22,inf] ( always[10,14] ( x_12 <= -1.189 ) ) )"
NATOPS,0,0.8833333333333334,greedy_old,179,3,1,True,0.0049971679982263595,25,25,1.0,0.8333333333333334,25,1.0,0.8333333333333334,27,27,1.0,0.9310344827586207,27,1.0,0.9310344827586207,"( eventually ( x_19 <= -1.0971 ) ) and ( eventually[22,inf] ( always[10,14] ( x_12 <= -1.189 ) ) )"
HandMovementDirection,0,0.5464285714285714,beam_model,0,0,2,True,0.08801530374310804,12,12,1.0,0.3,12,1.0,0.3,7,5,0.7142857142857143,0.2631578947368421,2,0.2857142857142857,0.13333333333333333,"( not ( always[296,308] ( ( ( x_2 >= 178.8385 ) or ( x_2 <= -548.5662 ) ) or ( x_4 >= -291.7758 ) ) ) ) and ( not ( ( always[291,inf] ( x_6 >= -291.1521 ) ) or ( eventually ( x_8 <= -458.5712 ) ) ) )"
HandMovementDirection,0,0.5464285714285714,beam_model,1,1,1,True,0.08801530374310804,5,5,1.0,0.125,5,1.0,0.125,3,1,0.3333333333333333,0.038461538461538464,1,0.3333333333333333,0.03333333333333333,"not ( always[167,172] ( x_6 >= -358.8142 ) )"
HandMovementDirection,0,0.5464285714285714,beam_model,2,0,2,True,0.08801530374310804,12,12,1.0,0.3,12,1.0,0.3,7,5,0.7142857142857143,0.2631578947368421,2,0.2857142857142857,0.13333333333333333,"( not ( always[296,308] ( ( ( x_2 >= 178.8385 ) or ( x_2 <= -548.5662 ) ) or ( x_4 >= -291.7758 ) ) ) ) and ( not ( ( always[291,inf] ( x_6 >= -291.1521 ) ) or ( eventually ( x_8 <= -458.5712 ) ) ) )"
HandMovementDirection,0,0.5464285714285714,beam_model,3,0,2,True,0.08801530374310804,6,6,1.0,0.15,6,1.0,0.15,6,3,0.5,0.15789473684210525,1,0.16666666666666666,0.06666666666666667,"( not ( eventually[87,141] ( x_7 >= 159.9785 ) ) ) and ( always[230,240] ( ( x_0 <= 85.4163 ) or ( x_9 <= -771.3096 ) ) )"
HandMovementDirection,0,0.5464285714285714,beam_model,4,0,1,True,0.08801530374310804,4,4,1.0,0.1,4,1.0,0.1,1,0,0.0,0.0,0,0.0,0.0,"not ( eventually[118,131] ( x_0 >= -72.2007 ) )"
HandMovementDirection,0,0.5464285714285714,beam_model,5,3,2,True,0.08801530374310804,7,7,1.0,0.175,7,1.0,0.175,3,1,0.3333333333333333,0.1,1,0.3333333333333333,0.07692307692307693,"( not ( ( always[23,141] ( x_0 <= 162.6323 ) ) or ( eventually[254,283] ( x_6 <= -83.9743 ) ) ) ) and ( always[138,147] ( ( always[70,82] ( x_2 <= 135.0889 ) ) and ( ( x_3 >= -912.1458 ) or ( x_1 >= -1253.6919 ) ) ) )"
HandMovementDirection,0,0.5464285714285714,beam_model,6,3,2,True,0.08801530374310804,5,5,1.0,0.125,5,1.0,0.125,1,0,0.0,0.0,1,1.0,0.07692307692307693,"( not ( eventually[352,353] ( ( eventually[0,22] ( x_9 >= 137.8061 ) ) or ( x_8 <= 94.874 ) ) ) ) and ( always[183,inf] ( always[69,70] ( ( x_2 >= 190.7986 ) or ( x_3 <= 249.4066 ) ) ) )"
HandMovementDirection,0,0.5464285714285714,beam_model,7,1,2,True,0.08801530374310804,15,14,0.9333333333333333,0.35,14,0.9333333333333333,0.35,6,6,1.0,0.23076923076923078,4,0.6666666666666666,0.13333333333333333,"( always[297,358] ( ( x_6 >= -209.6979 ) or ( x_3 <= -687.245 ) ) ) and ( eventually[331,386] ( x_9 >= 223.3587 ) )"
HandMovementDirection,0,0.5464285714285714,beam_model,8,3,2,True,0.08801530374310804,6,6,1.0,0.15,6,1.0,0.15,4,1,0.25,0.1,1,0.25,0.07692307692307693,"( not ( ( always[23,141] ( x_0 <= 184.566 ) ) or ( eventually[254,283] ( x_6 <= -62.0406 ) ) ) ) and ( not ( always[257,333] ( x_6 <= 347.546 ) ) )"
HandMovementDirection,0,0.5464285714285714,beam_model,9,1,3,True,0.08801530374310804,12,11,0.9166666666666666,0.275,11,0.9166666666666666,0.275,9,6,0.6666666666666666,0.23076923076923078,3,0.3333333333333333,0.1,"( ( not ( always[139,179] ( x_9 >= -345.1093 ) ) ) and ( ( ( always[144,147] ( x_4 <= 52.1034 ) ) or ( eventually[241,271] ( x_0 >= 739.3045 ) ) ) or ( eventually[258,268] ( ( x_7 >= 62.5532 ) and ( x_6 <= -188.3761 ) ) ) ) ) and ( eventually[93,144] ( ( x_8 >= 991.8501 ) or ( always[157,158] ( x_7 <= -284.2246 ) ) ) )"
HandMovementDirection,0,0.5464285714285714,beam_model,10,2,1,True,0.08801530374310804,5,5,1.0,0.125,5,1.0,0.125,2,0,0.0,0.0,1,0.5,0.06666666666666667,"not ( ( ( eventually[338,366] ( x_2 >= -8.4459 ) ) or ( always[288,296] ( x_7 >= 797.0027 ) ) ) and ( always[244,246] ( ( x_5 <= -12.7895 ) or ( x_1 >= -276.3585 ) ) ) )"
HandMovementDirection,0,0.5464285714285714,beam_model,11,1,2,True,0.08801530374310804,7,7,1.0,0.175,7,1.0,0.175,2,2,1.0,0.07692307692307693,2,1.0,0.06666666666666667,"( ( eventually[111,112] ( x_6 >= 386.0173 ) ) or ( eventually[250,inf] ( x_3 >= 555.4056 ) ) ) and ( not ( always[243,252] ( x_6 >= -227.2798 ) ) )"
HandMovementDirection,0,0.5464285714285714,beam_model,12,1,2,True,0.08801530374310804,8,8,1.0,0.2,8,1.0,0.2,4,2,0.5,0.07692307692307693,1,0.25,0.03333333333333333,"( not ( always[167,172] ( x_6 >= -306.1306 ) ) ) and ( not ( ( always[42,52] ( x_4 <= 275.0276 ) ) and ( always[318,320] ( x_9 <= 38.3344 ) ) ) )"
HandMovementDirection,0,0.5464285714285714,beam_model,13,3,2,True,0.08801530374310804,5,5,1.0,0.125,5,1.0,0.125,2,0,0.0,0.0,0,0.0,0.0,"( not ( ( always[88,96] ( x_6 >= -143.9751 ) ) or ( eventually[243,261] ( x_3 >= 54.0014 ) ) ) ) and ( not ( ( always[294,299] ( always[26,28] ( x_8 >= -143.3547 ) ) ) or ( always[393,inf] ( x_6 <= 108.5194 ) ) ) )"
HandMovementDirection,0,0.5464285714285714,beam_model,14,1,1,True,0.08801530374310804,5,5,1.0,0.125,5,1.0,0.125,4,2,0.5,0.07692307692307693,3,0.75,0.10344827586206896,"not ( ( eventually[78,79] ( eventually[54,65] ( x_1 <= 521.6251 ) ) ) and ( always[148,291] ( ( x_2 <= 687.5525 ) and ( x_6 >= -556.8103 ) ) ) )"
HandMovementDirection,0,0.5464285714285714,beam_model,15,1,2,True,0.08801530374310804,8,8,1.0,0.2,8,1.0,0.2,6,3,0.5,0.11538461538461539,2,0.3333333333333333,0.06896551724137931,"( not ( always[139,179] ( x_9 >= -388.3838 ) ) ) and ( ( eventually[161,172] ( x_9 <= -165.0425 ) ) and ( eventually[108,270] ( x_1 >= -536.9972 ) ) )"
HandMovementDirection,0,0.5464285714285714,beam_model,16,3,2,True,0.08801530374310804,5,5,1.0,0.125,5,1.0,0.125,3,0,0.0,0.0,0,0.0,0.0,"( not ( ( eventually ( x_9 >= 305.0874 ) ) or ( ( eventually[8,235] ( x_1 >= 409.3366 ) ) or ( always ( x_4 >= 455.6294 ) ) ) ) ) and ( not ( ( eventually[32,69] ( x_7 >= 108.1924 ) ) and ( eventually ( x_2 >= 395.2865 ) ) ) )"
HandMovementDirection,0,0.5464285714285714,beam_model,17,3,1,True,0.08801530374310804,4,4,1.0,0.1,4,1.0,0.1,5,2,0.4,0.2,1,0.2,0.07142857142857142,"always[233,271] ( always[21,27] ( x_6 >= -85.2424 ) )"
HandMovementDirection,0,0.5464285714285714,beam_model,18,0,2,True,0.08801530374310804,12,12,1.0,0.3,12,1.0,0.3,7,5,0.7142857142857143,0.2631578947368421,2,0.2857142857142857,0.13333333333333333,"( not ( always[296,308] ( ( ( x_2 >= 178.8385 ) or ( x_2 <= -548.5662 ) ) or ( x_4 >= -291.7758 ) ) ) ) and ( not ( ( always[291,inf] ( x_6 >= -291.1521 ) ) or ( eventually ( x_8 <= -458.5712 ) ) ) )"
HandMovementDirection,0,0.5464285714285714,beam_model,19,0,2,True,0.08801530374310804,12,12,1.0,0.3,12,1.0,0.3,7,5,0.7142857142857143,0.2631578947368421,2,0.2857142857142857,0.13333333333333333,"( not ( always[296,308] ( ( ( x_2 >= 178.8385 ) or ( x_2 <= -548.5662 ) ) or ( x_4 >= -291.7758 ) ) ) ) and ( not ( ( always[291,inf] ( x_6 >= -291.1521 ) ) or ( eventually ( x_8 <= -458.5712 ) ) ) )"
HandMovementDirection,0,0.5464285714285714,beam_model,20,1,2,True,0.08801530374310804,6,6,1.0,0.15,6,1.0,0.15,1,1,1.0,0.038461538461538464,1,1.0,0.034482758620689655,"( eventually[39,41] ( eventually[215,220] ( x_5 <= -392.0239 ) ) ) and ( not ( always[254,256] ( ( x_7 >= -279.855 ) and ( x_8 <= 59.5454 ) ) ) )"
HandMovementDirection,0,0.5464285714285714,beam_model,21,1,3,True,0.08801530374310804,15,14,0.9333333333333333,0.35,14,0.9333333333333333,0.35,7,5,0.7142857142857143,0.19230769230769232,5,0.7142857142857143,0.1724137931034483,"( ( always[331,362] ( x_9 >= -154.5715 ) ) and ( eventually[330,352] ( x_6 >= 215.2325 ) ) ) and ( eventually[331,386] ( x_9 >= 224.8295 ) )"
HandMovementDirection,0,0.5464285714285714,beam_model,22,1,2,True,0.08801530374310804,13,12,0.9230769230769231,0.3,12,0.9230769230769231,0.3,8,3,0.375,0.11538461538461539,5,0.625,0.1724137931034483,"( not ( eventually[187,188] ( ( always[52,89] ( x_1 >= -387.8603 ) ) or ( ( x_6 >= 392.7352 ) or ( x_9 <= -803.6636 ) ) ) ) ) and ( not ( always[332,348] ( ( x_7 >= 876.0588 ) or ( ( x_9 <= 145.6885 ) or ( x_0 >= 405.8862 ) ) ) ) )"
HandMovementDirection,0,0.5464285714285714,beam_model,23,1,2,True,0.08801530374310804,8,8,1.0,0.2,8,1.0,0.2,7,1,0.14285714285714285,0.038461538461538464,1,0.14285714285714285,0.034482758620689655,"( not ( always[71,72] ( x_8 >= -232.8568 ) ) ) and ( eventually[331,386] ( x_9 >= 226.9074 ) )"
HandMovementDirection,0,0.5464285714285714,beam_model,24,1,3,True,0.08801530374310804,18,17,0.9444444444444444,0.425,17,0.9444444444444444,0.425,9,7,0.7777777777777778,0.2692307692307692,6,0.6666666666666666,0.20689655172413793,"( ( ( always[23,141] ( x_0 <= -67.0472 ) ) or ( eventually[254,283] ( x_6 <= -313.6538 ) ) ) and ( not ( eventually[318,319] ( x_3 <= -43.5715 ) ) ) ) and ( not ( eventually[76,98] ( eventually[179,183] ( x_6 >= 254.1259 ) ) ) )"
HandMovementDirection,0,0.5464285714285714,beam_model,25,1,1,True,0.08801530374310804,5,5,1.0,0.125,5,1.0,0.125,4,2,0.5,0.07692307692307693,3,0.75,0.10344827586206896,"not ( ( eventually[78,79] ( eventually[54,65] ( x_1 <= 521.6251 ) ) ) and ( always[148,291] ( ( x_2 <= 687.5525 ) and ( x_6 >= -556.8103 ) ) ) )"
HandMovementDirection,0,0.5464285714285714,beam_model,26,1,1,True,0.08801530374310804,7,7,1.0,0.175,7,1.0,0.175,3,1,0.3333333333333333,0.038461538461538464,2,0.6666666666666666,0.06896551724137931,"always[331,362] ( x_9 >= -90.4949 )"
HandMovementDirection,0,0.5464285714285714,beam_model,27,2,2,True,0.08801530374310804,5,5,1.0,0.125,5,1.0,0.125,5,1,0.2,0.06666666666666667,1,0.2,0.06666666666666667,"( not ( ( ( eventually[338,366] ( x_2 >= 2.639 ) ) or ( always[288,296] ( x_7 >= 808.0875 ) ) ) and ( always[244,246] ( ( x_5 <= -23.8744 ) or ( x_1 >= -265.2736 ) ) ) ) ) and ( not ( always[144,389] ( ( x_1 >= -272.4348 ) or ( x_5 <= -12.9071 ) ) ) )"
HandMovementDirection,0,0.5464285714285714,beam_model,28,1,2,True,0.08801530374310804,6,6,1.0,0.15,6,1.0,0.15,1,1,1.0,0.038461538461538464,1,1.0,0.034482758620689655,"( eventually[39,41] ( eventually[215,220] ( x_5 <= -392.0239 ) ) ) and ( eventually[118,131] ( x_0 >= 209.4961 ) )"
HandMovementDirection,0,0.5464285714285714,beam_model,29,1,1,True,0.08801530374310804,7,7,1.0,0.175,7,1.0,0.175,3,1,0.3333333333333333,0.038461538461538464,2,0.6666666666666666,0.06896551724137931,"always[331,362] ( x_9 >= -90.4949 )"
HandMovementDirection,0,0.5464285714285714,beam_model,30,2,2,True,0.08801530374310804,6,6,1.0,0.15,6,1.0,0.15,2,2,1.0,0.13333333333333333,2,1.0,0.13333333333333333,"( ( always[234,235] ( x_5 >= 218.3286 ) ) or ( eventually[135,159] ( x_2 >= 1255.8733 ) ) ) and ( not ( ( eventually[249,253] ( eventually[61,93] ( x_7 <= 1276.4939 ) ) ) and ( ( eventually[323,324] ( x_3 >= 31.4255 ) ) or ( always ( x_7 >= -371.0604 ) ) ) ) )"
HandMovementDirection,0,0.5464285714285714,beam_model,31,1,2,True,0.08801530374310804,15,14,0.9333333333333333,0.35,14,0.9333333333333333,0.35,3,3,1.0,0.11538461538461539,2,0.6666666666666666,0.06896551724137931,"( always[331,362] ( x_9 >= -142.1556 ) ) and ( not ( eventually[393,397] ( ( x_9 >= 6.7839 ) and ( x_3 <= 137.9201 ) ) ) )"
HandMovementDirection,0,0.5464285714285714,beam_model,32,1,2,True,0.08801530374310804,11,10,0.9090909090909091,0.25,10,0.9090909090909091,0.25,2,0,0.0,0.0,0,0.0,0.0,"( eventually[314,318] ( x_3 >= 245.3746 ) ) and ( eventually[87,141] ( x_7 >= 342.1495 ) )"
HandMovementDirection,0,0.5464285714285714,beam_model,33,2,1,True,0.08801530374310804,3,3,1.0,0.075,3,1.0,0.075,5,4,0.8,0.26666666666666666,3,0.6,0.2,"eventually[182,236] ( x_4 <= -437.8805 )"
HandMovementDirection,0,0.5464285714285714,beam_model,34,1,2,True,0.08801530374310804,13,12,0.9230769230769231,0.3,12,0.9230769230769231,0.3,10,5,0.5,0.19230769230769232,7,0.7,0.2413793103448276,"( not ( eventually[187,188] ( ( always[52,89] ( x_1 >= -398.8047 ) ) or ( ( x_6 >= 381.7908 ) or ( x_9 <= -792.7192 ) ) ) ) ) and ( not ( ( always[42,52] ( x_4 <= 323.295 ) ) and ( always[318,320] ( x_9 <= 86.6019 ) ) ) )"
HandMovementDirection,0,0.5464285714285714,beam_model,35,1,3,True,0.08801530374310804,15,14,0.9333333333333333,0.35,14,0.9333333333333333,0.35,5,3,0.6,0.11538461538461539,3,0.6,0.10344827586206896,"( ( always[331,362] ( x_9 >= -154.5715 ) ) and ( not ( eventually ( ( x_9 >= 287.4657 ) or ( always[342,inf] ( x_6 <= -637.6654 ) ) ) ) ) ) and ( eventually[331,386] ( x_9 >= 224.8295 ) )"
HandMovementDirection,0,0.5464285714285714,beam_model,36,2,1,True,0.08801530374310804,3,3,1.0,0.075,3,1.0,0.075,5,4,0.8,0.26666666666666666,3,0.6,0.2,"eventually[182,236] ( x_4 <= -437.8805 )"
HandMovementDirection,0,0.5464285714285714,beam_model,37,1,2,True,0.08801530374310804,7,7,1.0,0.175,7,1.0,0.175,3,2,0.6666666666666666,0.07692307692307693,3,1.0,0.10344827586206896,"( not ( always[176,inf] ( ( x_0 >= 78.3661 ) or ( x_3 <= 332.4908 ) ) ) ) and ( eventually[93,144] ( ( x_8 >= 996.6897 ) or ( always[157,158] ( x_7 <= -289.0642 ) ) ) )"
HandMovementDirection,0,0.5464285714285714,beam_model,38,1,1,True,0.08801530374310804,5,5,1.0,0.125,5,1.0,0.125,4,2,0.5,0.07692307692307693,3,0.75,0.10344827586206896,"not ( ( eventually[78,79] ( eventually[54,65] ( x_1 <= 521.6251 ) ) ) and ( always[148,291] ( ( x_2 <= 687.5525 ) and ( x_6 >= -556.8103 ) ) ) )"
HandMovementDirection,0,0.5464285714285714,beam_model,39,2,2,True,0.08801530374310804,7,7,1.0,0.175,7,1.0,0.175,2,2,1.0,0.13333333333333333,1,0.5,0.06666666666666667,"( not ( always[272,284] ( x_5 <= 328.7854 ) ) ) and ( not ( ( eventually[249,253] ( eventually[61,93] ( x_7 <= 1264.8347 ) ) ) and ( ( eventually[323,324] ( x_3 >= 43.0846 ) ) or ( always ( x_7 >= -359.4012 ) ) ) ) )"
HandMovementDirection,0,0.5464285714285714,beam_model,40,2,1,True,0.08801530374310804,3,3,1.0,0.075,3,1.0,0.075,3,1,0.3333333333333333,0.06666666666666667,1,0.3333333333333333,0.06666666666666667,"( always[157,216] ( x_7 <= 565.5591 ) ) and ( always[89,94] ( x_2 >= 170.6631 ) )"
HandMovementDirection,0,0.5464285714285714,beam_model,41,0,2,True,0.08801530374310804,6,6,1.0,0.15,6,1.0,0.15,4,2,0.5,0.10526315789473684,1,0.25,0.06666666666666667,"( not ( always[83,90] ( x_1 >= -310.762 ) ) ) and ( not ( always[297,303] ( x_6 >= -134.8624 ) ) )"
HandMovementDirection,0,0.5464285714285714,beam_model,42,0,2,True,0.08801530374310804,6,6,1.0,0.15,6,1.0,0.15,1,1,1.0,0.05263157894736842,0,0.0,0.0,"( always[299,310] ( x_4 <= -28.8242 ) ) and ( not ( always[30,36] ( x_8 <= 134.7156 ) ) )"
HandMovementDirection,0,0.5464285714285714,beam_model,43,3,2,True,0.08801530374310804,7,7,1.0,0.175,7,1.0,0.175,2,0,0.0,0.0,0,0.0,0.0,"( not ( ( ( always[239,242] ( x_2 <= 211.4879 ) ) and ( eventually[194,inf] ( x_1 <= -516.0977 ) ) ) or ( ( eventually[292,inf] ( x_5 >= 192.8455 ) ) or ( always[43,inf] ( x_5 <= -994.5095 ) ) ) ) ) and ( eventually[244,246] ( ( x_4 <= 183.7077 ) and ( x_1 >= 1.1949 ) ) )"
HandMovementDirection,0,0.5464285714285714,beam_model,44,2,2,True,0.08801530374310804,5,5,1.0,0.125,5,1.0,0.125,5,2,0.4,0.13333333333333333,2,0.4,0.14285714285714285,"( not ( always[146,345] ( x_2 >= -500.7372 ) ) ) and ( not ( ( always[286,326] ( x_4 >= -185.2166 ) ) or ( always[367,372] ( x_4 <= 49.0777 ) ) ) )"
HandMovementDirection,0,0.5464285714285714,beam_model,45,2,2,True,0.08801530374310804,5,5,1.0,0.125,5,1.0,0.125,5,2,0.4,0.13333333333333333,2,0.4,0.14285714285714285,"( not ( always[146,345] ( x_2 >= -500.7372 ) ) ) and ( not ( ( always[286,326] ( x_4 >= -187.155 ) ) or ( always[367,372] ( x_4 <= 51.0161 ) ) ) )"
HandMovementDirection,0,0.5464285714285714,beam_model,46,2,2,True,0.08801530374310804,7,7,1.0,0.175,7,1.0,0.175,0,0,,0.0,0,,0.0,"( always[326,334] ( ( ( x_6 >= 1474.02 ) or ( x_1 >= 144.6692 ) ) or ( x_8 <= -157.345 ) ) ) and ( not ( eventually[267,278] ( x_3 <= -99.916 ) ) )"
HandMovementDirection,0,0.5464285714285714,beam_model,47,2,2,True,0.08801530374310804,7,7,1.0,0.175,7,1.0,0.175,3,0,0.0,0.0,0,0.0,0.0,"( not ( eventually[253,300] ( x_5 <= -126.7945 ) ) ) and ( ( ( always[285,inf] ( x_6 <= -173.7469 ) ) or ( eventually[185,inf] ( x_8 >= -194.2322 ) ) ) and ( ( eventually ( x_0 <= -564.1311 ) ) or ( always[232,296] ( x_3 >= -251.5422 ) ) ) )"
HandMovementDirection,0,0.5464285714285714,beam_model,48,2,2,True,0.08801530374310804,5,5,1.0,0.125,5,1.0,0.125,2,1,0.5,0.06666666666666667,2,1.0,0.14285714285714285,"( not ( always[360,inf] ( ( ( x_2 <= 60.1745 ) or ( x_1 <= -781.3508 ) ) or ( x_0 >= -200.7932 ) ) ) ) and ( not ( ( ( eventually[338,366] ( x_2 >= 150.0783 ) ) or ( always[288,296] ( x_7 >= 955.5269 ) ) ) and ( always[244,246] ( ( x_5 <= -171.3137 ) or ( x_1 >= -117.8343 ) ) ) ) )"
HandMovementDirection,0,0.5464285714285714,beam_model,49,1,2,True,0.08801530374310804,8,8,1.0,0.2,8,1.0,0.2,0,0,,0.0,0,,0.0,"( not ( always[183,inf] ( always[69,70] ( ( x_2 >= 129.788 ) or ( x_3 <= 310.4171 ) ) ) ) ) and ( not ( ( ( always[18,60] ( x_7 >= -413.2583 ) ) and ( eventually[385,387] ( x_6 >= -38.6995 ) ) ) and ( ( eventually[272,273] ( x_9 <= -7.8222 ) ) or ( always[10,29] ( x_4 <= 216.3978 ) ) ) ) )"
HandMovementDirection,0,0.5464285714285714,beam_model,50,2,1,True,0.08801530374310804,5,5,1.0,0.125,5,1.0,0.125,2,1,0.5,0.06666666666666667,1,0.5,0.07142857142857142,"not ( eventually[268,270] ( always[9,14] ( ( x_1 >= -516.8285 ) and ( x_3 <= 393.4704 ) ) ) )"
HandMovementDirection,0,0.5464285714285714,beam_model,51,1,2,True,0.08801530374310804,6,6,1.0,0.15,6,1.0,0.15,1,0,0.0,0.0,0,0.0,0.0,"( not ( always[167,172] ( x_6 >= -349.6634 ) ) ) and ( ( always[138,171] ( x_2 <= 66.6204 ) ) or ( always[48,50] ( x_7 >= 44.0904 ) ) )"
HandMovementDirection,0,0.5464285714285714,beam_model,52,0,2,True,0.08801530374310804,10,10,1.0,0.25,10,1.0,0.25,4,2,0.5,0.10526315789473684,2,0.5,0.13333333333333333,"( always[299,310] ( x_4 <= 55.6507 ) ) and ( always[135,152] ( ( x_1 >= 81.2746 ) or ( ( x_4 >= -116.8537 ) or ( x_6 >= 571.6665 ) ) ) )"
HandMovementDirection,0,0.5464285714285714,beam_model,53,2,2,True,0.08801530374310804,14,13,0.9285714285714286,0.325,13,0.9285714285714286,0.325,5,0,0.0,0.0,1,0.2,0.07142857142857142,"( ( ( always[285,inf] ( x_6 <= -262.0219 ) ) or ( eventually[185,inf] ( x_8 >= -105.9572 ) ) ) and ( ( eventually ( x_0 <= -652.4062 ) ) or ( always[232,296] ( x_3 >= -163.2672 ) ) ) ) and ( eventually ( ( eventually ( x_2 <= -376.6511 ) ) and ( x_5 >= 349.7851 ) ) )"
HandMovementDirection,0,0.5464285714285714,beam_model,54,1,2,True,0.08801530374310804,8,8,1.0,0.2,8,1.0,0.2,6,3,0.5,0.11538461538461539,3,0.5,0.1,"( not ( always[139,179] ( x_9 >= -388.3838 ) ) ) and ( ( eventually[161,172] ( x_9 <= -165.0425 ) ) and ( eventually[108,270] ( x_1 >= -536.9972 ) ) )"
HandMovementDirection,0,0.5464285714285714,beam_model,55,2,1,True,0.08801530374310804,5,5,1.0,0.125,5,1.0,0.125,2,1,0.5,0.06666666666666667,1,0.5,0.07142857142857142,"not ( eventually[268,270] ( always[9,14] ( ( x_1 >= -516.8285 ) and ( x_3 <= 393.4704 ) ) ) )"
HandMovementDirection,0,0.5464285714285714,beam_model,56,2,2,True,0.08801530374310804,5,5,1.0,0.125,5,1.0,0.125,1,1,1.0,0.06666666666666667,1,1.0,0.07142857142857142,"( not ( eventually[267,278] ( x_3 <= 121.5252 ) ) ) and ( not ( always ( ( x_2 >= -321.4522 ) or ( always[26,115] ( x_1 <= 423.5342 ) ) ) ) )"
HandMovementDirection,0,0.5464285714285714,beam_model,57,1,2,True,0.08801530374310804,15,14,0.9333333333333333,0.35,14,0.9333333333333333,0.35,6,6,1.0,0.23076923076923078,4,0.6666666666666666,0.13333333333333333,"( always[297,358] ( ( x_6 >= -209.6979 ) or ( x_3 <= -687.245 ) ) ) and ( eventually[331,386] ( x_9 >= 223.3587 ) )"
HandMovementDirection,0,0.5464285714285714,beam_model,58,3,2,True,0.08801530374310804,8,8,1.0,0.2,8,1.0,0.2,2,0,0.0,0.0,1,0.5,0.07142857142857142,"( not ( ( ( eventually[98,104] ( x_8 >= -1087.7054 ) ) or ( eventually[82,374] ( x_0 <= 330.8822 ) ) ) and ( always[284,290] ( ( x_8 <= 811.5045 ) and ( x_3 >= -251.7314 ) ) ) ) ) and ( always[389,392] ( ( x_0 <= 167.6188 ) and ( eventually[1,7] ( x_6 >= 94.2874 ) ) ) )"
HandMovementDirection,0,0.5464285714285714,beam_model,59,0,2,True,0.08801530374310804,12,12,1.0,0.3,12,1.0,0.3,7,5,0.7142857142857143,0.2631578947368421,1,0.14285714285714285,0.07142857142857142,"( not ( always[296,308] ( ( ( x_2 >= 178.8385 ) or ( x_2 <= -548.5662 ) ) or ( x_4 >= -291.7758 ) ) ) ) and ( not ( ( always[291,inf] ( x_6 >= -291.1521 ) ) or ( eventually ( x_8 <= -458.5712 ) ) ) )"
HandMovementDirection,0,0.5464285714285714,beam_model,60,3,2,True,0.08801530374310804,7,7,1.0,0.175,7,1.0,0.175,4,0,0.0,0.0,0,0.0,0.0,"( eventually[315,332] ( x_2 <= -346.2612 ) ) and ( eventually[268,270] ( always[9,14] ( ( x_1 >= -270.8494 ) and ( x_3 <= 147.4913 ) ) ) )"
HandMovementDirection,0,0.5464285714285714,beam_model,61,3,2,True,0.08801530374310804,5,5,1.0,0.125,5,1.0,0.125,1,0,0.0,0.0,0,0.0,0.0,"( eventually[333,391] ( always[4,7] ( always[0,1] ( x_9 <= -293.0377 ) ) ) ) and ( ( eventually[337,358] ( always[8,21] ( x_6 <= 37.8067 ) ) ) or ( ( always[179,212] ( x_6 >= -13.6808 ) ) and ( always[20,395] ( x_8 <= -844.3695 ) ) ) )"
HandMovementDirection,0,0.5464285714285714,beam_model,62,3,2,True,0.08801530374310804,6,6,1.0,0.15,6,1.0,0.15,4,1,0.25,0.1,2,0.5,0.14285714285714285,"( not ( ( always[23,141] ( x_0 <= 184.566 ) ) or ( eventually[254,283] ( x_6 <= -62.0406 ) ) ) ) and ( not ( always[257,333] ( x_6 <= 347.546 ) ) )"
HandMovementDirection,0,0.5464285714285714,beam_model,63,0,2,True,0.08801530374310804,5,5,1.0,0.125,5,1.0,0.125,1,0,0.0,0.0,0,0.0,0.0,"( ( eventually[78,79] ( eventually[54,65] ( x_1 <= 203.1605 ) ) ) and ( always[148,291] ( ( x_2 <= 369.0879 ) and ( x_6 >= -238.3457 ) ) ) ) and ( always[146,345] ( x_2 >= -313.222 ) )"
HandMovementDirection,0,0.5464285714285714,beam_model,64,0,2,True,0.08801530374310804,5,5,1.0,0.125,5,1.0,0.125,2,0,0.0,0.0,0,0.0,0.0,"( eventually[99,105] ( x_9 <= -325.231 ) ) and ( always[299,310] ( x_4 <= 156.6675 ) )"
HandMovementDirection,0,0.5464285714285714,beam_model,65,0,2,True,0.08801530374310804,7,7,1.0,0.175,7,1.0,0.175,2,0,0.0,0.0,0,0.0,0.0,"( eventually[287,288] ( eventually[4,inf] ( ( x_9 >= 515.2397 ) or ( x_7 <= -518.3226 ) ) ) ) and ( always[247,248] ( ( ( x_1 >= -65.5295 ) and ( x_5 >= -555.2477 ) ) or ( x_9 >= 433.5087 ) ) )"
HandMovementDirection,0,0.5464285714285714,beam_model,66,0,2,True,0.08801530374310804,12,11,0.9166666666666666,0.275,11,0.9166666666666666,0.275,1,0,0.0,0.0,0,0.0,0.0,"( eventually[146,148] ( x_9 >= 223.5631 ) ) and ( always[303,304] ( x_4 <= -36.1355 ) )"
HandMovementDirection,0,0.5464285714285714,beam_model,67,0,2,True,0.08801530374310804,6,6,1.0,0.15,6,1.0,0.15,2,0,0.0,0.0,0,0.0,0.0,"( not ( eventually[185,188] ( x_8 <= 88.837 ) ) ) and ( always[244,297] ( ( x_3 <= 299.9165 ) and ( x_9 >= -279.5311 ) ) )"
HandMovementDirection,0,0.5464285714285714,beam_model,68,0,2,True,0.08801530374310804,6,6,1.0,0.15,6,1.0,0.15,4,2,0.5,0.10526315789473684,2,0.5,0.14285714285714285,"( not ( always[297,303] ( x_6 >= -356.7644 ) ) ) and ( always[299,310] ( x_4 <= 149.6578 ) )"
HandMovementDirection,0,0.5464285714285714,beam_model,69,0,2,True,0.08801530374310804,7,7,1.0,0.175,7,1.0,0.175,5,2,0.4,0.10526315789473684,2,0.4,0.14285714285714285,"( not ( always[297,303] ( x_6 >= -324.5586 ) ) ) and ( always[299,310] ( x_4 <= 148.039 ) )"
HandMovementDirection,0,0.5464285714285714,beam_model,70,1,2,True,0.08801530374310804,8,8,1.0,0.2,8,1.0,0.2,7,1,0.14285714285714285,0.038461538461538464,2,0.2857142857142857,0.06666666666666667,"( not ( always[71,72] ( x_8 >= -232.8568 ) ) ) and ( eventually[331,386] ( x_9 >= 226.9074 ) )"
HandMovementDirection,0,0.5464285714285714,beam_model,71,0,1,True,0.08801530374310804,4,4,1.0,0.1,4,1.0,0.1,3,0,0.0,0.0,1,0.3333333333333333,0.07142857142857142,"( always[32,33] ( x_6 <= -271.9716 ) ) or ( always ( x_5 <= 214.3015 ) )"
HandMovementDirection,0,0.5464285714285714,beam_model,72,0,2,True,0.08801530374310804,6,6,1.0,0.15,6,1.0,0.15,0,0,,0.0,0,,0.0,"( not ( ( ( eventually ( x_0 <= 20.3118 ) ) and ( eventually[114,252] ( x_6 <= -234.937 ) ) ) or ( eventually[213,216] ( ( x_5 >= 683.0778 ) and ( x_3 <= -1231.0447 ) ) ) ) ) and ( eventually[210,238] ( x_2 >= 212.0666 ) )"
HandMovementDirection,0,0.5464285714285714,beam_model,73,0,2,True,0.08801530374310804,10,10,1.0,0.25,10,1.0,0.25,5,3,0.6,0.15789473684210525,1,0.2,0.07142857142857142,"( always[299,310] ( x_4 <= 70.9355 ) ) and ( always[135,152] ( ( x_1 >= 79.3423 ) or ( ( x_4 >= -118.7859 ) or ( x_6 >= 569.7342 ) ) ) )"
HandMovementDirection,0,0.5464285714285714,beam_data,0,0,2,True,0.08443631386487412,12,12,1.0,0.3,12,1.0,0.3,7,5,0.7142857142857143,0.2631578947368421,2,0.2857142857142857,0.13333333333333333,"( not ( always[296,308] ( ( ( x_2 >= 178.8385 ) or ( x_2 <= -548.5662 ) ) or ( x_4 >= -291.7758 ) ) ) ) and ( not ( ( always[291,inf] ( x_6 >= -291.1521 ) ) or ( eventually ( x_8 <= -458.5712 ) ) ) )"
HandMovementDirection,0,0.5464285714285714,beam_data,1,1,1,True,0.08443631386487412,5,5,1.0,0.125,5,1.0,0.125,3,1,0.3333333333333333,0.038461538461538464,1,0.3333333333333333,0.03333333333333333,"not ( always[167,172] ( x_6 >= -358.8142 ) )"
HandMovementDirection,0,0.5464285714285714,beam_data,2,0,2,True,0.08443631386487412,12,12,1.0,0.3,12,1.0,0.3,7,5,0.7142857142857143,0.2631578947368421,2,0.2857142857142857,0.13333333333333333,"( not ( always[296,308] ( ( ( x_2 >= 178.8385 ) or ( x_2 <= -548.5662 ) ) or ( x_4 >= -291.7758 ) ) ) ) and ( not ( ( always[291,inf] ( x_6 >= -291.1521 ) ) or ( eventually ( x_8 <= -458.5712 ) ) ) )"
HandMovementDirection,0,0.5464285714285714,beam_data,3,0,2,True,0.08443631386487412,6,6,1.0,0.15,6,1.0,0.15,6,3,0.5,0.15789473684210525,1,0.16666666666666666,0.06666666666666667,"( not ( eventually[87,141] ( x_7 >= 159.9785 ) ) ) and ( always[230,240] ( ( x_0 <= 85.4163 ) or ( x_9 <= -771.3096 ) ) )"
HandMovementDirection,0,0.5464285714285714,beam_data,4,0,1,True,0.08443631386487412,4,4,1.0,0.1,4,1.0,0.1,1,0,0.0,0.0,0,0.0,0.0,"not ( eventually[118,131] ( x_0 >= -72.2007 ) )"
HandMovementDirection,0,0.5464285714285714,beam_data,5,3,2,True,0.08443631386487412,7,7,1.0,0.175,7,1.0,0.175,3,1,0.3333333333333333,0.1,1,0.3333333333333333,0.07692307692307693,"( not ( ( always[23,141] ( x_0 <= 162.6323 ) ) or ( eventually[254,283] ( x_6 <= -83.9743 ) ) ) ) and ( always[138,147] ( ( always[70,82] ( x_2 <= 135.0889 ) ) and ( ( x_3 >= -912.1458 ) or ( x_1 >= -1253.6919 ) ) ) )"
HandMovementDirection,0,0.5464285714285714,beam_data,6,3,2,True,0.08443631386487412,5,5,1.0,0.125,5,1.0,0.125,1,0,0.0,0.0,1,1.0,0.07692307692307693,"( not ( eventually[352,353] ( ( eventually[0,22] ( x_9 >= 137.8061 ) ) or ( x_8 <= 94.874 ) ) ) ) and ( always[183,inf] ( always[69,70] ( ( x_2 >= 190.7986 ) or ( x_3 <= 249.4066 ) ) ) )"
HandMovementDirection,0,0.5464285714285714,beam_data,7,1,2,True,0.08443631386487412,15,14,0.9333333333333333,0.35,14,0.9333333333333333,0.35,6,6,1.0,0.23076923076923078,4,0.6666666666666666,0.13333333333333333,"( always[297,358] ( ( x_6 >= -209.6979 ) or ( x_3 <= -687.245 ) ) ) and ( eventually[331,386] ( x_9 >= 223.3587 ) )"
HandMovementDirection,0,0.5464285714285714,beam_data,8,3,2,True,0.08443631386487412,6,6,1.0,0.15,6,1.0,0.15,4,1,0.25,0.1,1,0.25,0.07692307692307693,"( not ( ( always[23,141] ( x_0 <= 184.566 ) ) or ( eventually[254,283] ( x_6 <= -62.0406 ) ) ) ) and ( not ( always[257,333] ( x_6 <= 347.546 ) ) )"
HandMovementDirection,0,0.5464285714285714,beam_data,9,1,3,True,0.08443631386487412,12,11,0.9166666666666666,0.275,11,0.9166666666666666,0.275,9,6,0.6666666666666666,0.23076923076923078,3,0.3333333333333333,0.1,"( ( not ( always[139,179] ( x_9 >= -345.1093 ) ) ) and ( ( ( always[144,147] ( x_4 <= 52.1034 ) ) or ( eventually[241,271] ( x_0 >= 739.3045 ) ) ) or ( eventually[258,268] ( ( x_7 >= 62.5532 ) and ( x_6 <= -188.3761 ) ) ) ) ) and ( eventually[93,144] ( ( x_8 >= 991.8501 ) or ( always[157,158] ( x_7 <= -284.2246 ) ) ) )"
HandMovementDirection,0,0.5464285714285714,beam_data,10,2,1,True,0.08443631386487412,5,5,1.0,0.125,5,1.0,0.125,2,0,0.0,0.0,1,0.5,0.06666666666666667,"not ( ( ( eventually[338,366] ( x_2 >= -8.4459 ) ) or ( always[288,296] ( x_7 >= 797.0027 ) ) ) and ( always[244,246] ( ( x_5 <= -12.7895 ) or ( x_1 >= -276.3585 ) ) ) )"
HandMovementDirection,0,0.5464285714285714,beam_data,11,1,2,True,0.08443631386487412,7,7,1.0,0.175,7,1.0,0.175,2,2,1.0,0.07692307692307693,2,1.0,0.06666666666666667,"( ( eventually[111,112] ( x_6 >= 386.0173 ) ) or ( eventually[250,inf] ( x_3 >= 555.4056 ) ) ) and ( not ( always[243,252] ( x_6 >= -227.2798 ) ) )"
HandMovementDirection,0,0.5464285714285714,beam_data,12,1,2,True,0.08443631386487412,8,8,1.0,0.2,8,1.0,0.2,4,2,0.5,0.07692307692307693,1,0.25,0.03333333333333333,"( not ( always[167,172] ( x_6 >= -306.1306 ) ) ) and ( not ( ( always[42,52] ( x_4 <= 275.0276 ) ) and ( always[318,320] ( x_9 <= 38.3344 ) ) ) )"
HandMovementDirection,0,0.5464285714285714,beam_data,13,3,2,True,0.08443631386487412,5,5,1.0,0.125,5,1.0,0.125,2,0,0.0,0.0,0,0.0,0.0,"( not ( ( always[88,96] ( x_6 >= -143.9751 ) ) or ( eventually[243,261] ( x_3 >= 54.0014 ) ) ) ) and ( not ( ( always[294,299] ( always[26,28] ( x_8 >= -143.3547 ) ) ) or ( always[393,inf] ( x_6 <= 108.5194 ) ) ) )"
HandMovementDirection,0,0.5464285714285714,beam_data,14,1,1,True,0.08443631386487412,5,5,1.0,0.125,5,1.0,0.125,4,2,0.5,0.07692307692307693,3,0.75,0.10344827586206896,"not ( ( eventually[78,79] ( eventually[54,65] ( x_1 <= 521.6251 ) ) ) and ( always[148,291] ( ( x_2 <= 687.5525 ) and ( x_6 >= -556.8103 ) ) ) )"
HandMovementDirection,0,0.5464285714285714,beam_data,15,1,2,True,0.08443631386487412,8,8,1.0,0.2,8,1.0,0.2,6,3,0.5,0.11538461538461539,2,0.3333333333333333,0.06896551724137931,"( not ( always[139,179] ( x_9 >= -388.3838 ) ) ) and ( ( eventually[161,172] ( x_9 <= -165.0425 ) ) and ( eventually[108,270] ( x_1 >= -536.9972 ) ) )"
HandMovementDirection,0,0.5464285714285714,beam_data,16,3,2,True,0.08443631386487412,5,5,1.0,0.125,5,1.0,0.125,3,0,0.0,0.0,0,0.0,0.0,"( not ( ( eventually ( x_9 >= 305.0874 ) ) or ( ( eventually[8,235] ( x_1 >= 409.3366 ) ) or ( always ( x_4 >= 455.6294 ) ) ) ) ) and ( not ( ( eventually[32,69] ( x_7 >= 108.1924 ) ) and ( eventually ( x_2 >= 395.2865 ) ) ) )"
HandMovementDirection,0,0.5464285714285714,beam_data,17,3,1,True,0.08443631386487412,4,4,1.0,0.1,4,1.0,0.1,5,2,0.4,0.2,1,0.2,0.07142857142857142,"always[233,271] ( always[21,27] ( x_6 >= -85.2424 ) )"
HandMovementDirection,0,0.5464285714285714,beam_data,18,0,2,True,0.08443631386487412,12,12,1.0,0.3,12,1.0,0.3,7,5,0.7142857142857143,0.2631578947368421,2,0.2857142857142857,0.13333333333333333,"( not ( always[296,308] ( ( ( x_2 >= 178.8385 ) or ( x_2 <= -548.5662 ) ) or ( x_4 >= -291.7758 ) ) ) ) and ( not ( ( always[291,inf] ( x_6 >= -291.1521 ) ) or ( eventually ( x_8 <= -458.5712 ) ) ) )"
HandMovementDirection,0,0.5464285714285714,beam_data,19,0,2,True,0.08443631386487412,12,12,1.0,0.3,12,1.0,0.3,7,5,0.7142857142857143,0.2631578947368421,2,0.2857142857142857,0.13333333333333333,"( not ( always[296,308] ( ( ( x_2 >= 178.8385 ) or ( x_2 <= -548.5662 ) ) or ( x_4 >= -291.7758 ) ) ) ) and ( not ( ( always[291,inf] ( x_6 >= -291.1521 ) ) or ( eventually ( x_8 <= -458.5712 ) ) ) )"
HandMovementDirection,0,0.5464285714285714,beam_data,20,1,2,True,0.08443631386487412,6,6,1.0,0.15,6,1.0,0.15,1,1,1.0,0.038461538461538464,1,1.0,0.034482758620689655,"( eventually[39,41] ( eventually[215,220] ( x_5 <= -392.0239 ) ) ) and ( not ( always[254,256] ( ( x_7 >= -279.855 ) and ( x_8 <= 59.5454 ) ) ) )"
HandMovementDirection,0,0.5464285714285714,beam_data,21,1,3,True,0.08443631386487412,15,14,0.9333333333333333,0.35,14,0.9333333333333333,0.35,7,5,0.7142857142857143,0.19230769230769232,5,0.7142857142857143,0.1724137931034483,"( ( always[331,362] ( x_9 >= -154.5715 ) ) and ( eventually[330,352] ( x_6 >= 215.2325 ) ) ) and ( eventually[331,386] ( x_9 >= 224.8295 ) )"
HandMovementDirection,0,0.5464285714285714,beam_data,22,1,2,True,0.08443631386487412,13,12,0.9230769230769231,0.3,12,0.9230769230769231,0.3,8,3,0.375,0.11538461538461539,5,0.625,0.1724137931034483,"( not ( eventually[187,188] ( ( always[52,89] ( x_1 >= -387.8603 ) ) or ( ( x_6 >= 392.7352 ) or ( x_9 <= -803.6636 ) ) ) ) ) and ( not ( always[332,348] ( ( x_7 >= 876.0588 ) or ( ( x_9 <= 145.6885 ) or ( x_0 >= 405.8862 ) ) ) ) )"
HandMovementDirection,0,0.5464285714285714,beam_data,23,1,2,True,0.08443631386487412,8,8,1.0,0.2,8,1.0,0.2,7,1,0.14285714285714285,0.038461538461538464,1,0.14285714285714285,0.034482758620689655,"( not ( always[71,72] ( x_8 >= -232.8568 ) ) ) and ( eventually[331,386] ( x_9 >= 226.9074 ) )"
HandMovementDirection,0,0.5464285714285714,beam_data,24,1,3,True,0.08443631386487412,18,17,0.9444444444444444,0.425,17,0.9444444444444444,0.425,9,7,0.7777777777777778,0.2692307692307692,6,0.6666666666666666,0.20689655172413793,"( ( ( always[23,141] ( x_0 <= -67.0472 ) ) or ( eventually[254,283] ( x_6 <= -313.6538 ) ) ) and ( not ( eventually[318,319] ( x_3 <= -43.5715 ) ) ) ) and ( not ( eventually[76,98] ( eventually[179,183] ( x_6 >= 254.1259 ) ) ) )"
HandMovementDirection,0,0.5464285714285714,beam_data,25,1,1,True,0.08443631386487412,5,5,1.0,0.125,5,1.0,0.125,4,2,0.5,0.07692307692307693,3,0.75,0.10344827586206896,"not ( ( eventually[78,79] ( eventually[54,65] ( x_1 <= 521.6251 ) ) ) and ( always[148,291] ( ( x_2 <= 687.5525 ) and ( x_6 >= -556.8103 ) ) ) )"
HandMovementDirection,0,0.5464285714285714,beam_data,26,1,1,True,0.08443631386487412,7,7,1.0,0.175,7,1.0,0.175,3,1,0.3333333333333333,0.038461538461538464,2,0.6666666666666666,0.06896551724137931,"always[331,362] ( x_9 >= -90.4949 )"
HandMovementDirection,0,0.5464285714285714,beam_data,27,2,2,True,0.08443631386487412,5,5,1.0,0.125,5,1.0,0.125,5,1,0.2,0.06666666666666667,1,0.2,0.06666666666666667,"( not ( ( ( eventually[338,366] ( x_2 >= 2.639 ) ) or ( always[288,296] ( x_7 >= 808.0875 ) ) ) and ( always[244,246] ( ( x_5 <= -23.8744 ) or ( x_1 >= -265.2736 ) ) ) ) ) and ( not ( always[144,389] ( ( x_1 >= -272.4348 ) or ( x_5 <= -12.9071 ) ) ) )"
HandMovementDirection,0,0.5464285714285714,beam_data,28,1,2,True,0.08443631386487412,6,6,1.0,0.15,6,1.0,0.15,1,1,1.0,0.038461538461538464,1,1.0,0.034482758620689655,"( eventually[39,41] ( eventually[215,220] ( x_5 <= -392.0239 ) ) ) and ( eventually[118,131] ( x_0 >= 209.4961 ) )"
HandMovementDirection,0,0.5464285714285714,beam_data,29,1,1,True,0.08443631386487412,7,7,1.0,0.175,7,1.0,0.175,3,1,0.3333333333333333,0.038461538461538464,2,0.6666666666666666,0.06896551724137931,"always[331,362] ( x_9 >= -90.4949 )"
HandMovementDirection,0,0.5464285714285714,beam_data,30,2,2,True,0.08443631386487412,6,6,1.0,0.15,6,1.0,0.15,2,2,1.0,0.13333333333333333,2,1.0,0.13333333333333333,"( ( always[234,235] ( x_5 >= 218.3286 ) ) or ( eventually[135,159] ( x_2 >= 1255.8733 ) ) ) and ( not ( ( eventually[249,253] ( eventually[61,93] ( x_7 <= 1276.4939 ) ) ) and ( ( eventually[323,324] ( x_3 >= 31.4255 ) ) or ( always ( x_7 >= -371.0604 ) ) ) ) )"
HandMovementDirection,0,0.5464285714285714,beam_data,31,1,2,True,0.08443631386487412,15,14,0.9333333333333333,0.35,14,0.9333333333333333,0.35,3,3,1.0,0.11538461538461539,2,0.6666666666666666,0.06896551724137931,"( always[331,362] ( x_9 >= -142.1556 ) ) and ( not ( eventually[393,397] ( ( x_9 >= 6.7839 ) and ( x_3 <= 137.9201 ) ) ) )"
HandMovementDirection,0,0.5464285714285714,beam_data,32,1,2,True,0.08443631386487412,11,10,0.9090909090909091,0.25,10,0.9090909090909091,0.25,2,0,0.0,0.0,0,0.0,0.0,"( eventually[314,318] ( x_3 >= 245.3746 ) ) and ( eventually[87,141] ( x_7 >= 342.1495 ) )"
HandMovementDirection,0,0.5464285714285714,beam_data,33,2,1,True,0.08443631386487412,3,3,1.0,0.075,3,1.0,0.075,5,4,0.8,0.26666666666666666,3,0.6,0.2,"eventually[182,236] ( x_4 <= -437.8805 )"
HandMovementDirection,0,0.5464285714285714,beam_data,34,1,2,True,0.08443631386487412,13,12,0.9230769230769231,0.3,12,0.9230769230769231,0.3,10,5,0.5,0.19230769230769232,7,0.7,0.2413793103448276,"( not ( eventually[187,188] ( ( always[52,89] ( x_1 >= -398.8047 ) ) or ( ( x_6 >= 381.7908 ) or ( x_9 <= -792.7192 ) ) ) ) ) and ( not ( ( always[42,52] ( x_4 <= 323.295 ) ) and ( always[318,320] ( x_9 <= 86.6019 ) ) ) )"
HandMovementDirection,0,0.5464285714285714,beam_data,35,1,3,True,0.08443631386487412,15,14,0.9333333333333333,0.35,14,0.9333333333333333,0.35,5,3,0.6,0.11538461538461539,3,0.6,0.10344827586206896,"( ( always[331,362] ( x_9 >= -154.5715 ) ) and ( not ( eventually ( ( x_9 >= 287.4657 ) or ( always[342,inf] ( x_6 <= -637.6654 ) ) ) ) ) ) and ( eventually[331,386] ( x_9 >= 224.8295 ) )"
HandMovementDirection,0,0.5464285714285714,beam_data,36,2,1,True,0.08443631386487412,3,3,1.0,0.075,3,1.0,0.075,5,4,0.8,0.26666666666666666,3,0.6,0.2,"eventually[182,236] ( x_4 <= -437.8805 )"
HandMovementDirection,0,0.5464285714285714,beam_data,37,1,2,True,0.08443631386487412,7,7,1.0,0.175,7,1.0,0.175,3,2,0.6666666666666666,0.07692307692307693,3,1.0,0.10344827586206896,"( not ( always[176,inf] ( ( x_0 >= 78.3661 ) or ( x_3 <= 332.4908 ) ) ) ) and ( eventually[93,144] ( ( x_8 >= 996.6897 ) or ( always[157,158] ( x_7 <= -289.0642 ) ) ) )"
HandMovementDirection,0,0.5464285714285714,beam_data,38,1,1,True,0.08443631386487412,5,5,1.0,0.125,5,1.0,0.125,4,2,0.5,0.07692307692307693,3,0.75,0.10344827586206896,"not ( ( eventually[78,79] ( eventually[54,65] ( x_1 <= 521.6251 ) ) ) and ( always[148,291] ( ( x_2 <= 687.5525 ) and ( x_6 >= -556.8103 ) ) ) )"
HandMovementDirection,0,0.5464285714285714,beam_data,39,2,2,True,0.08443631386487412,7,7,1.0,0.175,7,1.0,0.175,2,2,1.0,0.13333333333333333,1,0.5,0.06666666666666667,"( not ( always[272,284] ( x_5 <= 328.7854 ) ) ) and ( not ( ( eventually[249,253] ( eventually[61,93] ( x_7 <= 1264.8347 ) ) ) and ( ( eventually[323,324] ( x_3 >= 43.0846 ) ) or ( always ( x_7 >= -359.4012 ) ) ) ) )"
HandMovementDirection,0,0.5464285714285714,beam_data,40,2,1,True,0.08443631386487412,3,3,1.0,0.075,3,1.0,0.075,3,1,0.3333333333333333,0.06666666666666667,1,0.3333333333333333,0.06666666666666667,"( always[157,216] ( x_7 <= 565.5591 ) ) and ( always[89,94] ( x_2 >= 170.6631 ) )"
HandMovementDirection,0,0.5464285714285714,beam_data,41,0,2,True,0.08443631386487412,6,6,1.0,0.15,6,1.0,0.15,4,2,0.5,0.10526315789473684,1,0.25,0.06666666666666667,"( not ( always[83,90] ( x_1 >= -310.762 ) ) ) and ( not ( always[297,303] ( x_6 >= -134.8624 ) ) )"
HandMovementDirection,0,0.5464285714285714,beam_data,42,0,2,True,0.08443631386487412,6,6,1.0,0.15,6,1.0,0.15,1,1,1.0,0.05263157894736842,0,0.0,0.0,"( always[299,310] ( x_4 <= -28.8242 ) ) and ( not ( always[30,36] ( x_8 <= 134.7156 ) ) )"
HandMovementDirection,0,0.5464285714285714,beam_data,43,3,2,True,0.08443631386487412,7,7,1.0,0.175,7,1.0,0.175,2,0,0.0,0.0,0,0.0,0.0,"( not ( ( ( always[239,242] ( x_2 <= 211.4879 ) ) and ( eventually[194,inf] ( x_1 <= -516.0977 ) ) ) or ( ( eventually[292,inf] ( x_5 >= 192.8455 ) ) or ( always[43,inf] ( x_5 <= -994.5095 ) ) ) ) ) and ( eventually[244,246] ( ( x_4 <= 183.7077 ) and ( x_1 >= 1.1949 ) ) )"
HandMovementDirection,0,0.5464285714285714,beam_data,44,2,2,True,0.08443631386487412,5,5,1.0,0.125,5,1.0,0.125,5,2,0.4,0.13333333333333333,2,0.4,0.14285714285714285,"( not ( always[146,345] ( x_2 >= -500.7372 ) ) ) and ( not ( ( always[286,326] ( x_4 >= -185.2166 ) ) or ( always[367,372] ( x_4 <= 49.0777 ) ) ) )"
HandMovementDirection,0,0.5464285714285714,beam_data,45,2,2,True,0.08443631386487412,5,5,1.0,0.125,5,1.0,0.125,5,2,0.4,0.13333333333333333,2,0.4,0.14285714285714285,"( not ( always[146,345] ( x_2 >= -500.7372 ) ) ) and ( not ( ( always[286,326] ( x_4 >= -187.155 ) ) or ( always[367,372] ( x_4 <= 51.0161 ) ) ) )"
HandMovementDirection,0,0.5464285714285714,beam_data,46,2,2,True,0.08443631386487412,7,7,1.0,0.175,7,1.0,0.175,0,0,,0.0,0,,0.0,"( always[326,334] ( ( ( x_6 >= 1474.02 ) or ( x_1 >= 144.6692 ) ) or ( x_8 <= -157.345 ) ) ) and ( not ( eventually[267,278] ( x_3 <= -99.916 ) ) )"
HandMovementDirection,0,0.5464285714285714,beam_data,47,2,2,True,0.08443631386487412,7,7,1.0,0.175,7,1.0,0.175,3,0,0.0,0.0,0,0.0,0.0,"( not ( eventually[253,300] ( x_5 <= -126.7945 ) ) ) and ( ( ( always[285,inf] ( x_6 <= -173.7469 ) ) or ( eventually[185,inf] ( x_8 >= -194.2322 ) ) ) and ( ( eventually ( x_0 <= -564.1311 ) ) or ( always[232,296] ( x_3 >= -251.5422 ) ) ) )"
HandMovementDirection,0,0.5464285714285714,beam_data,48,2,2,True,0.08443631386487412,5,5,1.0,0.125,5,1.0,0.125,2,1,0.5,0.06666666666666667,2,1.0,0.14285714285714285,"( not ( always[360,inf] ( ( ( x_2 <= 60.1745 ) or ( x_1 <= -781.3508 ) ) or ( x_0 >= -200.7932 ) ) ) ) and ( not ( ( ( eventually[338,366] ( x_2 >= 150.0783 ) ) or ( always[288,296] ( x_7 >= 955.5269 ) ) ) and ( always[244,246] ( ( x_5 <= -171.3137 ) or ( x_1 >= -117.8343 ) ) ) ) )"
HandMovementDirection,0,0.5464285714285714,beam_data,49,1,2,True,0.08443631386487412,8,8,1.0,0.2,8,1.0,0.2,0,0,,0.0,0,,0.0,"( not ( always[183,inf] ( always[69,70] ( ( x_2 >= 129.788 ) or ( x_3 <= 310.4171 ) ) ) ) ) and ( not ( ( ( always[18,60] ( x_7 >= -413.2583 ) ) and ( eventually[385,387] ( x_6 >= -38.6995 ) ) ) and ( ( eventually[272,273] ( x_9 <= -7.8222 ) ) or ( always[10,29] ( x_4 <= 216.3978 ) ) ) ) )"
HandMovementDirection,0,0.5464285714285714,beam_data,50,2,1,True,0.08443631386487412,5,5,1.0,0.125,5,1.0,0.125,2,1,0.5,0.06666666666666667,1,0.5,0.07142857142857142,"not ( eventually[268,270] ( always[9,14] ( ( x_1 >= -516.8285 ) and ( x_3 <= 393.4704 ) ) ) )"
HandMovementDirection,0,0.5464285714285714,beam_data,51,1,2,True,0.08443631386487412,6,6,1.0,0.15,6,1.0,0.15,1,0,0.0,0.0,0,0.0,0.0,"( not ( always[167,172] ( x_6 >= -349.6634 ) ) ) and ( ( always[138,171] ( x_2 <= 66.6204 ) ) or ( always[48,50] ( x_7 >= 44.0904 ) ) )"
HandMovementDirection,0,0.5464285714285714,beam_data,52,0,2,True,0.08443631386487412,10,10,1.0,0.25,10,1.0,0.25,4,2,0.5,0.10526315789473684,2,0.5,0.13333333333333333,"( always[299,310] ( x_4 <= 55.6507 ) ) and ( always[135,152] ( ( x_1 >= 81.2746 ) or ( ( x_4 >= -116.8537 ) or ( x_6 >= 571.6665 ) ) ) )"
HandMovementDirection,0,0.5464285714285714,beam_data,53,2,2,True,0.08443631386487412,14,13,0.9285714285714286,0.325,13,0.9285714285714286,0.325,5,0,0.0,0.0,1,0.2,0.07142857142857142,"( ( ( always[285,inf] ( x_6 <= -262.0219 ) ) or ( eventually[185,inf] ( x_8 >= -105.9572 ) ) ) and ( ( eventually ( x_0 <= -652.4062 ) ) or ( always[232,296] ( x_3 >= -163.2672 ) ) ) ) and ( eventually ( ( eventually ( x_2 <= -376.6511 ) ) and ( x_5 >= 349.7851 ) ) )"
HandMovementDirection,0,0.5464285714285714,beam_data,54,1,2,True,0.08443631386487412,8,8,1.0,0.2,8,1.0,0.2,6,3,0.5,0.11538461538461539,3,0.5,0.1,"( not ( always[139,179] ( x_9 >= -388.3838 ) ) ) and ( ( eventually[161,172] ( x_9 <= -165.0425 ) ) and ( eventually[108,270] ( x_1 >= -536.9972 ) ) )"
HandMovementDirection,0,0.5464285714285714,beam_data,55,2,1,True,0.08443631386487412,5,5,1.0,0.125,5,1.0,0.125,2,1,0.5,0.06666666666666667,1,0.5,0.07142857142857142,"not ( eventually[268,270] ( always[9,14] ( ( x_1 >= -516.8285 ) and ( x_3 <= 393.4704 ) ) ) )"
HandMovementDirection,0,0.5464285714285714,beam_data,56,2,2,True,0.08443631386487412,5,5,1.0,0.125,5,1.0,0.125,1,1,1.0,0.06666666666666667,1,1.0,0.07142857142857142,"( not ( eventually[267,278] ( x_3 <= 121.5252 ) ) ) and ( not ( always ( ( x_2 >= -321.4522 ) or ( always[26,115] ( x_1 <= 423.5342 ) ) ) ) )"
HandMovementDirection,0,0.5464285714285714,beam_data,57,1,2,True,0.08443631386487412,15,14,0.9333333333333333,0.35,14,0.9333333333333333,0.35,6,6,1.0,0.23076923076923078,4,0.6666666666666666,0.13333333333333333,"( always[297,358] ( ( x_6 >= -209.6979 ) or ( x_3 <= -687.245 ) ) ) and ( eventually[331,386] ( x_9 >= 223.3587 ) )"
HandMovementDirection,0,0.5464285714285714,beam_data,58,3,2,True,0.08443631386487412,8,8,1.0,0.2,8,1.0,0.2,2,0,0.0,0.0,1,0.5,0.07142857142857142,"( not ( ( ( eventually[98,104] ( x_8 >= -1087.7054 ) ) or ( eventually[82,374] ( x_0 <= 330.8822 ) ) ) and ( always[284,290] ( ( x_8 <= 811.5045 ) and ( x_3 >= -251.7314 ) ) ) ) ) and ( always[389,392] ( ( x_0 <= 167.6188 ) and ( eventually[1,7] ( x_6 >= 94.2874 ) ) ) )"
HandMovementDirection,0,0.5464285714285714,beam_data,59,0,2,True,0.08443631386487412,12,12,1.0,0.3,12,1.0,0.3,7,5,0.7142857142857143,0.2631578947368421,1,0.14285714285714285,0.07142857142857142,"( not ( always[296,308] ( ( ( x_2 >= 178.8385 ) or ( x_2 <= -548.5662 ) ) or ( x_4 >= -291.7758 ) ) ) ) and ( not ( ( always[291,inf] ( x_6 >= -291.1521 ) ) or ( eventually ( x_8 <= -458.5712 ) ) ) )"
HandMovementDirection,0,0.5464285714285714,beam_data,60,3,2,True,0.08443631386487412,7,7,1.0,0.175,7,1.0,0.175,4,0,0.0,0.0,0,0.0,0.0,"( eventually[315,332] ( x_2 <= -346.2612 ) ) and ( eventually[268,270] ( always[9,14] ( ( x_1 >= -270.8494 ) and ( x_3 <= 147.4913 ) ) ) )"
HandMovementDirection,0,0.5464285714285714,beam_data,61,3,2,True,0.08443631386487412,5,5,1.0,0.125,5,1.0,0.125,1,0,0.0,0.0,0,0.0,0.0,"( eventually[333,391] ( always[4,7] ( always[0,1] ( x_9 <= -293.0377 ) ) ) ) and ( ( eventually[337,358] ( always[8,21] ( x_6 <= 37.8067 ) ) ) or ( ( always[179,212] ( x_6 >= -13.6808 ) ) and ( always[20,395] ( x_8 <= -844.3695 ) ) ) )"
HandMovementDirection,0,0.5464285714285714,beam_data,62,3,2,True,0.08443631386487412,6,6,1.0,0.15,6,1.0,0.15,4,1,0.25,0.1,2,0.5,0.14285714285714285,"( not ( ( always[23,141] ( x_0 <= 184.566 ) ) or ( eventually[254,283] ( x_6 <= -62.0406 ) ) ) ) and ( not ( always[257,333] ( x_6 <= 347.546 ) ) )"
HandMovementDirection,0,0.5464285714285714,beam_data,63,0,2,True,0.08443631386487412,5,5,1.0,0.125,5,1.0,0.125,1,0,0.0,0.0,0,0.0,0.0,"( ( eventually[78,79] ( eventually[54,65] ( x_1 <= 203.1605 ) ) ) and ( always[148,291] ( ( x_2 <= 369.0879 ) and ( x_6 >= -238.3457 ) ) ) ) and ( always[146,345] ( x_2 >= -313.222 ) )"
HandMovementDirection,0,0.5464285714285714,beam_data,64,0,2,True,0.08443631386487412,5,5,1.0,0.125,5,1.0,0.125,2,0,0.0,0.0,0,0.0,0.0,"( eventually[99,105] ( x_9 <= -325.231 ) ) and ( always[299,310] ( x_4 <= 156.6675 ) )"
HandMovementDirection,0,0.5464285714285714,beam_data,65,0,2,True,0.08443631386487412,7,7,1.0,0.175,7,1.0,0.175,2,0,0.0,0.0,0,0.0,0.0,"( eventually[287,288] ( eventually[4,inf] ( ( x_9 >= 515.2397 ) or ( x_7 <= -518.3226 ) ) ) ) and ( always[247,248] ( ( ( x_1 >= -65.5295 ) and ( x_5 >= -555.2477 ) ) or ( x_9 >= 433.5087 ) ) )"
HandMovementDirection,0,0.5464285714285714,beam_data,66,0,2,True,0.08443631386487412,12,11,0.9166666666666666,0.275,11,0.9166666666666666,0.275,1,0,0.0,0.0,0,0.0,0.0,"( eventually[146,148] ( x_9 >= 223.5631 ) ) and ( always[303,304] ( x_4 <= -36.1355 ) )"
HandMovementDirection,0,0.5464285714285714,beam_data,67,0,2,True,0.08443631386487412,6,6,1.0,0.15,6,1.0,0.15,2,0,0.0,0.0,0,0.0,0.0,"( not ( eventually[185,188] ( x_8 <= 88.837 ) ) ) and ( always[244,297] ( ( x_3 <= 299.9165 ) and ( x_9 >= -279.5311 ) ) )"
HandMovementDirection,0,0.5464285714285714,beam_data,68,0,2,True,0.08443631386487412,6,6,1.0,0.15,6,1.0,0.15,4,2,0.5,0.10526315789473684,2,0.5,0.14285714285714285,"( not ( always[297,303] ( x_6 >= -356.7644 ) ) ) and ( always[299,310] ( x_4 <= 149.6578 ) )"
HandMovementDirection,0,0.5464285714285714,beam_data,69,0,2,True,0.08443631386487412,7,7,1.0,0.175,7,1.0,0.175,5,2,0.4,0.10526315789473684,2,0.4,0.14285714285714285,"( not ( always[297,303] ( x_6 >= -324.5586 ) ) ) and ( always[299,310] ( x_4 <= 148.039 ) )"
HandMovementDirection,0,0.5464285714285714,beam_data,70,1,2,True,0.08443631386487412,8,8,1.0,0.2,8,1.0,0.2,7,1,0.14285714285714285,0.038461538461538464,2,0.2857142857142857,0.06666666666666667,"( not ( always[71,72] ( x_8 >= -232.8568 ) ) ) and ( eventually[331,386] ( x_9 >= 226.9074 ) )"
HandMovementDirection,0,0.5464285714285714,beam_data,71,0,1,True,0.08443631386487412,4,4,1.0,0.1,4,1.0,0.1,3,0,0.0,0.0,1,0.3333333333333333,0.07142857142857142,"( always[32,33] ( x_6 <= -271.9716 ) ) or ( always ( x_5 <= 214.3015 ) )"
HandMovementDirection,0,0.5464285714285714,beam_data,72,0,2,True,0.08443631386487412,6,6,1.0,0.15,6,1.0,0.15,0,0,,0.0,0,,0.0,"( not ( ( ( eventually ( x_0 <= 20.3118 ) ) and ( eventually[114,252] ( x_6 <= -234.937 ) ) ) or ( eventually[213,216] ( ( x_5 >= 683.0778 ) and ( x_3 <= -1231.0447 ) ) ) ) ) and ( eventually[210,238] ( x_2 >= 212.0666 ) )"
HandMovementDirection,0,0.5464285714285714,beam_data,73,0,2,True,0.08443631386487412,10,10,1.0,0.25,10,1.0,0.25,5,3,0.6,0.15789473684210525,1,0.2,0.07142857142857142,"( always[299,310] ( x_4 <= 70.9355 ) ) and ( always[135,152] ( ( x_1 >= 79.3423 ) or ( ( x_4 >= -118.7859 ) or ( x_6 >= 569.7342 ) ) ) )"
HandMovementDirection,0,0.5464285714285714,greedy_old,0,0,3,True,0.016255591006483883,10,9,0.9,0.225,9,0.9,0.225,6,6,1.0,0.3157894736842105,5,0.8333333333333334,0.3333333333333333,"( ( always[244,297] ( ( x_3 <= 317.6417 ) and ( x_9 >= -297.2562 ) ) ) and ( always[280,298] ( x_6 <= 196.8424 ) ) ) and ( always[243,252] ( x_6 >= -144.2676 ) )"
HandMovementDirection,0,0.5464285714285714,greedy_old,1,1,5,True,0.021687258005840704,2,2,1.0,0.05,2,1.0,0.05,1,0,0.0,0.0,0,0.0,0.0,"( ( ( ( not ( always[139,179] ( x_9 >= -260.7164 ) ) ) and ( not ( eventually[28,223] ( x_4 >= 359.0476 ) ) ) ) and ( not ( always[167,172] ( x_6 >= -136.8736 ) ) ) ) and ( ( eventually[111,112] ( x_6 >= 227.5759 ) ) or ( eventually[250,inf] ( x_3 >= 396.9643 ) ) ) ) and ( not ( always[247,248] ( ( ( x_1 >= -112.9682 ) and ( x_5 >= -602.6864 ) ) or ( x_9 >= 386.07 ) ) ) )"
HandMovementDirection,0,0.5464285714285714,greedy_old,2,0,4,True,0.013679978001164272,4,4,1.0,0.1,4,1.0,0.1,7,4,0.5714285714285714,0.21052631578947367,3,0.42857142857142855,0.2,"( ( ( always[244,297] ( ( x_3 <= 317.6417 ) and ( x_9 >= -297.2562 ) ) ) and ( always[280,298] ( x_6 <= 196.8424 ) ) ) and ( not ( always[296,308] ( ( ( x_2 >= 320.0321 ) or ( x_2 <= -689.7598 ) ) or ( x_4 >= -150.5822 ) ) ) ) ) and ( not ( eventually[222,244] ( x_9 >= 168.4511 ) ) )"
HandMovementDirection,0,0.5464285714285714,greedy_old,3,0,3,True,0.011810653013526462,6,6,1.0,0.15,6,1.0,0.15,12,5,0.4166666666666667,0.2631578947368421,3,0.25,0.2,"( ( always[244,297] ( ( x_3 <= 317.6417 ) and ( x_9 >= -297.2562 ) ) ) and ( not ( always[296,308] ( ( ( x_2 >= 320.0321 ) or ( x_2 <= -689.7598 ) ) or ( x_4 >= -150.5822 ) ) ) ) ) and ( not ( eventually[222,244] ( x_9 >= 168.4511 ) ) )"
HandMovementDirection,0,0.5464285714285714,greedy_old,4,0,4,True,0.00875162000011187,4,4,1.0,0.1,4,1.0,0.1,1,0,0.0,0.0,0,0.0,0.0,"( ( ( not ( ( always[291,inf] ( x_6 >= -311.2663 ) ) or ( eventually ( x_8 <= -438.457 ) ) ) ) and ( not ( eventually[117,123] ( x_4 >= 88.3672 ) ) ) ) and ( always[299,310] ( x_4 <= 180.0699 ) ) ) and ( always[247,248] ( ( ( x_1 >= -34.1947 ) and ( x_5 >= -523.9128 ) ) or ( x_9 >= 464.8436 ) ) )"
HandMovementDirection,0,0.5464285714285714,greedy_old,5,3,4,True,0.016093536003609188,5,5,1.0,0.125,5,1.0,0.125,1,0,0.0,0.0,0,0.0,0.0,"( ( ( not ( ( always[294,299] ( always[26,28] ( x_8 >= -121.1529 ) ) ) or ( always[393,inf] ( x_6 <= 86.3176 ) ) ) ) and ( eventually[268,270] ( always[9,14] ( ( x_1 >= -218.8834 ) and ( x_3 <= 95.5253 ) ) ) ) ) and ( ( eventually[337,358] ( always[8,21] ( x_6 <= 20.3368 ) ) ) or ( ( always[179,212] ( x_6 >= 3.7891 ) ) and ( always[20,395] ( x_8 <= -861.8394 ) ) ) ) ) and ( not ( ( eventually[32,69] ( x_7 >= 109.4296 ) ) and ( eventually ( x_2 >= 396.5238 ) ) ) )"
HandMovementDirection,0,0.5464285714285714,greedy_old,6,3,4,True,0.01536091900197789,6,6,1.0,0.15,6,1.0,0.15,1,1,1.0,0.1,0,0.0,0.0,"( ( ( ( eventually[337,358] ( always[8,21] ( x_6 <= 20.3368 ) ) ) or ( ( always[179,212] ( x_6 >= 3.7891 ) ) and ( always[20,395] ( x_8 <= -861.8394 ) ) ) ) and ( not ( ( eventually[169,170] ( x_1 >= -4.3929 ) ) or ( always[150,inf] ( x_2 <= -1031.1797 ) ) ) ) ) and ( ( ( eventually[338,366] ( x_2 >= 162.8717 ) ) or ( always[288,296] ( x_7 >= 968.3203 ) ) ) and ( always[244,246] ( ( x_5 <= -184.1071 ) or ( x_1 >= -105.0409 ) ) ) ) ) and ( not ( always[136,151] ( ( ( x_2 <= 32.1318 ) and ( x_3 <= 491.2424 ) ) or ( ( x_6 >= 1.7218 ) or ( x_4 <= -155.7163 ) ) ) ) )"
HandMovementDirection,0,0.5464285714285714,greedy_old,7,1,3,True,0.015821315013454296,11,11,1.0,0.275,11,1.0,0.275,9,2,0.2222222222222222,0.07692307692307693,3,0.3333333333333333,0.1,"( ( eventually[331,386] ( x_9 >= 229.4949 ) ) and ( not ( ( ( always[18,60] ( x_7 >= -437.4828 ) ) and ( eventually[385,387] ( x_6 >= -62.9241 ) ) ) and ( ( eventually[272,273] ( x_9 <= 16.4023 ) ) or ( always[10,29] ( x_4 <= 240.6223 ) ) ) ) ) ) and ( not ( ( eventually[337,358] ( always[8,21] ( x_6 <= 71.6676 ) ) ) or ( ( always[179,212] ( x_6 >= -47.5417 ) ) and ( always[20,395] ( x_8 <= -810.5086 ) ) ) ) )"
HandMovementDirection,0,0.5464285714285714,greedy_old,8,3,4,True,0.01245523599209264,2,2,1.0,0.05,2,1.0,0.05,2,1,0.5,0.1,1,0.5,0.07692307692307693,"( ( ( not ( ( always[294,299] ( always[26,28] ( x_8 >= -121.1529 ) ) ) or ( always[393,inf] ( x_6 <= 86.3176 ) ) ) ) and ( eventually[268,270] ( always[9,14] ( ( x_1 >= -218.8834 ) and ( x_3 <= 95.5253 ) ) ) ) ) and ( not ( ( eventually[32,69] ( x_7 >= 109.4296 ) ) and ( eventually ( x_2 >= 396.5238 ) ) ) ) ) and ( always[233,271] ( always[21,27] ( x_6 >= -228.0665 ) ) )"
HandMovementDirection,0,0.5464285714285714,greedy_old,9,1,4,True,0.011055950992158614,3,3,1.0,0.075,3,1.0,0.075,3,1,0.3333333333333333,0.038461538461538464,1,0.3333333333333333,0.03333333333333333,"( ( ( not ( always[139,179] ( x_9 >= -260.7164 ) ) ) and ( ( eventually[111,112] ( x_6 >= 227.5759 ) ) or ( eventually[250,inf] ( x_3 >= 396.9643 ) ) ) ) and ( not ( ( ( always[18,60] ( x_7 >= -437.4828 ) ) and ( eventually[385,387] ( x_6 >= -62.9241 ) ) ) and ( ( eventually[272,273] ( x_9 <= 16.4023 ) ) or ( always[10,29] ( x_4 <= 240.6223 ) ) ) ) ) ) and ( not ( always[277,298] ( x_5 >= -228.6373 ) ) )"
HandMovementDirection,0,0.5464285714285714,greedy_old,10,2,5,True,0.01970768001046963,3,3,1.0,0.075,3,1.0,0.075,1,1,1.0,0.06666666666666667,1,1.0,0.06666666666666667,"( ( ( ( ( eventually[344,345] ( x_8 <= -92.9808 ) ) or ( always[16,97] ( x_2 >= 420.0785 ) ) ) and ( not ( ( eventually[249,253] ( eventually[61,93] ( x_7 <= 1295.4998 ) ) ) and ( ( eventually[323,324] ( x_3 >= 12.4196 ) ) or ( always ( x_7 >= -390.0662 ) ) ) ) ) ) and ( not ( ( ( always[318,323] ( x_3 >= -215.0895 ) ) and ( eventually[97,182] ( x_4 >= -758.3436 ) ) ) and ( ( eventually[10,188] ( x_8 >= 323.0898 ) ) or ( always ( x_6 <= 279.8814 ) ) ) ) ) ) and ( not ( ( ( eventually[338,366] ( x_2 >= 125.8802 ) ) or ( always[288,296] ( x_7 >= 931.3288 ) ) ) and ( always[244,246] ( ( x_5 <= -147.1156 ) or ( x_1 >= -142.0324 ) ) ) ) ) ) and ( not ( eventually[331,386] ( x_9 >= 205.2307 ) ) )"
HandMovementDirection,0,0.5464285714285714,greedy_old,11,1,4,True,0.012360982989775948,10,9,0.9,0.225,9,0.9,0.225,4,2,0.5,0.07692307692307693,3,0.75,0.1,"( ( ( eventually[330,352] ( x_6 >= 211.9373 ) ) and ( eventually[87,141] ( x_7 >= 358.5786 ) ) ) and ( not ( ( always[234,235] ( x_5 >= -44.651 ) ) or ( eventually[135,159] ( x_2 >= 992.8938 ) ) ) ) ) and ( eventually[331,386] ( x_9 >= 229.4949 ) )"
HandMovementDirection,0,0.5464285714285714,greedy_old,12,1,4,True,0.0065498460025992244,3,3,1.0,0.075,3,1.0,0.075,2,0,0.0,0.0,0,0.0,0.0,"( ( ( ( always[313,320] ( ( x_4 >= -100.6768 ) or ( x_4 <= -271.2269 ) ) ) and ( eventually[12,inf] ( ( x_7 >= -571.6586 ) or ( x_1 >= 190.9077 ) ) ) ) and ( not ( always[277,298] ( x_5 >= -228.6373 ) ) ) ) and ( not ( eventually[28,223] ( x_4 >= 359.0476 ) ) ) ) and ( not ( ( ( eventually[338,366] ( x_2 >= 141.3201 ) ) or ( always[288,296] ( x_7 >= 946.7687 ) ) ) and ( always[244,246] ( ( x_5 <= -162.5555 ) or ( x_1 >= -126.5925 ) ) ) ) )"
HandMovementDirection,0,0.5464285714285714,greedy_old,13,3,4,True,0.011323839004035108,5,5,1.0,0.125,5,1.0,0.125,7,2,0.2857142857142857,0.2,3,0.42857142857142855,0.23076923076923078,"( ( ( not ( ( always[294,299] ( always[26,28] ( x_8 >= -121.1529 ) ) ) or ( always[393,inf] ( x_6 <= 86.3176 ) ) ) ) and ( eventually[268,270] ( always[9,14] ( ( x_1 >= -218.8834 ) and ( x_3 <= 95.5253 ) ) ) ) ) and ( eventually[267,278] ( x_3 <= -165.9349 ) ) ) and ( eventually[352,356] ( x_8 >= 40.3494 ) )"
HandMovementDirection,0,0.5464285714285714,greedy_old,14,1,4,True,0.00830243100062944,9,9,1.0,0.225,9,1.0,0.225,4,1,0.25,0.038461538461538464,0,0.0,0.0,"( ( ( not ( ( eventually[78,79] ( eventually[54,65] ( x_1 <= 355.3729 ) ) ) and ( always[148,291] ( ( x_2 <= 521.3002 ) and ( x_6 >= -390.5581 ) ) ) ) ) and ( not ( always[139,179] ( x_9 >= -260.7164 ) ) ) ) and ( eventually[28,364] ( ( always[1,24] ( x_3 <= -66.8612 ) ) or ( ( x_0 >= 623.628 ) and ( x_3 >= -107.0031 ) ) ) ) ) and ( ( always[291,inf] ( x_6 >= -267.9146 ) ) or ( eventually ( x_8 <= -481.8087 ) ) )"
HandMovementDirection,0,0.5464285714285714,greedy_old,15,1,5,True,0.012159220990724862,1,1,1.0,0.025,1,1.0,0.025,2,0,0.0,0.0,0,0.0,0.0,"( ( ( ( eventually[93,144] ( ( x_8 >= 1007.3524 ) or ( always[157,158] ( x_7 <= -299.7269 ) ) ) ) and ( ( eventually[111,112] ( x_6 >= 227.5759 ) ) or ( eventually[250,inf] ( x_3 >= 396.9643 ) ) ) ) and ( eventually[87,141] ( x_7 >= 358.5786 ) ) ) and ( not ( always[277,298] ( x_5 >= -228.6373 ) ) ) ) and ( not ( eventually[142,180] ( always[64,82] ( x_9 <= 53.717 ) ) ) )"
HandMovementDirection,0,0.5464285714285714,greedy_old,16,3,4,True,0.010490537009900436,8,8,1.0,0.2,8,1.0,0.2,1,0,0.0,0.0,0,0.0,0.0,"( ( ( eventually[268,270] ( always[9,14] ( ( x_1 >= -218.8834 ) and ( x_3 <= 95.5253 ) ) ) ) and ( ( eventually[337,358] ( always[8,21] ( x_6 <= 20.3368 ) ) ) or ( ( always[179,212] ( x_6 >= 3.7891 ) ) and ( always[20,395] ( x_8 <= -861.8394 ) ) ) ) ) and ( not ( ( eventually[32,69] ( x_7 >= 109.4296 ) ) and ( eventually ( x_2 >= 396.5238 ) ) ) ) ) and ( always[183,inf] ( always[69,70] ( ( x_2 >= 200.9048 ) or ( x_3 <= 239.3003 ) ) ) )"
HandMovementDirection,0,0.5464285714285714,greedy_old,17,3,4,True,0.010834909000550397,4,4,1.0,0.1,4,1.0,0.1,1,0,0.0,0.0,0,0.0,0.0,"( ( ( eventually[268,270] ( always[9,14] ( ( x_1 >= -218.8834 ) and ( x_3 <= 95.5253 ) ) ) ) and ( not ( ( eventually[169,170] ( x_1 >= -4.3929 ) ) or ( always[150,inf] ( x_2 <= -1031.1797 ) ) ) ) ) and ( eventually[352,356] ( x_8 >= 40.3494 ) ) ) and ( always[233,271] ( always[21,27] ( x_6 >= -228.0665 ) ) )"
HandMovementDirection,0,0.5464285714285714,greedy_old,18,0,3,True,0.008419881996815093,9,9,1.0,0.225,9,1.0,0.225,7,6,0.8571428571428571,0.3157894736842105,5,0.7142857142857143,0.3333333333333333,"( ( always[244,297] ( ( x_3 <= 317.6417 ) and ( x_9 >= -297.2562 ) ) ) and ( always[280,298] ( x_6 <= 196.8424 ) ) ) and ( eventually[202,211] ( ( x_4 >= 166.3752 ) and ( ( x_8 <= 765.8848 ) and ( x_3 <= 164.8498 ) ) ) )"
HandMovementDirection,0,0.5464285714285714,greedy_old,19,0,3,True,0.006122519000200555,10,9,0.9,0.225,9,0.9,0.225,1,0,0.0,0.0,1,1.0,0.06666666666666667,"( ( not ( always[296,308] ( ( ( x_2 >= 320.0321 ) or ( x_2 <= -689.7598 ) ) or ( x_4 >= -150.5822 ) ) ) ) and ( always[247,248] ( ( ( x_1 >= -34.1947 ) and ( x_5 >= -523.9128 ) ) or ( x_9 >= 464.8436 ) ) ) ) and ( ( eventually[291,inf] ( eventually ( x_3 <= 641.0543 ) ) ) and ( always[172,189] ( ( x_1 <= 934.0503 ) and ( x_8 >= -142.9194 ) ) ) )"
HandMovementDirection,0,0.5464285714285714,greedy_old,20,1,4,True,0.01117386799887754,7,7,1.0,0.175,7,1.0,0.175,2,1,0.5,0.038461538461538464,1,0.5,0.034482758620689655,"( ( ( eventually[93,144] ( ( x_8 >= 1007.3524 ) or ( always[157,158] ( x_7 <= -299.7269 ) ) ) ) and ( not ( ( always[274,398] ( x_1 >= -435.7508 ) ) and ( eventually[338,366] ( x_9 <= -164.249 ) ) ) ) ) and ( not ( ( ( always[18,60] ( x_7 >= -437.4828 ) ) and ( eventually[385,387] ( x_6 >= -62.9241 ) ) ) and ( ( eventually[272,273] ( x_9 <= 16.4023 ) ) or ( always[10,29] ( x_4 <= 240.6223 ) ) ) ) ) ) and ( not ( always[277,298] ( x_5 >= -228.6373 ) ) )"
HandMovementDirection,0,0.5464285714285714,greedy_old,21,1,4,True,0.009382468007970601,3,3,1.0,0.075,3,1.0,0.075,2,2,1.0,0.07692307692307693,1,0.5,0.034482758620689655,"( ( ( eventually[93,144] ( ( x_8 >= 1007.3524 ) or ( always[157,158] ( x_7 <= -299.7269 ) ) ) ) and ( not ( eventually[28,223] ( x_4 >= 359.0476 ) ) ) ) and ( ( eventually[111,112] ( x_6 >= 227.5759 ) ) or ( eventually[250,inf] ( x_3 >= 396.9643 ) ) ) ) and ( ( always[117,inf] ( eventually[23,74] ( x_8 <= -623.5667 ) ) ) or ( ( always[340,357] ( x_5 >= 624.3186 ) ) or ( eventually[333,353] ( x_9 >= 159.2293 ) ) ) )"
HandMovementDirection,0,0.5464285714285714,greedy_old,22,1,4,True,0.009758348998730071,6,6,1.0,0.15,6,1.0,0.15,1,1,1.0,0.038461538461538464,1,1.0,0.034482758620689655,"( ( ( eventually[93,144] ( ( x_8 >= 1007.3524 ) or ( always[157,158] ( x_7 <= -299.7269 ) ) ) ) and ( not ( ( always[198,213] ( ( x_0 <= 138.8497 ) or ( x_2 >= 111.1371 ) ) ) or ( ( eventually ( x_6 >= 924.3666 ) ) and ( always[257,261] ( x_6 >= -460.1899 ) ) ) ) ) ) and ( not ( always[277,298] ( x_5 >= -228.6373 ) ) ) ) and ( eventually[331,386] ( x_9 >= 229.4949 ) )"
HandMovementDirection,0,0.5464285714285714,greedy_old,23,1,4,True,0.006027638999512419,4,4,1.0,0.1,4,1.0,0.1,2,2,1.0,0.07692307692307693,2,1.0,0.06896551724137931,"( ( ( eventually[331,386] ( x_9 >= 229.4949 ) ) and ( ( always[313,320] ( ( x_4 >= -100.6768 ) or ( x_4 <= -271.2269 ) ) ) and ( eventually[12,inf] ( ( x_7 >= -571.6586 ) or ( x_1 >= 190.9077 ) ) ) ) ) and ( not ( always[277,298] ( x_5 >= -228.6373 ) ) ) ) and ( not ( eventually[187,188] ( ( always[52,89] ( x_1 >= -301.9007 ) ) or ( ( x_6 >= 478.6948 ) or ( x_9 <= -889.6232 ) ) ) ) )"
HandMovementDirection,0,0.5464285714285714,greedy_old,24,1,3,True,0.006580954999662936,10,9,0.9,0.225,9,0.9,0.225,8,6,0.75,0.23076923076923078,3,0.375,0.10344827586206896,"( ( eventually[93,144] ( ( x_8 >= 1007.3524 ) or ( always[157,158] ( x_7 <= -299.7269 ) ) ) ) and ( not ( eventually[28,223] ( x_4 >= 359.0476 ) ) ) ) and ( ( always[313,320] ( ( x_4 >= -100.6768 ) or ( x_4 <= -271.2269 ) ) ) and ( eventually[12,inf] ( ( x_7 >= -571.6586 ) or ( x_1 >= 190.9077 ) ) ) )"
HandMovementDirection,0,0.5464285714285714,greedy_old,25,1,3,True,0.007146906005800702,13,13,1.0,0.325,13,1.0,0.325,5,2,0.4,0.07692307692307693,1,0.2,0.034482758620689655,"( ( not ( ( eventually[78,79] ( eventually[54,65] ( x_1 <= 355.3729 ) ) ) and ( always[148,291] ( ( x_2 <= 521.3002 ) and ( x_6 >= -390.5581 ) ) ) ) ) and ( eventually[87,141] ( x_7 >= 358.5786 ) ) ) and ( not ( always[277,298] ( x_5 >= -228.6373 ) ) )"
HandMovementDirection,0,0.5464285714285714,greedy_old,26,1,3,True,0.0070959790027700365,10,9,0.9,0.225,9,0.9,0.225,8,6,0.75,0.23076923076923078,3,0.375,0.10344827586206896,"( ( eventually[93,144] ( ( x_8 >= 1007.3524 ) or ( always[157,158] ( x_7 <= -299.7269 ) ) ) ) and ( not ( eventually[28,223] ( x_4 >= 359.0476 ) ) ) ) and ( ( always[313,320] ( ( x_4 >= -100.6768 ) or ( x_4 <= -271.2269 ) ) ) and ( eventually[12,inf] ( ( x_7 >= -571.6586 ) or ( x_1 >= 190.9077 ) ) ) )"
HandMovementDirection,0,0.5464285714285714,greedy_old,27,2,4,True,0.01509075501235202,2,2,1.0,0.05,2,1.0,0.05,1,0,0.0,0.0,0,0.0,0.0,"( ( ( ( ( always[285,inf] ( x_6 <= -189.248 ) ) or ( eventually[185,inf] ( x_8 >= -178.7311 ) ) ) and ( ( eventually ( x_0 <= -579.6322 ) ) or ( always[232,296] ( x_3 >= -236.041 ) ) ) ) and ( not ( ( ( eventually[338,366] ( x_2 >= 125.8802 ) ) or ( always[288,296] ( x_7 >= 931.3288 ) ) ) and ( always[244,246] ( ( x_5 <= -147.1156 ) or ( x_1 >= -142.0324 ) ) ) ) ) ) and ( not ( ( always[286,326] ( x_4 >= -186.7044 ) ) or ( always[367,372] ( x_4 <= 50.5655 ) ) ) ) ) and ( not ( eventually ( eventually[73,174] ( always[126,139] ( x_8 <= -119.0082 ) ) ) ) )"
HandMovementDirection,0,0.5464285714285714,greedy_old,28,1,4,True,0.008263730996986851,10,10,1.0,0.25,10,1.0,0.25,3,1,0.3333333333333333,0.038461538461538464,2,0.6666666666666666,0.06896551724137931,"( ( ( eventually[39,41] ( eventually[215,220] ( x_5 <= -196.8896 ) ) ) and ( not ( eventually[187,188] ( ( always[52,89] ( x_1 >= -301.9007 ) ) or ( ( x_6 >= 478.6948 ) or ( x_9 <= -889.6232 ) ) ) ) ) ) and ( ( eventually[111,112] ( x_6 >= 227.5759 ) ) or ( eventually[250,inf] ( x_3 >= 396.9643 ) ) ) ) and ( eventually[28,364] ( ( always[1,24] ( x_3 <= -66.8612 ) ) or ( ( x_0 >= 623.628 ) and ( x_3 >= -107.0031 ) ) ) )"
HandMovementDirection,0,0.5464285714285714,greedy_old,29,1,3,True,0.005569264001678675,10,10,1.0,0.25,10,1.0,0.25,5,2,0.4,0.07692307692307693,3,0.6,0.10344827586206896,"( ( eventually[331,386] ( x_9 >= 229.4949 ) ) and ( not ( ( ( always[18,60] ( x_7 >= -437.4828 ) ) and ( eventually[385,387] ( x_6 >= -62.9241 ) ) ) and ( ( eventually[272,273] ( x_9 <= 16.4023 ) ) or ( always[10,29] ( x_4 <= 240.6223 ) ) ) ) ) ) and ( not ( ( always[274,398] ( x_1 >= -435.7508 ) ) and ( eventually[338,366] ( x_9 <= -164.249 ) ) ) )"
HandMovementDirection,0,0.5464285714285714,greedy_old,30,2,5,True,0.010399930004496127,5,5,1.0,0.125,5,1.0,0.125,1,1,1.0,0.06666666666666667,1,1.0,0.06666666666666667,"( ( ( ( ( always[234,235] ( x_5 >= 34.4462 ) ) or ( eventually[135,159] ( x_2 >= 1071.991 ) ) ) and ( not ( always[244,297] ( ( x_3 <= 378.7356 ) and ( x_9 >= -358.3501 ) ) ) ) ) and ( not ( always[272,284] ( x_5 <= 184.6557 ) ) ) ) and ( not ( ( eventually[249,253] ( eventually[61,93] ( x_7 <= 1295.4998 ) ) ) and ( ( eventually[323,324] ( x_3 >= 12.4196 ) ) or ( always ( x_7 >= -390.0662 ) ) ) ) ) ) and ( not ( eventually ( eventually[73,174] ( always[126,139] ( x_8 <= -119.0082 ) ) ) ) )"
HandMovementDirection,0,0.5464285714285714,greedy_old,31,1,3,True,0.007420476002153009,12,12,1.0,0.3,12,1.0,0.3,6,3,0.5,0.11538461538461539,1,0.16666666666666666,0.034482758620689655,"( ( eventually[331,386] ( x_9 >= 229.4949 ) ) and ( ( always[313,320] ( ( x_4 >= -100.6768 ) or ( x_4 <= -271.2269 ) ) ) and ( eventually[12,inf] ( ( x_7 >= -571.6586 ) or ( x_1 >= 190.9077 ) ) ) ) ) and ( not ( eventually[28,223] ( x_4 >= 359.0476 ) ) )"
HandMovementDirection,0,0.5464285714285714,greedy_old,32,1,4,True,0.006349724004394375,10,9,0.9,0.225,9,0.9,0.225,4,3,0.75,0.11538461538461539,2,0.5,0.06896551724137931,"( ( ( not ( eventually[318,319] ( x_3 <= 14.9514 ) ) ) and ( not ( ( always[198,213] ( ( x_0 <= 138.8497 ) or ( x_2 >= 111.1371 ) ) ) or ( ( eventually ( x_6 >= 924.3666 ) ) and ( always[257,261] ( x_6 >= -460.1899 ) ) ) ) ) ) and ( ( eventually[111,112] ( x_6 >= 227.5759 ) ) or ( eventually[250,inf] ( x_3 >= 396.9643 ) ) ) ) and ( not ( eventually[146,148] ( x_9 >= 92.0078 ) ) )"
HandMovementDirection,0,0.5464285714285714,greedy_old,33,2,4,True,0.014515075003146194,4,4,1.0,0.1,4,1.0,0.1,1,0,0.0,0.0,0,0.0,0.0,"( ( ( not ( eventually[229,263] ( ( eventually[8,86] ( x_7 >= 263.8058 ) ) and ( x_3 <= 473.0362 ) ) ) ) and ( not ( eventually[314,318] ( x_3 >= 37.7743 ) ) ) ) and ( eventually[96,209] ( always[43,75] ( x_2 <= 31.4203 ) ) ) ) and ( not ( ( always[266,inf] ( x_3 <= -326.3543 ) ) or ( always[327,330] ( x_1 <= 124.2124 ) ) ) )"
HandMovementDirection,0,0.5464285714285714,greedy_old,34,1,4,True,0.007127010001568124,6,6,1.0,0.15,6,1.0,0.15,3,3,1.0,0.11538461538461539,3,1.0,0.10344827586206896,"( ( ( not ( eventually[187,188] ( ( always[52,89] ( x_1 >= -301.9007 ) ) or ( ( x_6 >= 478.6948 ) or ( x_9 <= -889.6232 ) ) ) ) ) and ( ( always[313,320] ( ( x_4 >= -100.6768 ) or ( x_4 <= -271.2269 ) ) ) and ( eventually[12,inf] ( ( x_7 >= -571.6586 ) or ( x_1 >= 190.9077 ) ) ) ) ) and ( not ( ( ( eventually[338,366] ( x_2 >= 141.3201 ) ) or ( always[288,296] ( x_7 >= 946.7687 ) ) ) and ( always[244,246] ( ( x_5 <= -162.5555 ) or ( x_1 >= -126.5925 ) ) ) ) ) ) and ( not ( always[277,298] ( x_5 >= -228.6373 ) ) )"
HandMovementDirection,0,0.5464285714285714,greedy_old,35,1,4,True,0.0059907279937760904,4,4,1.0,0.1,4,1.0,0.1,2,1,0.5,0.038461538461538464,0,0.0,0.0,"( ( ( eventually[331,386] ( x_9 >= 229.4949 ) ) and ( ( always[313,320] ( ( x_4 >= -100.6768 ) or ( x_4 <= -271.2269 ) ) ) and ( eventually[12,inf] ( ( x_7 >= -571.6586 ) or ( x_1 >= 190.9077 ) ) ) ) ) and ( not ( eventually[142,180] ( always[64,82] ( x_9 <= 53.717 ) ) ) ) ) and ( eventually[28,364] ( ( always[1,24] ( x_3 <= -66.8612 ) ) or ( ( x_0 >= 623.628 ) and ( x_3 >= -107.0031 ) ) ) )"
HandMovementDirection,0,0.5464285714285714,greedy_old,36,2,4,True,0.01238137598556932,4,4,1.0,0.1,4,1.0,0.1,2,1,0.5,0.06666666666666667,0,0.0,0.0,"( ( ( not ( eventually[229,263] ( ( eventually[8,86] ( x_7 >= 263.8058 ) ) and ( x_3 <= 473.0362 ) ) ) ) and ( always[173,174] ( ( x_8 >= 257.86 ) or ( x_3 <= -12.9126 ) ) ) ) and ( not ( ( eventually[205,206] ( x_4 >= 59.1324 ) ) or ( always[302,306] ( x_9 >= 22.6929 ) ) ) ) ) and ( not ( ( always[266,inf] ( x_3 <= -326.3543 ) ) or ( always[327,330] ( x_1 <= 124.2124 ) ) ) )"
HandMovementDirection,0,0.5464285714285714,greedy_old,37,1,4,True,0.006486619997303933,7,7,1.0,0.175,7,1.0,0.175,0,0,,0.0,0,,0.0,"( ( ( not ( eventually[318,319] ( x_3 <= 14.9514 ) ) ) and ( eventually[331,386] ( x_9 >= 229.4949 ) ) ) and ( eventually[291,316] ( x_3 >= 265.0166 ) ) ) and ( not ( always[277,298] ( x_5 >= -228.6373 ) ) )"
HandMovementDirection,0,0.5464285714285714,greedy_old,38,1,5,True,0.006230162005522288,3,3,1.0,0.075,3,1.0,0.075,0,0,,0.0,0,,0.0,"( ( ( ( not ( always[233,271] ( always[21,27] ( x_6 >= -304.2026 ) ) ) ) and ( ( eventually[111,112] ( x_6 >= 227.5759 ) ) or ( eventually[250,inf] ( x_3 >= 396.9643 ) ) ) ) and ( ( eventually[249,253] ( eventually[61,93] ( x_7 <= 1250.7542 ) ) ) and ( ( eventually[323,324] ( x_3 >= 57.1651 ) ) or ( always ( x_7 >= -345.3208 ) ) ) ) ) and ( eventually[39,41] ( eventually[215,220] ( x_5 <= -196.8896 ) ) ) ) and ( ( eventually[32,69] ( x_7 >= 127.3367 ) ) and ( eventually ( x_2 >= 414.4308 ) ) )"
HandMovementDirection,0,0.5464285714285714,greedy_old,39,2,3,True,0.010250605002511293,11,10,0.9090909090909091,0.25,10,0.9090909090909091,0.25,7,4,0.5714285714285714,0.26666666666666666,2,0.2857142857142857,0.13333333333333333,"( ( not ( eventually[268,270] ( always[9,14] ( ( x_1 >= -310.1189 ) and ( x_3 <= 186.7608 ) ) ) ) ) and ( eventually[222,244] ( x_9 >= 222.395 ) ) ) and ( not ( ( always[286,326] ( x_4 >= -186.7044 ) ) or ( always[367,372] ( x_4 <= 50.5655 ) ) ) )"
HandMovementDirection,0,0.5464285714285714,greedy_old,40,2,4,True,0.010725699990871362,5,5,1.0,0.125,5,1.0,0.125,1,0,0.0,0.0,1,1.0,0.06666666666666667,"( ( ( ( ( always[285,inf] ( x_6 <= -189.248 ) ) or ( eventually[185,inf] ( x_8 >= -178.7311 ) ) ) and ( ( eventually ( x_0 <= -579.6322 ) ) or ( always[232,296] ( x_3 >= -236.041 ) ) ) ) and ( ( always[157,216] ( x_7 <= 812.0746 ) ) and ( always[89,94] ( x_2 >= -75.8525 ) ) ) ) and ( not ( always[19,399] ( ( x_3 >= 415.334 ) or ( x_1 <= 431.263 ) ) ) ) ) and ( eventually[28,223] ( x_4 >= 385.7287 ) )"
HandMovementDirection,0,0.5464285714285714,greedy_old,41,0,4,True,0.01436266400560271,4,4,1.0,0.1,4,1.0,0.1,9,6,0.6666666666666666,0.3157894736842105,4,0.4444444444444444,0.26666666666666666,"( ( ( always[244,297] ( ( x_3 <= 317.6417 ) and ( x_9 >= -297.2562 ) ) ) and ( always[280,298] ( x_6 <= 196.8424 ) ) ) and ( not ( eventually[222,244] ( x_9 >= 168.4511 ) ) ) ) and ( not ( always[83,90] ( x_1 >= -109.2495 ) ) )"
HandMovementDirection,0,0.5464285714285714,greedy_old,42,0,3,True,0.004947430992615409,10,9,0.9,0.225,9,0.9,0.225,6,5,0.8333333333333334,0.2631578947368421,3,0.5,0.2,"( ( always[244,297] ( ( x_3 <= 317.6417 ) and ( x_9 >= -297.2562 ) ) ) and ( not ( always[296,308] ( ( ( x_2 >= 320.0321 ) or ( x_2 <= -689.7598 ) ) or ( x_4 >= -150.5822 ) ) ) ) ) and ( eventually[202,211] ( ( x_4 >= 166.3752 ) and ( ( x_8 <= 765.8848 ) and ( x_3 <= 164.8498 ) ) ) )"
HandMovementDirection,0,0.5464285714285714,greedy_old,43,3,4,True,0.007491904994822107,4,4,1.0,0.1,4,1.0,0.1,0,0,,0.0,0,,0.0,"( ( ( ( eventually[337,358] ( always[8,21] ( x_6 <= 20.3368 ) ) ) or ( ( always[179,212] ( x_6 >= 3.7891 ) ) and ( always[20,395] ( x_8 <= -861.8394 ) ) ) ) and ( ( ( eventually[338,366] ( x_2 >= 162.8717 ) ) or ( always[288,296] ( x_7 >= 968.3203 ) ) ) and ( always[244,246] ( ( x_5 <= -184.1071 ) or ( x_1 >= -105.0409 ) ) ) ) ) and ( not ( eventually[117,123] ( x_4 >= 105.9816 ) ) ) ) and ( not ( ( eventually[23,38] ( ( x_4 <= -249.5495 ) or ( x_4 >= 424.8064 ) ) ) or ( ( eventually[142,145] ( x_0 <= -164.5472 ) ) and ( always[6,7] ( x_3 <= 523.4306 ) ) ) ) )"
HandMovementDirection,0,0.5464285714285714,greedy_old,44,2,3,True,0.0068613280018325895,12,11,0.9166666666666666,0.275,11,0.9166666666666666,0.275,0,0,,0.0,0,,0.0,"( ( ( always[234,235] ( x_5 >= 34.4462 ) ) or ( eventually[135,159] ( x_2 >= 1071.991 ) ) ) and ( not ( ( always[266,inf] ( x_3 <= -326.3543 ) ) or ( always[327,330] ( x_1 <= 124.2124 ) ) ) ) ) and ( ( eventually[344,345] ( x_8 <= -92.9808 ) ) or ( always[16,97] ( x_2 >= 420.0785 ) ) )"
HandMovementDirection,0,0.5464285714285714,greedy_old,45,2,4,True,0.006857398999272846,5,5,1.0,0.125,5,1.0,0.125,2,2,1.0,0.13333333333333333,1,0.5,0.07142857142857142,"( ( ( not ( eventually[267,278] ( x_3 <= -88.425 ) ) ) and ( not ( ( eventually[249,253] ( eventually[61,93] ( x_7 <= 1295.4998 ) ) ) and ( ( eventually[323,324] ( x_3 >= 12.4196 ) ) or ( always ( x_7 >= -390.0662 ) ) ) ) ) ) and ( not ( always[272,284] ( x_5 <= 184.6557 ) ) ) ) and ( not ( ( eventually[337,358] ( always[8,21] ( x_6 <= 92.3397 ) ) ) or ( ( always[179,212] ( x_6 >= -68.2138 ) ) and ( always[20,395] ( x_8 <= -789.8366 ) ) ) ) )"
HandMovementDirection,0,0.5464285714285714,greedy_old,46,2,4,True,0.009051039000041783,5,5,1.0,0.125,5,1.0,0.125,4,2,0.5,0.13333333333333333,2,0.5,0.14285714285714285,"( ( ( not ( eventually[267,278] ( x_3 <= -88.425 ) ) ) and ( not ( eventually[202,211] ( ( x_4 >= 150.5068 ) and ( ( x_8 <= 781.7532 ) and ( x_3 <= 180.7182 ) ) ) ) ) ) and ( always[326,334] ( ( ( x_6 >= 1357.73 ) or ( x_1 >= 28.3793 ) ) or ( x_8 <= -41.0551 ) ) ) ) and ( not ( ( ( always[318,323] ( x_3 >= -215.0895 ) ) and ( eventually[97,182] ( x_4 >= -758.3436 ) ) ) and ( ( eventually[10,188] ( x_8 >= 323.0898 ) ) or ( always ( x_6 <= 279.8814 ) ) ) ) )"
HandMovementDirection,0,0.5464285714285714,greedy_old,47,2,4,True,0.005768499002442695,5,5,1.0,0.125,5,1.0,0.125,2,2,1.0,0.13333333333333333,0,0.0,0.0,"( ( ( not ( eventually[268,270] ( always[9,14] ( ( x_1 >= -310.1189 ) and ( x_3 <= 186.7608 ) ) ) ) ) and ( not ( ( eventually[249,253] ( eventually[61,93] ( x_7 <= 1295.4998 ) ) ) and ( ( eventually[323,324] ( x_3 >= 12.4196 ) ) or ( always ( x_7 >= -390.0662 ) ) ) ) ) ) and ( not ( eventually ( eventually[73,174] ( always[126,139] ( x_8 <= -119.0082 ) ) ) ) ) ) and ( not ( always ( ( x_2 <= 180.1173 ) or ( x_3 >= -18.9495 ) ) ) )"
HandMovementDirection,0,0.5464285714285714,greedy_old,48,2,5,True,0.007230283008539118,6,6,1.0,0.15,6,1.0,0.15,2,2,1.0,0.13333333333333333,2,1.0,0.14285714285714285,"( ( ( ( not ( eventually[267,278] ( x_3 <= -88.425 ) ) ) and ( not ( ( eventually[249,253] ( eventually[61,93] ( x_7 <= 1295.4998 ) ) ) and ( ( eventually[323,324] ( x_3 >= 12.4196 ) ) or ( always ( x_7 >= -390.0662 ) ) ) ) ) ) and ( always[173,174] ( ( x_8 >= 257.86 ) or ( x_3 <= -12.9126 ) ) ) ) and ( not ( always[272,284] ( x_5 <= 184.6557 ) ) ) ) and ( always[136,151] ( ( ( x_2 <= 8.3575 ) and ( x_3 <= 467.4682 ) ) or ( ( x_6 >= 25.496 ) or ( x_4 <= -179.4906 ) ) ) )"
HandMovementDirection,0,0.5464285714285714,greedy_old,49,1,4,True,0.0060652799875242636,3,3,1.0,0.075,3,1.0,0.075,1,1,1.0,0.038461538461538464,1,1.0,0.03333333333333333,"( ( ( eventually[331,386] ( x_9 >= 229.4949 ) ) and ( not ( ( ( always[18,60] ( x_7 >= -437.4828 ) ) and ( eventually[385,387] ( x_6 >= -62.9241 ) ) ) and ( ( eventually[272,273] ( x_9 <= 16.4023 ) ) or ( always[10,29] ( x_4 <= 240.6223 ) ) ) ) ) ) and ( not ( eventually[361,365] ( eventually ( x_6 >= 239.9094 ) ) ) ) ) and ( ( always[291,inf] ( x_6 >= -267.9146 ) ) or ( eventually ( x_8 <= -481.8087 ) ) )"
HandMovementDirection,0,0.5464285714285714,greedy_old,50,2,4,True,0.007444065005984157,5,5,1.0,0.125,5,1.0,0.125,0,0,,0.0,0,,0.0,"( ( ( not ( eventually[268,270] ( always[9,14] ( ( x_1 >= -310.1189 ) and ( x_3 <= 186.7608 ) ) ) ) ) and ( not ( ( eventually[249,253] ( eventually[61,93] ( x_7 <= 1295.4998 ) ) ) and ( ( eventually[323,324] ( x_3 >= 12.4196 ) ) or ( always ( x_7 >= -390.0662 ) ) ) ) ) ) and ( ( always[88,96] ( x_6 >= 20.3301 ) ) or ( eventually[243,261] ( x_3 >= 218.3066 ) ) ) ) and ( not ( eventually[267,278] ( x_3 <= -88.425 ) ) )"
HandMovementDirection,0,0.5464285714285714,greedy_old,51,1,3,True,0.005380681992392056,12,11,0.9166666666666666,0.275,11,0.9166666666666666,0.275,3,2,0.6666666666666666,0.07692307692307693,2,0.6666666666666666,0.06666666666666667,"( ( eventually[291,316] ( x_3 >= 265.0166 ) ) and ( not ( ( always[274,398] ( x_1 >= -435.7508 ) ) and ( eventually[338,366] ( x_9 <= -164.249 ) ) ) ) ) and ( not ( eventually[28,223] ( x_4 >= 359.0476 ) ) )"
HandMovementDirection,0,0.5464285714285714,greedy_old,52,0,3,True,0.009778332998394035,9,9,1.0,0.225,9,1.0,0.225,7,3,0.42857142857142855,0.15789473684210525,3,0.42857142857142855,0.2,"( ( always[244,297] ( ( x_3 <= 317.6417 ) and ( x_9 >= -297.2562 ) ) ) and ( always[299,310] ( x_4 <= 180.0699 ) ) ) and ( not ( eventually[222,244] ( x_9 >= 168.4511 ) ) )"
HandMovementDirection,0,0.5464285714285714,greedy_old,53,2,5,True,0.005844783008797094,5,5,1.0,0.125,5,1.0,0.125,0,0,,0.0,0,,0.0,"( ( ( ( ( always[234,235] ( x_5 >= 34.4462 ) ) or ( eventually[135,159] ( x_2 >= 1071.991 ) ) ) and ( not ( ( eventually[249,253] ( eventually[61,93] ( x_7 <= 1295.4998 ) ) ) and ( ( eventually[323,324] ( x_3 >= 12.4196 ) ) or ( always ( x_7 >= -390.0662 ) ) ) ) ) ) and ( ( ( always[285,inf] ( x_6 <= -189.248 ) ) or ( eventually[185,inf] ( x_8 >= -178.7311 ) ) ) and ( ( eventually ( x_0 <= -579.6322 ) ) or ( always[232,296] ( x_3 >= -236.041 ) ) ) ) ) and ( ( eventually[344,345] ( x_8 <= -92.9808 ) ) or ( always[16,97] ( x_2 >= 420.0785 ) ) ) ) and ( not ( ( ( always[318,323] ( x_3 >= -215.0895 ) ) and ( eventually[97,182] ( x_4 >= -758.3436 ) ) ) and ( ( eventually[10,188] ( x_8 >= 323.0898 ) ) or ( always ( x_6 <= 279.8814 ) ) ) ) )"
HandMovementDirection,0,0.5464285714285714,greedy_old,54,1,4,True,0.005334082001354545,3,3,1.0,0.075,3,1.0,0.075,3,1,0.3333333333333333,0.038461538461538464,0,0.0,0.0,"( ( ( not ( always[139,179] ( x_9 >= -260.7164 ) ) ) and ( not ( eventually[28,223] ( x_4 >= 359.0476 ) ) ) ) and ( not ( ( always[274,398] ( x_1 >= -435.7508 ) ) and ( eventually[338,366] ( x_9 <= -164.249 ) ) ) ) ) and ( not ( eventually[142,180] ( always[64,82] ( x_9 <= 53.717 ) ) ) )"
HandMovementDirection,0,0.5464285714285714,greedy_old,55,2,4,True,0.007390099999611266,10,9,0.9,0.225,9,0.9,0.225,3,1,0.3333333333333333,0.06666666666666667,2,0.6666666666666666,0.14285714285714285,"( ( ( not ( eventually[268,270] ( always[9,14] ( ( x_1 >= -310.1189 ) and ( x_3 <= 186.7608 ) ) ) ) ) and ( not ( always ( ( x_2 >= -299.3558 ) or ( always[26,115] ( x_1 <= 401.4379 ) ) ) ) ) ) and ( not ( always[19,399] ( ( x_3 >= 415.334 ) or ( x_1 <= 431.263 ) ) ) ) ) and ( not ( eventually[267,278] ( x_3 <= -88.425 ) ) )"
HandMovementDirection,0,0.5464285714285714,greedy_old,56,2,5,True,0.008403964005992748,3,3,1.0,0.075,3,1.0,0.075,1,0,0.0,0.0,0,0.0,0.0,"( ( ( ( not ( eventually[267,278] ( x_3 <= -88.425 ) ) ) and ( ( ( always[285,inf] ( x_6 <= -189.248 ) ) or ( eventually[185,inf] ( x_8 >= -178.7311 ) ) ) and ( ( eventually ( x_0 <= -579.6322 ) ) or ( always[232,296] ( x_3 >= -236.041 ) ) ) ) ) and ( ( eventually[344,345] ( x_8 <= -92.9808 ) ) or ( always[16,97] ( x_2 >= 420.0785 ) ) ) ) and ( not ( always[272,284] ( x_5 <= 184.6557 ) ) ) ) and ( ( ( always[18,60] ( x_7 >= -376.4702 ) ) and ( eventually[385,387] ( x_6 >= -1.9114 ) ) ) and ( ( eventually[272,273] ( x_9 <= -44.6104 ) ) or ( always[10,29] ( x_4 <= 179.6096 ) ) ) )"
HandMovementDirection,0,0.5464285714285714,greedy_old,57,1,4,True,0.00572868601011578,7,7,1.0,0.175,7,1.0,0.175,6,2,0.3333333333333333,0.07692307692307693,3,0.5,0.1,"( ( ( eventually[331,386] ( x_9 >= 229.4949 ) ) and ( always[31,52] ( always[159,165] ( ( x_7 <= 832.3026 ) and ( x_7 >= -182.0622 ) ) ) ) ) and ( not ( eventually[142,180] ( always[64,82] ( x_9 <= 53.717 ) ) ) ) ) and ( not ( ( always[198,213] ( ( x_0 <= 138.8497 ) or ( x_2 >= 111.1371 ) ) ) or ( ( eventually ( x_6 >= 924.3666 ) ) and ( always[257,261] ( x_6 >= -460.1899 ) ) ) ) )"
HandMovementDirection,0,0.5464285714285714,greedy_old,58,3,4,True,0.00999003800097853,6,6,1.0,0.15,6,1.0,0.15,3,1,0.3333333333333333,0.1,0,0.0,0.0,"( ( ( eventually[268,270] ( always[9,14] ( ( x_1 >= -218.8834 ) and ( x_3 <= 95.5253 ) ) ) ) and ( not ( ( eventually[32,69] ( x_7 >= 109.4296 ) ) and ( eventually ( x_2 >= 396.5238 ) ) ) ) ) and ( not ( always[136,151] ( ( ( x_2 <= 32.1318 ) and ( x_3 <= 491.2424 ) ) or ( ( x_6 >= 1.7218 ) or ( x_4 <= -155.7163 ) ) ) ) ) ) and ( always[103,104] ( x_3 >= 23.355 ) )"
HandMovementDirection,0,0.5464285714285714,greedy_old,59,0,3,True,0.004991132998839021,11,10,0.9090909090909091,0.25,10,0.9090909090909091,0.25,7,4,0.5714285714285714,0.21052631578947367,2,0.2857142857142857,0.14285714285714285,"( ( always[244,297] ( ( x_3 <= 317.6417 ) and ( x_9 >= -297.2562 ) ) ) and ( always[280,298] ( x_6 <= 196.8424 ) ) ) and ( eventually[28,223] ( x_4 >= 407.7451 ) )"
HandMovementDirection,0,0.5464285714285714,greedy_old,60,3,4,True,0.008380539991776459,4,4,1.0,0.1,4,1.0,0.1,0,0,,0.0,0,,0.0,"( ( ( not ( ( always[294,299] ( always[26,28] ( x_8 >= -121.1529 ) ) ) or ( always[393,inf] ( x_6 <= 86.3176 ) ) ) ) and ( not ( always[257,333] ( x_6 <= 357.4018 ) ) ) ) and ( eventually[315,332] ( x_2 <= -185.741 ) ) ) and ( not ( eventually[44,64] ( always[293,294] ( x_6 >= 110.9945 ) ) ) )"
HandMovementDirection,0,0.5464285714285714,greedy_old,61,3,4,True,0.00687897099123802,5,5,1.0,0.125,5,1.0,0.125,2,1,0.5,0.1,2,1.0,0.14285714285714285,"( ( ( not ( ( always[294,299] ( always[26,28] ( x_8 >= -121.1529 ) ) ) or ( always[393,inf] ( x_6 <= 86.3176 ) ) ) ) and ( not ( always[257,333] ( x_6 <= 357.4018 ) ) ) ) and ( eventually[28,190] ( ( x_3 >= 227.0578 ) and ( x_7 <= -92.1782 ) ) ) ) and ( eventually[352,356] ( x_8 >= 40.3494 ) )"
HandMovementDirection,0,0.5464285714285714,greedy_old,62,3,5,True,0.005803803011076525,6,6,1.0,0.15,6,1.0,0.15,2,1,0.5,0.1,1,0.5,0.07142857142857142,"( ( ( ( ( eventually[337,358] ( always[8,21] ( x_6 <= 20.3368 ) ) ) or ( ( always[179,212] ( x_6 >= 3.7891 ) ) and ( always[20,395] ( x_8 <= -861.8394 ) ) ) ) and ( eventually[352,356] ( x_8 >= 40.3494 ) ) ) and ( always[183,inf] ( always[69,70] ( ( x_2 >= 200.9048 ) or ( x_3 <= 239.3003 ) ) ) ) ) and ( not ( ( eventually[329,330] ( x_6 >= -34.7382 ) ) and ( eventually[243,245] ( ( x_0 <= 177.4885 ) or ( x_3 >= 414.055 ) ) ) ) ) ) and ( not ( eventually[44,64] ( always[293,294] ( x_6 >= 110.9945 ) ) ) )"
HandMovementDirection,0,0.5464285714285714,greedy_old,63,0,3,True,0.006415402996935882,11,10,0.9090909090909091,0.25,10,0.9090909090909091,0.25,3,3,1.0,0.15789473684210525,2,0.6666666666666666,0.14285714285714285,"( ( always[244,297] ( ( x_3 <= 317.6417 ) and ( x_9 >= -297.2562 ) ) ) and ( eventually[146,148] ( x_9 >= 149.7836 ) ) ) and ( always[172,173] ( always[209,215] ( x_8 >= -86.6403 ) ) )"
HandMovementDirection,0,0.5464285714285714,greedy_old,64,0,4,True,0.007122805996914394,6,6,1.0,0.15,6,1.0,0.15,2,2,1.0,0.10526315789473684,2,1.0,0.14285714285714285,"( ( ( always[244,297] ( ( x_3 <= 317.6417 ) and ( x_9 >= -297.2562 ) ) ) and ( always[299,310] ( x_4 <= 180.0699 ) ) ) and ( eventually[202,211] ( ( x_4 >= 166.3752 ) and ( ( x_8 <= 765.8848 ) and ( x_3 <= 164.8498 ) ) ) ) ) and ( not ( ( ( eventually ( x_0 <= -84.1642 ) ) and ( eventually[114,252] ( x_6 <= -339.413 ) ) ) or ( eventually[213,216] ( ( x_5 >= 787.5538 ) and ( x_3 <= -1335.5208 ) ) ) ) )"
HandMovementDirection,0,0.5464285714285714,greedy_old,65,0,4,True,0.010548045000177808,1,1,1.0,0.025,1,1.0,0.025,4,0,0.0,0.0,0,0.0,0.0,"( ( ( always[280,298] ( x_6 <= 196.8424 ) ) and ( eventually[11,inf] ( ( x_2 >= 286.9674 ) and ( x_3 <= 119.6897 ) ) ) ) and ( always[247,248] ( ( ( x_1 >= -34.1947 ) and ( x_5 >= -523.9128 ) ) or ( x_9 >= 464.8436 ) ) ) ) and ( ( eventually[249,253] ( eventually[61,93] ( x_7 <= 1268.1638 ) ) ) and ( ( eventually[323,324] ( x_3 >= 39.7556 ) ) or ( always ( x_7 >= -362.7303 ) ) ) )"
HandMovementDirection,0,0.5464285714285714,greedy_old,66,0,3,True,0.009967231002519839,11,10,0.9090909090909091,0.25,10,0.9090909090909091,0.25,3,3,1.0,0.15789473684210525,2,0.6666666666666666,0.14285714285714285,"( ( always[244,297] ( ( x_3 <= 317.6417 ) and ( x_9 >= -297.2562 ) ) ) and ( eventually[146,148] ( x_9 >= 149.7836 ) ) ) and ( always[172,173] ( always[209,215] ( x_8 >= -86.6403 ) ) )"
HandMovementDirection,0,0.5464285714285714,greedy_old,67,0,3,True,0.005660595008521341,9,9,1.0,0.225,9,1.0,0.225,7,6,0.8571428571428571,0.3157894736842105,4,0.5714285714285714,0.2857142857142857,"( ( always[244,297] ( ( x_3 <= 317.6417 ) and ( x_9 >= -297.2562 ) ) ) and ( always[280,298] ( x_6 <= 196.8424 ) ) ) and ( eventually[202,211] ( ( x_4 >= 166.3752 ) and ( ( x_8 <= 765.8848 ) and ( x_3 <= 164.8498 ) ) ) )"
HandMovementDirection,0,0.5464285714285714,greedy_old,68,0,4,True,0.005115103995194659,4,4,1.0,0.1,4,1.0,0.1,1,1,1.0,0.05263157894736842,1,1.0,0.07142857142857142,"( ( ( always[244,297] ( ( x_3 <= 317.6417 ) and ( x_9 >= -297.2562 ) ) ) and ( always[280,298] ( x_6 <= 196.8424 ) ) ) and ( not ( ( always[291,inf] ( x_6 >= -311.2663 ) ) or ( eventually ( x_8 <= -438.457 ) ) ) ) ) and ( always[247,248] ( ( ( x_1 >= -34.1947 ) and ( x_5 >= -523.9128 ) ) or ( x_9 >= 464.8436 ) ) )"
HandMovementDirection,0,0.5464285714285714,greedy_old,69,0,4,True,0.007164323003962636,10,9,0.9,0.225,9,0.9,0.225,5,3,0.6,0.15789473684210525,1,0.2,0.07142857142857142,"( ( ( always[280,298] ( x_6 <= 196.8424 ) ) and ( ( eventually[205,206] ( x_4 >= 125.1168 ) ) or ( always[302,306] ( x_9 >= 88.6772 ) ) ) ) and ( eventually[282,inf] ( ( x_0 >= 497.9156 ) or ( ( x_9 >= 370.0171 ) or ( x_2 <= -360.9201 ) ) ) ) ) and ( not ( always[296,308] ( ( ( x_2 >= 320.0321 ) or ( x_2 <= -689.7598 ) ) or ( x_4 >= -150.5822 ) ) ) )"
HandMovementDirection,0,0.5464285714285714,greedy_old,70,1,4,True,0.006266299998969771,8,8,1.0,0.2,8,1.0,0.2,4,3,0.75,0.11538461538461539,3,0.75,0.1,"( ( ( not ( eventually[318,319] ( x_3 <= 14.9514 ) ) ) and ( eventually[331,386] ( x_9 >= 229.4949 ) ) ) and ( eventually[330,352] ( x_6 >= 211.9373 ) ) ) and ( not ( always[139,179] ( x_9 >= -260.7164 ) ) )"
HandMovementDirection,0,0.5464285714285714,greedy_old,71,0,3,True,0.00578680400212761,10,9,0.9,0.225,9,0.9,0.225,6,6,1.0,0.3157894736842105,4,0.6666666666666666,0.2857142857142857,"( ( always[244,297] ( ( x_3 <= 317.6417 ) and ( x_9 >= -297.2562 ) ) ) and ( always[280,298] ( x_6 <= 196.8424 ) ) ) and ( always[243,252] ( x_6 >= -144.2676 ) )"
HandMovementDirection,0,0.5464285714285714,greedy_old,72,0,3,True,0.005609675994492136,4,4,1.0,0.1,4,1.0,0.1,3,2,0.6666666666666666,0.10526315789473684,2,0.6666666666666666,0.14285714285714285,"( ( always[244,297] ( ( x_3 <= 317.6417 ) and ( x_9 >= -297.2562 ) ) ) and ( always[247,248] ( ( ( x_1 >= -34.1947 ) and ( x_5 >= -523.9128 ) ) or ( x_9 >= 464.8436 ) ) ) ) and ( eventually[202,211] ( ( x_4 >= 166.3752 ) and ( ( x_8 <= 765.8848 ) and ( x_3 <= 164.8498 ) ) ) )"
HandMovementDirection,0,0.5464285714285714,greedy_old,73,0,3,True,0.005336014000931755,9,9,1.0,0.225,9,1.0,0.225,7,6,0.8571428571428571,0.3157894736842105,4,0.5714285714285714,0.2857142857142857,"( ( always[244,297] ( ( x_3 <= 317.6417 ) and ( x_9 >= -297.2562 ) ) ) and ( always[280,298] ( x_6 <= 196.8424 ) ) ) and ( eventually[202,211] ( ( x_4 >= 166.3752 ) and ( ( x_8 <= 765.8848 ) and ( x_3 <= 164.8498 ) ) ) )"
