root,n_atoms,width,dataset,run,selected,mass,val_acc,like_one_child
Or,2,,NATOPS,0,False,0.0,0.9523809523809524,
Globally,1,1.0,NATOPS,0,False,0.0,0.9523809523809524,
Or,2,,NATOPS,0,False,0.0,0.9523809523809524,
Eventually,1,0.04,NATOPS,0,False,0.0,0.9523809523809524,
Or,3,,NATOPS,0,False,0.0,0.9523809523809524,
And,2,,NATOPS,0,False,0.0,0.9523809523809524,
Eventually,1,0.28,NATOPS,0,False,0.0,0.9523809523809524,
Globally,1,1.0,NATOPS,0,False,0.0,0.9523809523809524,
Globally,1,1.0,NATOPS,0,False,0.0,0.9523809523809524,
Eventually,1,1.0,NATOPS,0,False,0.0,0.9523809523809524,
Globally,1,1.0,NATOPS,0,False,0.0,0.9523809523809524,
Globally,1,0.28,NATOPS,0,False,0.0,0.9523809523809524,
Eventually,1,1.0,NATOPS,0,False,0.0,0.9523809523809524,
Globally,2,0.2,NATOPS,0,False,0.0,0.9523809523809524,
Eventually,1,0.84,NATOPS,0,False,0.0,0.9523809523809524,
Eventually,2,0.1,NATOPS,0,False,0.0,0.9523809523809524,
Globally,1,0.48,NATOPS,0,False,0.0,0.9523809523809524,
Or,2,,NATOPS,0,False,0.0,0.9523809523809524,
Globally,2,0.46,NATOPS,0,False,0.0,0.9523809523809524,
Or,2,,NATOPS,0,False,0.0,0.9523809523809524,
Or,2,,NATOPS,0,False,0.0,0.9523809523809524,
Or,2,,NATOPS,0,False,0.0,0.9523809523809524,
Eventually,1,1.0,NATOPS,0,False,0.0,0.9523809523809524,
And,2,,NATOPS,0,False,0.0,0.9523809523809524,
Eventually,1,0.46,NATOPS,0,False,0.0,0.9523809523809524,
Or,3,,NATOPS,0,False,0.0,0.9523809523809524,
And,2,,NATOPS,0,False,0.0,0.9523809523809524,
Eventually,4,0.18,NATOPS,0,False,0.0,0.9523809523809524,
Globally,2,0.04,NATOPS,0,False,0.0,0.9523809523809524,
Or,2,,NATOPS,0,False,0.0,0.9523809523809524,
And,4,,NATOPS,0,False,0.0,0.9523809523809524,
Globally,1,0.16,NATOPS,0,False,0.0,0.9523809523809524,
Globally,1,0.02,NATOPS,0,False,0.0,0.9523809523809524,
Eventually,2,1.0,NATOPS,0,False,0.0,0.9523809523809524,
Globally,1,0.06,NATOPS,0,False,0.0,0.9523809523809524,
Globally,1,0.7,NATOPS,0,False,0.0,0.9523809523809524,
Globally,1,1.0,NATOPS,0,False,0.0,0.9523809523809524,
Eventually,1,0.04,NATOPS,0,False,0.0,0.9523809523809524,
Eventually,1,0.04,NATOPS,0,False,0.0,0.9523809523809524,
Globally,2,0.38,NATOPS,0,False,0.0,0.9523809523809524,
Globally,1,0.78,NATOPS,0,False,0.0,0.9523809523809524,
Eventually,3,0.12,NATOPS,0,False,0.0,0.9523809523809524,
Eventually,2,0.4,NATOPS,0,False,0.0,0.9523809523809524,
Globally,2,0.4,NATOPS,0,False,0.0,0.9523809523809524,
Globally,1,0.84,NATOPS,0,False,0.0,0.9523809523809524,
Globally,2,0.06,NATOPS,0,False,0.0,0.9523809523809524,
Eventually,2,0.32,NATOPS,0,False,0.0,0.9523809523809524,
Or,3,,NATOPS,0,False,0.0,0.9523809523809524,
Eventually,2,0.08,NATOPS,0,False,0.0,0.9523809523809524,
Globally,1,0.24,NATOPS,0,False,0.0,0.9523809523809524,
And,4,,NATOPS,0,False,0.0,0.9523809523809524,
Globally,1,0.06,NATOPS,0,False,0.0,0.9523809523809524,
Or,2,,NATOPS,0,False,0.0,0.9523809523809524,
Eventually,1,0.56,NATOPS,0,False,0.0,0.9523809523809524,
Eventually,1,0.06,NATOPS,0,False,0.0,0.9523809523809524,
And,2,,NATOPS,0,False,0.0,0.9523809523809524,
Eventually,1,0.24,NATOPS,0,False,0.0,0.9523809523809524,
And,4,,NATOPS,0,False,0.0,0.9523809523809524,
Eventually,1,0.06,NATOPS,0,False,0.0,0.9523809523809524,
Or,2,,NATOPS,0,False,0.0,0.9523809523809524,
Globally,1,0.94,NATOPS,0,False,0.0,0.9523809523809524,
Eventually,1,0.1,NATOPS,0,False,0.0,0.9523809523809524,
Globally,2,0.06,NATOPS,0,False,0.0,0.9523809523809524,
Eventually,1,0.56,NATOPS,0,False,0.0,0.9523809523809524,
Globally,1,1.0,NATOPS,0,False,0.0,0.9523809523809524,
Globally,2,0.22,NATOPS,0,False,0.0,0.9523809523809524,
Globally,2,0.1,NATOPS,0,False,0.0,0.9523809523809524,
And,4,,NATOPS,0,False,0.0,0.9523809523809524,
Eventually,2,0.04,NATOPS,0,False,0.0,0.9523809523809524,
And,4,,NATOPS,0,False,0.0,0.9523809523809524,
Globally,1,0.76,NATOPS,0,False,0.0,0.9523809523809524,
Eventually,1,0.06,NATOPS,0,False,0.0,0.9523809523809524,
Eventually,1,0.48,NATOPS,0,False,0.0,0.9523809523809524,
Or,2,,NATOPS,0,False,0.0,0.9523809523809524,
Or,2,,NATOPS,0,False,0.0,0.9523809523809524,
Eventually,4,0.1,NATOPS,0,False,0.0,0.9523809523809524,
Globally,2,0.08,NATOPS,0,False,0.0,0.9523809523809524,
Globally,1,0.5,NATOPS,0,False,0.0,0.9523809523809524,
Or,2,,NATOPS,0,False,0.0,0.9523809523809524,
Eventually,1,1.0,NATOPS,0,False,0.0,0.9523809523809524,
Eventually,1,0.42,NATOPS,0,False,0.0,0.9523809523809524,
Globally,1,0.84,NATOPS,0,False,0.0,0.9523809523809524,
Eventually,2,0.16,NATOPS,0,False,0.0,0.9523809523809524,
Globally,1,0.96,NATOPS,0,False,0.0,0.9523809523809524,
Globally,1,0.32,NATOPS,0,False,0.0,0.9523809523809524,
And,4,,NATOPS,0,False,0.0,0.9523809523809524,
Eventually,1,1.0,NATOPS,0,False,0.0,0.9523809523809524,
And,2,,NATOPS,0,False,0.0,0.9523809523809524,
Globally,2,0.04,NATOPS,0,False,0.0,0.9523809523809524,
Or,2,,NATOPS,0,False,0.0,0.9523809523809524,
Eventually,1,0.08,NATOPS,0,False,0.0,0.9523809523809524,
Eventually,1,0.08,NATOPS,0,False,0.0,0.9523809523809524,
Eventually,1,0.08,NATOPS,0,False,0.0,0.9523809523809524,
Globally,1,0.34,NATOPS,0,False,0.0,0.9523809523809524,
Globally,1,1.0,NATOPS,0,False,0.0,0.9523809523809524,
And,3,,NATOPS,0,False,0.0,0.9523809523809524,
Eventually,1,0.66,NATOPS,0,False,0.0,0.9523809523809524,
And,3,,NATOPS,0,False,0.0,0.9523809523809524,
Eventually,1,0.34,NATOPS,0,False,0.0,0.9523809523809524,
And,2,,NATOPS,0,False,0.0,0.9523809523809524,
Globally,1,1.0,NATOPS,0,False,0.0,0.9523809523809524,
Eventually,2,0.08,NATOPS,0,False,0.0,0.9523809523809524,
Globally,3,0.08,NATOPS,0,False,0.0,0.9523809523809524,
And,2,,NATOPS,0,False,0.0,0.9523809523809524,
Globally,1,0.9,NATOPS,0,False,0.0,0.9523809523809524,
Or,4,,NATOPS,0,False,0.0,0.9523809523809524,
Eventually,2,0.16,NATOPS,0,False,0.0,0.9523809523809524,
Globally,1,0.86,NATOPS,0,False,0.0,0.9523809523809524,
Eventually,1,0.04,NATOPS,0,False,0.0,0.9523809523809524,
Eventually,1,0.48,NATOPS,0,False,0.0,0.9523809523809524,
Globally,1,0.66,NATOPS,0,False,0.0,0.9523809523809524,
Or,2,,NATOPS,0,False,0.0,0.9523809523809524,
Globally,2,0.06,NATOPS,0,False,0.0,0.9523809523809524,
Globally,1,0.04,NATOPS,0,False,0.0,0.9523809523809524,
Eventually,1,1.0,NATOPS,0,False,0.0,0.9523809523809524,
And,4,,NATOPS,0,False,0.0,0.9523809523809524,
And,4,,NATOPS,0,False,0.0,0.9523809523809524,
Globally,2,0.04,NATOPS,0,False,0.0,0.9523809523809524,
And,2,,NATOPS,0,False,0.0,0.9523809523809524,
Globally,2,1.0,NATOPS,0,False,0.0,0.9523809523809524,
Eventually,2,0.52,NATOPS,0,False,0.0,0.9523809523809524,
Eventually,2,0.12,NATOPS,0,False,0.0,0.9523809523809524,
Eventually,2,0.1,NATOPS,0,False,0.0,0.9523809523809524,
And,4,,NATOPS,0,False,0.0,0.9523809523809524,
Eventually,1,0.44,NATOPS,0,False,0.0,0.9523809523809524,
Or,2,,NATOPS,0,False,0.0,0.9523809523809524,
Globally,1,1.0,NATOPS,0,False,0.0,0.9523809523809524,
Or,2,,NATOPS,0,False,0.0,0.9523809523809524,
Globally,2,0.06,NATOPS,0,False,0.0,0.9523809523809524,
Eventually,2,0.04,NATOPS,0,False,0.0,0.9523809523809524,
Or,3,,NATOPS,0,False,0.0,0.9523809523809524,
Globally,1,0.1,NATOPS,0,False,0.0,0.9523809523809524,
Eventually,3,0.04,NATOPS,0,False,0.0,0.9523809523809524,
And,2,,NATOPS,0,False,0.0,0.9523809523809524,
And,4,,NATOPS,0,False,0.0,0.9523809523809524,
Eventually,1,1.0,NATOPS,0,False,0.0,0.9523809523809524,
Eventually,1,0.74,NATOPS,0,False,0.0,0.9523809523809524,
Or,2,,NATOPS,0,False,0.0,0.9523809523809524,
And,2,,NATOPS,0,False,0.0,0.9523809523809524,
Globally,3,0.16,NATOPS,0,False,0.0,0.9523809523809524,
Eventually,1,0.86,NATOPS,0,False,0.0,0.9523809523809524,
Or,4,,NATOPS,0,False,0.0,0.9523809523809524,
Eventually,1,0.32,NATOPS,0,False,0.0,0.9523809523809524,
Globally,2,0.28,NATOPS,0,False,0.0,0.9523809523809524,
Eventually,1,1.0,NATOPS,0,False,0.0,0.9523809523809524,
Globally,1,0.14,NATOPS,0,False,0.0,0.9523809523809524,
Eventually,2,0.12,NATOPS,0,False,0.0,0.9523809523809524,
Globally,1,0.04,NATOPS,0,False,0.0,0.9523809523809524,
And,2,,NATOPS,0,False,0.0,0.9523809523809524,
Globally,3,0.2,NATOPS,0,False,0.0,0.9523809523809524,
And,2,,NATOPS,0,False,0.0,0.9523809523809524,
Globally,1,0.9,NATOPS,0,False,0.0,0.9523809523809524,
Globally,2,0.08,NATOPS,0,False,0.0,0.9523809523809524,
Eventually,2,0.18,NATOPS,0,False,0.0,0.9523809523809524,
Eventually,3,0.58,NATOPS,0,False,0.0,0.9523809523809524,
Globally,2,1.02,NATOPS,0,False,0.0,0.9523809523809524,
Globally,3,1.0,NATOPS,0,False,0.0,0.9523809523809524,
Eventually,1,0.06,NATOPS,0,False,0.0,0.9523809523809524,
And,2,,NATOPS,0,False,0.0,0.9523809523809524,
Globally,2,0.08,NATOPS,0,False,0.0,0.9523809523809524,
And,3,,NATOPS,0,False,0.0,0.9523809523809524,
And,4,,NATOPS,0,False,0.0,0.9523809523809524,
And,2,,NATOPS,0,False,0.0,0.9523809523809524,
Eventually,2,0.28,NATOPS,0,False,0.0,0.9523809523809524,
Eventually,1,0.1,NATOPS,0,False,0.0,0.9523809523809524,
And,2,,NATOPS,0,False,0.0,0.9523809523809524,
Or,3,,NATOPS,0,False,0.0,0.9523809523809524,
Globally,1,0.62,NATOPS,0,False,0.0,0.9523809523809524,
Globally,1,1.0,NATOPS,0,False,0.0,0.9523809523809524,
Eventually,1,1.0,NATOPS,0,False,0.0,0.9523809523809524,
Eventually,1,0.18,NATOPS,0,False,0.0,0.9523809523809524,
Eventually,2,0.1,NATOPS,0,False,0.0,0.9523809523809524,
Eventually,1,0.42,NATOPS,0,False,0.0,0.9523809523809524,
Eventually,1,0.34,NATOPS,0,False,0.0,0.9523809523809524,
Eventually,1,0.64,NATOPS,0,False,0.0,0.9523809523809524,
Globally,1,0.04,NATOPS,0,False,0.0,0.9523809523809524,
And,2,,NATOPS,0,False,0.0,0.9523809523809524,
Globally,2,0.92,NATOPS,0,False,0.0,0.9523809523809524,
Globally,1,0.16,NATOPS,0,False,0.0,0.9523809523809524,
Globally,2,0.8,NATOPS,0,False,0.0,0.9523809523809524,
Globally,1,0.06,NATOPS,0,False,0.0,0.9523809523809524,
Globally,1,0.24,NATOPS,0,False,0.0,0.9523809523809524,
And,2,,NATOPS,0,False,0.0,0.9523809523809524,
Eventually,1,0.7,NATOPS,0,False,0.0,0.9523809523809524,
Globally,1,0.46,NATOPS,0,False,0.0,0.9523809523809524,
Eventually,1,1.0,NATOPS,0,False,0.0,0.9523809523809524,
Eventually,1,1.0,NATOPS,0,False,0.0,0.9523809523809524,
Eventually,2,0.12,NATOPS,0,False,0.0,0.9523809523809524,
And,2,,NATOPS,0,False,0.0,0.9523809523809524,
Eventually,1,1.0,NATOPS,0,False,0.0,0.9523809523809524,
Eventually,1,0.46,NATOPS,0,False,0.0,0.9523809523809524,
Eventually,1,0.4,NATOPS,0,False,0.0,0.9523809523809524,
Eventually,1,0.4,NATOPS,0,False,0.0,0.9523809523809524,
Or,2,,NATOPS,0,False,0.0,0.9523809523809524,
Globally,2,0.0,NATOPS,0,False,0.0,0.9523809523809524,
And,4,,NATOPS,0,False,0.0,0.9523809523809524,
Globally,1,1.0,NATOPS,0,False,0.0,0.9523809523809524,
Globally,1,0.04,NATOPS,0,False,0.0,0.9523809523809524,
Eventually,3,0.26,NATOPS,0,False,0.0,0.9523809523809524,
Eventually,1,0.48,NATOPS,0,False,0.0,0.9523809523809524,
Globally,1,0.42,NATOPS,0,False,0.0,0.9523809523809524,
Globally,2,0.1,NATOPS,0,False,0.0,0.9523809523809524,
Eventually,1,0.96,NATOPS,0,False,0.0,0.9523809523809524,
Or,2,,NATOPS,0,False,0.0,0.9523809523809524,
Globally,2,0.06,NATOPS,0,False,0.0,0.9523809523809524,
Globally,2,0.88,NATOPS,0,False,0.0,0.9523809523809524,
And,2,,NATOPS,0,False,0.0,0.9523809523809524,
And,2,,NATOPS,0,False,0.0,0.9523809523809524,
Eventually,1,0.04,NATOPS,0,False,0.0,0.9523809523809524,
Or,2,,NATOPS,0,False,0.0,0.9523809523809524,
Eventually,2,0.66,NATOPS,0,False,0.0,0.9523809523809524,
Eventually,1,0.06,NATOPS,0,False,0.0,0.9523809523809524,
Globally,1,1.0,NATOPS,0,False,0.0,0.9523809523809524,
Globally,1,1.0,NATOPS,0,False,0.0,0.9523809523809524,
Eventually,1,1.0,NATOPS,0,False,0.0,0.9523809523809524,
Globally,1,0.58,NATOPS,0,False,0.0,0.9523809523809524,
Globally,1,0.7,NATOPS,0,False,0.0,0.9523809523809524,
Eventually,1,1.0,NATOPS,0,False,0.0,0.9523809523809524,
Globally,2,0.38,NATOPS,0,False,0.0,0.9523809523809524,
Or,2,,NATOPS,0,False,0.0,0.9523809523809524,
Eventually,1,1.0,NATOPS,0,False,0.0,0.9523809523809524,
Globally,1,1.0,NATOPS,0,False,0.0,0.9523809523809524,
And,2,,NATOPS,0,False,0.0,0.9523809523809524,
Or,3,,NATOPS,0,False,0.0,0.9523809523809524,
Or,2,,NATOPS,0,False,0.0,0.9523809523809524,
And,4,,NATOPS,0,False,0.0,0.9523809523809524,
Or,3,,NATOPS,0,False,0.0,0.9523809523809524,
Globally,2,0.08,NATOPS,0,False,0.0,0.9523809523809524,
Globally,2,1.0,NATOPS,0,False,0.0,0.9523809523809524,
Eventually,1,0.42,NATOPS,0,False,0.0,0.9523809523809524,
And,4,,NATOPS,0,False,0.0,0.9523809523809524,
Or,2,,NATOPS,0,False,0.0,0.9523809523809524,
Eventually,1,0.16,NATOPS,0,False,0.0,0.9523809523809524,
Or,3,,NATOPS,0,False,0.0,0.9523809523809524,
Globally,1,0.06,NATOPS,0,False,0.0,0.9523809523809524,
Eventually,1,1.0,NATOPS,0,False,0.0,0.9523809523809524,
Globally,2,1.0,NATOPS,0,False,0.0,0.9523809523809524,
Globally,1,0.66,NATOPS,0,False,0.0,0.9523809523809524,
Eventually,3,0.08,NATOPS,0,False,0.0,0.9523809523809524,
Globally,2,1.0,NATOPS,0,False,0.0,0.9523809523809524,
Globally,1,0.06,NATOPS,0,False,0.0,0.9523809523809524,
And,2,,NATOPS,0,False,0.0,0.9523809523809524,
Eventually,1,0.1,NATOPS,0,False,0.0,0.9523809523809524,
Eventually,1,0.04,NATOPS,0,False,0.0,0.9523809523809524,
Eventually,2,1.0,NATOPS,0,False,0.0,0.9523809523809524,
Or,4,,NATOPS,0,False,0.0,0.9523809523809524,
Globally,1,0.58,NATOPS,0,False,0.0,0.9523809523809524,
Or,2,,NATOPS,0,False,0.0,0.9523809523809524,
Eventually,4,1.0,NATOPS,0,False,0.0,0.9523809523809524,
Eventually,3,0.18,NATOPS,0,False,0.0,0.9523809523809524,
Globally,2,0.06,NATOPS,0,False,0.0,0.9523809523809524,
Eventually,1,0.26,NATOPS,0,False,0.0,0.9523809523809524,
Or,2,,NATOPS,0,False,0.0,0.9523809523809524,
Globally,1,0.62,NATOPS,0,False,0.0,0.9523809523809524,
Or,3,,NATOPS,0,False,0.0,0.9523809523809524,
Globally,1,1.0,NATOPS,0,False,0.0,0.9523809523809524,
Or,4,,NATOPS,0,False,0.0,0.9523809523809524,
Eventually,3,0.2,NATOPS,0,False,0.0,0.9523809523809524,
Globally,3,0.04,NATOPS,0,False,0.0,0.9523809523809524,
And,2,,NATOPS,0,False,0.0,0.9523809523809524,
Globally,1,1.0,NATOPS,0,False,0.0,0.9523809523809524,
Or,4,,NATOPS,0,False,0.0,0.9523809523809524,
Eventually,2,1.0,NATOPS,0,False,0.0,0.9523809523809524,
Globally,2,1.0,NATOPS,0,False,0.0,0.9523809523809524,
And,3,,NATOPS,0,False,0.0,0.9523809523809524,
Eventually,1,0.14,NATOPS,0,False,0.0,0.9523809523809524,
Or,2,,NATOPS,0,False,0.0,0.9523809523809524,
Globally,1,0.04,NATOPS,0,False,0.0,0.9523809523809524,
Eventually,1,1.0,NATOPS,0,False,0.0,0.9523809523809524,
Globally,2,1.0,NATOPS,0,False,0.0,0.9523809523809524,
And,2,,NATOPS,0,False,0.0,0.9523809523809524,
Or,2,,NATOPS,0,False,0.0,0.9523809523809524,
Or,2,,NATOPS,0,False,0.0,0.9523809523809524,
Globally,1,1.0,NATOPS,0,False,0.0,0.9523809523809524,
Eventually,1,0.14,NATOPS,0,False,0.0,0.9523809523809524,
Or,4,,NATOPS,0,False,0.0,0.9523809523809524,
Or,2,,NATOPS,0,False,0.0,0.9523809523809524,
Globally,1,1.0,NATOPS,0,False,0.0,0.9523809523809524,
Eventually,1,0.04,NATOPS,0,False,0.0,0.9523809523809524,
Globally,1,0.48,NATOPS,0,False,0.0,0.9523809523809524,
Eventually,1,0.98,NATOPS,0,False,0.0,0.9523809523809524,
Or,2,,NATOPS,0,False,0.0,0.9523809523809524,
And,4,,NATOPS,0,False,0.0,0.9523809523809524,
And,2,,NATOPS,0,False,0.0,0.9523809523809524,
Globally,1,0.9,NATOPS,0,False,0.0,0.9523809523809524,
Globally,1,0.08,NATOPS,0,False,0.0,0.9523809523809524,
Eventually,1,1.0,NATOPS,0,False,0.0,0.9523809523809524,
Eventually,1,0.54,NATOPS,0,False,0.0,0.9523809523809524,
Globally,1,0.48,NATOPS,0,False,0.0,0.9523809523809524,
Globally,1,0.74,NATOPS,0,False,0.0,0.9523809523809524,
Globally,1,1.0,NATOPS,0,False,0.0,0.9523809523809524,
Globally,2,0.12,NATOPS,0,False,0.0,0.9523809523809524,
And,4,,NATOPS,0,False,0.0,0.9523809523809524,
And,3,,NATOPS,0,False,0.0,0.9523809523809524,
Or,2,,NATOPS,0,False,0.0,0.9523809523809524,
Eventually,1,0.08,NATOPS,0,False,0.0,0.9523809523809524,
And,2,,NATOPS,0,False,0.0,0.9523809523809524,
Eventually,1,0.06,NATOPS,0,False,0.0,0.9523809523809524,
And,2,,NATOPS,0,False,0.0,0.9523809523809524,
Or,2,,NATOPS,0,False,0.0,0.9523809523809524,
Or,2,,NATOPS,0,False,0.0,0.9523809523809524,
Globally,1,0.42,NATOPS,0,False,0.0,0.9523809523809524,
Globally,1,0.4,NATOPS,0,False,0.0,0.9523809523809524,
And,2,,NATOPS,0,False,0.0,0.9523809523809524,
Eventually,3,0.16,NATOPS,0,False,0.0,0.9523809523809524,
Globally,1,0.76,NATOPS,0,False,0.0,0.9523809523809524,
Globally,1,0.04,NATOPS,0,False,0.0,0.9523809523809524,
Globally,3,1.0,NATOPS,0,False,0.0,0.9523809523809524,
Globally,2,0.1,NATOPS,0,False,0.0,0.9523809523809524,
Globally,1,1.0,NATOPS,0,False,0.0,0.9523809523809524,
Eventually,2,1.0,NATOPS,0,False,0.0,0.9523809523809524,
Globally,1,0.04,NATOPS,0,False,0.0,0.9523809523809524,
Globally,2,0.5,NATOPS,0,False,0.0,0.9523809523809524,
Globally,2,0.08,NATOPS,0,False,0.0,0.9523809523809524,
Eventually,1,0.8,NATOPS,0,False,0.0,0.9523809523809524,
Eventually,2,0.2,NATOPS,0,False,0.0,0.9523809523809524,
Eventually,1,0.62,NATOPS,0,False,0.0,0.9523809523809524,
Globally,1,0.04,NATOPS,0,False,0.0,0.9523809523809524,
Or,2,,NATOPS,0,False,0.0,0.9523809523809524,
Globally,2,1.0,NATOPS,0,False,0.0,0.9523809523809524,
Or,2,,NATOPS,0,False,0.0,0.9523809523809524,
Eventually,2,0.04,NATOPS,0,False,0.0,0.9523809523809524,
And,4,,NATOPS,0,False,0.0,0.9523809523809524,
Globally,1,0.04,NATOPS,0,False,0.0,0.9523809523809524,
Or,2,,NATOPS,0,False,0.0,0.9523809523809524,
And,2,,NATOPS,0,False,0.0,0.9523809523809524,
Or,4,,NATOPS,0,False,0.0,0.9523809523809524,
Globally,4,0.24,NATOPS,0,False,0.0,0.9523809523809524,
Globally,2,0.12,NATOPS,0,False,0.0,0.9523809523809524,
Eventually,1,0.04,NATOPS,0,False,0.0,0.9523809523809524,
Eventually,2,0.28,NATOPS,0,False,0.0,0.9523809523809524,
Eventually,2,0.12,NATOPS,0,False,0.0,0.9523809523809524,
Eventually,1,0.04,NATOPS,0,False,0.0,0.9523809523809524,
Globally,3,0.06,NATOPS,0,False,0.0,0.9523809523809524,
Eventually,1,0.56,NATOPS,0,False,0.0,0.9523809523809524,
Globally,2,0.76,NATOPS,0,False,0.0,0.9523809523809524,
Eventually,2,0.06,NATOPS,0,False,0.0,0.9523809523809524,
Eventually,2,0.04,NATOPS,0,False,0.0,0.9523809523809524,
Or,4,,NATOPS,0,False,0.0,0.9523809523809524,
And,3,,NATOPS,0,False,0.0,0.9523809523809524,
And,2,,NATOPS,0,False,0.0,0.9523809523809524,
Globally,1,0.34,NATOPS,0,False,0.0,0.9523809523809524,
Eventually,2,0.04,NATOPS,0,False,0.0,0.9523809523809524,
Globally,1,0.26,NATOPS,0,False,0.0,0.9523809523809524,
Globally,2,0.22,NATOPS,0,False,0.0,0.9523809523809524,
Eventually,2,0.2,NATOPS,0,False,0.0,0.9523809523809524,
Eventually,1,1.0,NATOPS,0,False,0.0,0.9523809523809524,
Or,3,,NATOPS,0,False,0.0,0.9523809523809524,
Eventually,1,0.22,NATOPS,0,False,0.0,0.9523809523809524,
Or,2,,NATOPS,0,False,0.0,0.9523809523809524,
Globally,1,1.0,NATOPS,0,False,0.0,0.9523809523809524,
Globally,1,0.8,NATOPS,0,False,0.0,0.9523809523809524,
Globally,1,1.0,NATOPS,0,False,0.0,0.9523809523809524,
Eventually,1,1.0,NATOPS,0,False,0.0,0.9523809523809524,
Or,2,,NATOPS,0,False,0.0,0.9523809523809524,
Eventually,2,0.04,NATOPS,0,False,0.0,0.9523809523809524,
Eventually,2,0.06,NATOPS,0,False,0.0,0.9523809523809524,
Globally,3,0.54,NATOPS,0,False,0.0,0.9523809523809524,
And,3,,NATOPS,0,False,0.0,0.9523809523809524,
Eventually,1,1.0,NATOPS,0,False,0.0,0.9523809523809524,
Eventually,1,0.12,NATOPS,0,False,0.0,0.9523809523809524,
And,2,,NATOPS,0,False,0.0,0.9523809523809524,
Or,2,,NATOPS,0,False,0.0,0.9523809523809524,
And,2,,NATOPS,0,False,0.0,0.9523809523809524,
Eventually,1,0.0,NATOPS,0,False,0.0,0.9523809523809524,
Or,2,,NATOPS,0,False,0.0,0.9523809523809524,
Eventually,1,1.0,NATOPS,0,False,0.0,0.9523809523809524,
Globally,3,0.54,NATOPS,0,False,0.0,0.9523809523809524,
And,2,,NATOPS,0,False,0.0,0.9523809523809524,
Eventually,1,0.38,NATOPS,0,False,0.0,0.9523809523809524,
Globally,1,1.0,NATOPS,0,False,0.0,0.9523809523809524,
Or,2,,NATOPS,0,False,0.0,0.9523809523809524,
Eventually,1,0.1,NATOPS,0,False,0.0,0.9523809523809524,
And,2,,NATOPS,0,False,0.0,0.9523809523809524,
And,2,,NATOPS,0,False,0.0,0.9523809523809524,
And,4,,NATOPS,0,False,0.0,0.9523809523809524,
Eventually,1,0.68,NATOPS,0,False,0.0,0.9523809523809524,
Globally,1,1.0,NATOPS,0,False,0.0,0.9523809523809524,
Globally,1,0.32,NATOPS,0,False,0.0,0.9523809523809524,
Eventually,1,0.04,NATOPS,0,False,0.0,0.9523809523809524,
And,2,,NATOPS,0,False,0.0,0.9523809523809524,
Eventually,3,0.16,NATOPS,0,False,0.0,0.9523809523809524,
Globally,1,1.0,NATOPS,0,False,0.0,0.9523809523809524,
Or,2,,NATOPS,0,False,0.0,0.9523809523809524,
Eventually,1,0.04,NATOPS,0,False,0.0,0.9523809523809524,
Eventually,2,1.0,NATOPS,0,False,0.0,0.9523809523809524,
Or,2,,NATOPS,0,False,0.0,0.9523809523809524,
Globally,3,0.36,NATOPS,0,False,0.0,0.9523809523809524,
Globally,3,0.9,NATOPS,0,False,0.0,0.9523809523809524,
Or,4,,NATOPS,0,False,0.0,0.9523809523809524,
Globally,1,0.28,NATOPS,0,False,0.0,0.9523809523809524,
Globally,1,1.0,NATOPS,0,False,0.0,0.9523809523809524,
Eventually,1,0.4,NATOPS,0,False,0.0,0.9523809523809524,
Globally,2,0.04,NATOPS,0,False,0.0,0.9523809523809524,
Globally,1,1.0,NATOPS,0,False,0.0,0.9523809523809524,
And,2,,NATOPS,0,False,0.0,0.9523809523809524,
Globally,1,1.0,NATOPS,0,False,0.0,0.9523809523809524,
Or,2,,NATOPS,0,False,0.0,0.9523809523809524,
And,2,,NATOPS,0,False,0.0,0.9523809523809524,
Globally,1,0.5,NATOPS,0,False,0.0,0.9523809523809524,
And,3,,NATOPS,0,False,0.0,0.9523809523809524,
Eventually,3,0.1,NATOPS,0,False,0.0,0.9523809523809524,
Eventually,2,0.16,NATOPS,0,False,0.0,0.9523809523809524,
Eventually,2,0.54,NATOPS,0,False,0.0,0.9523809523809524,
Eventually,2,1.0,NATOPS,0,False,0.0,0.9523809523809524,
Eventually,2,0.84,NATOPS,0,False,0.0,0.9523809523809524,
Globally,1,0.04,NATOPS,0,False,0.0,0.9523809523809524,
Globally,1,1.0,NATOPS,0,False,0.0,0.9523809523809524,
Or,3,,NATOPS,0,False,0.0,0.9523809523809524,
Eventually,3,1.0,NATOPS,0,False,0.0,0.9523809523809524,
Eventually,2,0.88,NATOPS,0,False,0.0,0.9523809523809524,
Globally,3,0.12,NATOPS,0,False,0.0,0.9523809523809524,
Eventually,2,0.44,NATOPS,0,False,0.0,0.9523809523809524,
Eventually,1,0.04,NATOPS,0,False,0.0,0.9523809523809524,
Globally,3,0.12,NATOPS,0,False,0.0,0.9523809523809524,
Globally,1,0.6,NATOPS,0,False,0.0,0.9523809523809524,
And,3,,NATOPS,0,False,0.0,0.9523809523809524,
Eventually,2,0.04,NATOPS,0,False,0.0,0.9523809523809524,
Eventually,1,0.22,NATOPS,0,False,0.0,0.9523809523809524,
And,3,,NATOPS,0,False,0.0,0.9523809523809524,
Globally,1,0.16,NATOPS,0,False,0.0,0.9523809523809524,
Or,2,,NATOPS,0,False,0.0,0.9523809523809524,
Globally,2,0.2,NATOPS,0,False,0.0,0.9523809523809524,
Or,3,,NATOPS,0,False,0.0,0.9523809523809524,
Eventually,1,1.0,NATOPS,0,False,0.0,0.9523809523809524,
Eventually,1,0.14,NATOPS,0,False,0.0,0.9523809523809524,
Globally,2,0.14,NATOPS,0,False,0.0,0.9523809523809524,
Or,2,,NATOPS,0,False,0.0,0.9523809523809524,
Eventually,1,0.08,NATOPS,0,False,0.0,0.9523809523809524,
Globally,1,1.0,NATOPS,0,False,0.0,0.9523809523809524,
Globally,1,0.14,NATOPS,0,False,0.0,0.9523809523809524,
Globally,1,1.0,NATOPS,0,False,0.0,0.9523809523809524,
Globally,2,0.44,NATOPS,0,False,0.0,0.9523809523809524,
Globally,1,0.08,NATOPS,0,False,0.0,0.9523809523809524,
Eventually,1,0.24,NATOPS,0,False,0.0,0.9523809523809524,
Eventually,2,0.5,NATOPS,0,False,0.0,0.9523809523809524,
Globally,2,0.2,NATOPS,0,False,0.0,0.9523809523809524,
Eventually,1,0.08,NATOPS,0,False,0.0,0.9523809523809524,
Eventually,1,0.58,NATOPS,0,False,0.0,0.9523809523809524,
Or,4,,NATOPS,0,False,0.0,0.9523809523809524,
Eventually,1,0.8,NATOPS,0,False,0.0,0.9523809523809524,
And,4,,NATOPS,0,False,0.0,0.9523809523809524,
Globally,2,1.0,NATOPS,0,False,0.0,0.9523809523809524,
Globally,2,0.32,NATOPS,0,False,0.0,0.9523809523809524,
Globally,1,0.12,NATOPS,0,False,0.0,0.9523809523809524,
Or,2,,NATOPS,0,False,0.0,0.9523809523809524,
Eventually,1,0.08,NATOPS,0,False,0.0,0.9523809523809524,
Eventually,1,0.16,NATOPS,0,False,0.0,0.9523809523809524,
Globally,1,1.0,NATOPS,0,False,0.0,0.9523809523809524,
And,2,,NATOPS,0,False,0.0,0.9523809523809524,
Eventually,1,0.22,NATOPS,0,False,0.0,0.9523809523809524,
Or,4,,NATOPS,0,False,0.0,0.9523809523809524,
Globally,1,0.06,NATOPS,0,False,0.0,0.9523809523809524,
Globally,2,1.0,NATOPS,0,False,0.0,0.9523809523809524,
Globally,2,0.76,NATOPS,0,False,0.0,0.9523809523809524,
Globally,2,0.48,NATOPS,0,False,0.0,0.9523809523809524,
And,2,,NATOPS,0,False,0.0,0.9523809523809524,
Globally,1,0.44,NATOPS,0,False,0.0,0.9523809523809524,
Eventually,1,0.54,NATOPS,0,False,0.0,0.9523809523809524,
Eventually,1,1.0,NATOPS,0,False,0.0,0.9523809523809524,
And,3,,NATOPS,0,False,0.0,0.9523809523809524,
Globally,1,0.08,NATOPS,0,False,0.0,0.9523809523809524,
Globally,1,0.22,NATOPS,0,False,0.0,0.9523809523809524,
Eventually,2,1.0,NATOPS,0,False,0.0,0.9523809523809524,
Or,3,,NATOPS,0,False,0.0,0.9523809523809524,
Or,4,,NATOPS,0,False,0.0,0.9523809523809524,
Globally,1,1.02,NATOPS,0,False,0.0,0.9523809523809524,
Or,4,,NATOPS,0,False,0.0,0.9523809523809524,
Globally,2,0.76,NATOPS,0,False,0.0,0.9523809523809524,
Globally,1,0.96,NATOPS,0,False,0.0,0.9523809523809524,
Globally,1,0.1,NATOPS,0,False,0.0,0.9523809523809524,
Globally,1,1.0,NATOPS,0,False,0.0,0.9523809523809524,
And,2,,NATOPS,0,False,0.0,0.9523809523809524,
Globally,1,1.0,NATOPS,0,False,0.0,0.9523809523809524,
Globally,2,0.04,NATOPS,0,False,0.0,0.9523809523809524,
Eventually,1,1.0,NATOPS,0,False,0.0,0.9523809523809524,
And,4,,NATOPS,0,False,0.0,0.9523809523809524,
Eventually,1,0.12,NATOPS,0,False,0.0,0.9523809523809524,
And,4,,NATOPS,0,False,0.0,0.9523809523809524,
Globally,1,1.0,NATOPS,0,False,0.0,0.9523809523809524,
Globally,2,0.04,NATOPS,0,False,0.0,0.9523809523809524,
Eventually,1,0.72,NATOPS,0,False,0.0,0.9523809523809524,
Eventually,1,0.3,NATOPS,0,False,0.0,0.9523809523809524,
Globally,1,0.06,NATOPS,0,False,0.0,0.9523809523809524,
Eventually,1,0.52,NATOPS,0,False,0.0,0.9523809523809524,
Eventually,4,0.34,NATOPS,0,False,0.0,0.9523809523809524,
Globally,1,1.0,NATOPS,0,False,0.0,0.9523809523809524,
Eventually,1,0.12,NATOPS,0,False,0.0,0.9523809523809524,
Eventually,1,0.04,NATOPS,0,False,0.0,0.9523809523809524,
Globally,3,1.0,NATOPS,0,False,0.0,0.9523809523809524,
Globally,2,0.04,NATOPS,0,False,0.0,0.9523809523809524,
Or,4,,NATOPS,0,False,0.0,0.9523809523809524,
Eventually,1,1.0,NATOPS,0,False,0.0,0.9523809523809524,
And,2,,NATOPS,0,False,0.0,0.9523809523809524,
Or,2,,NATOPS,0,False,0.0,0.9523809523809524,
And,4,,NATOPS,0,False,0.0,0.9523809523809524,
Globally,1,0.72,NATOPS,0,False,0.0,0.9523809523809524,
Eventually,1,0.04,NATOPS,0,False,0.0,0.9523809523809524,
And,3,,NATOPS,0,False,0.0,0.9523809523809524,
Eventually,1,0.1,NATOPS,0,False,0.0,0.9523809523809524,
Eventually,2,0.06,NATOPS,0,False,0.0,0.9523809523809524,
Globally,1,0.4,NATOPS,0,False,0.0,0.9523809523809524,
Globally,3,0.5,NATOPS,0,False,0.0,0.9523809523809524,
Globally,2,0.38,NATOPS,0,False,0.0,0.9523809523809524,
Eventually,1,0.48,NATOPS,0,False,0.0,0.9523809523809524,
Globally,1,0.8,NATOPS,0,False,0.0,0.9523809523809524,
Globally,2,0.96,NATOPS,0,False,0.0,0.9523809523809524,
Eventually,1,0.08,NATOPS,0,False,0.0,0.9523809523809524,
Or,3,,NATOPS,0,False,0.0,0.9523809523809524,
Globally,1,0.24,NATOPS,0,False,0.0,0.9523809523809524,
Globally,2,0.5,NATOPS,0,False,0.0,0.9523809523809524,
Eventually,1,0.08,NATOPS,0,False,0.0,0.9523809523809524,
And,2,,NATOPS,0,False,0.0,0.9523809523809524,
Globally,2,0.1,NATOPS,0,False,0.0,0.9523809523809524,
Eventually,1,0.08,NATOPS,0,False,0.0,0.9523809523809524,
Globally,1,0.06,NATOPS,0,False,0.0,0.9523809523809524,
Or,2,,NATOPS,0,False,0.0,0.9523809523809524,
Globally,2,1.0,NATOPS,0,False,0.0,0.9523809523809524,
Or,3,,NATOPS,0,False,0.0,0.9523809523809524,
And,2,,NATOPS,0,False,0.0,0.9523809523809524,
Eventually,2,1.0,NATOPS,0,False,0.0,0.9523809523809524,
Or,2,,NATOPS,0,False,0.0,0.9523809523809524,
Eventually,1,0.72,NATOPS,0,False,0.0,0.9523809523809524,
Eventually,1,0.12,NATOPS,0,False,0.0,0.9523809523809524,
Globally,1,0.5,NATOPS,0,False,0.0,0.9523809523809524,
Or,2,,NATOPS,0,False,0.0,0.9523809523809524,
Eventually,1,0.34,NATOPS,0,False,0.0,0.9523809523809524,
Eventually,1,1.0,NATOPS,0,False,0.0,0.9523809523809524,
Or,2,,NATOPS,0,False,0.0,0.9523809523809524,
Eventually,2,0.94,NATOPS,0,False,0.0,0.9523809523809524,
Globally,2,0.6,NATOPS,0,False,0.0,0.9523809523809524,
Eventually,1,0.04,NATOPS,0,False,0.0,0.9523809523809524,
Globally,1,0.34,NATOPS,0,False,0.0,0.9523809523809524,
Eventually,1,1.0,NATOPS,0,False,0.0,0.9523809523809524,
Globally,1,0.28,NATOPS,0,False,0.0,0.9523809523809524,
Eventually,4,0.14,NATOPS,0,False,0.0,0.9523809523809524,
Globally,1,0.14,NATOPS,0,False,0.0,0.9523809523809524,
Eventually,1,1.0,NATOPS,0,False,0.0,0.9523809523809524,
Globally,1,0.16,NATOPS,0,False,0.0,0.9523809523809524,
Globally,3,0.06,NATOPS,0,False,0.0,0.9523809523809524,
Eventually,1,1.0,NATOPS,0,False,0.0,0.9523809523809524,
Eventually,1,0.92,NATOPS,0,False,0.0,0.9523809523809524,
Eventually,1,0.08,NATOPS,0,False,0.0,0.9523809523809524,
And,3,,NATOPS,0,False,0.0,0.9523809523809524,
Eventually,1,0.14,NATOPS,0,False,0.0,0.9523809523809524,
Eventually,3,0.88,NATOPS,0,False,0.0,0.9523809523809524,
Or,2,,NATOPS,0,False,0.0,0.9523809523809524,
Eventually,3,0.04,NATOPS,0,False,0.0,0.9523809523809524,
Eventually,2,1.0,NATOPS,0,False,0.0,0.9523809523809524,
Globally,1,1.0,NATOPS,0,False,0.0,0.9523809523809524,
And,3,,NATOPS,0,False,0.0,0.9523809523809524,
Eventually,2,0.3,NATOPS,0,False,0.0,0.9523809523809524,
Globally,1,1.0,NATOPS,0,False,0.0,0.9523809523809524,
Eventually,1,0.14,NATOPS,0,False,0.0,0.9523809523809524,
Globally,2,0.56,NATOPS,0,False,0.0,0.9523809523809524,
Globally,1,0.3,NATOPS,0,False,0.0,0.9523809523809524,
Eventually,2,1.0,NATOPS,0,False,0.0,0.9523809523809524,
And,3,,NATOPS,0,False,0.0,0.9523809523809524,
Globally,1,0.98,NATOPS,0,False,0.0,0.9523809523809524,
Eventually,1,0.08,NATOPS,0,False,0.0,0.9523809523809524,
Eventually,2,1.0,NATOPS,0,False,0.0,0.9523809523809524,
Globally,3,0.04,NATOPS,0,False,0.0,0.9523809523809524,
And,3,,NATOPS,0,False,0.0,0.9523809523809524,
Eventually,1,1.0,NATOPS,0,False,0.0,0.9523809523809524,
Globally,1,0.22,NATOPS,0,False,0.0,0.9523809523809524,
Globally,1,0.04,NATOPS,0,False,0.0,0.9523809523809524,
Eventually,2,0.9,NATOPS,0,False,0.0,0.9523809523809524,
Eventually,1,0.08,NATOPS,0,False,0.0,0.9523809523809524,
Globally,1,0.36,NATOPS,0,False,0.0,0.9523809523809524,
Globally,1,0.04,NATOPS,0,False,0.0,0.9523809523809524,
Eventually,1,0.46,NATOPS,0,False,0.0,0.9523809523809524,
Eventually,1,0.76,NATOPS,0,False,0.0,0.9523809523809524,
And,2,,NATOPS,0,False,0.0,0.9523809523809524,
Eventually,1,0.04,NATOPS,0,False,0.0,0.9523809523809524,
Or,3,,NATOPS,0,False,0.0,0.9523809523809524,
Globally,1,0.06,NATOPS,0,False,0.0,0.9523809523809524,
Or,2,,NATOPS,0,False,0.0,0.9523809523809524,
Eventually,2,0.48,NATOPS,0,False,0.0,0.9523809523809524,
Eventually,2,0.14,NATOPS,0,False,0.0,0.9523809523809524,
Or,2,,NATOPS,0,False,0.0,0.9523809523809524,
Eventually,1,0.76,NATOPS,0,False,0.0,0.9523809523809524,
Or,2,,NATOPS,0,False,0.0,0.9523809523809524,
Globally,3,0.28,NATOPS,0,False,0.0,0.9523809523809524,
Or,2,,NATOPS,0,False,0.0,0.9523809523809524,
Or,2,,NATOPS,0,False,0.0,0.9523809523809524,
Or,2,,NATOPS,0,False,0.0,0.9523809523809524,
And,4,,NATOPS,0,False,0.0,0.9523809523809524,
Globally,1,0.52,NATOPS,0,False,0.0,0.9523809523809524,
Eventually,1,0.34,NATOPS,0,False,0.0,0.9523809523809524,
Or,4,,NATOPS,0,False,0.0,0.9523809523809524,
Globally,1,0.26,NATOPS,0,False,0.0,0.9523809523809524,
And,2,,NATOPS,0,False,0.0,0.9523809523809524,
Globally,1,0.16,NATOPS,0,False,0.0,0.9523809523809524,
And,4,,NATOPS,0,False,0.0,0.9523809523809524,
Eventually,2,0.12,NATOPS,0,False,0.0,0.9523809523809524,
Globally,1,0.46,NATOPS,0,False,0.0,0.9523809523809524,
And,2,,NATOPS,0,False,0.0,0.9523809523809524,
Or,3,,NATOPS,0,False,0.0,0.9523809523809524,
Globally,1,1.0,NATOPS,0,False,0.0,0.9523809523809524,
Eventually,1,0.22,NATOPS,0,False,0.0,0.9523809523809524,
Or,2,,NATOPS,0,False,0.0,0.9523809523809524,
Globally,2,1.0,NATOPS,0,False,0.0,0.9523809523809524,
And,2,,NATOPS,0,False,0.0,0.9523809523809524,
Eventually,1,0.26,NATOPS,0,False,0.0,0.9523809523809524,
Globally,1,1.0,NATOPS,0,False,0.0,0.9523809523809524,
Globally,2,0.04,NATOPS,0,False,0.0,0.9523809523809524,
And,3,,NATOPS,0,False,0.0,0.9523809523809524,
Eventually,1,0.98,NATOPS,0,False,0.0,0.9523809523809524,
Eventually,2,0.14,NATOPS,0,False,0.0,0.9523809523809524,
Or,2,,NATOPS,0,False,0.0,0.9523809523809524,
Or,2,,NATOPS,0,False,0.0,0.9523809523809524,
And,2,,NATOPS,0,False,0.0,0.9523809523809524,
And,3,,NATOPS,0,False,0.0,0.9523809523809524,
Globally,1,0.16,NATOPS,0,False,0.0,0.9523809523809524,
Eventually,2,0.44,NATOPS,0,False,0.0,0.9523809523809524,
Or,3,,NATOPS,0,False,0.0,0.9523809523809524,
Globally,3,0.26,NATOPS,0,False,0.0,0.9523809523809524,
Eventually,1,0.08,NATOPS,0,False,0.0,0.9523809523809524,
Globally,2,0.06,NATOPS,0,False,0.0,0.9523809523809524,
Globally,2,0.16,NATOPS,0,False,0.0,0.9523809523809524,
Or,2,,NATOPS,0,False,0.0,0.9523809523809524,
Globally,2,0.04,NATOPS,0,False,0.0,0.9523809523809524,
And,2,,NATOPS,0,False,0.0,0.9523809523809524,
Or,2,,NATOPS,0,False,0.0,0.9523809523809524,
Or,3,,NATOPS,0,False,0.0,0.9523809523809524,
Globally,1,0.06,NATOPS,0,False,0.0,0.9523809523809524,
Globally,1,0.2,NATOPS,0,False,0.0,0.9523809523809524,
Eventually,1,0.22,NATOPS,0,False,0.0,0.9523809523809524,
Eventually,1,0.7,NATOPS,0,False,0.0,0.9523809523809524,
Eventually,1,0.12,NATOPS,0,False,0.0,0.9523809523809524,
Globally,1,0.4,NATOPS,0,False,0.0,0.9523809523809524,
Or,3,,NATOPS,0,False,0.0,0.9523809523809524,
Eventually,1,0.16,NATOPS,0,False,0.0,0.9523809523809524,
Or,4,,NATOPS,0,False,0.0,0.9523809523809524,
Globally,1,0.04,NATOPS,0,False,0.0,0.9523809523809524,
And,4,,NATOPS,0,False,0.0,0.9523809523809524,
Or,2,,NATOPS,0,False,0.0,0.9523809523809524,
And,2,,NATOPS,0,False,0.0,0.9523809523809524,
Globally,1,0.18,NATOPS,0,False,0.0,0.9523809523809524,
Globally,1,0.26,NATOPS,0,False,0.0,0.9523809523809524,
Eventually,1,0.78,NATOPS,0,False,0.0,0.9523809523809524,
Or,2,,NATOPS,0,False,0.0,0.9523809523809524,
And,2,,NATOPS,0,False,0.0,0.9523809523809524,
Eventually,2,0.16,NATOPS,0,False,0.0,0.9523809523809524,
Eventually,2,0.34,NATOPS,0,False,0.0,0.9523809523809524,
Globally,2,1.0,NATOPS,0,False,0.0,0.9523809523809524,
Globally,2,1.0,NATOPS,0,False,0.0,0.9523809523809524,
Eventually,1,0.2,NATOPS,0,False,0.0,0.9523809523809524,
And,2,,NATOPS,0,False,0.0,0.9523809523809524,
Globally,1,0.52,NATOPS,0,False,0.0,0.9523809523809524,
Globally,1,1.0,NATOPS,0,False,0.0,0.9523809523809524,
And,2,,NATOPS,0,False,0.0,0.9523809523809524,
And,3,,NATOPS,0,False,0.0,0.9523809523809524,
Globally,2,0.08,NATOPS,0,False,0.0,0.9523809523809524,
Eventually,1,0.28,NATOPS,0,False,0.0,0.9523809523809524,
Or,2,,NATOPS,0,False,0.0,0.9523809523809524,
Eventually,3,0.04,NATOPS,0,False,0.0,0.9523809523809524,
Globally,2,0.26,NATOPS,0,False,0.0,0.9523809523809524,
Globally,1,1.0,NATOPS,0,False,0.0,0.9523809523809524,
Eventually,1,0.12,NATOPS,0,False,0.0,0.9523809523809524,
Eventually,1,0.24,NATOPS,0,False,0.0,0.9523809523809524,
Eventually,1,0.08,NATOPS,0,False,0.0,0.9523809523809524,
Globally,1,0.3,NATOPS,0,False,0.0,0.9523809523809524,
Globally,1,0.8,NATOPS,0,False,0.0,0.9523809523809524,
Eventually,2,0.14,NATOPS,0,False,0.0,0.9523809523809524,
Eventually,1,0.12,NATOPS,0,False,0.0,0.9523809523809524,
Eventually,2,0.22,NATOPS,0,False,0.0,0.9523809523809524,
Eventually,1,1.0,NATOPS,0,False,0.0,0.9523809523809524,
Eventually,1,0.86,NATOPS,0,False,0.0,0.9523809523809524,
And,4,,NATOPS,0,False,0.0,0.9523809523809524,
Globally,1,0.3,NATOPS,0,False,0.0,0.9523809523809524,
Eventually,1,0.04,NATOPS,0,False,0.0,0.9523809523809524,
Eventually,2,0.16,NATOPS,0,False,0.0,0.9523809523809524,
Eventually,1,1.0,NATOPS,0,False,0.0,0.9523809523809524,
Eventually,1,0.04,NATOPS,0,False,0.0,0.9523809523809524,
Globally,1,0.1,NATOPS,0,False,0.0,0.9523809523809524,
Globally,1,0.16,NATOPS,0,False,0.0,0.9523809523809524,
And,2,,NATOPS,0,False,0.0,0.9523809523809524,
Eventually,1,1.0,NATOPS,0,False,0.0,0.9523809523809524,
Or,4,,NATOPS,0,False,0.0,0.9523809523809524,
Globally,1,0.68,NATOPS,0,False,0.0,0.9523809523809524,
And,4,,NATOPS,0,False,0.0,0.9523809523809524,
Globally,2,1.0,NATOPS,0,False,0.0,0.9523809523809524,
Eventually,1,0.4,NATOPS,0,False,0.0,0.9523809523809524,
Eventually,1,0.18,NATOPS,0,False,0.0,0.9523809523809524,
Or,3,,NATOPS,0,False,0.0,0.9523809523809524,
And,2,,NATOPS,0,False,0.0,0.9523809523809524,
And,4,,NATOPS,0,False,0.0,0.9523809523809524,
Globally,1,1.0,NATOPS,0,False,0.0,0.9523809523809524,
Or,2,,NATOPS,0,False,0.0,0.9523809523809524,
Eventually,1,1.0,NATOPS,0,False,0.0,0.9523809523809524,
Eventually,1,0.48,NATOPS,0,False,0.0,0.9523809523809524,
Eventually,1,0.14,NATOPS,0,False,0.0,0.9523809523809524,
Globally,2,1.0,NATOPS,0,False,0.0,0.9523809523809524,
Globally,1,0.76,NATOPS,0,False,0.0,0.9523809523809524,
Or,3,,NATOPS,0,False,0.0,0.9523809523809524,
Globally,1,0.38,NATOPS,0,False,0.0,0.9523809523809524,
Eventually,1,0.16,NATOPS,0,False,0.0,0.9523809523809524,
Eventually,1,0.1,NATOPS,0,False,0.0,0.9523809523809524,
Or,3,,NATOPS,0,False,0.0,0.9523809523809524,
Eventually,3,0.04,NATOPS,0,False,0.0,0.9523809523809524,
And,2,,NATOPS,0,False,0.0,0.9523809523809524,
Or,3,,NATOPS,0,False,0.0,0.9523809523809524,
Or,4,,NATOPS,0,False,0.0,0.9523809523809524,
Eventually,2,0.36,NATOPS,0,False,0.0,0.9523809523809524,
Globally,1,0.04,NATOPS,0,False,0.0,0.9523809523809524,
Or,4,,NATOPS,0,False,0.0,0.9523809523809524,
And,3,,NATOPS,0,False,0.0,0.9523809523809524,
Globally,1,0.16,NATOPS,0,False,0.0,0.9523809523809524,
And,4,,NATOPS,0,False,0.0,0.9523809523809524,
Globally,2,0.14,NATOPS,0,False,0.0,0.9523809523809524,
Eventually,2,0.22,NATOPS,0,False,0.0,0.9523809523809524,
Eventually,1,0.28,NATOPS,0,False,0.0,0.9523809523809524,
Globally,1,0.06,NATOPS,0,False,0.0,0.9523809523809524,
Eventually,1,0.06,NATOPS,0,False,0.0,0.9523809523809524,
Globally,2,0.08,NATOPS,0,False,0.0,0.9523809523809524,
And,2,,NATOPS,0,False,0.0,0.9523809523809524,
And,3,,NATOPS,0,False,0.0,0.9523809523809524,
Eventually,2,0.4,NATOPS,0,False,0.0,0.9523809523809524,
And,4,,NATOPS,0,False,0.0,0.9523809523809524,
And,3,,NATOPS,0,False,0.0,0.9523809523809524,
Globally,1,0.6,NATOPS,0,False,0.0,0.9523809523809524,
Eventually,2,0.28,NATOPS,0,False,0.0,0.9523809523809524,
And,4,,NATOPS,0,False,0.0,0.9523809523809524,
Globally,1,1.0,NATOPS,0,False,0.0,0.9523809523809524,
Globally,4,0.26,NATOPS,0,False,0.0,0.9523809523809524,
Eventually,2,0.02,NATOPS,0,False,0.0,0.9523809523809524,
And,3,,NATOPS,0,False,0.0,0.9523809523809524,
Or,4,,NATOPS,0,False,0.0,0.9523809523809524,
Eventually,1,0.14,NATOPS,0,False,0.0,0.9523809523809524,
Or,3,,NATOPS,0,False,0.0,0.9523809523809524,
And,2,,NATOPS,0,False,0.0,0.9523809523809524,
Or,2,,NATOPS,0,False,0.0,0.9523809523809524,
Globally,1,0.08,NATOPS,0,False,0.0,0.9523809523809524,
Globally,1,1.0,NATOPS,0,False,0.0,0.9523809523809524,
And,2,,NATOPS,0,False,0.0,0.9523809523809524,
Globally,1,1.0,NATOPS,0,False,0.0,0.9523809523809524,
Globally,2,0.08,NATOPS,0,False,0.0,0.9523809523809524,
Eventually,1,1.0,NATOPS,0,False,0.0,0.9523809523809524,
And,4,,NATOPS,0,False,0.0,0.9523809523809524,
Globally,1,0.88,NATOPS,0,False,0.0,0.9523809523809524,
Globally,1,0.06,NATOPS,0,False,0.0,0.9523809523809524,
Eventually,2,0.06,NATOPS,0,False,0.0,0.9523809523809524,
Globally,2,0.56,NATOPS,0,False,0.0,0.9523809523809524,
Globally,1,0.36,NATOPS,0,False,0.0,0.9523809523809524,
Globally,1,1.0,NATOPS,0,False,0.0,0.9523809523809524,
Globally,2,0.38,NATOPS,0,False,0.0,0.9523809523809524,
Eventually,1,0.7,NATOPS,0,False,0.0,0.9523809523809524,
Eventually,2,0.1,NATOPS,0,False,0.0,0.9523809523809524,
Globally,2,0.88,NATOPS,0,False,0.0,0.9523809523809524,
And,3,,NATOPS,0,False,0.0,0.9523809523809524,
Eventually,1,0.1,NATOPS,0,False,0.0,0.9523809523809524,
Globally,2,1.0,NATOPS,0,False,0.0,0.9523809523809524,
Globally,1,0.66,NATOPS,0,False,0.0,0.9523809523809524,
Globally,1,0.12,NATOPS,0,False,0.0,0.9523809523809524,
Eventually,1,0.04,NATOPS,0,False,0.0,0.9523809523809524,
Or,3,,NATOPS,0,False,0.0,0.9523809523809524,
Or,3,,NATOPS,0,False,0.0,0.9523809523809524,
Eventually,1,0.26,NATOPS,0,False,0.0,0.9523809523809524,
Globally,1,0.58,NATOPS,0,False,0.0,0.9523809523809524,
Or,2,,NATOPS,0,False,0.0,0.9523809523809524,
And,3,,NATOPS,0,False,0.0,0.9523809523809524,
And,4,,NATOPS,0,False,0.0,0.9523809523809524,
Globally,3,0.66,NATOPS,0,False,0.0,0.9523809523809524,
Eventually,1,1.0,NATOPS,0,False,0.0,0.9523809523809524,
And,3,,NATOPS,0,False,0.0,0.9523809523809524,
Globally,2,0.1,NATOPS,0,False,0.0,0.9523809523809524,
Or,3,,NATOPS,0,False,0.0,0.9523809523809524,
Globally,1,0.8,NATOPS,0,False,0.0,0.9523809523809524,
Or,3,,NATOPS,0,False,0.0,0.9523809523809524,
And,2,,NATOPS,0,False,0.0,0.9523809523809524,
Globally,1,1.0,NATOPS,0,False,0.0,0.9523809523809524,
Globally,1,1.0,NATOPS,0,False,0.0,0.9523809523809524,
Or,2,,NATOPS,0,False,0.0,0.9523809523809524,
Eventually,2,0.08,NATOPS,0,False,0.0,0.9523809523809524,
And,2,,NATOPS,0,False,0.0,0.9523809523809524,
Eventually,1,0.26,NATOPS,0,False,0.0,0.9523809523809524,
Eventually,1,1.0,NATOPS,0,False,0.0,0.9523809523809524,
Eventually,1,0.04,NATOPS,0,False,0.0,0.9523809523809524,
And,2,,NATOPS,0,False,0.0,0.9523809523809524,
Eventually,1,0.16,NATOPS,0,False,0.0,0.9523809523809524,
Eventually,2,1.0,NATOPS,0,False,0.0,0.9523809523809524,
Or,3,,NATOPS,0,False,0.0,0.9523809523809524,
Or,2,,NATOPS,0,False,0.0,0.9523809523809524,
Globally,1,0.2,NATOPS,0,False,0.0,0.9523809523809524,
Eventually,1,1.0,NATOPS,0,False,0.0,0.9523809523809524,
Eventually,1,0.04,NATOPS,0,False,0.0,0.9523809523809524,
Eventually,1,0.1,NATOPS,0,False,0.0,0.9523809523809524,
Globally,1,0.16,NATOPS,0,False,0.0,0.9523809523809524,
Globally,2,0.04,NATOPS,0,False,0.0,0.9523809523809524,
And,2,,NATOPS,0,False,0.0,0.9523809523809524,
Eventually,1,1.0,NATOPS,0,False,0.0,0.9523809523809524,
Eventually,4,0.28,NATOPS,0,False,0.0,0.9523809523809524,
Or,4,,NATOPS,0,False,0.0,0.9523809523809524,
Or,3,,NATOPS,0,False,0.0,0.9523809523809524,
And,2,,NATOPS,0,False,0.0,0.9523809523809524,
Or,2,,NATOPS,0,False,0.0,0.9523809523809524,
And,2,,NATOPS,0,False,0.0,0.9523809523809524,
Globally,2,0.7,NATOPS,0,False,0.0,0.9523809523809524,
Eventually,1,0.5,NATOPS,0,False,0.0,0.9523809523809524,
Or,3,,NATOPS,0,False,0.0,0.9523809523809524,
And,2,,NATOPS,0,False,0.0,0.9523809523809524,
And,4,,NATOPS,0,False,0.0,0.9523809523809524,
And,4,,NATOPS,0,False,0.0,0.9523809523809524,
Eventually,1,0.14,NATOPS,0,False,0.0,0.9523809523809524,
Globally,1,0.72,NATOPS,0,False,0.0,0.9523809523809524,
Or,3,,NATOPS,0,False,0.0,0.9523809523809524,
Globally,1,0.5,NATOPS,0,False,0.0,0.9523809523809524,
Eventually,1,1.0,NATOPS,0,False,0.0,0.9523809523809524,
Globally,1,0.06,NATOPS,0,False,0.0,0.9523809523809524,
Eventually,1,0.74,NATOPS,0,False,0.0,0.9523809523809524,
Globally,1,0.06,NATOPS,0,False,0.0,0.9523809523809524,
And,2,,NATOPS,0,False,0.0,0.9523809523809524,
And,2,,NATOPS,0,False,0.0,0.9523809523809524,
And,3,,NATOPS,0,False,0.0,0.9523809523809524,
And,4,,NATOPS,0,True,0.028763472475858545,0.9523809523809524,True
Eventually,1,0.18,NATOPS,0,False,0.0,0.9523809523809524,
Globally,1,1.0,NATOPS,0,False,0.0,0.9523809523809524,
Globally,1,0.94,NATOPS,0,False,0.0,0.9523809523809524,
Globally,1,0.38,NATOPS,0,False,0.0,0.9523809523809524,
Eventually,1,0.62,NATOPS,0,False,0.0,0.9523809523809524,
Eventually,2,0.14,NATOPS,0,False,0.0,0.9523809523809524,
Eventually,2,1.0,NATOPS,0,False,0.0,0.9523809523809524,
Or,4,,NATOPS,0,False,0.0,0.9523809523809524,
Or,2,,NATOPS,0,False,0.0,0.9523809523809524,
Globally,1,1.0,NATOPS,0,False,0.0,0.9523809523809524,
And,3,,NATOPS,0,False,0.0,0.9523809523809524,
Or,2,,NATOPS,0,False,0.0,0.9523809523809524,
Eventually,1,0.9,NATOPS,0,False,0.0,0.9523809523809524,
Eventually,2,0.62,NATOPS,0,False,0.0,0.9523809523809524,
Eventually,2,0.04,NATOPS,0,False,0.0,0.9523809523809524,
Eventually,1,0.68,NATOPS,0,False,0.0,0.9523809523809524,
Globally,1,0.88,NATOPS,0,False,0.0,0.9523809523809524,
And,3,,NATOPS,0,False,0.0,0.9523809523809524,
Globally,1,0.24,NATOPS,0,False,0.0,0.9523809523809524,
Globally,1,0.62,NATOPS,0,False,0.0,0.9523809523809524,
Eventually,1,1.0,NATOPS,0,False,0.0,0.9523809523809524,
Globally,1,0.04,NATOPS,0,False,0.0,0.9523809523809524,
Globally,2,0.2,NATOPS,0,False,0.0,0.9523809523809524,
Or,4,,NATOPS,0,False,0.0,0.9523809523809524,
Eventually,1,1.0,NATOPS,0,False,0.0,0.9523809523809524,
Or,4,,NATOPS,0,False,0.0,0.9523809523809524,
And,2,,NATOPS,0,False,0.0,0.9523809523809524,
And,3,,NATOPS,0,False,0.0,0.9523809523809524,
Eventually,1,0.72,NATOPS,0,False,0.0,0.9523809523809524,
Eventually,1,0.72,NATOPS,0,False,0.0,0.9523809523809524,
Eventually,1,1.0,NATOPS,0,False,0.0,0.9523809523809524,
Eventually,1,0.12,NATOPS,0,False,0.0,0.9523809523809524,
And,3,,NATOPS,0,False,0.0,0.9523809523809524,
Eventually,1,0.22,NATOPS,0,False,0.0,0.9523809523809524,
Or,4,,NATOPS,0,False,0.0,0.9523809523809524,
Globally,2,0.28,NATOPS,0,False,0.0,0.9523809523809524,
Globally,1,0.04,NATOPS,0,False,0.0,0.9523809523809524,
Eventually,2,0.3,NATOPS,0,False,0.0,0.9523809523809524,
Or,3,,NATOPS,0,False,0.0,0.9523809523809524,
Or,3,,NATOPS,0,False,0.0,0.9523809523809524,
Eventually,1,0.14,NATOPS,0,False,0.0,0.9523809523809524,
Globally,2,0.48,NATOPS,0,False,0.0,0.9523809523809524,
Eventually,1,0.24,NATOPS,0,False,0.0,0.9523809523809524,
Globally,1,0.6,NATOPS,0,False,0.0,0.9523809523809524,
Eventually,1,0.1,NATOPS,0,False,0.0,0.9523809523809524,
And,4,,NATOPS,0,False,0.0,0.9523809523809524,
Eventually,1,0.42,NATOPS,0,False,0.0,0.9523809523809524,
And,2,,NATOPS,0,False,0.0,0.9523809523809524,
Globally,2,0.06,NATOPS,0,False,0.0,0.9523809523809524,
Globally,2,0.64,NATOPS,0,False,0.0,0.9523809523809524,
Globally,1,0.2,NATOPS,0,False,0.0,0.9523809523809524,
Eventually,1,0.04,NATOPS,0,False,0.0,0.9523809523809524,
Or,2,,NATOPS,0,False,0.0,0.9523809523809524,
Globally,1,0.74,NATOPS,0,False,0.0,0.9523809523809524,
Globally,1,0.96,NATOPS,0,False,0.0,0.9523809523809524,
And,3,,NATOPS,0,False,0.0,0.9523809523809524,
Eventually,2,0.04,NATOPS,0,False,0.0,0.9523809523809524,
Globally,1,0.32,NATOPS,0,False,0.0,0.9523809523809524,
And,2,,NATOPS,0,False,0.0,0.9523809523809524,
And,3,,NATOPS,0,False,0.0,0.9523809523809524,
Eventually,2,0.16,NATOPS,0,False,0.0,0.9523809523809524,
Or,2,,NATOPS,0,False,0.0,0.9523809523809524,
And,2,,NATOPS,0,False,0.0,0.9523809523809524,
Globally,1,0.1,NATOPS,0,False,0.0,0.9523809523809524,
Globally,1,1.0,NATOPS,0,False,0.0,0.9523809523809524,
Globally,2,0.46,NATOPS,0,False,0.0,0.9523809523809524,
Globally,1,0.2,NATOPS,0,False,0.0,0.9523809523809524,
Globally,1,0.14,NATOPS,0,False,0.0,0.9523809523809524,
Or,3,,NATOPS,0,False,0.0,0.9523809523809524,
Or,2,,NATOPS,0,False,0.0,0.9523809523809524,
And,2,,NATOPS,0,False,0.0,0.9523809523809524,
Globally,1,0.32,NATOPS,0,False,0.0,0.9523809523809524,
Eventually,2,0.26,NATOPS,0,False,0.0,0.9523809523809524,
Eventually,1,0.14,NATOPS,0,False,0.0,0.9523809523809524,
Eventually,2,0.04,NATOPS,0,False,0.0,0.9523809523809524,
Globally,2,0.04,NATOPS,0,False,0.0,0.9523809523809524,
Eventually,1,0.62,NATOPS,0,False,0.0,0.9523809523809524,
Globally,1,0.28,NATOPS,0,False,0.0,0.9523809523809524,
Or,2,,NATOPS,0,False,0.0,0.9523809523809524,
Eventually,1,0.06,NATOPS,0,False,0.0,0.9523809523809524,
Or,2,,NATOPS,0,False,0.0,0.9523809523809524,
Eventually,2,0.16,NATOPS,0,False,0.0,0.9523809523809524,
And,2,,NATOPS,0,False,0.0,0.9523809523809524,
Eventually,1,1.0,NATOPS,0,False,0.0,0.9523809523809524,
Eventually,1,0.08,NATOPS,0,False,0.0,0.9523809523809524,
Globally,1,0.22,NATOPS,0,False,0.0,0.9523809523809524,
Globally,1,0.22,NATOPS,0,False,0.0,0.9523809523809524,
Eventually,2,0.04,NATOPS,0,False,0.0,0.9523809523809524,
Eventually,2,0.06,NATOPS,0,False,0.0,0.9523809523809524,
Globally,2,0.66,NATOPS,0,False,0.0,0.9523809523809524,
Eventually,1,0.06,NATOPS,0,False,0.0,0.9523809523809524,
Or,2,,NATOPS,0,False,0.0,0.9523809523809524,
Globally,1,1.0,NATOPS,0,False,0.0,0.9523809523809524,
Or,3,,NATOPS,0,False,0.0,0.9523809523809524,
Eventually,1,0.24,NATOPS,0,False,0.0,0.9523809523809524,
Globally,1,0.12,NATOPS,0,False,0.0,0.9523809523809524,
Globally,1,0.84,NATOPS,0,False,0.0,0.9523809523809524,
Eventually,1,0.16,NATOPS,0,False,0.0,0.9523809523809524,
And,2,,NATOPS,0,False,0.0,0.9523809523809524,
Or,4,,NATOPS,0,False,0.0,0.9523809523809524,
Or,2,,NATOPS,0,True,0.0023322016825050055,0.9523809523809524,True
And,3,,NATOPS,0,False,0.0,0.9523809523809524,
Or,4,,NATOPS,0,False,0.0,0.9523809523809524,
Or,3,,NATOPS,0,False,0.0,0.9523809523809524,
Eventually,1,1.0,NATOPS,0,False,0.0,0.9523809523809524,
And,2,,NATOPS,0,False,0.0,0.9523809523809524,
Or,2,,NATOPS,0,False,0.0,0.9523809523809524,
Or,3,,NATOPS,0,False,0.0,0.9523809523809524,
Eventually,1,1.0,NATOPS,0,False,0.0,0.9523809523809524,
Eventually,1,0.1,NATOPS,0,False,0.0,0.9523809523809524,
Globally,1,0.16,NATOPS,0,False,0.0,0.9523809523809524,
Eventually,1,0.22,NATOPS,0,False,0.0,0.9523809523809524,
Globally,2,0.84,NATOPS,0,False,0.0,0.9523809523809524,
And,2,,NATOPS,0,False,0.0,0.9523809523809524,
Globally,2,0.18,NATOPS,0,False,0.0,0.9523809523809524,
Eventually,1,0.12,NATOPS,0,False,0.0,0.9523809523809524,
Or,2,,NATOPS,0,False,0.0,0.9523809523809524,
Eventually,1,1.0,NATOPS,0,False,0.0,0.9523809523809524,
Eventually,1,0.42,NATOPS,0,False,0.0,0.9523809523809524,
Globally,1,0.8,NATOPS,0,False,0.0,0.9523809523809524,
Eventually,1,1.0,NATOPS,0,False,0.0,0.9523809523809524,
And,2,,NATOPS,0,False,0.0,0.9523809523809524,
Eventually,1,0.72,NATOPS,0,False,0.0,0.9523809523809524,
Globally,1,0.74,NATOPS,0,False,0.0,0.9523809523809524,
Globally,1,0.82,NATOPS,0,False,0.0,0.9523809523809524,
Or,4,,NATOPS,0,False,0.0,0.9523809523809524,
Eventually,1,1.0,NATOPS,0,False,0.0,0.9523809523809524,
And,2,,NATOPS,0,False,0.0,0.9523809523809524,
Globally,2,0.2,NATOPS,0,False,0.0,0.9523809523809524,
Or,3,,NATOPS,0,False,0.0,0.9523809523809524,
Eventually,2,0.18,NATOPS,0,False,0.0,0.9523809523809524,
Globally,1,0.3,NATOPS,0,False,0.0,0.9523809523809524,
Globally,1,1.0,NATOPS,0,False,0.0,0.9523809523809524,
Or,2,,NATOPS,0,False,0.0,0.9523809523809524,
Eventually,1,0.2,NATOPS,0,False,0.0,0.9523809523809524,
Eventually,1,0.06,NATOPS,0,False,0.0,0.9523809523809524,
Globally,1,0.04,NATOPS,0,False,0.0,0.9523809523809524,
Or,2,,NATOPS,0,False,0.0,0.9523809523809524,
Globally,1,0.12,NATOPS,0,False,0.0,0.9523809523809524,
Eventually,1,1.0,NATOPS,0,False,0.0,0.9523809523809524,
Eventually,1,0.16,NATOPS,0,False,0.0,0.9523809523809524,
Globally,1,0.06,NATOPS,0,False,0.0,0.9523809523809524,
And,2,,NATOPS,0,False,0.0,0.9523809523809524,
Or,3,,NATOPS,0,False,0.0,0.9523809523809524,
Globally,1,1.0,NATOPS,0,False,0.0,0.9523809523809524,
Eventually,1,0.1,NATOPS,0,False,0.0,0.9523809523809524,
Globally,2,0.94,NATOPS,0,False,0.0,0.9523809523809524,
Or,2,,NATOPS,0,False,0.0,0.9523809523809524,
Globally,1,0.28,NATOPS,0,False,0.0,0.9523809523809524,
Globally,2,1.0,NATOPS,0,False,0.0,0.9523809523809524,
Eventually,1,0.44,NATOPS,0,False,0.0,0.9523809523809524,
Eventually,1,0.18,NATOPS,0,False,0.0,0.9523809523809524,
Eventually,1,0.28,NATOPS,0,False,0.0,0.9523809523809524,
Or,2,,NATOPS,0,False,0.0,0.9523809523809524,
Eventually,1,0.3,NATOPS,0,False,0.0,0.9523809523809524,
And,3,,NATOPS,0,False,0.0,0.9523809523809524,
Eventually,1,0.42,NATOPS,0,False,0.0,0.9523809523809524,
Eventually,1,0.1,NATOPS,0,False,0.0,0.9523809523809524,
And,2,,NATOPS,0,False,0.0,0.9523809523809524,
Globally,1,0.5,NATOPS,0,False,0.0,0.9523809523809524,
And,2,,NATOPS,0,False,0.0,0.9523809523809524,
Eventually,1,0.36,NATOPS,0,False,0.0,0.9523809523809524,
And,3,,NATOPS,0,False,0.0,0.9523809523809524,
And,2,,NATOPS,0,False,0.0,0.9523809523809524,
And,2,,NATOPS,0,False,0.0,0.9523809523809524,
Or,3,,NATOPS,0,False,0.0,0.9523809523809524,
And,3,,NATOPS,0,False,0.0,0.9523809523809524,
Globally,1,0.34,NATOPS,0,False,0.0,0.9523809523809524,
Globally,2,1.0,NATOPS,0,False,0.0,0.9523809523809524,
Globally,1,1.0,NATOPS,0,False,0.0,0.9523809523809524,
Globally,1,0.5,NATOPS,0,True,0.013066430245662272,0.9523809523809524,
Eventually,1,0.34,NATOPS,0,False,0.0,0.9523809523809524,
Eventually,1,1.0,NATOPS,0,False,0.0,0.9523809523809524,
Eventually,1,0.16,NATOPS,0,False,0.0,0.9523809523809524,
Globally,1,0.48,NATOPS,0,False,0.0,0.9523809523809524,
Eventually,1,0.8,NATOPS,0,False,0.0,0.9523809523809524,
Globally,1,0.36,NATOPS,0,False,0.0,0.9523809523809524,
Globally,1,1.0,NATOPS,0,False,0.0,0.9523809523809524,
And,4,,NATOPS,0,False,0.0,0.9523809523809524,
Globally,1,0.34,NATOPS,0,False,0.0,0.9523809523809524,
Eventually,1,0.12,NATOPS,0,False,0.0,0.9523809523809524,
Globally,1,0.4,NATOPS,0,False,0.0,0.9523809523809524,
Or,2,,NATOPS,0,False,0.0,0.9523809523809524,
Globally,1,0.1,NATOPS,0,False,0.0,0.9523809523809524,
And,3,,NATOPS,0,False,0.0,0.9523809523809524,
Globally,1,0.46,NATOPS,0,False,0.0,0.9523809523809524,
Or,3,,NATOPS,0,False,0.0,0.9523809523809524,
And,3,,NATOPS,0,False,0.0,0.9523809523809524,
Eventually,2,0.04,NATOPS,0,False,0.0,0.9523809523809524,
Eventually,1,1.0,NATOPS,0,False,0.0,0.9523809523809524,
And,3,,NATOPS,0,False,0.0,0.9523809523809524,
And,2,,NATOPS,0,False,0.0,0.9523809523809524,
Or,2,,NATOPS,0,False,0.0,0.9523809523809524,
Or,3,,NATOPS,0,False,0.0,0.9523809523809524,
Eventually,2,0.08,NATOPS,0,False,0.0,0.9523809523809524,
Eventually,1,0.04,NATOPS,0,False,0.0,0.9523809523809524,
Eventually,2,0.22,NATOPS,0,False,0.0,0.9523809523809524,
Eventually,1,0.28,NATOPS,0,False,0.0,0.9523809523809524,
Eventually,2,1.0,NATOPS,0,False,0.0,0.9523809523809524,
Eventually,1,0.36,NATOPS,0,False,0.0,0.9523809523809524,
Globally,1,0.36,NATOPS,0,False,0.0,0.9523809523809524,
Eventually,1,0.06,NATOPS,0,False,0.0,0.9523809523809524,
And,4,,NATOPS,0,False,0.0,0.9523809523809524,
Globally,1,0.06,NATOPS,0,False,0.0,0.9523809523809524,
Globally,1,0.72,NATOPS,0,False,0.0,0.9523809523809524,
Eventually,1,0.04,NATOPS,0,False,0.0,0.9523809523809524,
Or,4,,NATOPS,0,False,0.0,0.9523809523809524,
Globally,1,1.0,NATOPS,0,False,0.0,0.9523809523809524,
Globally,2,0.76,NATOPS,0,False,0.0,0.9523809523809524,
Globally,1,0.98,NATOPS,0,False,0.0,0.9523809523809524,
And,4,,NATOPS,0,False,0.0,0.9523809523809524,
Globally,1,0.12,NATOPS,0,False,0.0,0.9523809523809524,
Or,3,,NATOPS,0,False,0.0,0.9523809523809524,
Eventually,1,0.68,NATOPS,0,False,0.0,0.9523809523809524,
Eventually,2,1.0,NATOPS,0,False,0.0,0.9523809523809524,
Or,2,,NATOPS,0,False,0.0,0.9523809523809524,
Globally,1,0.36,NATOPS,0,False,0.0,0.9523809523809524,
And,2,,NATOPS,0,False,0.0,0.9523809523809524,
Globally,1,0.52,NATOPS,0,False,0.0,0.9523809523809524,
Eventually,1,0.18,NATOPS,0,False,0.0,0.9523809523809524,
Eventually,1,0.04,NATOPS,0,False,0.0,0.9523809523809524,
Eventually,1,0.04,NATOPS,0,False,0.0,0.9523809523809524,
Globally,1,0.68,NATOPS,0,False,0.0,0.9523809523809524,
And,2,,NATOPS,0,False,0.0,0.9523809523809524,
Eventually,1,1.0,NATOPS,0,False,0.0,0.9523809523809524,
Eventually,2,0.22,NATOPS,0,False,0.0,0.9523809523809524,
Globally,2,1.0,NATOPS,0,False,0.0,0.9523809523809524,
Eventually,3,0.28,NATOPS,0,False,0.0,0.9523809523809524,
Eventually,2,0.96,NATOPS,0,False,0.0,0.9523809523809524,
Eventually,2,0.14,NATOPS,0,False,0.0,0.9523809523809524,
Or,3,,NATOPS,0,False,0.0,0.9523809523809524,
And,4,,NATOPS,0,False,0.0,0.9523809523809524,
Eventually,1,0.74,NATOPS,0,False,0.0,0.9523809523809524,
Globally,1,0.08,NATOPS,0,False,0.0,0.9523809523809524,
Eventually,1,0.06,NATOPS,0,False,0.0,0.9523809523809524,
Eventually,1,0.94,NATOPS,0,False,0.0,0.9523809523809524,
Eventually,2,0.06,NATOPS,0,False,0.0,0.9523809523809524,
Or,3,,NATOPS,0,False,0.0,0.9523809523809524,
Eventually,3,0.78,NATOPS,0,False,0.0,0.9523809523809524,
Eventually,1,1.0,NATOPS,0,False,0.0,0.9523809523809524,
Or,4,,NATOPS,0,False,0.0,0.9523809523809524,
And,4,,NATOPS,0,False,0.0,0.9523809523809524,
Eventually,2,0.1,NATOPS,0,False,0.0,0.9523809523809524,
Eventually,2,0.94,NATOPS,0,False,0.0,0.9523809523809524,
Globally,1,0.18,NATOPS,0,False,0.0,0.9523809523809524,
Eventually,1,0.86,NATOPS,0,False,0.0,0.9523809523809524,
Or,4,,NATOPS,0,False,0.0,0.9523809523809524,
Eventually,2,1.0,NATOPS,0,False,0.0,0.9523809523809524,
Eventually,2,0.06,NATOPS,0,False,0.0,0.9523809523809524,
And,2,,NATOPS,0,False,0.0,0.9523809523809524,
Eventually,1,0.44,NATOPS,0,False,0.0,0.9523809523809524,
Or,2,,NATOPS,0,False,0.0,0.9523809523809524,
Eventually,1,1.02,NATOPS,0,False,0.0,0.9523809523809524,
Eventually,2,1.0,NATOPS,0,False,0.0,0.9523809523809524,
Globally,1,0.72,NATOPS,0,False,0.0,0.9523809523809524,
Eventually,1,0.52,NATOPS,0,False,0.0,0.9523809523809524,
Globally,2,0.22,NATOPS,0,True,0.016489470534152253,0.9523809523809524,
Eventually,1,0.32,NATOPS,0,False,0.0,0.9523809523809524,
Eventually,2,0.44,NATOPS,0,False,0.0,0.9523809523809524,
Globally,2,0.66,NATOPS,0,False,0.0,0.9523809523809524,
And,4,,NATOPS,0,False,0.0,0.9523809523809524,
Eventually,1,0.18,NATOPS,0,False,0.0,0.9523809523809524,
Eventually,2,0.32,NATOPS,0,False,0.0,0.9523809523809524,
Globally,2,0.02,NATOPS,0,False,0.0,0.9523809523809524,
Eventually,1,0.42,NATOPS,0,False,0.0,0.9523809523809524,
Globally,1,1.0,NATOPS,0,False,0.0,0.9523809523809524,
Eventually,1,0.22,NATOPS,0,False,0.0,0.9523809523809524,
Eventually,2,1.0,NATOPS,0,False,0.0,0.9523809523809524,
Globally,1,1.0,NATOPS,0,False,0.0,0.9523809523809524,
Or,2,,NATOPS,0,False,0.0,0.9523809523809524,
Globally,2,0.1,NATOPS,0,False,0.0,0.9523809523809524,
Globally,1,0.92,NATOPS,0,False,0.0,0.9523809523809524,
Eventually,2,0.34,NATOPS,0,False,0.0,0.9523809523809524,
Or,2,,NATOPS,0,False,0.0,0.9523809523809524,
Or,3,,NATOPS,0,False,0.0,0.9523809523809524,
Or,3,,NATOPS,0,False,0.0,0.9523809523809524,
Or,4,,NATOPS,0,False,0.0,0.9523809523809524,
Eventually,2,0.08,NATOPS,0,False,0.0,0.9523809523809524,
Eventually,1,1.02,NATOPS,0,False,0.0,0.9523809523809524,
Globally,1,0.76,NATOPS,0,False,0.0,0.9523809523809524,
And,3,,NATOPS,0,False,0.0,0.9523809523809524,
Globally,1,0.78,NATOPS,0,False,0.0,0.9523809523809524,
Or,4,,NATOPS,0,False,0.0,0.9523809523809524,
Or,3,,NATOPS,0,False,0.0,0.9523809523809524,
Eventually,1,0.12,NATOPS,0,False,0.0,0.9523809523809524,
Globally,1,0.5,NATOPS,0,False,0.0,0.9523809523809524,
Eventually,2,0.06,NATOPS,0,False,0.0,0.9523809523809524,
And,3,,NATOPS,0,False,0.0,0.9523809523809524,
Globally,1,0.18,NATOPS,0,False,0.0,0.9523809523809524,
Eventually,1,0.86,NATOPS,0,False,0.0,0.9523809523809524,
Eventually,1,0.14,NATOPS,0,False,0.0,0.9523809523809524,
Eventually,1,0.08,NATOPS,0,False,0.0,0.9523809523809524,
Or,2,,NATOPS,0,False,0.0,0.9523809523809524,
And,2,,NATOPS,0,False,0.0,0.9523809523809524,
Globally,2,0.04,NATOPS,0,False,0.0,0.9523809523809524,
Globally,2,0.34,NATOPS,0,False,0.0,0.9523809523809524,
Globally,3,1.0,NATOPS,0,False,0.0,0.9523809523809524,
Eventually,1,0.42,NATOPS,0,False,0.0,0.9523809523809524,
Or,2,,NATOPS,0,False,0.0,0.9523809523809524,
Or,2,,NATOPS,0,False,0.0,0.9523809523809524,
Globally,3,0.1,NATOPS,0,False,0.0,0.9523809523809524,
Globally,1,1.0,NATOPS,0,False,0.0,0.9523809523809524,
And,3,,NATOPS,0,False,0.0,0.9523809523809524,
Globally,2,0.04,NATOPS,0,False,0.0,0.9523809523809524,
Or,3,,NATOPS,0,False,0.0,0.9523809523809524,
And,2,,NATOPS,0,False,0.0,0.9523809523809524,
And,2,,NATOPS,0,False,0.0,0.9523809523809524,
Globally,2,0.74,NATOPS,0,False,0.0,0.9523809523809524,
Eventually,1,0.04,NATOPS,0,False,0.0,0.9523809523809524,
And,2,,NATOPS,0,False,0.0,0.9523809523809524,
Globally,2,0.04,NATOPS,0,False,0.0,0.9523809523809524,
Eventually,3,0.1,NATOPS,0,False,0.0,0.9523809523809524,
Eventually,1,1.0,NATOPS,0,False,0.0,0.9523809523809524,
And,3,,NATOPS,0,False,0.0,0.9523809523809524,
And,2,,NATOPS,0,False,0.0,0.9523809523809524,
Or,2,,NATOPS,0,False,0.0,0.9523809523809524,
Globally,1,1.0,NATOPS,0,False,0.0,0.9523809523809524,
Or,4,,NATOPS,0,False,0.0,0.9523809523809524,
Eventually,2,0.52,NATOPS,0,False,0.0,0.9523809523809524,
Globally,1,0.3,NATOPS,0,False,0.0,0.9523809523809524,
And,4,,NATOPS,0,False,0.0,0.9523809523809524,
Globally,1,0.04,NATOPS,0,False,0.0,0.9523809523809524,
Globally,3,0.42,NATOPS,0,False,0.0,0.9523809523809524,
Eventually,1,0.06,NATOPS,0,False,0.0,0.9523809523809524,
Eventually,1,0.98,NATOPS,0,False,0.0,0.9523809523809524,
Globally,1,0.04,NATOPS,0,False,0.0,0.9523809523809524,
Or,3,,NATOPS,0,False,0.0,0.9523809523809524,
Globally,2,0.82,NATOPS,0,False,0.0,0.9523809523809524,
Globally,2,0.22,NATOPS,0,False,0.0,0.9523809523809524,
Eventually,1,0.06,NATOPS,0,False,0.0,0.9523809523809524,
And,2,,NATOPS,0,False,0.0,0.9523809523809524,
Eventually,1,0.2,NATOPS,0,False,0.0,0.9523809523809524,
And,2,,NATOPS,0,False,0.0,0.9523809523809524,
Eventually,1,0.98,NATOPS,0,False,0.0,0.9523809523809524,
And,3,,NATOPS,0,False,0.0,0.9523809523809524,
Globally,2,0.3,NATOPS,0,False,0.0,0.9523809523809524,
Eventually,1,1.0,NATOPS,0,False,0.0,0.9523809523809524,
Globally,1,1.0,NATOPS,0,False,0.0,0.9523809523809524,
Or,4,,NATOPS,0,False,0.0,0.9523809523809524,
Or,2,,NATOPS,0,False,0.0,0.9523809523809524,
Globally,2,1.0,NATOPS,0,False,0.0,0.9523809523809524,
Or,4,,NATOPS,0,False,0.0,0.9523809523809524,
Eventually,1,0.06,NATOPS,0,False,0.0,0.9523809523809524,
Globally,1,0.44,NATOPS,0,False,0.0,0.9523809523809524,
Or,2,,NATOPS,0,False,0.0,0.9523809523809524,
Globally,1,0.1,NATOPS,0,False,0.0,0.9523809523809524,
And,2,,NATOPS,0,False,0.0,0.9523809523809524,
And,2,,NATOPS,0,False,0.0,0.9523809523809524,
Eventually,3,0.06,NATOPS,0,False,0.0,0.9523809523809524,
And,3,,NATOPS,0,False,0.0,0.9523809523809524,
Eventually,1,1.0,NATOPS,0,False,0.0,0.9523809523809524,
Eventually,1,0.9,NATOPS,0,False,0.0,0.9523809523809524,
And,2,,NATOPS,0,False,0.0,0.9523809523809524,
Eventually,1,1.0,NATOPS,0,False,0.0,0.9523809523809524,
Globally,1,0.78,NATOPS,0,False,0.0,0.9523809523809524,
Eventually,2,0.36,NATOPS,0,False,0.0,0.9523809523809524,
Globally,2,1.0,NATOPS,0,False,0.0,0.9523809523809524,
Eventually,1,1.0,NATOPS,0,False,0.0,0.9523809523809524,
Globally,1,1.0,NATOPS,0,False,0.0,0.9523809523809524,
Globally,1,0.4,NATOPS,0,False,0.0,0.9523809523809524,
Eventually,1,1.0,NATOPS,0,False,0.0,0.9523809523809524,
Eventually,1,0.2,NATOPS,0,False,0.0,0.9523809523809524,
And,2,,NATOPS,0,False,0.0,0.9523809523809524,
Eventually,1,0.04,NATOPS,0,False,0.0,0.9523809523809524,
Or,3,,NATOPS,0,False,0.0,0.9523809523809524,
Or,2,,NATOPS,0,False,0.0,0.9523809523809524,
And,2,,NATOPS,0,False,0.0,0.9523809523809524,
Eventually,1,0.48,NATOPS,0,False,0.0,0.9523809523809524,
Or,2,,NATOPS,0,False,0.0,0.9523809523809524,
Eventually,1,0.12,NATOPS,0,False,0.0,0.9523809523809524,
Eventually,2,0.44,NATOPS,0,False,0.0,0.9523809523809524,
Eventually,1,0.04,NATOPS,0,False,0.0,0.9523809523809524,
Eventually,1,1.0,NATOPS,0,False,0.0,0.9523809523809524,
Globally,2,1.0,NATOPS,0,False,0.0,0.9523809523809524,
And,4,,NATOPS,0,False,0.0,0.9523809523809524,
And,3,,NATOPS,0,False,0.0,0.9523809523809524,
Globally,1,0.5,NATOPS,0,False,0.0,0.9523809523809524,
Globally,1,1.0,NATOPS,0,False,0.0,0.9523809523809524,
Eventually,2,0.14,NATOPS,0,False,0.0,0.9523809523809524,
Or,3,,NATOPS,0,False,0.0,0.9523809523809524,
Or,2,,NATOPS,0,False,0.0,0.9523809523809524,
Eventually,1,1.0,NATOPS,0,False,0.0,0.9523809523809524,
Eventually,1,0.32,NATOPS,0,False,0.0,0.9523809523809524,
Or,2,,NATOPS,0,False,0.0,0.9523809523809524,
Globally,2,0.42,NATOPS,0,False,0.0,0.9523809523809524,
Globally,1,0.56,NATOPS,0,False,0.0,0.9523809523809524,
And,4,,NATOPS,0,False,0.0,0.9523809523809524,
Globally,1,0.12,NATOPS,0,False,0.0,0.9523809523809524,
Eventually,1,0.22,NATOPS,0,False,0.0,0.9523809523809524,
And,3,,NATOPS,0,False,0.0,0.9523809523809524,
Eventually,1,1.0,NATOPS,0,False,0.0,0.9523809523809524,
Eventually,1,0.06,NATOPS,0,False,0.0,0.9523809523809524,
Eventually,1,1.0,NATOPS,0,False,0.0,0.9523809523809524,
Or,2,,NATOPS,0,False,0.0,0.9523809523809524,
Eventually,1,0.12,NATOPS,0,False,0.0,0.9523809523809524,
Globally,1,0.36,NATOPS,0,False,0.0,0.9523809523809524,
And,3,,NATOPS,0,False,0.0,0.9523809523809524,
Eventually,2,0.58,NATOPS,0,False,0.0,0.9523809523809524,
Globally,1,1.0,NATOPS,0,False,0.0,0.9523809523809524,
Eventually,1,0.98,NATOPS,0,False,0.0,0.9523809523809524,
And,2,,NATOPS,0,False,0.0,0.9523809523809524,
Eventually,2,0.88,NATOPS,0,False,0.0,0.9523809523809524,
Or,2,,NATOPS,0,False,0.0,0.9523809523809524,
Globally,1,0.08,NATOPS,0,False,0.0,0.9523809523809524,
Or,2,,NATOPS,0,False,0.0,0.9523809523809524,
Globally,4,0.92,NATOPS,0,False,0.0,0.9523809523809524,
Eventually,1,0.7,NATOPS,0,False,0.0,0.9523809523809524,
Eventually,1,0.14,NATOPS,0,False,0.0,0.9523809523809524,
Or,3,,NATOPS,0,False,0.0,0.9523809523809524,
And,2,,NATOPS,0,False,0.0,0.9523809523809524,
Or,4,,NATOPS,0,False,0.0,0.9523809523809524,
Or,2,,NATOPS,0,False,0.0,0.9523809523809524,
Globally,1,0.44,NATOPS,0,False,0.0,0.9523809523809524,
Eventually,1,0.12,NATOPS,0,False,0.0,0.9523809523809524,
Globally,1,0.36,NATOPS,0,False,0.0,0.9523809523809524,
Eventually,1,1.0,NATOPS,0,False,0.0,0.9523809523809524,
Or,2,,NATOPS,0,False,0.0,0.9523809523809524,
And,4,,NATOPS,0,False,0.0,0.9523809523809524,
Globally,1,0.54,NATOPS,0,False,0.0,0.9523809523809524,
Or,2,,NATOPS,0,False,0.0,0.9523809523809524,
And,2,,NATOPS,0,False,0.0,0.9523809523809524,
Eventually,3,0.42,NATOPS,0,False,0.0,0.9523809523809524,
Eventually,2,0.6,NATOPS,0,False,0.0,0.9523809523809524,
Eventually,2,0.12,NATOPS,0,False,0.0,0.9523809523809524,
Eventually,1,0.66,NATOPS,0,False,0.0,0.9523809523809524,
Eventually,1,1.0,NATOPS,0,False,0.0,0.9523809523809524,
Globally,1,1.0,NATOPS,0,False,0.0,0.9523809523809524,
Globally,1,0.06,NATOPS,0,False,0.0,0.9523809523809524,
Globally,1,0.68,NATOPS,0,False,0.0,0.9523809523809524,
Globally,1,0.04,NATOPS,0,False,0.0,0.9523809523809524,
And,3,,NATOPS,0,False,0.0,0.9523809523809524,
Eventually,1,0.14,NATOPS,0,False,0.0,0.9523809523809524,
Eventually,4,0.32,NATOPS,0,False,0.0,0.9523809523809524,
Eventually,3,0.1,NATOPS,0,False,0.0,0.9523809523809524,
Globally,1,0.08,NATOPS,0,False,0.0,0.9523809523809524,
Or,2,,NATOPS,0,False,0.0,0.9523809523809524,
Globally,3,0.34,NATOPS,0,False,0.0,0.9523809523809524,
Eventually,1,1.0,NATOPS,0,False,0.0,0.9523809523809524,
Eventually,1,0.9,NATOPS,0,False,0.0,0.9523809523809524,
Or,4,,NATOPS,0,False,0.0,0.9523809523809524,
Or,2,,NATOPS,0,False,0.0,0.9523809523809524,
Or,3,,NATOPS,0,False,0.0,0.9523809523809524,
Or,4,,NATOPS,0,False,0.0,0.9523809523809524,
Or,2,,NATOPS,0,False,0.0,0.9523809523809524,
Or,3,,NATOPS,0,False,0.0,0.9523809523809524,
And,3,,NATOPS,0,False,0.0,0.9523809523809524,
Eventually,2,0.22,NATOPS,0,False,0.0,0.9523809523809524,
And,4,,NATOPS,0,False,0.0,0.9523809523809524,
Globally,1,0.58,NATOPS,0,False,0.0,0.9523809523809524,
Or,2,,NATOPS,0,False,0.0,0.9523809523809524,
Globally,1,0.1,NATOPS,0,False,0.0,0.9523809523809524,
Eventually,1,0.08,NATOPS,0,False,0.0,0.9523809523809524,
Or,4,,NATOPS,0,False,0.0,0.9523809523809524,
Globally,1,0.16,NATOPS,0,False,0.0,0.9523809523809524,
Or,2,,NATOPS,0,False,0.0,0.9523809523809524,
Eventually,1,0.56,NATOPS,0,False,0.0,0.9523809523809524,
Globally,3,1.0,NATOPS,0,False,0.0,0.9523809523809524,
Or,2,,NATOPS,0,False,0.0,0.9523809523809524,
Or,3,,NATOPS,0,False,0.0,0.9523809523809524,
Eventually,1,0.04,NATOPS,0,False,0.0,0.9523809523809524,
Globally,1,1.0,NATOPS,0,False,0.0,0.9523809523809524,
Or,2,,NATOPS,0,False,0.0,0.9523809523809524,
And,3,,NATOPS,0,False,0.0,0.9523809523809524,
Globally,1,0.78,NATOPS,0,False,0.0,0.9523809523809524,
Eventually,2,0.04,NATOPS,0,False,0.0,0.9523809523809524,
Eventually,1,0.68,NATOPS,0,False,0.0,0.9523809523809524,
And,2,,NATOPS,0,False,0.0,0.9523809523809524,
Globally,1,0.06,NATOPS,0,False,0.0,0.9523809523809524,
And,4,,NATOPS,0,False,0.0,0.9523809523809524,
Eventually,1,0.16,NATOPS,0,False,0.0,0.9523809523809524,
Or,4,,NATOPS,0,False,0.0,0.9523809523809524,
Globally,1,0.1,NATOPS,0,False,0.0,0.9523809523809524,
Globally,2,0.46,NATOPS,0,False,0.0,0.9523809523809524,
Globally,1,0.04,NATOPS,0,False,0.0,0.9523809523809524,
Or,2,,NATOPS,0,False,0.0,0.9523809523809524,
Or,3,,NATOPS,0,False,0.0,0.9523809523809524,
And,3,,NATOPS,0,False,0.0,0.9523809523809524,
Or,3,,NATOPS,0,False,0.0,0.9523809523809524,
Globally,1,0.46,NATOPS,0,False,0.0,0.9523809523809524,
Eventually,1,0.04,NATOPS,0,False,0.0,0.9523809523809524,
Eventually,1,0.4,NATOPS,0,False,0.0,0.9523809523809524,
And,3,,NATOPS,0,False,0.0,0.9523809523809524,
And,2,,NATOPS,0,False,0.0,0.9523809523809524,
Globally,1,0.04,NATOPS,0,False,0.0,0.9523809523809524,
Or,2,,NATOPS,0,False,0.0,0.9523809523809524,
Globally,1,1.0,NATOPS,0,False,0.0,0.9523809523809524,
Eventually,1,1.0,NATOPS,0,False,0.0,0.9523809523809524,
Or,2,,NATOPS,0,False,0.0,0.9523809523809524,
And,2,,NATOPS,0,False,0.0,0.9523809523809524,
Globally,1,0.06,NATOPS,0,False,0.0,0.9523809523809524,
Globally,1,0.34,NATOPS,0,False,0.0,0.9523809523809524,
Eventually,2,0.06,NATOPS,0,False,0.0,0.9523809523809524,
Eventually,3,1.0,NATOPS,0,False,0.0,0.9523809523809524,
Globally,3,0.72,NATOPS,0,False,0.0,0.9523809523809524,
And,2,,NATOPS,0,False,0.0,0.9523809523809524,
And,2,,NATOPS,0,False,0.0,0.9523809523809524,
Or,3,,NATOPS,0,False,0.0,0.9523809523809524,
Eventually,1,1.0,NATOPS,0,False,0.0,0.9523809523809524,
Eventually,1,0.74,NATOPS,0,False,0.0,0.9523809523809524,
Eventually,1,0.8,NATOPS,0,False,0.0,0.9523809523809524,
Eventually,2,0.08,NATOPS,0,False,0.0,0.9523809523809524,
Eventually,1,0.12,NATOPS,0,False,0.0,0.9523809523809524,
Globally,1,0.06,NATOPS,0,False,0.0,0.9523809523809524,
Or,2,,NATOPS,0,False,0.0,0.9523809523809524,
Globally,1,0.8,NATOPS,0,False,0.0,0.9523809523809524,
Or,4,,NATOPS,0,False,0.0,0.9523809523809524,
Globally,1,1.0,NATOPS,0,False,0.0,0.9523809523809524,
Globally,1,0.42,NATOPS,0,False,0.0,0.9523809523809524,
Or,4,,NATOPS,0,False,0.0,0.9523809523809524,
Or,2,,NATOPS,0,False,0.0,0.9523809523809524,
And,3,,NATOPS,0,False,0.0,0.9523809523809524,
Eventually,2,0.46,NATOPS,0,False,0.0,0.9523809523809524,
Eventually,1,0.56,NATOPS,0,False,0.0,0.9523809523809524,
Eventually,2,0.24,NATOPS,0,False,0.0,0.9523809523809524,
Eventually,1,0.06,NATOPS,0,False,0.0,0.9523809523809524,
Eventually,1,0.1,NATOPS,0,False,0.0,0.9523809523809524,
Globally,2,0.52,NATOPS,0,False,0.0,0.9523809523809524,
Eventually,1,0.78,NATOPS,0,False,0.0,0.9523809523809524,
Or,2,,NATOPS,0,False,0.0,0.9523809523809524,
And,2,,NATOPS,0,False,0.0,0.9523809523809524,
Globally,1,0.64,NATOPS,0,False,0.0,0.9523809523809524,
Globally,2,0.28,NATOPS,0,False,0.0,0.9523809523809524,
Eventually,1,1.02,NATOPS,0,False,0.0,0.9523809523809524,
And,2,,NATOPS,0,False,0.0,0.9523809523809524,
Globally,2,0.24,NATOPS,0,False,0.0,0.9523809523809524,
Eventually,1,0.14,NATOPS,0,False,0.0,0.9523809523809524,
Eventually,1,1.0,NATOPS,0,False,0.0,0.9523809523809524,
Globally,1,0.84,NATOPS,0,False,0.0,0.9523809523809524,
Eventually,1,0.06,NATOPS,0,False,0.0,0.9523809523809524,
And,2,,NATOPS,0,False,0.0,0.9523809523809524,
Eventually,1,0.08,NATOPS,0,False,0.0,0.9523809523809524,
Or,2,,NATOPS,0,False,0.0,0.9523809523809524,
And,2,,NATOPS,0,False,0.0,0.9523809523809524,
Eventually,3,0.44,NATOPS,0,False,0.0,0.9523809523809524,
Eventually,1,1.0,NATOPS,0,False,0.0,0.9523809523809524,
Globally,1,1.0,NATOPS,0,False,0.0,0.9523809523809524,
Or,2,,NATOPS,0,False,0.0,0.9523809523809524,
Eventually,1,0.56,NATOPS,0,False,0.0,0.9523809523809524,
And,4,,NATOPS,0,False,0.0,0.9523809523809524,
And,2,,NATOPS,0,False,0.0,0.9523809523809524,
Eventually,1,0.04,NATOPS,0,False,0.0,0.9523809523809524,
Or,3,,NATOPS,0,False,0.0,0.9523809523809524,
Or,2,,NATOPS,0,False,0.0,0.9523809523809524,
Or,2,,NATOPS,0,False,0.0,0.9523809523809524,
Or,2,,NATOPS,0,False,0.0,0.9523809523809524,
Or,2,,NATOPS,0,False,0.0,0.9523809523809524,
Eventually,1,0.34,NATOPS,0,False,0.0,0.9523809523809524,
Globally,1,0.04,NATOPS,0,False,0.0,0.9523809523809524,
Or,4,,NATOPS,0,False,0.0,0.9523809523809524,
Globally,1,0.14,NATOPS,0,False,0.0,0.9523809523809524,
Globally,1,0.52,NATOPS,0,False,0.0,0.9523809523809524,
Or,2,,NATOPS,0,False,0.0,0.9523809523809524,
Globally,1,0.64,NATOPS,0,False,0.0,0.9523809523809524,
Globally,1,0.9,NATOPS,0,False,0.0,0.9523809523809524,
Eventually,1,0.22,NATOPS,0,False,0.0,0.9523809523809524,
Globally,1,1.0,NATOPS,0,False,0.0,0.9523809523809524,
Globally,1,0.1,NATOPS,0,False,0.0,0.9523809523809524,
Globally,3,1.0,NATOPS,0,False,0.0,0.9523809523809524,
Eventually,1,1.0,NATOPS,0,False,0.0,0.9523809523809524,
Eventually,2,1.0,NATOPS,0,False,0.0,0.9523809523809524,
And,4,,NATOPS,0,False,0.0,0.9523809523809524,
Eventually,3,0.74,NATOPS,0,False,0.0,0.9523809523809524,
Or,3,,NATOPS,0,False,0.0,0.9523809523809524,
Eventually,2,0.04,NATOPS,0,False,0.0,0.9523809523809524,
Or,4,,NATOPS,0,False,0.0,0.9523809523809524,
Eventually,1,0.4,NATOPS,0,False,0.0,0.9523809523809524,
Eventually,1,0.32,NATOPS,0,False,0.0,0.9523809523809524,
Globally,3,0.62,NATOPS,0,False,0.0,0.9523809523809524,
Eventually,2,0.04,NATOPS,0,False,0.0,0.9523809523809524,
Eventually,1,0.52,NATOPS,0,False,0.0,0.9523809523809524,
Globally,1,0.58,NATOPS,0,False,0.0,0.9523809523809524,
Globally,1,0.54,NATOPS,0,False,0.0,0.9523809523809524,
Eventually,2,0.4,NATOPS,0,False,0.0,0.9523809523809524,
Globally,1,0.34,NATOPS,0,False,0.0,0.9523809523809524,
And,4,,NATOPS,0,False,0.0,0.9523809523809524,
Eventually,1,0.8,NATOPS,0,False,0.0,0.9523809523809524,
Globally,1,0.12,NATOPS,0,False,0.0,0.9523809523809524,
Globally,2,0.64,NATOPS,0,False,0.0,0.9523809523809524,
Eventually,1,1.0,NATOPS,0,False,0.0,0.9523809523809524,
Globally,1,1.0,NATOPS,0,False,0.0,0.9523809523809524,
Globally,1,0.58,NATOPS,0,False,0.0,0.9523809523809524,
And,3,,NATOPS,0,False,0.0,0.9523809523809524,
Or,2,,NATOPS,0,False,0.0,0.9523809523809524,
Globally,1,0.12,NATOPS,0,False,0.0,0.9523809523809524,
Eventually,1,1.0,NATOPS,0,False,0.0,0.9523809523809524,
Eventually,1,0.04,NATOPS,0,False,0.0,0.9523809523809524,
Or,4,,NATOPS,0,False,0.0,0.9523809523809524,
Globally,1,0.36,NATOPS,0,False,0.0,0.9523809523809524,
Eventually,3,0.04,NATOPS,0,False,0.0,0.9523809523809524,
Or,4,,NATOPS,0,False,0.0,0.9523809523809524,
Eventually,1,1.0,NATOPS,0,False,0.0,0.9523809523809524,
Eventually,1,0.24,NATOPS,0,False,0.0,0.9523809523809524,
Or,2,,NATOPS,0,False,0.0,0.9523809523809524,
And,2,,NATOPS,0,False,0.0,0.9523809523809524,
Eventually,1,0.04,NATOPS,0,False,0.0,0.9523809523809524,
Globally,1,0.78,NATOPS,0,False,0.0,0.9523809523809524,
Eventually,1,0.38,NATOPS,0,False,0.0,0.9523809523809524,
Eventually,1,0.5,NATOPS,0,False,0.0,0.9523809523809524,
Or,2,,NATOPS,0,False,0.0,0.9523809523809524,
Eventually,1,0.06,NATOPS,0,False,0.0,0.9523809523809524,
Globally,1,0.24,NATOPS,0,False,0.0,0.9523809523809524,
Globally,2,0.06,NATOPS,0,False,0.0,0.9523809523809524,
Globally,1,1.0,NATOPS,0,False,0.0,0.9523809523809524,
Eventually,2,0.1,NATOPS,0,False,0.0,0.9523809523809524,
Eventually,2,0.78,NATOPS,0,False,0.0,0.9523809523809524,
Globally,1,0.9,NATOPS,0,False,0.0,0.9523809523809524,
Eventually,2,0.76,NATOPS,0,False,0.0,0.9523809523809524,
Eventually,1,0.08,NATOPS,0,False,0.0,0.9523809523809524,
Globally,1,0.24,NATOPS,0,False,0.0,0.9523809523809524,
Globally,1,0.1,NATOPS,0,False,0.0,0.9523809523809524,
Eventually,1,0.42,NATOPS,0,False,0.0,0.9523809523809524,
Eventually,1,0.18,NATOPS,0,False,0.0,0.9523809523809524,
Globally,1,0.86,NATOPS,0,False,0.0,0.9523809523809524,
Globally,1,0.04,NATOPS,0,False,0.0,0.9523809523809524,
Or,2,,NATOPS,0,False,0.0,0.9523809523809524,
Eventually,1,0.3,NATOPS,0,False,0.0,0.9523809523809524,
And,2,,NATOPS,0,False,0.0,0.9523809523809524,
Globally,3,1.0,NATOPS,0,False,0.0,0.9523809523809524,
Globally,3,0.06,NATOPS,0,False,0.0,0.9523809523809524,
Globally,1,0.9,NATOPS,0,False,0.0,0.9523809523809524,
Globally,1,0.94,NATOPS,0,False,0.0,0.9523809523809524,
And,2,,NATOPS,0,False,0.0,0.9523809523809524,
Globally,2,0.14,NATOPS,0,False,0.0,0.9523809523809524,
Or,2,,NATOPS,0,False,0.0,0.9523809523809524,
Globally,1,1.0,NATOPS,0,False,0.0,0.9523809523809524,
Eventually,1,0.3,NATOPS,0,False,0.0,0.9523809523809524,
Eventually,1,0.86,NATOPS,0,False,0.0,0.9523809523809524,
And,3,,NATOPS,0,False,0.0,0.9523809523809524,
Or,2,,NATOPS,0,False,0.0,0.9523809523809524,
Globally,2,0.04,NATOPS,0,False,0.0,0.9523809523809524,
Globally,1,0.62,NATOPS,0,False,0.0,0.9523809523809524,
Or,2,,NATOPS,0,False,0.0,0.9523809523809524,
Globally,1,1.0,NATOPS,0,False,0.0,0.9523809523809524,
Or,4,,NATOPS,0,False,0.0,0.9523809523809524,
And,2,,NATOPS,0,False,0.0,0.9523809523809524,
Or,2,,NATOPS,0,False,0.0,0.9523809523809524,
And,2,,NATOPS,0,False,0.0,0.9523809523809524,
And,3,,NATOPS,0,False,0.0,0.9523809523809524,
Eventually,1,0.06,NATOPS,0,False,0.0,0.9523809523809524,
Globally,1,0.82,NATOPS,0,False,0.0,0.9523809523809524,
Or,2,,NATOPS,0,False,0.0,0.9523809523809524,
Or,3,,NATOPS,0,False,0.0,0.9523809523809524,
Eventually,1,0.02,NATOPS,0,False,0.0,0.9523809523809524,
Eventually,1,0.1,NATOPS,0,False,0.0,0.9523809523809524,
Eventually,1,0.06,NATOPS,0,False,0.0,0.9523809523809524,
Or,3,,NATOPS,0,False,0.0,0.9523809523809524,
Or,2,,NATOPS,0,False,0.0,0.9523809523809524,
Globally,3,0.22,NATOPS,0,False,0.0,0.9523809523809524,
Or,2,,NATOPS,0,False,0.0,0.9523809523809524,
Or,2,,NATOPS,0,False,0.0,0.9523809523809524,
Eventually,1,0.16,NATOPS,0,False,0.0,0.9523809523809524,
Or,2,,NATOPS,0,False,0.0,0.9523809523809524,
Or,2,,NATOPS,0,False,0.0,0.9523809523809524,
Eventually,1,1.0,NATOPS,0,False,0.0,0.9523809523809524,
Globally,1,0.38,NATOPS,0,False,0.0,0.9523809523809524,
Globally,1,0.88,NATOPS,0,False,0.0,0.9523809523809524,
Globally,1,0.28,NATOPS,0,False,0.0,0.9523809523809524,
Or,4,,NATOPS,0,False,0.0,0.9523809523809524,
Globally,3,0.06,NATOPS,0,False,0.0,0.9523809523809524,
Eventually,3,0.14,NATOPS,0,False,0.0,0.9523809523809524,
And,4,,NATOPS,0,False,0.0,0.9523809523809524,
And,4,,NATOPS,0,True,0.025957732866469345,0.9523809523809524,False
Eventually,1,0.26,NATOPS,0,False,0.0,0.9523809523809524,
Or,2,,NATOPS,0,False,0.0,0.9523809523809524,
Globally,2,1.0,NATOPS,0,False,0.0,0.9523809523809524,
Eventually,2,0.24,NATOPS,0,False,0.0,0.9523809523809524,
And,2,,NATOPS,0,False,0.0,0.9523809523809524,
Eventually,3,0.54,NATOPS,0,False,0.0,0.9523809523809524,
Globally,1,1.0,NATOPS,0,False,0.0,0.9523809523809524,
Globally,1,0.1,NATOPS,0,False,0.0,0.9523809523809524,
And,2,,NATOPS,0,False,0.0,0.9523809523809524,
Globally,2,0.04,NATOPS,0,False,0.0,0.9523809523809524,
Globally,1,0.08,NATOPS,0,False,0.0,0.9523809523809524,
Or,2,,NATOPS,0,False,0.0,0.9523809523809524,
Globally,1,0.08,NATOPS,0,False,0.0,0.9523809523809524,
Or,3,,NATOPS,0,False,0.0,0.9523809523809524,
Globally,1,1.0,NATOPS,0,False,0.0,0.9523809523809524,
Eventually,1,1.0,NATOPS,0,False,0.0,0.9523809523809524,
And,3,,NATOPS,0,False,0.0,0.9523809523809524,
Globally,1,1.0,NATOPS,0,False,0.0,0.9523809523809524,
Eventually,1,0.2,NATOPS,0,False,0.0,0.9523809523809524,
Eventually,2,1.0,NATOPS,0,False,0.0,0.9523809523809524,
And,3,,NATOPS,0,False,0.0,0.9523809523809524,
Globally,1,1.0,NATOPS,0,False,0.0,0.9523809523809524,
Globally,1,1.0,NATOPS,0,False,0.0,0.9523809523809524,
Globally,1,0.5,NATOPS,0,False,0.0,0.9523809523809524,
Globally,1,0.12,NATOPS,0,False,0.0,0.9523809523809524,
Or,3,,NATOPS,0,False,0.0,0.9523809523809524,
Globally,1,0.8,NATOPS,0,False,0.0,0.9523809523809524,
Eventually,3,0.88,NATOPS,0,False,0.0,0.9523809523809524,
Eventually,2,1.0,NATOPS,0,False,0.0,0.9523809523809524,
Or,3,,NATOPS,0,False,0.0,0.9523809523809524,
Eventually,1,0.06,NATOPS,0,False,0.0,0.9523809523809524,
Or,3,,NATOPS,0,False,0.0,0.9523809523809524,
Globally,2,0.04,NATOPS,0,False,0.0,0.9523809523809524,
Eventually,1,0.1,NATOPS,0,False,0.0,0.9523809523809524,
Eventually,1,0.16,NATOPS,0,False,0.0,0.9523809523809524,
Eventually,1,0.08,NATOPS,0,False,0.0,0.9523809523809524,
Eventually,2,0.14,NATOPS,0,False,0.0,0.9523809523809524,
Or,2,,NATOPS,0,False,0.0,0.9523809523809524,
Globally,2,0.06,NATOPS,0,False,0.0,0.9523809523809524,
Or,2,,NATOPS,0,False,0.0,0.9523809523809524,
And,2,,NATOPS,0,False,0.0,0.9523809523809524,
Or,2,,NATOPS,0,False,0.0,0.9523809523809524,
Eventually,1,0.14,NATOPS,0,False,0.0,0.9523809523809524,
Eventually,1,0.22,NATOPS,0,False,0.0,0.9523809523809524,
Or,2,,NATOPS,0,False,0.0,0.9523809523809524,
Globally,1,0.06,NATOPS,0,False,0.0,0.9523809523809524,
Or,3,,NATOPS,0,False,0.0,0.9523809523809524,
Globally,1,0.14,NATOPS,0,False,0.0,0.9523809523809524,
Eventually,1,0.2,NATOPS,0,False,0.0,0.9523809523809524,
Globally,1,0.1,NATOPS,0,False,0.0,0.9523809523809524,
And,3,,NATOPS,0,False,0.0,0.9523809523809524,
Or,2,,NATOPS,0,False,0.0,0.9523809523809524,
And,2,,NATOPS,0,False,0.0,0.9523809523809524,
Globally,2,0.02,NATOPS,0,False,0.0,0.9523809523809524,
Eventually,1,0.04,NATOPS,0,False,0.0,0.9523809523809524,
Globally,1,1.0,NATOPS,0,False,0.0,0.9523809523809524,
Or,4,,NATOPS,0,False,0.0,0.9523809523809524,
Globally,1,0.18,NATOPS,0,False,0.0,0.9523809523809524,
Eventually,1,0.44,NATOPS,0,False,0.0,0.9523809523809524,
Eventually,1,0.3,NATOPS,0,False,0.0,0.9523809523809524,
Globally,1,0.22,NATOPS,0,False,0.0,0.9523809523809524,
Or,4,,NATOPS,0,False,0.0,0.9523809523809524,
Or,2,,NATOPS,0,False,0.0,0.9523809523809524,
Eventually,2,1.0,NATOPS,0,False,0.0,0.9523809523809524,
Globally,2,1.0,NATOPS,0,False,0.0,0.9523809523809524,
Eventually,1,1.0,NATOPS,0,False,0.0,0.9523809523809524,
Or,2,,NATOPS,0,False,0.0,0.9523809523809524,
Eventually,2,0.94,NATOPS,0,False,0.0,0.9523809523809524,
Globally,2,0.84,NATOPS,0,False,0.0,0.9523809523809524,
And,2,,NATOPS,0,False,0.0,0.9523809523809524,
Globally,1,0.06,NATOPS,0,False,0.0,0.9523809523809524,
Globally,1,1.0,NATOPS,0,False,0.0,0.9523809523809524,
And,4,,NATOPS,0,False,0.0,0.9523809523809524,
Eventually,2,0.2,NATOPS,0,False,0.0,0.9523809523809524,
Or,2,,NATOPS,0,False,0.0,0.9523809523809524,
Eventually,1,0.1,NATOPS,0,False,0.0,0.9523809523809524,
Or,3,,NATOPS,0,False,0.0,0.9523809523809524,
Globally,1,0.12,NATOPS,0,False,0.0,0.9523809523809524,
And,2,,NATOPS,0,False,0.0,0.9523809523809524,
Globally,1,0.06,NATOPS,0,False,0.0,0.9523809523809524,
Globally,2,1.0,NATOPS,0,False,0.0,0.9523809523809524,
Or,3,,NATOPS,0,False,0.0,0.9523809523809524,
Globally,2,0.12,NATOPS,0,False,0.0,0.9523809523809524,
Eventually,1,1.0,NATOPS,0,False,0.0,0.9523809523809524,
Eventually,3,1.0,NATOPS,0,False,0.0,0.9523809523809524,
Eventually,1,1.0,NATOPS,0,False,0.0,0.9523809523809524,
Globally,1,0.14,NATOPS,0,False,0.0,0.9523809523809524,
Eventually,1,1.0,NATOPS,0,False,0.0,0.9523809523809524,
Eventually,1,0.08,NATOPS,0,False,0.0,0.9523809523809524,
Globally,1,0.14,NATOPS,0,False,0.0,0.9523809523809524,
And,2,,NATOPS,0,False,0.0,0.9523809523809524,
Or,2,,NATOPS,0,False,0.0,0.9523809523809524,
Globally,1,0.5,NATOPS,0,False,0.0,0.9523809523809524,
And,2,,NATOPS,0,False,0.0,0.9523809523809524,
Or,4,,NATOPS,0,False,0.0,0.9523809523809524,
Eventually,3,0.04,NATOPS,0,False,0.0,0.9523809523809524,
Or,2,,NATOPS,0,False,0.0,0.9523809523809524,
Or,4,,NATOPS,0,False,0.0,0.9523809523809524,
Or,3,,NATOPS,0,False,0.0,0.9523809523809524,
Or,2,,NATOPS,0,False,0.0,0.9523809523809524,
Or,2,,NATOPS,0,False,0.0,0.9523809523809524,
Eventually,1,0.04,NATOPS,0,False,0.0,0.9523809523809524,
Eventually,1,0.36,NATOPS,0,False,0.0,0.9523809523809524,
Globally,1,1.0,NATOPS,0,False,0.0,0.9523809523809524,
Globally,3,1.0,NATOPS,0,False,0.0,0.9523809523809524,
Eventually,1,0.1,NATOPS,0,False,0.0,0.9523809523809524,
And,4,,NATOPS,0,False,0.0,0.9523809523809524,
Globally,1,0.1,NATOPS,0,False,0.0,0.9523809523809524,
Eventually,1,0.26,NATOPS,0,False,0.0,0.9523809523809524,
Globally,1,0.6,NATOPS,0,False,0.0,0.9523809523809524,
Globally,1,1.0,NATOPS,0,False,0.0,0.9523809523809524,
Or,3,,NATOPS,0,False,0.0,0.9523809523809524,
Eventually,1,1.0,NATOPS,0,False,0.0,0.9523809523809524,
Globally,1,0.8,NATOPS,0,False,0.0,0.9523809523809524,
Or,2,,NATOPS,0,False,0.0,0.9523809523809524,
Eventually,1,0.72,NATOPS,0,False,0.0,0.9523809523809524,
Globally,1,0.94,NATOPS,0,False,0.0,0.9523809523809524,
Globally,1,0.3,NATOPS,0,False,0.0,0.9523809523809524,
Globally,1,0.8,NATOPS,0,False,0.0,0.9523809523809524,
Eventually,3,0.08,NATOPS,0,False,0.0,0.9523809523809524,
Eventually,1,0.62,NATOPS,0,False,0.0,0.9523809523809524,
Globally,1,1.0,NATOPS,0,False,0.0,0.9523809523809524,
Or,2,,NATOPS,0,False,0.0,0.9523809523809524,
Globally,2,0.04,NATOPS,0,False,0.0,0.9523809523809524,
Globally,1,0.32,NATOPS,0,False,0.0,0.9523809523809524,
Globally,2,1.02,NATOPS,0,False,0.0,0.9523809523809524,
Globally,1,0.1,NATOPS,0,False,0.0,0.9523809523809524,
Eventually,1,0.84,NATOPS,0,False,0.0,0.9523809523809524,
Globally,1,0.92,NATOPS,0,False,0.0,0.9523809523809524,
Eventually,1,0.2,NATOPS,0,False,0.0,0.9523809523809524,
Globally,2,0.44,NATOPS,0,False,0.0,0.9523809523809524,
Or,2,,NATOPS,0,False,0.0,0.9523809523809524,
Or,2,,NATOPS,0,False,0.0,0.9523809523809524,
And,2,,NATOPS,0,False,0.0,0.9523809523809524,
Globally,1,0.26,NATOPS,0,False,0.0,0.9523809523809524,
Globally,1,0.78,NATOPS,0,False,0.0,0.9523809523809524,
And,3,,NATOPS,0,False,0.0,0.9523809523809524,
And,2,,NATOPS,0,False,0.0,0.9523809523809524,
Globally,4,0.7,NATOPS,0,False,0.0,0.9523809523809524,
And,2,,NATOPS,0,False,0.0,0.9523809523809524,
Eventually,2,0.12,NATOPS,0,False,0.0,0.9523809523809524,
Eventually,1,1.0,NATOPS,0,False,0.0,0.9523809523809524,
Eventually,2,0.7,NATOPS,0,False,0.0,0.9523809523809524,
Globally,1,0.1,NATOPS,0,False,0.0,0.9523809523809524,
Globally,1,0.98,NATOPS,0,False,0.0,0.9523809523809524,
Or,3,,NATOPS,0,False,0.0,0.9523809523809524,
Eventually,1,0.94,NATOPS,0,False,0.0,0.9523809523809524,
And,2,,NATOPS,0,False,0.0,0.9523809523809524,
And,2,,NATOPS,0,False,0.0,0.9523809523809524,
Globally,1,0.9,NATOPS,0,False,0.0,0.9523809523809524,
Eventually,1,0.5,NATOPS,0,False,0.0,0.9523809523809524,
Globally,1,0.9,NATOPS,0,False,0.0,0.9523809523809524,
Globally,1,1.0,NATOPS,0,False,0.0,0.9523809523809524,
Eventually,1,0.34,NATOPS,0,False,0.0,0.9523809523809524,
Eventually,2,1.0,NATOPS,0,False,0.0,0.9523809523809524,
Eventually,1,0.04,NATOPS,0,False,0.0,0.9523809523809524,
Eventually,2,0.6,NATOPS,0,False,0.0,0.9523809523809524,
Globally,1,0.06,NATOPS,0,False,0.0,0.9523809523809524,
Eventually,1,1.0,NATOPS,0,False,0.0,0.9523809523809524,
Globally,1,0.04,NATOPS,0,False,0.0,0.9523809523809524,
Eventually,1,0.22,NATOPS,0,False,0.0,0.9523809523809524,
And,2,,NATOPS,0,False,0.0,0.9523809523809524,
And,3,,NATOPS,0,False,0.0,0.9523809523809524,
Globally,2,0.04,NATOPS,0,False,0.0,0.9523809523809524,
And,4,,NATOPS,0,False,0.0,0.9523809523809524,
Globally,1,0.38,NATOPS,0,False,0.0,0.9523809523809524,
Eventually,1,0.74,NATOPS,0,False,0.0,0.9523809523809524,
Eventually,2,0.54,NATOPS,0,False,0.0,0.9523809523809524,
Globally,3,1.0,NATOPS,0,False,0.0,0.9523809523809524,
Eventually,1,1.0,NATOPS,0,False,0.0,0.9523809523809524,
Globally,1,0.68,NATOPS,0,False,0.0,0.9523809523809524,
And,3,,NATOPS,0,False,0.0,0.9523809523809524,
Globally,1,1.0,NATOPS,0,False,0.0,0.9523809523809524,
Globally,1,1.0,NATOPS,0,False,0.0,0.9523809523809524,
Or,3,,NATOPS,0,False,0.0,0.9523809523809524,
Globally,1,0.1,NATOPS,0,False,0.0,0.9523809523809524,
And,2,,NATOPS,0,False,0.0,0.9523809523809524,
Eventually,1,0.64,NATOPS,0,False,0.0,0.9523809523809524,
Or,3,,NATOPS,0,False,0.0,0.9523809523809524,
Eventually,1,0.16,NATOPS,0,False,0.0,0.9523809523809524,
Or,2,,NATOPS,0,False,0.0,0.9523809523809524,
Eventually,1,0.5,NATOPS,0,False,0.0,0.9523809523809524,
Globally,2,0.42,NATOPS,0,False,0.0,0.9523809523809524,
Globally,2,0.04,NATOPS,0,False,0.0,0.9523809523809524,
Eventually,2,0.92,NATOPS,0,False,0.0,0.9523809523809524,
Or,2,,NATOPS,0,False,0.0,0.9523809523809524,
Eventually,2,0.44,NATOPS,0,False,0.0,0.9523809523809524,
Or,2,,NATOPS,0,False,0.0,0.9523809523809524,
Or,2,,NATOPS,0,False,0.0,0.9523809523809524,
Globally,1,0.38,NATOPS,0,False,0.0,0.9523809523809524,
Eventually,1,0.28,NATOPS,0,False,0.0,0.9523809523809524,
Globally,3,0.08,NATOPS,0,False,0.0,0.9523809523809524,
And,4,,NATOPS,0,False,0.0,0.9523809523809524,
Eventually,1,0.96,NATOPS,0,False,0.0,0.9523809523809524,
Eventually,1,0.06,NATOPS,0,False,0.0,0.9523809523809524,
Globally,1,0.04,NATOPS,0,False,0.0,0.9523809523809524,
And,3,,NATOPS,0,False,0.0,0.9523809523809524,
Globally,1,1.0,NATOPS,0,False,0.0,0.9523809523809524,
Eventually,1,0.22,NATOPS,0,False,0.0,0.9523809523809524,
And,3,,NATOPS,0,False,0.0,0.9523809523809524,
Eventually,3,0.04,NATOPS,0,False,0.0,0.9523809523809524,
Globally,2,1.0,NATOPS,0,False,0.0,0.9523809523809524,
Or,2,,NATOPS,0,False,0.0,0.9523809523809524,
Globally,1,0.26,NATOPS,0,False,0.0,0.9523809523809524,
Globally,2,0.62,NATOPS,0,False,0.0,0.9523809523809524,
Eventually,1,1.0,NATOPS,0,False,0.0,0.9523809523809524,
Globally,1,1.0,NATOPS,0,False,0.0,0.9523809523809524,
Globally,2,0.54,NATOPS,0,False,0.0,0.9523809523809524,
And,4,,NATOPS,0,False,0.0,0.9523809523809524,
Eventually,1,0.04,NATOPS,0,False,0.0,0.9523809523809524,
Globally,1,1.0,NATOPS,0,False,0.0,0.9523809523809524,
Globally,2,0.06,NATOPS,0,False,0.0,0.9523809523809524,
Or,4,,NATOPS,0,False,0.0,0.9523809523809524,
Globally,1,0.86,NATOPS,0,False,0.0,0.9523809523809524,
Eventually,1,1.0,NATOPS,0,False,0.0,0.9523809523809524,
Eventually,1,0.12,NATOPS,0,False,0.0,0.9523809523809524,
Globally,4,0.04,NATOPS,0,False,0.0,0.9523809523809524,
Or,2,,NATOPS,0,False,0.0,0.9523809523809524,
Globally,2,0.26,NATOPS,0,False,0.0,0.9523809523809524,
Or,4,,NATOPS,0,False,0.0,0.9523809523809524,
Globally,1,1.0,NATOPS,0,False,0.0,0.9523809523809524,
And,2,,NATOPS,0,False,0.0,0.9523809523809524,
Globally,1,1.0,NATOPS,0,False,0.0,0.9523809523809524,
Eventually,1,1.0,NATOPS,0,False,0.0,0.9523809523809524,
Or,3,,NATOPS,0,False,0.0,0.9523809523809524,
And,3,,NATOPS,0,False,0.0,0.9523809523809524,
Globally,2,0.14,NATOPS,0,False,0.0,0.9523809523809524,
Eventually,1,0.06,NATOPS,0,False,0.0,0.9523809523809524,
And,2,,NATOPS,0,False,0.0,0.9523809523809524,
Eventually,1,0.48,NATOPS,0,False,0.0,0.9523809523809524,
Globally,2,0.18,NATOPS,0,False,0.0,0.9523809523809524,
Or,2,,NATOPS,0,False,0.0,0.9523809523809524,
Globally,1,0.14,NATOPS,0,False,0.0,0.9523809523809524,
Eventually,1,0.12,NATOPS,0,False,0.0,0.9523809523809524,
Eventually,3,1.0,NATOPS,0,False,0.0,0.9523809523809524,
Globally,1,0.16,NATOPS,0,False,0.0,0.9523809523809524,
Globally,1,1.0,NATOPS,0,False,0.0,0.9523809523809524,
Eventually,1,0.16,NATOPS,0,False,0.0,0.9523809523809524,
Or,2,,NATOPS,0,False,0.0,0.9523809523809524,
Eventually,1,0.94,NATOPS,0,False,0.0,0.9523809523809524,
Eventually,2,0.7,NATOPS,0,False,0.0,0.9523809523809524,
Eventually,2,0.52,NATOPS,0,False,0.0,0.9523809523809524,
Globally,1,0.3,NATOPS,0,False,0.0,0.9523809523809524,
Eventually,1,1.0,NATOPS,0,False,0.0,0.9523809523809524,
Eventually,1,0.24,NATOPS,0,False,0.0,0.9523809523809524,
And,3,,NATOPS,0,False,0.0,0.9523809523809524,
Eventually,1,0.38,NATOPS,0,False,0.0,0.9523809523809524,
Eventually,2,0.1,NATOPS,0,False,0.0,0.9523809523809524,
And,2,,NATOPS,0,False,0.0,0.9523809523809524,
Eventually,2,0.84,NATOPS,0,False,0.0,0.9523809523809524,
Eventually,2,0.04,NATOPS,0,False,0.0,0.9523809523809524,
Eventually,1,0.08,NATOPS,0,False,0.0,0.9523809523809524,
Globally,3,1.0,NATOPS,0,False,0.0,0.9523809523809524,
And,2,,NATOPS,0,False,0.0,0.9523809523809524,
And,3,,NATOPS,0,False,0.0,0.9523809523809524,
Or,2,,NATOPS,0,False,0.0,0.9523809523809524,
Globally,1,0.7,NATOPS,0,False,0.0,0.9523809523809524,
Globally,1,0.38,NATOPS,0,False,0.0,0.9523809523809524,
And,2,,NATOPS,0,False,0.0,0.9523809523809524,
Globally,2,1.0,NATOPS,0,False,0.0,0.9523809523809524,
Eventually,1,0.86,NATOPS,0,False,0.0,0.9523809523809524,
And,2,,NATOPS,0,False,0.0,0.9523809523809524,
Eventually,2,0.86,NATOPS,0,False,0.0,0.9523809523809524,
Eventually,2,1.0,NATOPS,0,True,0.1493827550006357,0.9523809523809524,
Eventually,1,0.08,NATOPS,0,False,0.0,0.9523809523809524,
Globally,1,1.0,NATOPS,0,False,0.0,0.9523809523809524,
Or,2,,NATOPS,0,False,0.0,0.9523809523809524,
Globally,1,0.56,NATOPS,0,False,0.0,0.9523809523809524,
Globally,1,0.12,NATOPS,0,False,0.0,0.9523809523809524,
And,2,,NATOPS,0,False,0.0,0.9523809523809524,
Globally,2,0.04,NATOPS,0,False,0.0,0.9523809523809524,
Eventually,1,0.14,NATOPS,0,False,0.0,0.9523809523809524,
Globally,1,0.98,NATOPS,0,False,0.0,0.9523809523809524,
Globally,2,0.08,NATOPS,0,False,0.0,0.9523809523809524,
And,2,,NATOPS,0,False,0.0,0.9523809523809524,
Eventually,2,1.0,NATOPS,0,False,0.0,0.9523809523809524,
Globally,1,0.14,NATOPS,0,False,0.0,0.9523809523809524,
Or,4,,NATOPS,0,False,0.0,0.9523809523809524,
Globally,1,0.26,NATOPS,0,False,0.0,0.9523809523809524,
Eventually,1,0.46,NATOPS,0,False,0.0,0.9523809523809524,
Eventually,2,0.84,NATOPS,0,False,0.0,0.9523809523809524,
And,4,,NATOPS,0,False,0.0,0.9523809523809524,
Eventually,1,0.46,NATOPS,0,False,0.0,0.9523809523809524,
Or,2,,NATOPS,0,False,0.0,0.9523809523809524,
Globally,2,0.44,NATOPS,0,False,0.0,0.9523809523809524,
Eventually,2,1.0,NATOPS,0,False,0.0,0.9523809523809524,
Globally,1,1.0,NATOPS,0,False,0.0,0.9523809523809524,
Globally,2,0.34,NATOPS,0,False,0.0,0.9523809523809524,
Or,2,,NATOPS,0,False,0.0,0.9523809523809524,
Or,2,,NATOPS,0,False,0.0,0.9523809523809524,
Globally,1,0.6,NATOPS,0,False,0.0,0.9523809523809524,
And,2,,NATOPS,0,False,0.0,0.9523809523809524,
Or,2,,NATOPS,0,False,0.0,0.9523809523809524,
Globally,1,1.0,NATOPS,0,False,0.0,0.9523809523809524,
Eventually,1,1.0,NATOPS,0,False,0.0,0.9523809523809524,
Globally,1,1.0,NATOPS,0,False,0.0,0.9523809523809524,
Eventually,1,1.0,NATOPS,0,False,0.0,0.9523809523809524,
Globally,1,0.14,NATOPS,0,False,0.0,0.9523809523809524,
Eventually,1,0.04,NATOPS,0,False,0.0,0.9523809523809524,
Eventually,1,0.46,NATOPS,0,False,0.0,0.9523809523809524,
Eventually,1,0.34,NATOPS,0,False,0.0,0.9523809523809524,
Or,2,,NATOPS,0,False,0.0,0.9523809523809524,
Eventually,1,0.62,NATOPS,0,False,0.0,0.9523809523809524,
Eventually,1,0.08,NATOPS,0,False,0.0,0.9523809523809524,
Globally,1,1.0,NATOPS,0,False,0.0,0.9523809523809524,
Globally,1,1.0,NATOPS,0,False,0.0,0.9523809523809524,
Eventually,3,0.54,NATOPS,0,False,0.0,0.9523809523809524,
Globally,3,1.0,NATOPS,0,False,0.0,0.9523809523809524,
Or,3,,NATOPS,0,False,0.0,0.9523809523809524,
Globally,1,0.52,NATOPS,0,False,0.0,0.9523809523809524,
Globally,1,0.78,NATOPS,0,False,0.0,0.9523809523809524,
Globally,4,0.56,NATOPS,0,False,0.0,0.9523809523809524,
Or,2,,NATOPS,0,False,0.0,0.9523809523809524,
Globally,1,0.46,NATOPS,0,False,0.0,0.9523809523809524,
And,3,,NATOPS,0,False,0.0,0.9523809523809524,
Eventually,1,1.0,NATOPS,0,False,0.0,0.9523809523809524,
Globally,1,0.14,NATOPS,0,False,0.0,0.9523809523809524,
Eventually,1,0.08,NATOPS,0,False,0.0,0.9523809523809524,
Globally,2,0.7,NATOPS,0,False,0.0,0.9523809523809524,
And,4,,NATOPS,0,False,0.0,0.9523809523809524,
Globally,2,0.04,NATOPS,0,False,0.0,0.9523809523809524,
Globally,1,0.12,NATOPS,0,False,0.0,0.9523809523809524,
Globally,1,0.64,NATOPS,0,False,0.0,0.9523809523809524,
Globally,2,0.4,NATOPS,0,False,0.0,0.9523809523809524,
Globally,3,0.04,NATOPS,0,False,0.0,0.9523809523809524,
And,2,,NATOPS,0,False,0.0,0.9523809523809524,
Globally,2,0.6,NATOPS,0,False,0.0,0.9523809523809524,
Or,2,,NATOPS,0,False,0.0,0.9523809523809524,
Eventually,2,0.18,NATOPS,0,False,0.0,0.9523809523809524,
Globally,1,0.12,NATOPS,0,False,0.0,0.9523809523809524,
Globally,1,0.28,NATOPS,0,False,0.0,0.9523809523809524,
Eventually,1,1.0,NATOPS,0,False,0.0,0.9523809523809524,
Eventually,1,0.08,NATOPS,0,False,0.0,0.9523809523809524,
Eventually,3,0.1,NATOPS,0,False,0.0,0.9523809523809524,
Eventually,2,0.14,NATOPS,0,False,0.0,0.9523809523809524,
Globally,1,0.62,NATOPS,0,False,0.0,0.9523809523809524,
Globally,1,0.74,NATOPS,0,False,0.0,0.9523809523809524,
Eventually,2,0.04,NATOPS,0,False,0.0,0.9523809523809524,
And,2,,NATOPS,0,False,0.0,0.9523809523809524,
Eventually,1,0.16,NATOPS,0,False,0.0,0.9523809523809524,
Or,2,,NATOPS,0,False,0.0,0.9523809523809524,
And,4,,NATOPS,0,False,0.0,0.9523809523809524,
Eventually,2,0.1,NATOPS,0,False,0.0,0.9523809523809524,
Eventually,1,0.5,NATOPS,0,False,0.0,0.9523809523809524,
Eventually,3,1.0,NATOPS,0,False,0.0,0.9523809523809524,
Eventually,2,0.24,NATOPS,0,False,0.0,0.9523809523809524,
Globally,1,0.32,NATOPS,0,False,0.0,0.9523809523809524,
Eventually,1,1.0,NATOPS,0,False,0.0,0.9523809523809524,
Globally,2,1.0,NATOPS,0,False,0.0,0.9523809523809524,
Eventually,1,1.0,NATOPS,0,False,0.0,0.9523809523809524,
Or,3,,NATOPS,0,False,0.0,0.9523809523809524,
And,2,,NATOPS,0,True,0.14209011584401784,0.9523809523809524,False
Globally,3,0.38,NATOPS,0,False,0.0,0.9523809523809524,
Eventually,3,1.0,NATOPS,0,False,0.0,0.9523809523809524,
And,4,,NATOPS,0,False,0.0,0.9523809523809524,
Eventually,4,1.0,NATOPS,0,False,0.0,0.9523809523809524,
Globally,1,1.0,NATOPS,0,False,0.0,0.9523809523809524,
Globally,2,0.08,NATOPS,0,False,0.0,0.9523809523809524,
And,3,,NATOPS,0,False,0.0,0.9523809523809524,
Eventually,1,0.12,NATOPS,0,False,0.0,0.9523809523809524,
Eventually,1,0.44,NATOPS,0,False,0.0,0.9523809523809524,
Eventually,1,0.78,NATOPS,0,False,0.0,0.9523809523809524,
Globally,1,0.06,NATOPS,0,False,0.0,0.9523809523809524,
Eventually,1,0.08,NATOPS,0,False,0.0,0.9523809523809524,
Globally,2,0.76,NATOPS,0,False,0.0,0.9523809523809524,
Globally,1,0.64,NATOPS,0,False,0.0,0.9523809523809524,
Globally,1,0.08,NATOPS,0,False,0.0,0.9523809523809524,
And,4,,NATOPS,0,False,0.0,0.9523809523809524,
Or,3,,NATOPS,0,False,0.0,0.9523809523809524,
And,2,,NATOPS,0,False,0.0,0.9523809523809524,
Globally,1,0.04,NATOPS,0,False,0.0,0.9523809523809524,
And,2,,NATOPS,0,False,0.0,0.9523809523809524,
Or,3,,NATOPS,0,False,0.0,0.9523809523809524,
Or,3,,NATOPS,0,False,0.0,0.9523809523809524,
And,2,,NATOPS,0,False,0.0,0.9523809523809524,
And,4,,NATOPS,0,False,0.0,0.9523809523809524,
And,2,,NATOPS,0,False,0.0,0.9523809523809524,
Eventually,1,0.76,NATOPS,0,False,0.0,0.9523809523809524,
And,3,,NATOPS,0,False,0.0,0.9523809523809524,
Eventually,1,0.84,NATOPS,0,False,0.0,0.9523809523809524,
Globally,1,0.04,NATOPS,0,False,0.0,0.9523809523809524,
Globally,1,0.04,NATOPS,0,False,0.0,0.9523809523809524,
Globally,1,1.0,NATOPS,0,False,0.0,0.9523809523809524,
Eventually,2,0.04,NATOPS,0,False,0.0,0.9523809523809524,
Globally,1,0.08,NATOPS,0,False,0.0,0.9523809523809524,
And,4,,NATOPS,0,False,0.0,0.9523809523809524,
Eventually,1,1.0,NATOPS,0,False,0.0,0.9523809523809524,
And,4,,NATOPS,0,False,0.0,0.9523809523809524,
Eventually,2,0.04,NATOPS,0,False,0.0,0.9523809523809524,
Eventually,1,0.04,NATOPS,0,False,0.0,0.9523809523809524,
Globally,3,1.0,NATOPS,0,False,0.0,0.9523809523809524,
And,4,,NATOPS,0,False,0.0,0.9523809523809524,
Globally,1,0.12,NATOPS,0,False,0.0,0.9523809523809524,
And,2,,NATOPS,0,False,0.0,0.9523809523809524,
Globally,1,0.72,NATOPS,0,False,0.0,0.9523809523809524,
And,3,,NATOPS,0,False,0.0,0.9523809523809524,
Eventually,2,0.04,NATOPS,0,False,0.0,0.9523809523809524,
Or,3,,NATOPS,0,False,0.0,0.9523809523809524,
Globally,1,0.18,NATOPS,0,False,0.0,0.9523809523809524,
Or,2,,NATOPS,0,False,0.0,0.9523809523809524,
Globally,1,0.4,NATOPS,0,False,0.0,0.9523809523809524,
Globally,1,0.18,NATOPS,0,False,0.0,0.9523809523809524,
Or,2,,NATOPS,0,False,0.0,0.9523809523809524,
Globally,1,0.04,NATOPS,0,False,0.0,0.9523809523809524,
Globally,1,1.0,NATOPS,0,False,0.0,0.9523809523809524,
Eventually,1,0.34,NATOPS,0,False,0.0,0.9523809523809524,
And,4,,NATOPS,0,False,0.0,0.9523809523809524,
And,4,,NATOPS,0,False,0.0,0.9523809523809524,
Globally,1,0.9,NATOPS,0,False,0.0,0.9523809523809524,
And,2,,NATOPS,0,False,0.0,0.9523809523809524,
Or,3,,NATOPS,0,False,0.0,0.9523809523809524,
Globally,1,0.9,NATOPS,0,False,0.0,0.9523809523809524,
Globally,2,0.14,NATOPS,0,False,0.0,0.9523809523809524,
And,2,,NATOPS,0,False,0.0,0.9523809523809524,
Globally,1,1.0,NATOPS,0,False,0.0,0.9523809523809524,
Globally,1,0.9,NATOPS,0,False,0.0,0.9523809523809524,
Globally,2,0.58,NATOPS,0,False,0.0,0.9523809523809524,
Globally,1,1.0,NATOPS,0,False,0.0,0.9523809523809524,
Eventually,2,0.18,NATOPS,0,False,0.0,0.9523809523809524,
Or,2,,NATOPS,0,False,0.0,0.9523809523809524,
Eventually,3,0.06,NATOPS,0,False,0.0,0.9523809523809524,
And,3,,NATOPS,0,False,0.0,0.9523809523809524,
Eventually,1,1.0,NATOPS,0,False,0.0,0.9523809523809524,
Or,2,,NATOPS,0,False,0.0,0.9523809523809524,
Globally,2,0.14,NATOPS,0,False,0.0,0.9523809523809524,
Globally,2,0.82,NATOPS,0,False,0.0,0.9523809523809524,
Eventually,1,0.86,NATOPS,0,False,0.0,0.9523809523809524,
And,4,,NATOPS,0,False,0.0,0.9523809523809524,
Globally,1,0.64,NATOPS,0,False,0.0,0.9523809523809524,
Eventually,3,0.74,NATOPS,0,False,0.0,0.9523809523809524,
Or,4,,NATOPS,0,False,0.0,0.9523809523809524,
Globally,1,1.0,NATOPS,0,False,0.0,0.9523809523809524,
And,4,,NATOPS,0,False,0.0,0.9523809523809524,
Or,4,,NATOPS,0,False,0.0,0.9523809523809524,
And,2,,NATOPS,0,False,0.0,0.9523809523809524,
Eventually,1,0.1,NATOPS,0,False,0.0,0.9523809523809524,
Eventually,1,0.86,NATOPS,0,False,0.0,0.9523809523809524,
Globally,1,0.56,NATOPS,0,False,0.0,0.9523809523809524,
Globally,1,0.56,NATOPS,0,False,0.0,0.9523809523809524,
Globally,1,0.32,NATOPS,0,False,0.0,0.9523809523809524,
Eventually,1,0.44,NATOPS,0,False,0.0,0.9523809523809524,
Globally,1,1.0,NATOPS,0,False,0.0,0.9523809523809524,
Globally,1,1.0,NATOPS,0,False,0.0,0.9523809523809524,
Eventually,1,0.36,NATOPS,0,False,0.0,0.9523809523809524,
And,4,,NATOPS,0,False,0.0,0.9523809523809524,
Globally,3,0.26,NATOPS,0,False,0.0,0.9523809523809524,
Eventually,2,0.54,NATOPS,0,False,0.0,0.9523809523809524,
Eventually,1,0.56,NATOPS,0,False,0.0,0.9523809523809524,
Globally,1,0.06,NATOPS,0,False,0.0,0.9523809523809524,
Eventually,1,0.7,NATOPS,0,False,0.0,0.9523809523809524,
Eventually,1,0.04,NATOPS,0,False,0.0,0.9523809523809524,
Eventually,1,0.14,NATOPS,0,False,0.0,0.9523809523809524,
Or,3,,NATOPS,0,False,0.0,0.9523809523809524,
Or,2,,NATOPS,0,False,0.0,0.9523809523809524,
Globally,1,1.0,NATOPS,0,False,0.0,0.9523809523809524,
Or,2,,NATOPS,0,False,0.0,0.9523809523809524,
Globally,1,0.06,NATOPS,0,False,0.0,0.9523809523809524,
Globally,1,0.92,NATOPS,0,False,0.0,0.9523809523809524,
And,3,,NATOPS,0,False,0.0,0.9523809523809524,
Eventually,1,0.26,NATOPS,0,False,0.0,0.9523809523809524,
Globally,2,0.04,NATOPS,0,False,0.0,0.9523809523809524,
Globally,1,0.96,NATOPS,0,False,0.0,0.9523809523809524,
Eventually,1,0.1,NATOPS,0,False,0.0,0.9523809523809524,
Eventually,1,0.04,NATOPS,0,False,0.0,0.9523809523809524,
Globally,1,0.38,NATOPS,0,False,0.0,0.9523809523809524,
Globally,3,1.0,NATOPS,0,False,0.0,0.9523809523809524,
And,2,,NATOPS,0,False,0.0,0.9523809523809524,
And,2,,NATOPS,0,False,0.0,0.9523809523809524,
Eventually,3,0.14,NATOPS,0,False,0.0,0.9523809523809524,
Or,2,,NATOPS,0,False,0.0,0.9523809523809524,
And,3,,NATOPS,0,False,0.0,0.9523809523809524,
Globally,2,1.0,NATOPS,0,False,0.0,0.9523809523809524,
Or,2,,NATOPS,0,False,0.0,0.9523809523809524,
And,4,,NATOPS,0,False,0.0,0.9523809523809524,
Eventually,1,0.38,NATOPS,0,False,0.0,0.9523809523809524,
Globally,1,1.0,NATOPS,0,False,0.0,0.9523809523809524,
Globally,2,0.08,NATOPS,0,False,0.0,0.9523809523809524,
And,4,,NATOPS,0,False,0.0,0.9523809523809524,
And,2,,NATOPS,0,False,0.0,0.9523809523809524,
And,2,,NATOPS,0,False,0.0,0.9523809523809524,
Or,2,,NATOPS,0,False,0.0,0.9523809523809524,
Globally,1,0.32,NATOPS,0,False,0.0,0.9523809523809524,
And,2,,NATOPS,0,False,0.0,0.9523809523809524,
Eventually,2,0.42,NATOPS,0,False,0.0,0.9523809523809524,
Eventually,2,0.24,NATOPS,0,False,0.0,0.9523809523809524,
Globally,1,0.52,NATOPS,0,False,0.0,0.9523809523809524,
And,2,,NATOPS,0,False,0.0,0.9523809523809524,
Or,2,,NATOPS,0,False,0.0,0.9523809523809524,
Or,2,,NATOPS,0,False,0.0,0.9523809523809524,
Globally,1,0.1,NATOPS,0,False,0.0,0.9523809523809524,
Eventually,1,0.2,NATOPS,0,False,0.0,0.9523809523809524,
And,4,,NATOPS,0,False,0.0,0.9523809523809524,
Eventually,1,0.28,NATOPS,0,False,0.0,0.9523809523809524,
Or,2,,NATOPS,0,False,0.0,0.9523809523809524,
Globally,1,0.04,NATOPS,0,False,0.0,0.9523809523809524,
Globally,1,0.6,NATOPS,0,False,0.0,0.9523809523809524,
Globally,1,0.9,NATOPS,0,False,0.0,0.9523809523809524,
And,2,,NATOPS,0,False,0.0,0.9523809523809524,
Globally,1,1.0,NATOPS,0,False,0.0,0.9523809523809524,
Eventually,1,0.5,NATOPS,0,False,0.0,0.9523809523809524,
Eventually,1,0.18,NATOPS,0,False,0.0,0.9523809523809524,
Globally,1,0.28,NATOPS,0,False,0.0,0.9523809523809524,
Eventually,1,1.0,NATOPS,0,False,0.0,0.9523809523809524,
Or,2,,NATOPS,0,False,0.0,0.9523809523809524,
Globally,1,1.0,NATOPS,0,False,0.0,0.9523809523809524,
Eventually,1,0.5,NATOPS,0,False,0.0,0.9523809523809524,
And,2,,NATOPS,0,False,0.0,0.9523809523809524,
Globally,1,0.4,NATOPS,0,False,0.0,0.9523809523809524,
And,3,,NATOPS,0,False,0.0,0.9523809523809524,
Or,4,,NATOPS,0,False,0.0,0.9523809523809524,
Eventually,1,0.3,NATOPS,0,False,0.0,0.9523809523809524,
Or,2,,NATOPS,0,False,0.0,0.9523809523809524,
Globally,1,0.54,NATOPS,0,False,0.0,0.9523809523809524,
Or,4,,NATOPS,0,False,0.0,0.9523809523809524,
Globally,1,0.22,NATOPS,0,False,0.0,0.9523809523809524,
And,2,,NATOPS,0,False,0.0,0.9523809523809524,
Globally,1,0.56,NATOPS,0,False,0.0,0.9523809523809524,
Eventually,2,1.0,NATOPS,0,False,0.0,0.9523809523809524,
Or,2,,NATOPS,0,False,0.0,0.9523809523809524,
Or,2,,NATOPS,0,False,0.0,0.9523809523809524,
And,4,,NATOPS,0,False,0.0,0.9523809523809524,
Eventually,1,0.66,NATOPS,0,False,0.0,0.9523809523809524,
Globally,1,0.06,NATOPS,0,False,0.0,0.9523809523809524,
Globally,1,1.0,NATOPS,0,False,0.0,0.9523809523809524,
Eventually,2,0.1,NATOPS,0,False,0.0,0.9523809523809524,
Globally,2,0.06,NATOPS,0,False,0.0,0.9523809523809524,
Eventually,1,0.72,NATOPS,0,False,0.0,0.9523809523809524,
Eventually,1,0.04,NATOPS,0,False,0.0,0.9523809523809524,
Eventually,2,0.04,NATOPS,0,False,0.0,0.9523809523809524,
Eventually,1,1.0,NATOPS,0,False,0.0,0.9523809523809524,
Globally,1,0.04,NATOPS,0,False,0.0,0.9523809523809524,
And,2,,NATOPS,0,False,0.0,0.9523809523809524,
And,2,,NATOPS,0,False,0.0,0.9523809523809524,
Globally,1,0.72,NATOPS,0,False,0.0,0.9523809523809524,
Globally,2,0.2,NATOPS,0,False,0.0,0.9523809523809524,
Globally,3,1.0,NATOPS,0,False,0.0,0.9523809523809524,
Eventually,3,0.58,NATOPS,0,False,0.0,0.9523809523809524,
Globally,2,0.44,NATOPS,0,False,0.0,0.9523809523809524,
Globally,1,1.0,NATOPS,0,False,0.0,0.9523809523809524,
Globally,1,1.0,NATOPS,0,False,0.0,0.9523809523809524,
And,2,,NATOPS,0,False,0.0,0.9523809523809524,
Globally,1,0.66,NATOPS,0,False,0.0,0.9523809523809524,
And,3,,NATOPS,0,False,0.0,0.9523809523809524,
Eventually,1,0.88,NATOPS,0,False,0.0,0.9523809523809524,
Globally,1,0.24,NATOPS,0,False,0.0,0.9523809523809524,
Globally,1,0.04,NATOPS,0,False,0.0,0.9523809523809524,
And,4,,NATOPS,0,False,0.0,0.9523809523809524,
And,2,,NATOPS,0,False,0.0,0.9523809523809524,
Eventually,2,0.52,NATOPS,0,False,0.0,0.9523809523809524,
Eventually,1,0.48,NATOPS,0,False,0.0,0.9523809523809524,
Globally,1,0.04,NATOPS,0,False,0.0,0.9523809523809524,
Globally,1,0.08,NATOPS,0,False,0.0,0.9523809523809524,
And,2,,NATOPS,0,False,0.0,0.9523809523809524,
And,2,,NATOPS,0,False,0.0,0.9523809523809524,
Globally,1,0.04,NATOPS,0,False,0.0,0.9523809523809524,
Eventually,1,0.4,NATOPS,0,False,0.0,0.9523809523809524,
And,2,,NATOPS,0,False,0.0,0.9523809523809524,
Globally,1,0.54,NATOPS,0,False,0.0,0.9523809523809524,
Or,2,,NATOPS,0,False,0.0,0.9523809523809524,
Globally,2,0.04,NATOPS,0,False,0.0,0.9523809523809524,
Eventually,1,1.0,NATOPS,0,False,0.0,0.9523809523809524,
And,2,,NATOPS,0,False,0.0,0.9523809523809524,
And,2,,NATOPS,0,False,0.0,0.9523809523809524,
Eventually,1,0.1,NATOPS,0,False,0.0,0.9523809523809524,
Eventually,1,0.44,NATOPS,0,False,0.0,0.9523809523809524,
Globally,1,0.04,NATOPS,0,False,0.0,0.9523809523809524,
Eventually,2,0.26,NATOPS,0,False,0.0,0.9523809523809524,
Eventually,2,0.1,NATOPS,0,False,0.0,0.9523809523809524,
And,2,,NATOPS,0,False,0.0,0.9523809523809524,
And,2,,NATOPS,0,False,0.0,0.9523809523809524,
Globally,1,0.04,NATOPS,0,False,0.0,0.9523809523809524,
Globally,1,0.08,NATOPS,0,False,0.0,0.9523809523809524,
Or,2,,NATOPS,0,False,0.0,0.9523809523809524,
Eventually,1,1.0,NATOPS,0,False,0.0,0.9523809523809524,
Or,4,,NATOPS,0,False,0.0,0.9523809523809524,
Globally,1,0.34,NATOPS,0,False,0.0,0.9523809523809524,
Globally,1,0.04,NATOPS,0,False,0.0,0.9523809523809524,
Eventually,1,0.74,NATOPS,0,False,0.0,0.9523809523809524,
Globally,3,0.22,NATOPS,0,False,0.0,0.9523809523809524,
And,4,,NATOPS,0,False,0.0,0.9523809523809524,
Globally,1,0.26,NATOPS,0,False,0.0,0.9523809523809524,
Or,2,,NATOPS,0,False,0.0,0.9523809523809524,
Globally,1,0.12,NATOPS,0,False,0.0,0.9523809523809524,
Or,3,,NATOPS,0,False,0.0,0.9523809523809524,
Eventually,1,0.08,NATOPS,0,False,0.0,0.9523809523809524,
Globally,1,0.04,NATOPS,0,False,0.0,0.9523809523809524,
Globally,2,0.34,NATOPS,0,False,0.0,0.9523809523809524,
Eventually,2,1.0,NATOPS,0,False,0.0,0.9523809523809524,
And,4,,NATOPS,0,False,0.0,0.9523809523809524,
And,2,,NATOPS,0,False,0.0,0.9523809523809524,
Globally,1,0.06,NATOPS,0,False,0.0,0.9523809523809524,
Or,2,,NATOPS,0,False,0.0,0.9523809523809524,
Eventually,1,1.0,NATOPS,0,False,0.0,0.9523809523809524,
Eventually,2,0.36,NATOPS,0,False,0.0,0.9523809523809524,
Or,2,,NATOPS,0,False,0.0,0.9523809523809524,
Eventually,2,0.04,NATOPS,0,False,0.0,0.9523809523809524,
Or,2,,NATOPS,0,False,0.0,0.9523809523809524,
Or,3,,NATOPS,0,False,0.0,0.9523809523809524,
Or,3,,NATOPS,0,False,0.0,0.9523809523809524,
And,2,,NATOPS,0,False,0.0,0.9523809523809524,
Eventually,2,0.6,NATOPS,0,False,0.0,0.9523809523809524,
Eventually,1,0.12,NATOPS,0,False,0.0,0.9523809523809524,
Eventually,1,0.3,NATOPS,0,False,0.0,0.9523809523809524,
And,2,,NATOPS,0,False,0.0,0.9523809523809524,
Eventually,1,1.0,NATOPS,0,False,0.0,0.9523809523809524,
Globally,1,0.06,NATOPS,0,False,0.0,0.9523809523809524,
Globally,2,1.0,NATOPS,0,False,0.0,0.9523809523809524,
Eventually,2,0.04,NATOPS,0,False,0.0,0.9523809523809524,
Or,3,,NATOPS,0,False,0.0,0.9523809523809524,
And,3,,NATOPS,0,False,0.0,0.9523809523809524,
Globally,2,0.28,NATOPS,0,False,0.0,0.9523809523809524,
Globally,1,0.28,NATOPS,0,False,0.0,0.9523809523809524,
Eventually,2,0.52,NATOPS,0,False,0.0,0.9523809523809524,
Eventually,1,1.0,NATOPS,0,False,0.0,0.9523809523809524,
Globally,1,0.04,NATOPS,0,False,0.0,0.9523809523809524,
Or,2,,NATOPS,0,False,0.0,0.9523809523809524,
Eventually,1,0.04,NATOPS,0,False,0.0,0.9523809523809524,
Or,2,,NATOPS,0,False,0.0,0.9523809523809524,
Globally,2,0.08,NATOPS,0,False,0.0,0.9523809523809524,
Globally,1,0.8,NATOPS,0,False,0.0,0.9523809523809524,
Eventually,1,0.38,NATOPS,0,False,0.0,0.9523809523809524,
And,2,,NATOPS,0,False,0.0,0.9523809523809524,
Or,2,,NATOPS,0,False,0.0,0.9523809523809524,
And,2,,NATOPS,0,False,0.0,0.9523809523809524,
Eventually,1,0.04,NATOPS,0,False,0.0,0.9523809523809524,
Globally,1,0.04,NATOPS,0,False,0.0,0.9523809523809524,
Eventually,2,1.0,NATOPS,0,False,0.0,0.9523809523809524,
Globally,2,0.06,NATOPS,0,False,0.0,0.9523809523809524,
Or,2,,NATOPS,0,False,0.0,0.9523809523809524,
Globally,1,1.0,NATOPS,0,False,0.0,0.9523809523809524,
Globally,4,0.2,NATOPS,0,False,0.0,0.9523809523809524,
Or,2,,NATOPS,0,False,0.0,0.9523809523809524,
Globally,1,0.92,NATOPS,0,False,0.0,0.9523809523809524,
Eventually,1,1.0,NATOPS,0,False,0.0,0.9523809523809524,
Or,2,,NATOPS,0,False,0.0,0.9523809523809524,
Globally,3,0.06,NATOPS,0,False,0.0,0.9523809523809524,
Globally,1,0.76,NATOPS,0,False,0.0,0.9523809523809524,
And,2,,NATOPS,0,False,0.0,0.9523809523809524,
Or,2,,NATOPS,0,False,0.0,0.9523809523809524,
Globally,2,0.54,NATOPS,0,False,0.0,0.9523809523809524,
Or,2,,NATOPS,0,False,0.0,0.9523809523809524,
Eventually,2,1.0,NATOPS,0,False,0.0,0.9523809523809524,
Globally,1,0.22,NATOPS,0,False,0.0,0.9523809523809524,
Or,2,,NATOPS,0,False,0.0,0.9523809523809524,
Or,2,,NATOPS,0,False,0.0,0.9523809523809524,
Eventually,2,0.76,NATOPS,0,False,0.0,0.9523809523809524,
Globally,2,0.04,NATOPS,0,False,0.0,0.9523809523809524,
Or,2,,NATOPS,0,False,0.0,0.9523809523809524,
Eventually,1,0.06,NATOPS,0,False,0.0,0.9523809523809524,
Or,2,,NATOPS,0,False,0.0,0.9523809523809524,
Eventually,1,0.44,NATOPS,0,False,0.0,0.9523809523809524,
Globally,1,0.1,NATOPS,0,False,0.0,0.9523809523809524,
Eventually,1,0.04,NATOPS,0,False,0.0,0.9523809523809524,
Globally,1,0.04,NATOPS,0,False,0.0,0.9523809523809524,
Eventually,1,0.06,NATOPS,0,False,0.0,0.9523809523809524,
And,2,,NATOPS,0,False,0.0,0.9523809523809524,
Eventually,2,0.28,NATOPS,0,False,0.0,0.9523809523809524,
Eventually,1,0.04,NATOPS,0,False,0.0,0.9523809523809524,
Eventually,1,0.04,NATOPS,0,False,0.0,0.9523809523809524,
Eventually,2,0.26,NATOPS,0,False,0.0,0.9523809523809524,
Globally,1,0.1,NATOPS,0,False,0.0,0.9523809523809524,
Globally,1,1.0,NATOPS,0,False,0.0,0.9523809523809524,
Eventually,1,0.06,NATOPS,0,False,0.0,0.9523809523809524,
Eventually,1,0.5,NATOPS,0,False,0.0,0.9523809523809524,
Eventually,1,0.26,NATOPS,0,False,0.0,0.9523809523809524,
Globally,1,0.14,NATOPS,0,False,0.0,0.9523809523809524,
And,2,,NATOPS,0,False,0.0,0.9523809523809524,
Eventually,2,0.04,NATOPS,0,False,0.0,0.9523809523809524,
Or,3,,NATOPS,0,False,0.0,0.9523809523809524,
Globally,1,0.12,NATOPS,0,False,0.0,0.9523809523809524,
Eventually,1,0.2,NATOPS,0,False,0.0,0.9523809523809524,
Eventually,1,0.04,NATOPS,0,False,0.0,0.9523809523809524,
Eventually,1,0.46,NATOPS,0,False,0.0,0.9523809523809524,
Globally,1,0.04,NATOPS,0,False,0.0,0.9523809523809524,
And,3,,NATOPS,0,False,0.0,0.9523809523809524,
Eventually,1,1.0,NATOPS,0,False,0.0,0.9523809523809524,
Eventually,1,0.04,NATOPS,0,False,0.0,0.9523809523809524,
And,2,,NATOPS,0,False,0.0,0.9523809523809524,
Eventually,1,1.0,NATOPS,0,False,0.0,0.9523809523809524,
Or,4,,NATOPS,0,False,0.0,0.9523809523809524,
Globally,1,1.0,NATOPS,0,False,0.0,0.9523809523809524,
Or,2,,NATOPS,0,False,0.0,0.9523809523809524,
Globally,4,0.12,NATOPS,0,False,0.0,0.9523809523809524,
Eventually,1,1.0,NATOPS,0,False,0.0,0.9523809523809524,
Eventually,2,0.1,NATOPS,0,False,0.0,0.9523809523809524,
And,2,,NATOPS,0,False,0.0,0.9523809523809524,
Globally,1,0.18,NATOPS,0,False,0.0,0.9523809523809524,
Globally,3,0.76,NATOPS,0,False,0.0,0.9523809523809524,
Or,2,,NATOPS,0,False,0.0,0.9523809523809524,
Eventually,1,0.38,NATOPS,0,False,0.0,0.9523809523809524,
Eventually,1,0.04,NATOPS,0,False,0.0,0.9523809523809524,
Or,2,,NATOPS,0,False,0.0,0.9523809523809524,
Globally,1,0.16,NATOPS,0,False,0.0,0.9523809523809524,
Globally,1,0.28,NATOPS,0,False,0.0,0.9523809523809524,
Globally,1,0.08,NATOPS,0,False,0.0,0.9523809523809524,
Globally,1,0.14,NATOPS,0,False,0.0,0.9523809523809524,
And,2,,NATOPS,0,False,0.0,0.9523809523809524,
And,3,,NATOPS,0,False,0.0,0.9523809523809524,
Eventually,2,0.78,NATOPS,0,False,0.0,0.9523809523809524,
Or,3,,NATOPS,0,False,0.0,0.9523809523809524,
Eventually,1,0.06,NATOPS,0,False,0.0,0.9523809523809524,
Eventually,2,0.26,NATOPS,0,False,0.0,0.9523809523809524,
And,4,,NATOPS,0,False,0.0,0.9523809523809524,
And,3,,NATOPS,0,False,0.0,0.9523809523809524,
And,2,,NATOPS,0,False,0.0,0.9523809523809524,
Globally,2,0.24,NATOPS,0,False,0.0,0.9523809523809524,
Eventually,1,0.4,NATOPS,0,False,0.0,0.9523809523809524,
And,2,,NATOPS,0,False,0.0,0.9523809523809524,
Globally,2,1.0,NATOPS,0,False,0.0,0.9523809523809524,
And,4,,NATOPS,0,False,0.0,0.9523809523809524,
Eventually,2,0.62,NATOPS,0,False,0.0,0.9523809523809524,
Or,2,,NATOPS,0,False,0.0,0.9523809523809524,
Or,4,,NATOPS,0,False,0.0,0.9523809523809524,
Eventually,2,1.0,NATOPS,0,False,0.0,0.9523809523809524,
Globally,1,1.0,NATOPS,0,False,0.0,0.9523809523809524,
Globally,1,0.08,NATOPS,0,False,0.0,0.9523809523809524,
Eventually,1,0.32,NATOPS,0,False,0.0,0.9523809523809524,
Globally,2,0.1,NATOPS,0,False,0.0,0.9523809523809524,
Or,2,,NATOPS,0,False,0.0,0.9523809523809524,
And,2,,NATOPS,0,False,0.0,0.9523809523809524,
Eventually,3,0.22,NATOPS,0,False,0.0,0.9523809523809524,
Or,2,,NATOPS,0,False,0.0,0.9523809523809524,
Eventually,2,0.04,NATOPS,0,False,0.0,0.9523809523809524,
Or,2,,NATOPS,0,False,0.0,0.9523809523809524,
And,2,,NATOPS,0,False,0.0,0.9523809523809524,
Globally,1,1.0,NATOPS,0,False,0.0,0.9523809523809524,
Globally,2,0.18,NATOPS,0,False,0.0,0.9523809523809524,
And,2,,NATOPS,0,False,0.0,0.9523809523809524,
Or,3,,NATOPS,0,False,0.0,0.9523809523809524,
Or,2,,NATOPS,0,False,0.0,0.9523809523809524,
And,2,,NATOPS,0,False,0.0,0.9523809523809524,
Globally,1,0.42,NATOPS,0,False,0.0,0.9523809523809524,
Or,4,,NATOPS,0,False,0.0,0.9523809523809524,
And,2,,NATOPS,0,False,0.0,0.9523809523809524,
Eventually,1,0.04,NATOPS,0,False,0.0,0.9523809523809524,
And,2,,NATOPS,0,False,0.0,0.9523809523809524,
Eventually,1,0.16,NATOPS,0,False,0.0,0.9523809523809524,
Or,2,,NATOPS,0,False,0.0,0.9523809523809524,
Eventually,1,0.36,NATOPS,0,False,0.0,0.9523809523809524,
Globally,1,0.18,NATOPS,0,False,0.0,0.9523809523809524,
Eventually,1,0.1,NATOPS,0,False,0.0,0.9523809523809524,
Globally,3,0.66,NATOPS,0,False,0.0,0.9523809523809524,
Globally,1,0.16,NATOPS,0,False,0.0,0.9523809523809524,
Eventually,2,0.2,NATOPS,0,False,0.0,0.9523809523809524,
Globally,1,1.0,NATOPS,0,False,0.0,0.9523809523809524,
Globally,1,0.08,NATOPS,0,False,0.0,0.9523809523809524,
Globally,1,0.04,NATOPS,0,False,0.0,0.9523809523809524,
Globally,1,0.34,NATOPS,0,False,0.0,0.9523809523809524,
Globally,1,0.06,NATOPS,0,False,0.0,0.9523809523809524,
Globally,2,0.06,NATOPS,0,False,0.0,0.9523809523809524,
Or,2,,NATOPS,0,False,0.0,0.9523809523809524,
Globally,2,1.0,NATOPS,0,False,0.0,0.9523809523809524,
Eventually,3,0.14,NATOPS,0,False,0.0,0.9523809523809524,
Or,2,,NATOPS,0,False,0.0,0.9523809523809524,
Globally,1,0.3,NATOPS,0,False,0.0,0.9523809523809524,
Eventually,1,0.46,NATOPS,0,False,0.0,0.9523809523809524,
Globally,1,0.54,NATOPS,0,False,0.0,0.9523809523809524,
And,3,,NATOPS,0,False,0.0,0.9523809523809524,
Eventually,1,1.0,NATOPS,0,False,0.0,0.9523809523809524,
Eventually,2,0.46,NATOPS,0,False,0.0,0.9523809523809524,
Eventually,2,0.04,NATOPS,0,False,0.0,0.9523809523809524,
Globally,1,0.88,NATOPS,0,False,0.0,0.9523809523809524,
Or,2,,NATOPS,0,False,0.0,0.9523809523809524,
Globally,1,0.38,NATOPS,0,False,0.0,0.9523809523809524,
Globally,1,1.0,NATOPS,0,False,0.0,0.9523809523809524,
And,4,,NATOPS,0,False,0.0,0.9523809523809524,
And,3,,NATOPS,0,False,0.0,0.9523809523809524,
And,2,,NATOPS,0,False,0.0,0.9523809523809524,
And,4,,NATOPS,0,False,0.0,0.9523809523809524,
Eventually,2,0.02,NATOPS,0,False,0.0,0.9523809523809524,
Or,3,,NATOPS,0,False,0.0,0.9523809523809524,
Globally,1,0.88,NATOPS,0,False,0.0,0.9523809523809524,
And,4,,NATOPS,0,False,0.0,0.9523809523809524,
Globally,1,0.04,NATOPS,0,False,0.0,0.9523809523809524,
Or,4,,NATOPS,0,False,0.0,0.9523809523809524,
Globally,2,0.26,NATOPS,0,False,0.0,0.9523809523809524,
Globally,1,1.0,NATOPS,0,False,0.0,0.9523809523809524,
Eventually,1,0.04,NATOPS,0,False,0.0,0.9523809523809524,
And,2,,NATOPS,0,False,0.0,0.9523809523809524,
Or,4,,NATOPS,0,False,0.0,0.9523809523809524,
Eventually,4,0.72,NATOPS,0,False,0.0,0.9523809523809524,
Eventually,1,0.1,NATOPS,0,False,0.0,0.9523809523809524,
Eventually,1,0.06,NATOPS,0,False,0.0,0.9523809523809524,
Globally,1,0.04,NATOPS,0,False,0.0,0.9523809523809524,
Eventually,2,1.0,NATOPS,0,False,0.0,0.9523809523809524,
Globally,2,0.1,NATOPS,0,False,0.0,0.9523809523809524,
Eventually,1,0.08,NATOPS,0,False,0.0,0.9523809523809524,
Globally,1,1.0,NATOPS,0,False,0.0,0.9523809523809524,
Globally,2,0.58,NATOPS,0,False,0.0,0.9523809523809524,
Eventually,1,1.0,NATOPS,0,False,0.0,0.9523809523809524,
Globally,2,0.12,NATOPS,0,False,0.0,0.9523809523809524,
Globally,1,0.04,NATOPS,0,False,0.0,0.9523809523809524,
Eventually,2,0.06,NATOPS,0,False,0.0,0.9523809523809524,
Globally,2,1.0,NATOPS,0,False,0.0,0.9523809523809524,
Or,3,,NATOPS,0,False,0.0,0.9523809523809524,
Globally,1,0.86,NATOPS,0,False,0.0,0.9523809523809524,
Or,3,,NATOPS,0,False,0.0,0.9523809523809524,
And,2,,NATOPS,0,False,0.0,0.9523809523809524,
Globally,1,1.0,NATOPS,0,False,0.0,0.9523809523809524,
Eventually,1,0.08,NATOPS,0,False,0.0,0.9523809523809524,
Globally,1,1.0,NATOPS,0,False,0.0,0.9523809523809524,
Eventually,3,1.0,NATOPS,0,False,0.0,0.9523809523809524,
Globally,2,0.16,NATOPS,0,False,0.0,0.9523809523809524,
Globally,2,1.0,NATOPS,0,False,0.0,0.9523809523809524,
And,3,,NATOPS,0,False,0.0,0.9523809523809524,
Globally,1,0.14,NATOPS,0,False,0.0,0.9523809523809524,
Eventually,1,0.14,NATOPS,0,False,0.0,0.9523809523809524,
Or,3,,NATOPS,0,False,0.0,0.9523809523809524,
Eventually,1,1.0,NATOPS,0,False,0.0,0.9523809523809524,
Eventually,1,0.52,NATOPS,0,False,0.0,0.9523809523809524,
And,2,,NATOPS,0,False,0.0,0.9523809523809524,
Globally,2,1.0,NATOPS,0,False,0.0,0.9523809523809524,
Eventually,1,0.52,NATOPS,0,False,0.0,0.9523809523809524,
Eventually,1,0.04,NATOPS,0,False,0.0,0.9523809523809524,
Eventually,1,0.42,NATOPS,0,False,0.0,0.9523809523809524,
And,3,,NATOPS,0,False,0.0,0.9523809523809524,
Eventually,1,1.0,NATOPS,0,False,0.0,0.9523809523809524,
And,2,,NATOPS,0,False,0.0,0.9523809523809524,
And,3,,NATOPS,0,False,0.0,0.9523809523809524,
Or,4,,NATOPS,0,False,0.0,0.9523809523809524,
Eventually,2,0.14,NATOPS,0,False,0.0,0.9523809523809524,
Eventually,1,0.88,NATOPS,0,False,0.0,0.9523809523809524,
Globally,1,1.0,NATOPS,0,False,0.0,0.9523809523809524,
And,4,,NATOPS,0,False,0.0,0.9523809523809524,
Or,2,,NATOPS,0,False,0.0,0.9523809523809524,
Eventually,1,0.88,NATOPS,0,False,0.0,0.9523809523809524,
Eventually,2,0.92,NATOPS,0,False,0.0,0.9523809523809524,
And,4,,NATOPS,0,False,0.0,0.9523809523809524,
And,3,,NATOPS,0,False,0.0,0.9523809523809524,
Globally,1,0.62,NATOPS,0,False,0.0,0.9523809523809524,
Or,2,,NATOPS,0,False,0.0,0.9523809523809524,
And,4,,NATOPS,0,False,0.0,0.9523809523809524,
Globally,1,0.92,NATOPS,0,False,0.0,0.9523809523809524,
Globally,1,0.18,NATOPS,0,False,0.0,0.9523809523809524,
Or,2,,NATOPS,0,False,0.0,0.9523809523809524,
Or,3,,NATOPS,0,False,0.0,0.9523809523809524,
And,4,,NATOPS,0,False,0.0,0.9523809523809524,
Or,2,,NATOPS,0,False,0.0,0.9523809523809524,
Or,2,,NATOPS,0,False,0.0,0.9523809523809524,
Eventually,1,0.06,NATOPS,0,False,0.0,0.9523809523809524,
Globally,1,0.04,NATOPS,0,False,0.0,0.9523809523809524,
Eventually,1,1.0,NATOPS,0,False,0.0,0.9523809523809524,
Eventually,1,0.22,NATOPS,0,False,0.0,0.9523809523809524,
Globally,1,0.1,NATOPS,0,False,0.0,0.9523809523809524,
And,2,,NATOPS,0,False,0.0,0.9523809523809524,
Globally,1,1.0,NATOPS,0,False,0.0,0.9523809523809524,
Globally,2,0.62,NATOPS,0,False,0.0,0.9523809523809524,
Globally,1,0.1,NATOPS,0,False,0.0,0.9523809523809524,
Globally,1,1.0,NATOPS,0,False,0.0,0.9523809523809524,
Eventually,1,0.04,NATOPS,0,False,0.0,0.9523809523809524,
Eventually,1,0.2,NATOPS,0,False,0.0,0.9523809523809524,
And,2,,NATOPS,0,False,0.0,0.9523809523809524,
Globally,3,0.7,NATOPS,0,False,0.0,0.9523809523809524,
And,2,,NATOPS,0,False,0.0,0.9523809523809524,
Eventually,2,1.0,NATOPS,0,False,0.0,0.9523809523809524,
Globally,1,0.06,NATOPS,0,False,0.0,0.9523809523809524,
Globally,1,0.2,NATOPS,0,False,0.0,0.9523809523809524,
Or,2,,NATOPS,0,False,0.0,0.9523809523809524,
And,2,,NATOPS,0,False,0.0,0.9523809523809524,
Globally,2,0.16,NATOPS,0,False,0.0,0.9523809523809524,
Eventually,1,0.6,NATOPS,0,False,0.0,0.9523809523809524,
Or,2,,NATOPS,0,False,0.0,0.9523809523809524,
And,2,,NATOPS,0,False,0.0,0.9523809523809524,
Eventually,1,0.1,NATOPS,0,False,0.0,0.9523809523809524,
Or,2,,NATOPS,0,False,0.0,0.9523809523809524,
Eventually,1,0.06,NATOPS,0,False,0.0,0.9523809523809524,
Globally,2,0.16,NATOPS,0,False,0.0,0.9523809523809524,
Eventually,1,0.22,NATOPS,0,False,0.0,0.9523809523809524,
Globally,2,0.24,NATOPS,0,False,0.0,0.9523809523809524,
And,3,,NATOPS,0,False,0.0,0.9523809523809524,
Globally,2,0.14,NATOPS,0,False,0.0,0.9523809523809524,
Eventually,1,0.16,NATOPS,0,False,0.0,0.9523809523809524,
Globally,2,0.08,NATOPS,0,False,0.0,0.9523809523809524,
Globally,1,1.0,NATOPS,0,False,0.0,0.9523809523809524,
Globally,1,0.14,NATOPS,0,False,0.0,0.9523809523809524,
Or,2,,NATOPS,0,False,0.0,0.9523809523809524,
And,4,,NATOPS,0,False,0.0,0.9523809523809524,
And,2,,NATOPS,0,False,0.0,0.9523809523809524,
And,4,,NATOPS,0,False,0.0,0.9523809523809524,
Eventually,1,0.18,NATOPS,0,False,0.0,0.9523809523809524,
Eventually,1,0.02,NATOPS,0,False,0.0,0.9523809523809524,
Eventually,1,0.32,NATOPS,0,True,0.042035825152925865,0.9523809523809524,
Eventually,2,0.22,NATOPS,0,False,0.0,0.9523809523809524,
And,2,,NATOPS,0,False,0.0,0.9523809523809524,
Eventually,2,0.04,NATOPS,0,False,0.0,0.9523809523809524,
Globally,1,0.06,NATOPS,0,False,0.0,0.9523809523809524,
Globally,1,1.0,NATOPS,0,False,0.0,0.9523809523809524,
Or,3,,NATOPS,0,False,0.0,0.9523809523809524,
Or,4,,NATOPS,0,False,0.0,0.9523809523809524,
Eventually,2,1.0,NATOPS,0,False,0.0,0.9523809523809524,
Globally,3,0.4,NATOPS,0,False,0.0,0.9523809523809524,
And,2,,NATOPS,0,False,0.0,0.9523809523809524,
Globally,1,0.16,NATOPS,0,False,0.0,0.9523809523809524,
Globally,1,1.0,NATOPS,0,False,0.0,0.9523809523809524,
Eventually,1,0.06,NATOPS,0,False,0.0,0.9523809523809524,
Eventually,1,1.0,NATOPS,0,False,0.0,0.9523809523809524,
And,3,,NATOPS,0,False,0.0,0.9523809523809524,
And,2,,NATOPS,0,False,0.0,0.9523809523809524,
Eventually,1,1.0,NATOPS,0,False,0.0,0.9523809523809524,
Eventually,1,0.88,NATOPS,0,False,0.0,0.9523809523809524,
Or,2,,NATOPS,0,False,0.0,0.9523809523809524,
And,2,,NATOPS,0,False,0.0,0.9523809523809524,
And,2,,NATOPS,0,False,0.0,0.9523809523809524,
Globally,1,1.0,NATOPS,0,False,0.0,0.9523809523809524,
Eventually,1,0.94,NATOPS,0,False,0.0,0.9523809523809524,
And,3,,NATOPS,0,False,0.0,0.9523809523809524,
Eventually,1,0.14,NATOPS,0,False,0.0,0.9523809523809524,
Eventually,1,0.24,NATOPS,0,False,0.0,0.9523809523809524,
Globally,2,1.0,NATOPS,0,False,0.0,0.9523809523809524,
Eventually,1,0.96,NATOPS,0,False,0.0,0.9523809523809524,
Or,2,,NATOPS,0,False,0.0,0.9523809523809524,
Eventually,1,0.64,NATOPS,0,False,0.0,0.9523809523809524,
Eventually,1,0.08,NATOPS,0,False,0.0,0.9523809523809524,
Globally,1,0.92,NATOPS,0,False,0.0,0.9523809523809524,
Eventually,1,1.0,NATOPS,0,False,0.0,0.9523809523809524,
Globally,1,0.06,NATOPS,0,False,0.0,0.9523809523809524,
Globally,1,1.0,NATOPS,0,False,0.0,0.9523809523809524,
Globally,1,0.04,NATOPS,0,False,0.0,0.9523809523809524,
And,2,,NATOPS,0,False,0.0,0.9523809523809524,
Globally,2,1.0,NATOPS,0,False,0.0,0.9523809523809524,
Globally,1,1.0,NATOPS,0,False,0.0,0.9523809523809524,
Eventually,1,0.62,NATOPS,0,False,0.0,0.9523809523809524,
Or,2,,NATOPS,0,False,0.0,0.9523809523809524,
Eventually,1,0.5,NATOPS,0,False,0.0,0.9523809523809524,
Globally,1,0.3,NATOPS,0,False,0.0,0.9523809523809524,
Eventually,3,0.04,NATOPS,0,False,0.0,0.9523809523809524,
Eventually,1,0.96,NATOPS,0,False,0.0,0.9523809523809524,
Eventually,1,0.06,NATOPS,0,False,0.0,0.9523809523809524,
Eventually,2,0.16,NATOPS,0,False,0.0,0.9523809523809524,
Or,2,,NATOPS,0,False,0.0,0.9523809523809524,
Globally,1,0.28,NATOPS,0,False,0.0,0.9523809523809524,
Or,3,,NATOPS,0,False,0.0,0.9523809523809524,
Eventually,2,0.84,NATOPS,0,False,0.0,0.9523809523809524,
Or,4,,NATOPS,0,False,0.0,0.9523809523809524,
Globally,1,0.04,NATOPS,0,False,0.0,0.9523809523809524,
Globally,1,0.06,NATOPS,0,False,0.0,0.9523809523809524,
Eventually,1,0.52,NATOPS,0,False,0.0,0.9523809523809524,
Eventually,1,0.04,NATOPS,0,False,0.0,0.9523809523809524,
And,2,,NATOPS,0,False,0.0,0.9523809523809524,
Globally,2,0.56,NATOPS,0,False,0.0,0.9523809523809524,
Globally,1,0.28,NATOPS,0,False,0.0,0.9523809523809524,
Globally,1,0.04,NATOPS,0,False,0.0,0.9523809523809524,
Eventually,2,0.24,NATOPS,0,False,0.0,0.9523809523809524,
Or,4,,NATOPS,0,False,0.0,0.9523809523809524,
And,3,,NATOPS,0,False,0.0,0.9523809523809524,
Globally,2,1.0,NATOPS,0,False,0.0,0.9523809523809524,
Globally,1,0.06,NATOPS,0,False,0.0,0.9523809523809524,
Globally,1,0.48,NATOPS,0,False,0.0,0.9523809523809524,
And,3,,NATOPS,0,False,0.0,0.9523809523809524,
Eventually,1,0.32,NATOPS,0,False,0.0,0.9523809523809524,
Globally,2,0.54,NATOPS,0,False,0.0,0.9523809523809524,
Eventually,1,0.62,NATOPS,0,False,0.0,0.9523809523809524,
And,2,,NATOPS,0,False,0.0,0.9523809523809524,
Eventually,2,1.0,NATOPS,0,False,0.0,0.9523809523809524,
Globally,2,0.04,NATOPS,0,False,0.0,0.9523809523809524,
Globally,3,0.48,NATOPS,0,False,0.0,0.9523809523809524,
Or,2,,NATOPS,0,False,0.0,0.9523809523809524,
Eventually,2,0.42,NATOPS,0,False,0.0,0.9523809523809524,
Globally,4,0.04,NATOPS,0,False,0.0,0.9523809523809524,
Eventually,1,0.14,NATOPS,0,False,0.0,0.9523809523809524,
Or,2,,NATOPS,0,False,0.0,0.9523809523809524,
Eventually,1,0.48,NATOPS,0,False,0.0,0.9523809523809524,
And,2,,NATOPS,0,False,0.0,0.9523809523809524,
Eventually,2,1.0,NATOPS,0,False,0.0,0.9523809523809524,
Globally,2,0.34,NATOPS,0,False,0.0,0.9523809523809524,
Eventually,1,0.04,NATOPS,0,False,0.0,0.9523809523809524,
Globally,1,0.14,NATOPS,0,False,0.0,0.9523809523809524,
And,4,,NATOPS,0,False,0.0,0.9523809523809524,
Or,4,,NATOPS,0,False,0.0,0.9523809523809524,
Globally,1,0.56,NATOPS,0,False,0.0,0.9523809523809524,
Eventually,1,0.06,NATOPS,0,False,0.0,0.9523809523809524,
Globally,1,0.06,NATOPS,0,False,0.0,0.9523809523809524,
And,2,,NATOPS,0,False,0.0,0.9523809523809524,
Eventually,1,1.0,NATOPS,0,False,0.0,0.9523809523809524,
Eventually,1,0.34,NATOPS,0,False,0.0,0.9523809523809524,
Eventually,1,0.74,NATOPS,0,False,0.0,0.9523809523809524,
Eventually,1,1.0,NATOPS,0,False,0.0,0.9523809523809524,
Eventually,2,1.0,NATOPS,0,False,0.0,0.9523809523809524,
Globally,1,0.8,NATOPS,0,False,0.0,0.9523809523809524,
Eventually,2,0.06,NATOPS,0,False,0.0,0.9523809523809524,
Globally,1,0.18,NATOPS,0,False,0.0,0.9523809523809524,
And,2,,NATOPS,0,False,0.0,0.9523809523809524,
Globally,2,0.2,NATOPS,0,False,0.0,0.9523809523809524,
Globally,1,0.04,NATOPS,0,False,0.0,0.9523809523809524,
Globally,1,1.0,NATOPS,0,False,0.0,0.9523809523809524,
Or,4,,NATOPS,0,False,0.0,0.9523809523809524,
Eventually,2,0.86,NATOPS,0,False,0.0,0.9523809523809524,
Or,2,,NATOPS,0,False,0.0,0.9523809523809524,
Globally,1,1.0,NATOPS,0,False,0.0,0.9523809523809524,
Globally,1,0.06,NATOPS,0,False,0.0,0.9523809523809524,
And,4,,NATOPS,0,False,0.0,0.9523809523809524,
Eventually,1,0.54,NATOPS,0,False,0.0,0.9523809523809524,
Eventually,1,0.04,NATOPS,0,False,0.0,0.9523809523809524,
And,2,,NATOPS,0,False,0.0,0.9523809523809524,
Eventually,1,0.14,NATOPS,0,False,0.0,0.9523809523809524,
Eventually,1,0.4,NATOPS,0,False,0.0,0.9523809523809524,
And,2,,NATOPS,0,False,0.0,0.9523809523809524,
Eventually,1,0.06,NATOPS,0,False,0.0,0.9523809523809524,
Eventually,2,1.0,NATOPS,0,False,0.0,0.9523809523809524,
Eventually,2,1.0,NATOPS,0,False,0.0,0.9523809523809524,
Eventually,2,0.18,NATOPS,0,False,0.0,0.9523809523809524,
And,2,,NATOPS,0,False,0.0,0.9523809523809524,
Eventually,2,0.34,NATOPS,0,False,0.0,0.9523809523809524,
Or,2,,NATOPS,0,False,0.0,0.9523809523809524,
And,2,,NATOPS,0,False,0.0,0.9523809523809524,
Eventually,2,0.34,NATOPS,0,False,0.0,0.9523809523809524,
Or,2,,NATOPS,0,False,0.0,0.9523809523809524,
Eventually,2,0.8,NATOPS,0,False,0.0,0.9523809523809524,
Eventually,3,0.1,NATOPS,0,False,0.0,0.9523809523809524,
Globally,1,0.1,NATOPS,0,False,0.0,0.9523809523809524,
Or,3,,NATOPS,0,False,0.0,0.9523809523809524,
Eventually,1,0.36,NATOPS,0,False,0.0,0.9523809523809524,
Eventually,1,0.1,NATOPS,0,False,0.0,0.9523809523809524,
Globally,1,0.08,NATOPS,0,False,0.0,0.9523809523809524,
Or,4,,NATOPS,0,False,0.0,0.9523809523809524,
Or,2,,NATOPS,0,False,0.0,0.9523809523809524,
Globally,2,0.06,NATOPS,0,False,0.0,0.9523809523809524,
Globally,1,0.04,NATOPS,0,False,0.0,0.9523809523809524,
Eventually,2,0.12,NATOPS,0,False,0.0,0.9523809523809524,
And,4,,NATOPS,0,False,0.0,0.9523809523809524,
Eventually,1,0.5,NATOPS,0,False,0.0,0.9523809523809524,
Or,2,,NATOPS,0,False,0.0,0.9523809523809524,
Or,2,,NATOPS,0,False,0.0,0.9523809523809524,
Globally,1,0.06,NATOPS,0,False,0.0,0.9523809523809524,
Globally,1,0.4,NATOPS,0,False,0.0,0.9523809523809524,
Globally,1,1.0,NATOPS,0,False,0.0,0.9523809523809524,
Eventually,1,0.16,NATOPS,0,False,0.0,0.9523809523809524,
And,4,,NATOPS,0,False,0.0,0.9523809523809524,
And,2,,NATOPS,0,False,0.0,0.9523809523809524,
Or,4,,NATOPS,0,False,0.0,0.9523809523809524,
Eventually,1,0.24,NATOPS,0,False,0.0,0.9523809523809524,
Eventually,1,0.04,NATOPS,0,False,0.0,0.9523809523809524,
And,3,,NATOPS,0,False,0.0,0.9523809523809524,
Eventually,2,0.04,NATOPS,0,False,0.0,0.9523809523809524,
Eventually,1,0.12,NATOPS,0,False,0.0,0.9523809523809524,
Globally,1,0.08,NATOPS,0,False,0.0,0.9523809523809524,
And,2,,NATOPS,0,False,0.0,0.9523809523809524,
Or,2,,NATOPS,0,False,0.0,0.9523809523809524,
Or,2,,NATOPS,0,False,0.0,0.9523809523809524,
And,3,,NATOPS,0,False,0.0,0.9523809523809524,
Globally,2,0.18,NATOPS,0,False,0.0,0.9523809523809524,
Eventually,1,1.0,NATOPS,0,False,0.0,0.9523809523809524,
Eventually,1,0.68,NATOPS,0,False,0.0,0.9523809523809524,
Globally,1,1.0,NATOPS,0,False,0.0,0.9523809523809524,
Globally,3,0.82,NATOPS,0,False,0.0,0.9523809523809524,
Globally,1,0.04,NATOPS,0,False,0.0,0.9523809523809524,
Globally,1,0.52,NATOPS,0,False,0.0,0.9523809523809524,
Eventually,1,0.12,NATOPS,0,False,0.0,0.9523809523809524,
Eventually,1,1.0,NATOPS,0,False,0.0,0.9523809523809524,
Globally,1,0.24,NATOPS,0,False,0.0,0.9523809523809524,
Globally,1,0.08,NATOPS,0,False,0.0,0.9523809523809524,
Or,2,,NATOPS,0,False,0.0,0.9523809523809524,
Or,2,,NATOPS,0,False,0.0,0.9523809523809524,
Globally,1,0.44,NATOPS,0,False,0.0,0.9523809523809524,
Eventually,2,0.52,NATOPS,0,False,0.0,0.9523809523809524,
Globally,2,1.0,NATOPS,0,False,0.0,0.9523809523809524,
And,4,,NATOPS,0,False,0.0,0.9523809523809524,
Globally,4,0.3,NATOPS,0,False,0.0,0.9523809523809524,
Globally,1,0.06,NATOPS,0,False,0.0,0.9523809523809524,
And,4,,NATOPS,0,False,0.0,0.9523809523809524,
Globally,1,0.44,NATOPS,0,False,0.0,0.9523809523809524,
Or,3,,NATOPS,0,False,0.0,0.9523809523809524,
And,2,,NATOPS,0,False,0.0,0.9523809523809524,
Globally,1,1.0,NATOPS,0,False,0.0,0.9523809523809524,
Globally,1,0.72,NATOPS,0,False,0.0,0.9523809523809524,
Eventually,1,0.18,NATOPS,0,False,0.0,0.9523809523809524,
And,2,,NATOPS,0,False,0.0,0.9523809523809524,
Eventually,2,1.0,NATOPS,0,False,0.0,0.9523809523809524,
Globally,2,0.54,NATOPS,0,False,0.0,0.9523809523809524,
Or,2,,NATOPS,0,False,0.0,0.9523809523809524,
And,3,,NATOPS,0,False,0.0,0.9523809523809524,
Globally,1,0.14,NATOPS,0,False,0.0,0.9523809523809524,
Globally,1,1.0,NATOPS,0,False,0.0,0.9523809523809524,
Globally,1,0.28,NATOPS,0,False,0.0,0.9523809523809524,
Globally,1,1.0,NATOPS,0,False,0.0,0.9523809523809524,
Or,3,,NATOPS,0,False,0.0,0.9523809523809524,
And,2,,NATOPS,0,False,0.0,0.9523809523809524,
And,2,,NATOPS,0,False,0.0,0.9523809523809524,
And,4,,NATOPS,0,False,0.0,0.9523809523809524,
And,2,,NATOPS,0,False,0.0,0.9523809523809524,
Eventually,1,0.04,NATOPS,0,False,0.0,0.9523809523809524,
Or,2,,NATOPS,0,False,0.0,0.9523809523809524,
And,2,,NATOPS,0,False,0.0,0.9523809523809524,
Eventually,1,0.3,NATOPS,0,False,0.0,0.9523809523809524,
Globally,1,0.16,NATOPS,0,False,0.0,0.9523809523809524,
Eventually,2,1.0,NATOPS,0,False,0.0,0.9523809523809524,
Eventually,1,0.18,NATOPS,0,False,0.0,0.9523809523809524,
Globally,1,0.36,NATOPS,0,False,0.0,0.9523809523809524,
Globally,2,0.12,NATOPS,0,False,0.0,0.9523809523809524,
Globally,2,0.1,NATOPS,0,False,0.0,0.9523809523809524,
Eventually,1,1.0,NATOPS,0,False,0.0,0.9523809523809524,
And,3,,NATOPS,0,False,0.0,0.9523809523809524,
Globally,2,0.38,NATOPS,0,False,0.0,0.9523809523809524,
Eventually,1,0.06,NATOPS,0,False,0.0,0.9523809523809524,
Eventually,1,0.86,NATOPS,0,False,0.0,0.9523809523809524,
And,2,,NATOPS,0,False,0.0,0.9523809523809524,
Globally,3,1.0,NATOPS,0,False,0.0,0.9523809523809524,
And,2,,NATOPS,0,False,0.0,0.9523809523809524,
Eventually,1,0.74,NATOPS,0,False,0.0,0.9523809523809524,
Or,4,,NATOPS,0,False,0.0,0.9523809523809524,
Eventually,3,0.88,NATOPS,0,False,0.0,0.9523809523809524,
And,3,,NATOPS,0,False,0.0,0.9523809523809524,
Eventually,1,0.26,NATOPS,0,False,0.0,0.9523809523809524,
Globally,2,0.9,NATOPS,0,False,0.0,0.9523809523809524,
And,4,,NATOPS,0,False,0.0,0.9523809523809524,
And,3,,NATOPS,0,False,0.0,0.9523809523809524,
Globally,1,1.0,NATOPS,0,False,0.0,0.9523809523809524,
And,2,,NATOPS,0,False,0.0,0.9523809523809524,
Globally,1,0.04,NATOPS,0,False,0.0,0.9523809523809524,
And,2,,NATOPS,0,False,0.0,0.9523809523809524,
Globally,2,0.16,NATOPS,0,False,0.0,0.9523809523809524,
And,2,,NATOPS,0,False,0.0,0.9523809523809524,
Eventually,1,0.04,NATOPS,0,False,0.0,0.9523809523809524,
Eventually,1,0.16,NATOPS,0,False,0.0,0.9523809523809524,
Eventually,1,0.88,NATOPS,0,False,0.0,0.9523809523809524,
Globally,1,0.08,NATOPS,0,False,0.0,0.9523809523809524,
And,2,,NATOPS,0,False,0.0,0.9523809523809524,
Eventually,1,1.0,NATOPS,0,False,0.0,0.9523809523809524,
Or,3,,NATOPS,0,False,0.0,0.9523809523809524,
And,2,,NATOPS,0,False,0.0,0.9523809523809524,
Globally,1,0.08,NATOPS,0,False,0.0,0.9523809523809524,
Or,2,,NATOPS,0,False,0.0,0.9523809523809524,
Globally,2,0.38,NATOPS,0,False,0.0,0.9523809523809524,
Eventually,1,0.52,NATOPS,0,False,0.0,0.9523809523809524,
Eventually,1,0.72,NATOPS,0,False,0.0,0.9523809523809524,
Eventually,1,0.42,NATOPS,0,False,0.0,0.9523809523809524,
Eventually,1,1.0,NATOPS,0,False,0.0,0.9523809523809524,
And,3,,NATOPS,0,False,0.0,0.9523809523809524,
And,3,,NATOPS,0,False,0.0,0.9523809523809524,
Eventually,1,0.04,NATOPS,0,False,0.0,0.9523809523809524,
And,2,,NATOPS,0,False,0.0,0.9523809523809524,
And,3,,NATOPS,0,False,0.0,0.9523809523809524,
Globally,1,0.78,NATOPS,0,False,0.0,0.9523809523809524,
Globally,1,0.26,NATOPS,0,False,0.0,0.9523809523809524,
Eventually,3,0.16,NATOPS,0,False,0.0,0.9523809523809524,
Globally,1,0.04,NATOPS,0,False,0.0,0.9523809523809524,
And,4,,NATOPS,0,False,0.0,0.9523809523809524,
Globally,1,0.32,NATOPS,0,False,0.0,0.9523809523809524,
Globally,3,0.96,NATOPS,0,False,0.0,0.9523809523809524,
Eventually,1,0.9,NATOPS,0,False,0.0,0.9523809523809524,
Globally,1,0.16,NATOPS,0,False,0.0,0.9523809523809524,
Globally,1,0.22,NATOPS,0,False,0.0,0.9523809523809524,
Globally,1,0.26,NATOPS,0,False,0.0,0.9523809523809524,
And,2,,NATOPS,0,False,0.0,0.9523809523809524,
Globally,1,0.48,NATOPS,0,False,0.0,0.9523809523809524,
Globally,1,0.04,NATOPS,0,False,0.0,0.9523809523809524,
Eventually,1,0.2,NATOPS,0,False,0.0,0.9523809523809524,
Eventually,1,0.04,NATOPS,0,False,0.0,0.9523809523809524,
Globally,2,0.78,NATOPS,0,False,0.0,0.9523809523809524,
Or,2,,NATOPS,0,False,0.0,0.9523809523809524,
Eventually,1,1.0,NATOPS,0,False,0.0,0.9523809523809524,
Or,4,,NATOPS,0,False,0.0,0.9523809523809524,
Eventually,1,1.0,NATOPS,0,False,0.0,0.9523809523809524,
Or,2,,NATOPS,0,False,0.0,0.9523809523809524,
Globally,1,0.48,NATOPS,0,False,0.0,0.9523809523809524,
And,4,,NATOPS,0,False,0.0,0.9523809523809524,
And,2,,NATOPS,0,False,0.0,0.9523809523809524,
Globally,1,0.64,NATOPS,0,False,0.0,0.9523809523809524,
Eventually,4,0.06,NATOPS,0,False,0.0,0.9523809523809524,
Or,2,,NATOPS,0,False,0.0,0.9523809523809524,
Eventually,1,0.14,NATOPS,0,False,0.0,0.9523809523809524,
Globally,2,1.0,NATOPS,0,False,0.0,0.9523809523809524,
And,4,,NATOPS,0,False,0.0,0.9523809523809524,
Or,2,,NATOPS,0,False,0.0,0.9523809523809524,
And,2,,NATOPS,0,False,0.0,0.9523809523809524,
And,3,,NATOPS,0,False,0.0,0.9523809523809524,
Eventually,1,1.0,NATOPS,0,False,0.0,0.9523809523809524,
Eventually,2,0.6,NATOPS,0,False,0.0,0.9523809523809524,
And,2,,NATOPS,0,False,0.0,0.9523809523809524,
Eventually,1,1.0,NATOPS,0,False,0.0,0.9523809523809524,
Or,3,,NATOPS,0,False,0.0,0.9523809523809524,
Globally,1,0.7,NATOPS,0,False,0.0,0.9523809523809524,
Globally,2,0.26,NATOPS,0,False,0.0,0.9523809523809524,
Eventually,1,0.12,NATOPS,0,False,0.0,0.9523809523809524,
Eventually,2,0.12,NATOPS,0,False,0.0,0.9523809523809524,
Or,2,,NATOPS,0,False,0.0,0.9523809523809524,
Globally,1,0.04,NATOPS,0,False,0.0,0.9523809523809524,
Or,3,,NATOPS,0,False,0.0,0.9523809523809524,
Or,2,,NATOPS,0,False,0.0,0.9523809523809524,
And,2,,NATOPS,0,False,0.0,0.9523809523809524,
And,2,,NATOPS,0,False,0.0,0.9523809523809524,
Eventually,1,0.62,NATOPS,0,False,0.0,0.9523809523809524,
Globally,1,0.08,NATOPS,0,False,0.0,0.9523809523809524,
Globally,2,0.06,NATOPS,0,False,0.0,0.9523809523809524,
Eventually,1,0.2,NATOPS,0,False,0.0,0.9523809523809524,
Globally,3,0.56,NATOPS,0,False,0.0,0.9523809523809524,
And,2,,NATOPS,0,False,0.0,0.9523809523809524,
Eventually,1,0.6,NATOPS,0,False,0.0,0.9523809523809524,
Eventually,2,0.34,NATOPS,0,False,0.0,0.9523809523809524,
Eventually,1,0.04,NATOPS,0,False,0.0,0.9523809523809524,
Globally,1,1.0,NATOPS,0,False,0.0,0.9523809523809524,
And,2,,NATOPS,0,False,0.0,0.9523809523809524,
Globally,2,0.52,NATOPS,0,False,0.0,0.9523809523809524,
And,3,,NATOPS,0,False,0.0,0.9523809523809524,
Eventually,4,0.42,NATOPS,0,False,0.0,0.9523809523809524,
And,3,,NATOPS,0,False,0.0,0.9523809523809524,
And,2,,NATOPS,0,False,0.0,0.9523809523809524,
Eventually,3,0.06,NATOPS,0,False,0.0,0.9523809523809524,
Eventually,2,1.0,NATOPS,0,False,0.0,0.9523809523809524,
Eventually,3,0.8,NATOPS,0,False,0.0,0.9523809523809524,
Globally,1,1.0,NATOPS,0,False,0.0,0.9523809523809524,
And,3,,NATOPS,0,False,0.0,0.9523809523809524,
Eventually,1,0.04,NATOPS,0,False,0.0,0.9523809523809524,
And,2,,NATOPS,0,False,0.0,0.9523809523809524,
Eventually,1,1.0,NATOPS,0,False,0.0,0.9523809523809524,
Globally,4,0.48,NATOPS,0,False,0.0,0.9523809523809524,
Or,2,,NATOPS,0,False,0.0,0.9523809523809524,
And,3,,NATOPS,0,False,0.0,0.9523809523809524,
Globally,1,0.2,NATOPS,0,False,0.0,0.9523809523809524,
Eventually,1,0.06,NATOPS,0,False,0.0,0.9523809523809524,
Eventually,1,1.0,NATOPS,0,False,0.0,0.9523809523809524,
Globally,1,0.22,NATOPS,0,False,0.0,0.9523809523809524,
Globally,1,0.66,NATOPS,0,False,0.0,0.9523809523809524,
And,3,,NATOPS,0,False,0.0,0.9523809523809524,
Eventually,1,0.82,NATOPS,0,False,0.0,0.9523809523809524,
Eventually,1,0.08,NATOPS,0,False,0.0,0.9523809523809524,
Or,2,,NATOPS,0,False,0.0,0.9523809523809524,
Eventually,1,0.04,NATOPS,0,False,0.0,0.9523809523809524,
Eventually,1,1.0,NATOPS,0,False,0.0,0.9523809523809524,
And,3,,NATOPS,0,False,0.0,0.9523809523809524,
Eventually,1,0.88,NATOPS,0,False,0.0,0.9523809523809524,
And,3,,NATOPS,0,False,0.0,0.9523809523809524,
Globally,2,0.9,NATOPS,0,False,0.0,0.9523809523809524,
Or,4,,NATOPS,0,False,0.0,0.9523809523809524,
And,2,,NATOPS,0,False,0.0,0.9523809523809524,
Globally,1,0.18,NATOPS,0,False,0.0,0.9523809523809524,
Eventually,2,0.88,NATOPS,0,False,0.0,0.9523809523809524,
Or,2,,NATOPS,0,False,0.0,0.9523809523809524,
Globally,1,0.32,NATOPS,0,False,0.0,0.9523809523809524,
Globally,1,1.0,NATOPS,0,False,0.0,0.9523809523809524,
Or,2,,NATOPS,0,False,0.0,0.9523809523809524,
Eventually,2,0.06,NATOPS,0,False,0.0,0.9523809523809524,
Globally,1,1.0,NATOPS,0,False,0.0,0.9523809523809524,
Or,2,,NATOPS,0,False,0.0,0.9523809523809524,
Eventually,1,0.06,NATOPS,0,False,0.0,0.9523809523809524,
Or,4,,NATOPS,0,False,0.0,0.9523809523809524,
And,2,,NATOPS,0,False,0.0,0.9523809523809524,
Globally,2,0.14,NATOPS,0,False,0.0,0.9523809523809524,
Eventually,1,0.04,NATOPS,0,False,0.0,0.9523809523809524,
Eventually,1,0.12,NATOPS,0,False,0.0,0.9523809523809524,
And,3,,NATOPS,0,False,0.0,0.9523809523809524,
Or,3,,NATOPS,0,False,0.0,0.9523809523809524,
Or,4,,NATOPS,0,False,0.0,0.9523809523809524,
And,3,,NATOPS,0,False,0.0,0.9523809523809524,
And,2,,NATOPS,0,False,0.0,0.9523809523809524,
Eventually,1,1.0,NATOPS,0,False,0.0,0.9523809523809524,
Eventually,1,0.14,NATOPS,0,False,0.0,0.9523809523809524,
Globally,1,0.26,NATOPS,0,False,0.0,0.9523809523809524,
Globally,3,0.74,NATOPS,0,False,0.0,0.9523809523809524,
Or,4,,NATOPS,0,False,0.0,0.9523809523809524,
Globally,2,1.0,NATOPS,0,False,0.0,0.9523809523809524,
Eventually,1,0.36,NATOPS,0,False,0.0,0.9523809523809524,
Globally,2,0.14,NATOPS,0,False,0.0,0.9523809523809524,
Globally,2,0.98,NATOPS,0,False,0.0,0.9523809523809524,
Globally,1,0.28,NATOPS,0,False,0.0,0.9523809523809524,
Or,4,,NATOPS,0,False,0.0,0.9523809523809524,
Globally,3,0.04,NATOPS,0,False,0.0,0.9523809523809524,
Globally,1,0.04,NATOPS,0,False,0.0,0.9523809523809524,
Eventually,1,0.06,NATOPS,0,False,0.0,0.9523809523809524,
Eventually,1,0.04,NATOPS,0,False,0.0,0.9523809523809524,
Eventually,1,0.9,NATOPS,0,False,0.0,0.9523809523809524,
And,3,,NATOPS,0,False,0.0,0.9523809523809524,
Eventually,2,0.16,NATOPS,0,False,0.0,0.9523809523809524,
And,2,,NATOPS,0,False,0.0,0.9523809523809524,
Globally,4,0.16,NATOPS,0,False,0.0,0.9523809523809524,
And,2,,NATOPS,0,False,0.0,0.9523809523809524,
Globally,1,0.54,NATOPS,0,False,0.0,0.9523809523809524,
Eventually,1,0.88,NATOPS,0,False,0.0,0.9523809523809524,
Eventually,2,1.0,NATOPS,0,False,0.0,0.9523809523809524,
Globally,1,0.42,NATOPS,0,False,0.0,0.9523809523809524,
Globally,1,1.0,NATOPS,0,False,0.0,0.9523809523809524,
And,2,,NATOPS,0,False,0.0,0.9523809523809524,
And,4,,NATOPS,0,False,0.0,0.9523809523809524,
Eventually,2,1.0,NATOPS,0,False,0.0,0.9523809523809524,
Eventually,1,1.0,NATOPS,0,False,0.0,0.9523809523809524,
Or,2,,NATOPS,0,False,0.0,0.9523809523809524,
Globally,1,1.0,NATOPS,0,False,0.0,0.9523809523809524,
Globally,1,0.46,NATOPS,0,False,0.0,0.9523809523809524,
And,2,,NATOPS,0,False,0.0,0.9523809523809524,
Globally,1,0.76,NATOPS,0,False,0.0,0.9523809523809524,
Eventually,4,0.04,NATOPS,0,False,0.0,0.9523809523809524,
Globally,1,0.08,NATOPS,0,False,0.0,0.9523809523809524,
Globally,2,0.26,NATOPS,0,False,0.0,0.9523809523809524,
Or,4,,NATOPS,0,False,0.0,0.9523809523809524,
Globally,1,0.18,NATOPS,0,False,0.0,0.9523809523809524,
Globally,3,0.14,NATOPS,0,False,0.0,0.9523809523809524,
Eventually,1,0.04,NATOPS,0,False,0.0,0.9523809523809524,
Globally,1,1.0,NATOPS,0,False,0.0,0.9523809523809524,
Eventually,1,1.0,NATOPS,0,False,0.0,0.9523809523809524,
Or,2,,NATOPS,0,False,0.0,0.9523809523809524,
Globally,1,1.0,NATOPS,0,False,0.0,0.9523809523809524,
Eventually,2,0.26,NATOPS,0,False,0.0,0.9523809523809524,
Eventually,1,0.48,NATOPS,0,False,0.0,0.9523809523809524,
Or,2,,NATOPS,0,False,0.0,0.9523809523809524,
Eventually,1,0.06,NATOPS,0,False,0.0,0.9523809523809524,
Globally,3,1.0,NATOPS,0,False,0.0,0.9523809523809524,
And,4,,NATOPS,0,False,0.0,0.9523809523809524,
Eventually,1,0.08,NATOPS,0,False,0.0,0.9523809523809524,
Globally,1,0.36,NATOPS,0,False,0.0,0.9523809523809524,
Globally,2,0.32,NATOPS,0,False,0.0,0.9523809523809524,
Or,3,,NATOPS,0,False,0.0,0.9523809523809524,
Globally,1,0.12,NATOPS,0,False,0.0,0.9523809523809524,
Eventually,1,1.0,NATOPS,0,False,0.0,0.9523809523809524,
Or,2,,NATOPS,0,False,0.0,0.9523809523809524,
And,2,,NATOPS,0,False,0.0,0.9523809523809524,
Or,3,,NATOPS,0,False,0.0,0.9523809523809524,
Or,2,,NATOPS,0,False,0.0,0.9523809523809524,
Or,4,,NATOPS,0,False,0.0,0.9523809523809524,
Eventually,1,0.08,NATOPS,0,False,0.0,0.9523809523809524,
Globally,1,0.08,NATOPS,0,False,0.0,0.9523809523809524,
And,2,,NATOPS,0,False,0.0,0.9523809523809524,
And,4,,NATOPS,0,False,0.0,0.9523809523809524,
And,2,,NATOPS,0,False,0.0,0.9523809523809524,
And,2,,NATOPS,0,False,0.0,0.9523809523809524,
Globally,1,0.64,NATOPS,0,False,0.0,0.9523809523809524,
Eventually,2,0.6,NATOPS,0,False,0.0,0.9523809523809524,
Or,3,,NATOPS,0,False,0.0,0.9523809523809524,
Eventually,1,1.0,NATOPS,0,False,0.0,0.9523809523809524,
Globally,1,0.28,NATOPS,0,False,0.0,0.9523809523809524,
And,3,,NATOPS,0,False,0.0,0.9523809523809524,
Or,2,,NATOPS,0,False,0.0,0.9523809523809524,
Eventually,2,1.0,NATOPS,0,False,0.0,0.9523809523809524,
Eventually,1,0.18,NATOPS,0,False,0.0,0.9523809523809524,
Globally,1,1.0,NATOPS,0,False,0.0,0.9523809523809524,
Globally,1,0.12,NATOPS,0,False,0.0,0.9523809523809524,
Eventually,1,0.08,NATOPS,0,False,0.0,0.9523809523809524,
And,4,,NATOPS,0,False,0.0,0.9523809523809524,
Eventually,2,0.06,NATOPS,0,False,0.0,0.9523809523809524,
And,3,,NATOPS,0,False,0.0,0.9523809523809524,
And,3,,NATOPS,0,False,0.0,0.9523809523809524,
And,3,,NATOPS,0,False,0.0,0.9523809523809524,
Eventually,1,0.94,NATOPS,0,False,0.0,0.9523809523809524,
Globally,2,1.0,NATOPS,0,False,0.0,0.9523809523809524,
Eventually,1,0.04,NATOPS,0,False,0.0,0.9523809523809524,
Eventually,1,1.0,NATOPS,0,False,0.0,0.9523809523809524,
Eventually,1,1.0,NATOPS,0,False,0.0,0.9523809523809524,
Or,4,,NATOPS,0,False,0.0,0.9523809523809524,
Or,2,,NATOPS,0,False,0.0,0.9523809523809524,
Globally,1,0.26,NATOPS,0,False,0.0,0.9523809523809524,
Globally,1,0.04,NATOPS,0,False,0.0,0.9523809523809524,
Globally,2,0.06,NATOPS,0,False,0.0,0.9523809523809524,
Eventually,1,0.04,NATOPS,0,False,0.0,0.9523809523809524,
Eventually,1,0.56,NATOPS,0,False,0.0,0.9523809523809524,
Globally,1,0.06,NATOPS,0,False,0.0,0.9523809523809524,
Globally,1,0.04,NATOPS,0,False,0.0,0.9523809523809524,
And,2,,NATOPS,0,False,0.0,0.9523809523809524,
Globally,1,1.0,NATOPS,0,False,0.0,0.9523809523809524,
Globally,1,0.42,NATOPS,0,False,0.0,0.9523809523809524,
Globally,2,0.22,NATOPS,0,False,0.0,0.9523809523809524,
Or,2,,NATOPS,0,False,0.0,0.9523809523809524,
Or,4,,NATOPS,0,False,0.0,0.9523809523809524,
Eventually,1,0.04,NATOPS,0,False,0.0,0.9523809523809524,
Globally,2,0.9,NATOPS,0,False,0.0,0.9523809523809524,
Globally,3,0.54,NATOPS,0,False,0.0,0.9523809523809524,
And,2,,NATOPS,0,False,0.0,0.9523809523809524,
And,2,,NATOPS,0,False,0.0,0.9523809523809524,
And,4,,NATOPS,0,False,0.0,0.9523809523809524,
And,4,,NATOPS,0,False,0.0,0.9523809523809524,
And,3,,NATOPS,0,False,0.0,0.9523809523809524,
And,2,,NATOPS,0,False,0.0,0.9523809523809524,
And,4,,NATOPS,0,False,0.0,0.9523809523809524,
Globally,1,0.22,NATOPS,0,False,0.0,0.9523809523809524,
Globally,1,1.0,NATOPS,0,False,0.0,0.9523809523809524,
Eventually,1,0.1,NATOPS,0,False,0.0,0.9523809523809524,
And,2,,NATOPS,0,False,0.0,0.9523809523809524,
Eventually,1,0.1,NATOPS,0,False,0.0,0.9523809523809524,
Or,3,,NATOPS,0,False,0.0,0.9523809523809524,
Globally,2,0.04,NATOPS,0,False,0.0,0.9523809523809524,
And,4,,NATOPS,0,False,0.0,0.9523809523809524,
Globally,2,0.98,NATOPS,0,False,0.0,0.9523809523809524,
Eventually,1,0.26,NATOPS,0,False,0.0,0.9523809523809524,
Globally,2,1.0,NATOPS,0,False,0.0,0.9523809523809524,
Or,2,,NATOPS,0,False,0.0,0.9523809523809524,
Globally,2,0.24,NATOPS,0,False,0.0,0.9523809523809524,
Globally,1,0.04,NATOPS,0,False,0.0,0.9523809523809524,
Eventually,1,1.0,NATOPS,0,False,0.0,0.9523809523809524,
And,3,,NATOPS,0,False,0.0,0.9523809523809524,
Globally,1,0.34,NATOPS,0,False,0.0,0.9523809523809524,
Eventually,1,0.18,NATOPS,0,False,0.0,0.9523809523809524,
Or,2,,NATOPS,0,False,0.0,0.9523809523809524,
Eventually,1,0.46,NATOPS,0,False,0.0,0.9523809523809524,
Eventually,1,0.14,NATOPS,0,False,0.0,0.9523809523809524,
Globally,1,0.62,NATOPS,0,False,0.0,0.9523809523809524,
Globally,1,0.18,NATOPS,0,False,0.0,0.9523809523809524,
Globally,1,0.32,NATOPS,0,False,0.0,0.9523809523809524,
And,3,,NATOPS,0,False,0.0,0.9523809523809524,
Eventually,1,0.04,NATOPS,0,False,0.0,0.9523809523809524,
Or,2,,NATOPS,0,False,0.0,0.9523809523809524,
Eventually,2,0.06,NATOPS,0,False,0.0,0.9523809523809524,
Globally,1,1.0,NATOPS,0,False,0.0,0.9523809523809524,
Eventually,3,0.58,NATOPS,0,False,0.0,0.9523809523809524,
Eventually,1,0.56,NATOPS,0,False,0.0,0.9523809523809524,
Eventually,1,0.48,NATOPS,0,False,0.0,0.9523809523809524,
Globally,3,0.3,NATOPS,0,False,0.0,0.9523809523809524,
Globally,1,0.04,NATOPS,0,False,0.0,0.9523809523809524,
Or,4,,NATOPS,0,False,0.0,0.9523809523809524,
Globally,1,0.92,NATOPS,0,False,0.0,0.9523809523809524,
And,2,,NATOPS,0,False,0.0,0.9523809523809524,
Eventually,2,0.76,NATOPS,0,False,0.0,0.9523809523809524,
Eventually,1,0.16,NATOPS,0,False,0.0,0.9523809523809524,
Eventually,2,1.0,NATOPS,0,False,0.0,0.9523809523809524,
Eventually,2,0.48,NATOPS,0,False,0.0,0.9523809523809524,
Globally,1,0.3,NATOPS,0,False,0.0,0.9523809523809524,
And,2,,NATOPS,0,False,0.0,0.9523809523809524,
Or,3,,NATOPS,0,False,0.0,0.9523809523809524,
And,2,,NATOPS,0,False,0.0,0.9523809523809524,
Eventually,2,0.12,NATOPS,0,False,0.0,0.9523809523809524,
And,2,,NATOPS,0,False,0.0,0.9523809523809524,
And,3,,NATOPS,0,False,0.0,0.9523809523809524,
Globally,1,0.16,NATOPS,0,False,0.0,0.9523809523809524,
And,4,,NATOPS,0,False,0.0,0.9523809523809524,
Globally,1,0.06,NATOPS,0,False,0.0,0.9523809523809524,
Or,4,,NATOPS,0,False,0.0,0.9523809523809524,
Eventually,1,0.14,NATOPS,0,False,0.0,0.9523809523809524,
Globally,1,1.0,NATOPS,0,False,0.0,0.9523809523809524,
Eventually,2,0.28,NATOPS,0,False,0.0,0.9523809523809524,
Eventually,1,0.04,NATOPS,0,False,0.0,0.9523809523809524,
Globally,1,0.16,NATOPS,0,False,0.0,0.9523809523809524,
Eventually,1,0.28,NATOPS,0,False,0.0,0.9523809523809524,
Eventually,1,0.1,NATOPS,0,False,0.0,0.9523809523809524,
And,4,,NATOPS,0,False,0.0,0.9523809523809524,
Or,2,,NATOPS,0,False,0.0,0.9523809523809524,
And,2,,NATOPS,0,False,0.0,0.9523809523809524,
Eventually,1,0.16,NATOPS,0,False,0.0,0.9523809523809524,
Globally,1,0.92,NATOPS,0,False,0.0,0.9523809523809524,
Globally,2,1.0,NATOPS,0,False,0.0,0.9523809523809524,
Eventually,1,0.06,NATOPS,0,False,0.0,0.9523809523809524,
And,2,,NATOPS,0,False,0.0,0.9523809523809524,
Globally,2,1.0,NATOPS,0,False,0.0,0.9523809523809524,
Globally,1,1.0,NATOPS,0,False,0.0,0.9523809523809524,
Globally,1,0.1,NATOPS,0,False,0.0,0.9523809523809524,
Globally,1,0.88,NATOPS,0,False,0.0,0.9523809523809524,
Eventually,3,0.88,NATOPS,0,False,0.0,0.9523809523809524,
Eventually,1,0.04,NATOPS,0,False,0.0,0.9523809523809524,
Or,3,,NATOPS,0,False,0.0,0.9523809523809524,
Or,2,,NATOPS,0,False,0.0,0.9523809523809524,
Eventually,3,0.98,NATOPS,0,False,0.0,0.9523809523809524,
Globally,1,0.08,NATOPS,0,False,0.0,0.9523809523809524,
Globally,1,0.06,NATOPS,0,False,0.0,0.9523809523809524,
Globally,1,0.58,NATOPS,0,False,0.0,0.9523809523809524,
Eventually,1,1.0,NATOPS,0,False,0.0,0.9523809523809524,
Or,3,,NATOPS,0,False,0.0,0.9523809523809524,
Globally,1,1.0,NATOPS,0,False,0.0,0.9523809523809524,
Globally,2,0.88,NATOPS,0,False,0.0,0.9523809523809524,
Eventually,1,1.0,NATOPS,0,False,0.0,0.9523809523809524,
Globally,1,1.0,NATOPS,0,False,0.0,0.9523809523809524,
Globally,1,0.34,NATOPS,0,False,0.0,0.9523809523809524,
Eventually,1,0.3,NATOPS,0,False,0.0,0.9523809523809524,
Globally,1,0.4,NATOPS,0,False,0.0,0.9523809523809524,
Or,3,,NATOPS,0,False,0.0,0.9523809523809524,
Or,2,,NATOPS,0,False,0.0,0.9523809523809524,
Eventually,1,1.0,NATOPS,0,False,0.0,0.9523809523809524,
Globally,2,1.0,NATOPS,0,False,0.0,0.9523809523809524,
Globally,2,0.06,NATOPS,0,False,0.0,0.9523809523809524,
Globally,1,0.7,NATOPS,0,False,0.0,0.9523809523809524,
Eventually,3,0.36,NATOPS,0,False,0.0,0.9523809523809524,
Eventually,3,1.0,NATOPS,0,False,0.0,0.9523809523809524,
Eventually,2,0.06,NATOPS,0,False,0.0,0.9523809523809524,
Globally,1,0.08,NATOPS,0,False,0.0,0.9523809523809524,
Globally,1,1.0,NATOPS,0,False,0.0,0.9523809523809524,
Eventually,2,0.1,NATOPS,0,False,0.0,0.9523809523809524,
Or,3,,NATOPS,0,False,0.0,0.9523809523809524,
Eventually,1,0.56,NATOPS,0,False,0.0,0.9523809523809524,
And,3,,NATOPS,0,False,0.0,0.9523809523809524,
Globally,1,0.44,NATOPS,0,False,0.0,0.9523809523809524,
Globally,1,1.0,NATOPS,0,False,0.0,0.9523809523809524,
Eventually,2,0.72,NATOPS,0,False,0.0,0.9523809523809524,
Globally,2,0.9,NATOPS,0,False,0.0,0.9523809523809524,
Globally,1,0.06,NATOPS,0,False,0.0,0.9523809523809524,
Eventually,4,0.14,NATOPS,0,False,0.0,0.9523809523809524,
Globally,1,0.84,NATOPS,0,False,0.0,0.9523809523809524,
Globally,2,0.04,NATOPS,0,False,0.0,0.9523809523809524,
Eventually,3,0.08,NATOPS,0,False,0.0,0.9523809523809524,
Or,2,,NATOPS,0,False,0.0,0.9523809523809524,
Eventually,1,1.0,NATOPS,0,False,0.0,0.9523809523809524,
And,2,,NATOPS,0,False,0.0,0.9523809523809524,
Eventually,1,0.18,NATOPS,0,False,0.0,0.9523809523809524,
Or,2,,NATOPS,0,False,0.0,0.9523809523809524,
And,4,,NATOPS,0,False,0.0,0.9523809523809524,
Globally,1,0.9,NATOPS,0,False,0.0,0.9523809523809524,
Globally,1,1.0,NATOPS,0,False,0.0,0.9523809523809524,
And,2,,NATOPS,0,False,0.0,0.9523809523809524,
Eventually,1,0.04,NATOPS,0,False,0.0,0.9523809523809524,
Globally,1,0.62,NATOPS,0,False,0.0,0.9523809523809524,
And,2,,NATOPS,0,False,0.0,0.9523809523809524,
Eventually,2,0.86,NATOPS,0,False,0.0,0.9523809523809524,
Globally,1,0.18,NATOPS,0,False,0.0,0.9523809523809524,
Or,2,,NATOPS,0,False,0.0,0.9523809523809524,
Eventually,1,0.58,NATOPS,0,False,0.0,0.9523809523809524,
Eventually,1,0.22,NATOPS,0,False,0.0,0.9523809523809524,
Globally,1,0.08,NATOPS,0,False,0.0,0.9523809523809524,
Or,2,,NATOPS,0,False,0.0,0.9523809523809524,
Eventually,2,0.36,NATOPS,0,False,0.0,0.9523809523809524,
And,3,,NATOPS,0,False,0.0,0.9523809523809524,
Eventually,3,0.24,NATOPS,0,False,0.0,0.9523809523809524,
Eventually,1,0.34,NATOPS,0,False,0.0,0.9523809523809524,
Globally,2,0.36,NATOPS,0,False,0.0,0.9523809523809524,
Eventually,1,0.92,NATOPS,0,False,0.0,0.9523809523809524,
Eventually,2,1.0,NATOPS,0,True,0.014742872982845358,0.9523809523809524,
Or,4,,NATOPS,0,False,0.0,0.9523809523809524,
Eventually,2,0.42,NATOPS,0,False,0.0,0.9523809523809524,
Eventually,2,0.08,NATOPS,0,False,0.0,0.9523809523809524,
Globally,1,0.08,NATOPS,0,False,0.0,0.9523809523809524,
Eventually,1,0.7,NATOPS,0,False,0.0,0.9523809523809524,
Globally,2,0.46,NATOPS,0,False,0.0,0.9523809523809524,
And,2,,NATOPS,0,False,0.0,0.9523809523809524,
Eventually,1,0.12,NATOPS,0,False,0.0,0.9523809523809524,
Globally,2,0.2,NATOPS,0,False,0.0,0.9523809523809524,
Eventually,1,0.84,NATOPS,0,False,0.0,0.9523809523809524,
And,4,,NATOPS,0,False,0.0,0.9523809523809524,
Globally,2,0.16,NATOPS,0,False,0.0,0.9523809523809524,
Eventually,1,0.18,NATOPS,0,False,0.0,0.9523809523809524,
Eventually,1,1.0,NATOPS,0,False,0.0,0.9523809523809524,
Globally,1,0.36,NATOPS,0,False,0.0,0.9523809523809524,
Or,2,,NATOPS,0,False,0.0,0.9523809523809524,
And,4,,NATOPS,0,False,0.0,0.9523809523809524,
And,4,,NATOPS,0,False,0.0,0.9523809523809524,
Or,2,,NATOPS,0,False,0.0,0.9523809523809524,
Globally,1,0.52,NATOPS,0,False,0.0,0.9523809523809524,
Or,4,,NATOPS,0,False,0.0,0.9523809523809524,
And,2,,NATOPS,0,False,0.0,0.9523809523809524,
Eventually,1,0.4,NATOPS,0,False,0.0,0.9523809523809524,
And,4,,NATOPS,0,False,0.0,0.9523809523809524,
Eventually,1,0.04,NATOPS,0,False,0.0,0.9523809523809524,
Eventually,1,0.96,NATOPS,0,False,0.0,0.9523809523809524,
Globally,1,0.22,NATOPS,0,False,0.0,0.9523809523809524,
Globally,2,0.12,NATOPS,0,False,0.0,0.9523809523809524,
Eventually,2,0.36,NATOPS,0,False,0.0,0.9523809523809524,
Eventually,1,0.04,NATOPS,0,False,0.0,0.9523809523809524,
Eventually,1,1.0,NATOPS,0,False,0.0,0.9523809523809524,
Eventually,1,0.06,NATOPS,0,False,0.0,0.9523809523809524,
Eventually,2,0.52,NATOPS,0,False,0.0,0.9523809523809524,
Globally,1,1.0,NATOPS,0,False,0.0,0.9523809523809524,
Eventually,2,0.42,NATOPS,0,False,0.0,0.9523809523809524,
Eventually,1,1.0,NATOPS,0,False,0.0,0.9523809523809524,
Globally,1,1.0,NATOPS,0,False,0.0,0.9523809523809524,
Globally,1,1.0,NATOPS,0,False,0.0,0.9523809523809524,
Globally,2,0.08,NATOPS,0,False,0.0,0.9523809523809524,
Or,2,,NATOPS,0,False,0.0,0.9523809523809524,
Eventually,1,0.14,NATOPS,0,False,0.0,0.9523809523809524,
Globally,1,0.58,NATOPS,0,False,0.0,0.9523809523809524,
Or,4,,NATOPS,0,False,0.0,0.9523809523809524,
Or,4,,NATOPS,0,False,0.0,0.9523809523809524,
And,4,,NATOPS,0,False,0.0,0.9523809523809524,
Globally,1,0.54,NATOPS,0,False,0.0,0.9523809523809524,
And,3,,NATOPS,0,False,0.0,0.9523809523809524,
Or,4,,NATOPS,0,False,0.0,0.9523809523809524,
Globally,1,0.28,NATOPS,0,False,0.0,0.9523809523809524,
Globally,3,0.1,NATOPS,0,False,0.0,0.9523809523809524,
And,3,,NATOPS,0,False,0.0,0.9523809523809524,
Globally,1,0.14,NATOPS,0,False,0.0,0.9523809523809524,
Eventually,4,1.0,NATOPS,0,False,0.0,0.9523809523809524,
Globally,1,0.68,NATOPS,0,False,0.0,0.9523809523809524,
Or,2,,NATOPS,0,False,0.0,0.9523809523809524,
Or,4,,NATOPS,0,False,0.0,0.9523809523809524,
Eventually,1,0.14,NATOPS,0,False,0.0,0.9523809523809524,
Or,2,,NATOPS,0,False,0.0,0.9523809523809524,
Eventually,1,0.24,NATOPS,0,False,0.0,0.9523809523809524,
Eventually,4,0.52,NATOPS,0,False,0.0,0.9523809523809524,
And,3,,NATOPS,0,False,0.0,0.9523809523809524,
Eventually,1,0.08,NATOPS,0,False,0.0,0.9523809523809524,
Globally,1,0.06,NATOPS,0,False,0.0,0.9523809523809524,
Globally,1,0.68,NATOPS,0,False,0.0,0.9523809523809524,
Globally,2,0.36,NATOPS,0,False,0.0,0.9523809523809524,
And,4,,NATOPS,0,False,0.0,0.9523809523809524,
Globally,1,0.84,NATOPS,0,False,0.0,0.9523809523809524,
Eventually,2,0.14,NATOPS,0,False,0.0,0.9523809523809524,
Eventually,1,0.32,NATOPS,0,False,0.0,0.9523809523809524,
Eventually,2,0.66,NATOPS,0,False,0.0,0.9523809523809524,
And,4,,NATOPS,0,False,0.0,0.9523809523809524,
Globally,1,0.04,NATOPS,0,False,0.0,0.9523809523809524,
Eventually,2,1.0,NATOPS,0,False,0.0,0.9523809523809524,
And,2,,NATOPS,0,False,0.0,0.9523809523809524,
Globally,1,0.44,NATOPS,0,False,0.0,0.9523809523809524,
And,2,,NATOPS,0,False,0.0,0.9523809523809524,
Globally,1,0.1,NATOPS,0,False,0.0,0.9523809523809524,
Eventually,1,0.42,NATOPS,0,False,0.0,0.9523809523809524,
Globally,1,0.2,NATOPS,0,False,0.0,0.9523809523809524,
Globally,1,1.0,NATOPS,0,False,0.0,0.9523809523809524,
Globally,1,0.64,NATOPS,0,False,0.0,0.9523809523809524,
Eventually,1,0.16,NATOPS,0,False,0.0,0.9523809523809524,
Eventually,1,1.0,NATOPS,0,False,0.0,0.9523809523809524,
Globally,2,0.08,NATOPS,0,False,0.0,0.9523809523809524,
Globally,1,0.28,NATOPS,0,False,0.0,0.9523809523809524,
Or,3,,NATOPS,0,False,0.0,0.9523809523809524,
Eventually,3,1.0,NATOPS,0,False,0.0,0.9523809523809524,
Globally,2,0.08,NATOPS,0,False,0.0,0.9523809523809524,
Eventually,1,0.04,NATOPS,0,False,0.0,0.9523809523809524,
Or,2,,NATOPS,0,False,0.0,0.9523809523809524,
Eventually,1,0.08,NATOPS,0,False,0.0,0.9523809523809524,
And,2,,NATOPS,0,False,0.0,0.9523809523809524,
And,2,,NATOPS,0,False,0.0,0.9523809523809524,
Eventually,1,0.1,NATOPS,0,False,0.0,0.9523809523809524,
Globally,1,0.08,NATOPS,0,False,0.0,0.9523809523809524,
Or,2,,NATOPS,0,False,0.0,0.9523809523809524,
And,2,,NATOPS,0,False,0.0,0.9523809523809524,
And,4,,NATOPS,0,False,0.0,0.9523809523809524,
Globally,3,0.22,NATOPS,0,False,0.0,0.9523809523809524,
And,3,,NATOPS,0,False,0.0,0.9523809523809524,
Eventually,1,0.04,NATOPS,0,False,0.0,0.9523809523809524,
Eventually,1,0.12,NATOPS,0,False,0.0,0.9523809523809524,
Globally,1,0.5,NATOPS,0,False,0.0,0.9523809523809524,
Globally,1,1.0,NATOPS,0,False,0.0,0.9523809523809524,
Globally,1,0.08,NATOPS,0,False,0.0,0.9523809523809524,
Eventually,1,0.44,NATOPS,0,False,0.0,0.9523809523809524,
Eventually,1,1.0,NATOPS,0,False,0.0,0.9523809523809524,
And,4,,NATOPS,0,False,0.0,0.9523809523809524,
Globally,2,0.54,NATOPS,0,False,0.0,0.9523809523809524,
Globally,2,0.12,NATOPS,0,False,0.0,0.9523809523809524,
Eventually,1,0.12,NATOPS,0,False,0.0,0.9523809523809524,
Globally,1,1.0,NATOPS,0,False,0.0,0.9523809523809524,
Eventually,1,0.76,NATOPS,0,False,0.0,0.9523809523809524,
Or,2,,NATOPS,0,False,0.0,0.9523809523809524,
Or,2,,NATOPS,0,False,0.0,0.9523809523809524,
And,2,,NATOPS,0,False,0.0,0.9523809523809524,
Eventually,1,0.18,NATOPS,0,False,0.0,0.9523809523809524,
Globally,1,1.0,NATOPS,0,False,0.0,0.9523809523809524,
And,2,,NATOPS,0,False,0.0,0.9523809523809524,
Globally,1,0.28,NATOPS,0,False,0.0,0.9523809523809524,
Globally,1,0.22,NATOPS,0,False,0.0,0.9523809523809524,
Eventually,1,0.06,NATOPS,0,False,0.0,0.9523809523809524,
Globally,2,0.08,NATOPS,0,False,0.0,0.9523809523809524,
Globally,1,0.36,NATOPS,0,False,0.0,0.9523809523809524,
Globally,2,0.86,NATOPS,0,False,0.0,0.9523809523809524,
Globally,1,1.0,NATOPS,0,False,0.0,0.9523809523809524,
Or,2,,NATOPS,0,False,0.0,0.9523809523809524,
Globally,1,0.04,NATOPS,0,False,0.0,0.9523809523809524,
Globally,1,0.04,NATOPS,0,False,0.0,0.9523809523809524,
Or,3,,NATOPS,0,False,0.0,0.9523809523809524,
Eventually,1,0.12,NATOPS,0,False,0.0,0.9523809523809524,
Eventually,1,0.18,NATOPS,0,False,0.0,0.9523809523809524,
Eventually,1,0.5,NATOPS,0,False,0.0,0.9523809523809524,
Eventually,2,0.7,NATOPS,0,False,0.0,0.9523809523809524,
Eventually,1,0.84,NATOPS,0,False,0.0,0.9523809523809524,
Eventually,1,0.06,NATOPS,0,False,0.0,0.9523809523809524,
Globally,1,0.08,NATOPS,0,False,0.0,0.9523809523809524,
Or,2,,NATOPS,0,False,0.0,0.9523809523809524,
And,3,,NATOPS,0,False,0.0,0.9523809523809524,
Eventually,1,0.02,NATOPS,0,False,0.0,0.9523809523809524,
Or,2,,NATOPS,0,False,0.0,0.9523809523809524,
Eventually,1,0.66,NATOPS,0,False,0.0,0.9523809523809524,
And,4,,NATOPS,0,False,0.0,0.9523809523809524,
Eventually,2,0.8,NATOPS,0,False,0.0,0.9523809523809524,
Eventually,1,0.46,NATOPS,0,False,0.0,0.9523809523809524,
Eventually,1,1.0,NATOPS,0,False,0.0,0.9523809523809524,
Eventually,1,0.36,NATOPS,0,False,0.0,0.9523809523809524,
Eventually,1,0.04,NATOPS,0,False,0.0,0.9523809523809524,
Eventually,1,0.24,NATOPS,0,False,0.0,0.9523809523809524,
And,2,,NATOPS,0,False,0.0,0.9523809523809524,
Eventually,1,0.04,NATOPS,0,False,0.0,0.9523809523809524,
Globally,1,1.0,NATOPS,0,False,0.0,0.9523809523809524,
And,2,,NATOPS,0,False,0.0,0.9523809523809524,
Eventually,1,0.14,NATOPS,0,False,0.0,0.9523809523809524,
Or,2,,NATOPS,0,False,0.0,0.9523809523809524,
Globally,2,0.1,NATOPS,0,False,0.0,0.9523809523809524,
Eventually,1,0.18,NATOPS,0,False,0.0,0.9523809523809524,
Globally,2,1.0,NATOPS,0,False,0.0,0.9523809523809524,
Or,2,,NATOPS,0,False,0.0,0.9523809523809524,
And,2,,NATOPS,0,False,0.0,0.9523809523809524,
Globally,1,0.4,NATOPS,0,False,0.0,0.9523809523809524,
Eventually,1,1.0,NATOPS,0,False,0.0,0.9523809523809524,
And,3,,NATOPS,0,False,0.0,0.9523809523809524,
Eventually,1,1.0,NATOPS,0,False,0.0,0.9523809523809524,
Globally,1,0.54,NATOPS,0,False,0.0,0.9523809523809524,
Or,2,,NATOPS,0,False,0.0,0.9523809523809524,
Globally,2,1.0,NATOPS,0,False,0.0,0.9523809523809524,
Eventually,2,0.12,NATOPS,0,False,0.0,0.9523809523809524,
Eventually,1,0.08,NATOPS,0,False,0.0,0.9523809523809524,
Or,4,,NATOPS,0,False,0.0,0.9523809523809524,
Eventually,1,0.54,NATOPS,0,False,0.0,0.9523809523809524,
Or,2,,NATOPS,0,False,0.0,0.9523809523809524,
Globally,1,0.04,NATOPS,0,False,0.0,0.9523809523809524,
Globally,1,0.6,NATOPS,0,False,0.0,0.9523809523809524,
And,2,,NATOPS,0,False,0.0,0.9523809523809524,
Or,3,,NATOPS,0,False,0.0,0.9523809523809524,
Globally,1,0.26,NATOPS,0,False,0.0,0.9523809523809524,
Eventually,1,0.06,NATOPS,0,False,0.0,0.9523809523809524,
And,2,,NATOPS,0,False,0.0,0.9523809523809524,
Or,3,,NATOPS,0,False,0.0,0.9523809523809524,
Or,2,,NATOPS,0,False,0.0,0.9523809523809524,
And,2,,NATOPS,0,False,0.0,0.9523809523809524,
And,2,,NATOPS,0,False,0.0,0.9523809523809524,
Eventually,2,1.0,NATOPS,0,False,0.0,0.9523809523809524,
Globally,1,0.64,NATOPS,0,False,0.0,0.9523809523809524,
Or,4,,NATOPS,0,False,0.0,0.9523809523809524,
Globally,3,0.78,NATOPS,0,False,0.0,0.9523809523809524,
Globally,2,1.0,NATOPS,0,False,0.0,0.9523809523809524,
Globally,1,1.0,NATOPS,0,False,0.0,0.9523809523809524,
Globally,2,0.2,NATOPS,0,False,0.0,0.9523809523809524,
Eventually,1,1.0,NATOPS,0,False,0.0,0.9523809523809524,
Eventually,1,0.94,NATOPS,0,False,0.0,0.9523809523809524,
Or,3,,NATOPS,0,False,0.0,0.9523809523809524,
Or,2,,NATOPS,0,False,0.0,0.9523809523809524,
Globally,1,1.0,NATOPS,0,False,0.0,0.9523809523809524,
Eventually,1,0.44,NATOPS,0,False,0.0,0.9523809523809524,
Eventually,1,1.0,NATOPS,0,False,0.0,0.9523809523809524,
Globally,1,1.0,NATOPS,0,False,0.0,0.9523809523809524,
Eventually,1,0.04,NATOPS,0,False,0.0,0.9523809523809524,
Eventually,1,0.96,NATOPS,0,False,0.0,0.9523809523809524,
Globally,1,0.8,NATOPS,0,False,0.0,0.9523809523809524,
Globally,3,0.72,NATOPS,0,False,0.0,0.9523809523809524,
Or,2,,NATOPS,0,False,0.0,0.9523809523809524,
Or,3,,NATOPS,0,False,0.0,0.9523809523809524,
Eventually,2,0.08,NATOPS,0,False,0.0,0.9523809523809524,
Or,4,,NATOPS,0,False,0.0,0.9523809523809524,
Or,4,,NATOPS,0,False,0.0,0.9523809523809524,
Eventually,1,0.18,NATOPS,0,False,0.0,0.9523809523809524,
Eventually,2,0.2,NATOPS,0,False,0.0,0.9523809523809524,
And,2,,NATOPS,0,False,0.0,0.9523809523809524,
Eventually,1,1.0,NATOPS,0,False,0.0,0.9523809523809524,
And,4,,NATOPS,0,False,0.0,0.9523809523809524,
And,3,,NATOPS,0,False,0.0,0.9523809523809524,
Globally,1,0.66,NATOPS,0,False,0.0,0.9523809523809524,
Eventually,1,1.0,NATOPS,0,False,0.0,0.9523809523809524,
And,4,,NATOPS,0,False,0.0,0.9523809523809524,
Globally,3,0.04,NATOPS,0,False,0.0,0.9523809523809524,
And,2,,NATOPS,0,False,0.0,0.9523809523809524,
Or,3,,NATOPS,0,False,0.0,0.9523809523809524,
And,2,,NATOPS,0,False,0.0,0.9523809523809524,
Globally,1,1.0,NATOPS,0,False,0.0,0.9523809523809524,
And,2,,NATOPS,0,False,0.0,0.9523809523809524,
Globally,1,0.28,NATOPS,0,False,0.0,0.9523809523809524,
Eventually,1,0.06,NATOPS,0,False,0.0,0.9523809523809524,
And,2,,NATOPS,0,False,0.0,0.9523809523809524,
Or,3,,NATOPS,0,False,0.0,0.9523809523809524,
Or,3,,NATOPS,0,False,0.0,0.9523809523809524,
Eventually,2,0.2,NATOPS,0,False,0.0,0.9523809523809524,
Eventually,1,1.0,NATOPS,0,False,0.0,0.9523809523809524,
And,4,,NATOPS,0,False,0.0,0.9523809523809524,
Eventually,2,1.0,NATOPS,0,False,0.0,0.9523809523809524,
Globally,1,0.1,NATOPS,0,False,0.0,0.9523809523809524,
Eventually,1,1.0,NATOPS,0,False,0.0,0.9523809523809524,
Or,2,,NATOPS,0,False,0.0,0.9523809523809524,
Globally,1,0.18,NATOPS,0,False,0.0,0.9523809523809524,
Eventually,2,1.0,NATOPS,0,False,0.0,0.9523809523809524,
Eventually,1,0.14,NATOPS,0,False,0.0,0.9523809523809524,
Eventually,2,0.64,NATOPS,0,False,0.0,0.9523809523809524,
Globally,2,0.04,NATOPS,0,False,0.0,0.9523809523809524,
Eventually,1,0.6,NATOPS,0,False,0.0,0.9523809523809524,
Globally,1,1.0,NATOPS,0,False,0.0,0.9523809523809524,
Eventually,2,1.0,NATOPS,0,False,0.0,0.9523809523809524,
Eventually,1,1.0,NATOPS,0,False,0.0,0.9523809523809524,
Eventually,2,1.0,NATOPS,0,False,0.0,0.9523809523809524,
Or,2,,NATOPS,0,False,0.0,0.9523809523809524,
Eventually,2,0.56,NATOPS,0,False,0.0,0.9523809523809524,
Or,2,,NATOPS,0,False,0.0,0.9523809523809524,
And,2,,NATOPS,0,False,0.0,0.9523809523809524,
Eventually,1,0.22,NATOPS,0,False,0.0,0.9523809523809524,
Globally,2,0.04,NATOPS,0,False,0.0,0.9523809523809524,
Globally,2,1.0,NATOPS,0,False,0.0,0.9523809523809524,
Or,2,,NATOPS,0,False,0.0,0.9523809523809524,
Eventually,1,0.24,NATOPS,0,False,0.0,0.9523809523809524,
Globally,1,1.0,NATOPS,0,False,0.0,0.9523809523809524,
And,2,,NATOPS,0,False,0.0,0.9523809523809524,
Eventually,1,0.1,NATOPS,0,False,0.0,0.9523809523809524,
Globally,3,0.8,NATOPS,0,False,0.0,0.9523809523809524,
Eventually,1,0.2,NATOPS,0,False,0.0,0.9523809523809524,
Eventually,1,1.0,NATOPS,0,False,0.0,0.9523809523809524,
Globally,1,0.08,NATOPS,0,False,0.0,0.9523809523809524,
Eventually,1,0.48,NATOPS,0,False,0.0,0.9523809523809524,
Eventually,2,0.08,NATOPS,0,False,0.0,0.9523809523809524,
Or,4,,NATOPS,0,False,0.0,0.9523809523809524,
Eventually,1,0.22,NATOPS,0,False,0.0,0.9523809523809524,
Eventually,2,0.22,NATOPS,0,False,0.0,0.9523809523809524,
And,4,,NATOPS,0,False,0.0,0.9523809523809524,
Eventually,1,0.1,NATOPS,0,False,0.0,0.9523809523809524,
Eventually,1,0.1,NATOPS,0,False,0.0,0.9523809523809524,
Eventually,3,0.72,NATOPS,0,False,0.0,0.9523809523809524,
Eventually,1,0.24,NATOPS,0,False,0.0,0.9523809523809524,
And,3,,NATOPS,0,False,0.0,0.9523809523809524,
Globally,2,0.0,NATOPS,0,False,0.0,0.9523809523809524,
Eventually,3,0.08,NATOPS,0,False,0.0,0.9523809523809524,
Globally,1,0.66,NATOPS,0,False,0.0,0.9523809523809524,
Eventually,2,0.32,NATOPS,0,False,0.0,0.9523809523809524,
Globally,1,0.8,NATOPS,0,False,0.0,0.9523809523809524,
Eventually,1,0.08,NATOPS,0,False,0.0,0.9523809523809524,
Globally,1,0.08,NATOPS,0,False,0.0,0.9523809523809524,
Globally,2,0.12,NATOPS,0,False,0.0,0.9523809523809524,
Eventually,1,0.72,NATOPS,0,False,0.0,0.9523809523809524,
Eventually,1,1.0,NATOPS,0,False,0.0,0.9523809523809524,
Eventually,1,0.88,NATOPS,0,False,0.0,0.9523809523809524,
Globally,1,1.0,NATOPS,0,False,0.0,0.9523809523809524,
Or,3,,NATOPS,0,False,0.0,0.9523809523809524,
Globally,1,0.08,NATOPS,0,False,0.0,0.9523809523809524,
Globally,1,0.16,NATOPS,0,False,0.0,0.9523809523809524,
Eventually,1,1.0,NATOPS,0,False,0.0,0.9523809523809524,
And,4,,NATOPS,0,False,0.0,0.9523809523809524,
Eventually,1,0.02,NATOPS,0,False,0.0,0.9523809523809524,
And,3,,NATOPS,0,False,0.0,0.9523809523809524,
Globally,1,0.64,NATOPS,0,False,0.0,0.9523809523809524,
Globally,2,0.06,NATOPS,0,False,0.0,0.9523809523809524,
Eventually,3,0.52,NATOPS,0,False,0.0,0.9523809523809524,
Globally,3,1.0,NATOPS,0,False,0.0,0.9523809523809524,
Or,2,,NATOPS,0,False,0.0,0.9523809523809524,
Eventually,1,0.36,NATOPS,0,False,0.0,0.9523809523809524,
Globally,2,0.84,NATOPS,0,False,0.0,0.9523809523809524,
Eventually,2,0.6,NATOPS,0,False,0.0,0.9523809523809524,
Globally,1,0.44,NATOPS,0,False,0.0,0.9523809523809524,
Eventually,2,0.04,NATOPS,0,False,0.0,0.9523809523809524,
Globally,2,0.42,NATOPS,0,False,0.0,0.9523809523809524,
And,4,,NATOPS,0,False,0.0,0.9523809523809524,
And,2,,NATOPS,0,False,0.0,0.9523809523809524,
Globally,1,0.12,NATOPS,0,False,0.0,0.9523809523809524,
Eventually,1,0.1,NATOPS,0,False,0.0,0.9523809523809524,
Or,3,,NATOPS,0,False,0.0,0.9523809523809524,
Or,3,,NATOPS,0,False,0.0,0.9523809523809524,
Eventually,1,0.18,NATOPS,0,False,0.0,0.9523809523809524,
And,2,,NATOPS,0,False,0.0,0.9523809523809524,
And,3,,NATOPS,0,False,0.0,0.9523809523809524,
Eventually,1,0.6,NATOPS,0,False,0.0,0.9523809523809524,
Globally,1,0.1,NATOPS,0,False,0.0,0.9523809523809524,
Eventually,1,0.06,NATOPS,0,False,0.0,0.9523809523809524,
Globally,1,0.3,NATOPS,0,False,0.0,0.9523809523809524,
Globally,1,1.0,NATOPS,0,False,0.0,0.9523809523809524,
Globally,1,0.04,NATOPS,0,False,0.0,0.9523809523809524,
Eventually,1,1.0,NATOPS,0,False,0.0,0.9523809523809524,
Eventually,2,0.58,NATOPS,0,False,0.0,0.9523809523809524,
Globally,1,0.3,NATOPS,0,False,0.0,0.9523809523809524,
Globally,2,0.04,NATOPS,0,False,0.0,0.9523809523809524,
And,2,,NATOPS,0,False,0.0,0.9523809523809524,
And,2,,NATOPS,0,False,0.0,0.9523809523809524,
Or,2,,NATOPS,0,False,0.0,0.9523809523809524,
Eventually,1,0.7,NATOPS,0,False,0.0,0.9523809523809524,
And,2,,NATOPS,0,False,0.0,0.9523809523809524,
Eventually,1,0.18,NATOPS,0,False,0.0,0.9523809523809524,
And,3,,NATOPS,0,False,0.0,0.9523809523809524,
Or,2,,NATOPS,0,False,0.0,0.9523809523809524,
Globally,1,1.0,NATOPS,0,False,0.0,0.9523809523809524,
And,2,,NATOPS,0,False,0.0,0.9523809523809524,
And,2,,NATOPS,0,False,0.0,0.9523809523809524,
Globally,1,0.32,NATOPS,0,False,0.0,0.9523809523809524,
Eventually,1,0.06,NATOPS,0,False,0.0,0.9523809523809524,
Globally,1,0.82,NATOPS,0,False,0.0,0.9523809523809524,
Or,2,,NATOPS,0,False,0.0,0.9523809523809524,
Globally,2,0.04,NATOPS,0,False,0.0,0.9523809523809524,
And,2,,NATOPS,0,False,0.0,0.9523809523809524,
And,2,,NATOPS,0,False,0.0,0.9523809523809524,
Eventually,2,1.0,NATOPS,0,False,0.0,0.9523809523809524,
Globally,2,1.0,NATOPS,0,False,0.0,0.9523809523809524,
Eventually,3,0.06,NATOPS,0,False,0.0,0.9523809523809524,
Globally,2,0.08,NATOPS,0,False,0.0,0.9523809523809524,
Globally,2,1.0,NATOPS,0,False,0.0,0.9523809523809524,
Or,3,,NATOPS,0,False,0.0,0.9523809523809524,
And,3,,NATOPS,0,False,0.0,0.9523809523809524,
Or,3,,NATOPS,0,False,0.0,0.9523809523809524,
Globally,1,0.42,NATOPS,0,False,0.0,0.9523809523809524,
Globally,1,1.0,NATOPS,0,False,0.0,0.9523809523809524,
Eventually,2,0.12,NATOPS,0,False,0.0,0.9523809523809524,
Globally,1,0.06,NATOPS,0,False,0.0,0.9523809523809524,
And,2,,NATOPS,0,False,0.0,0.9523809523809524,
Or,2,,NATOPS,0,False,0.0,0.9523809523809524,
And,2,,NATOPS,0,False,0.0,0.9523809523809524,
Eventually,1,0.38,NATOPS,0,False,0.0,0.9523809523809524,
Eventually,1,1.0,NATOPS,0,False,0.0,0.9523809523809524,
Globally,1,0.04,NATOPS,0,False,0.0,0.9523809523809524,
Or,2,,NATOPS,0,False,0.0,0.9523809523809524,
Or,2,,NATOPS,0,False,0.0,0.9523809523809524,
Eventually,1,0.12,NATOPS,0,False,0.0,0.9523809523809524,
Globally,3,0.58,NATOPS,0,False,0.0,0.9523809523809524,
Eventually,2,0.04,NATOPS,0,False,0.0,0.9523809523809524,
Globally,1,0.58,NATOPS,0,False,0.0,0.9523809523809524,
Or,2,,NATOPS,0,False,0.0,0.9523809523809524,
Eventually,1,0.28,NATOPS,0,False,0.0,0.9523809523809524,
Globally,1,0.14,NATOPS,0,False,0.0,0.9523809523809524,
Or,2,,NATOPS,0,False,0.0,0.9523809523809524,
Globally,1,0.4,NATOPS,0,False,0.0,0.9523809523809524,
Globally,1,1.0,NATOPS,0,False,0.0,0.9523809523809524,
Or,3,,NATOPS,0,False,0.0,0.9523809523809524,
Or,3,,NATOPS,0,False,0.0,0.9523809523809524,
Eventually,1,1.0,NATOPS,0,False,0.0,0.9523809523809524,
Globally,2,0.28,NATOPS,0,False,0.0,0.9523809523809524,
Or,3,,NATOPS,0,False,0.0,0.9523809523809524,
Globally,1,0.1,NATOPS,0,False,0.0,0.9523809523809524,
Eventually,2,1.0,NATOPS,0,False,0.0,0.9523809523809524,
Eventually,1,0.28,NATOPS,0,False,0.0,0.9523809523809524,
And,2,,NATOPS,0,False,0.0,0.9523809523809524,
And,3,,NATOPS,0,False,0.0,0.9523809523809524,
Globally,1,1.0,NATOPS,0,False,0.0,0.9523809523809524,
Eventually,1,1.0,NATOPS,0,False,0.0,0.9523809523809524,
And,2,,NATOPS,0,False,0.0,0.9523809523809524,
And,2,,NATOPS,0,False,0.0,0.9523809523809524,
Eventually,2,0.4,NATOPS,0,False,0.0,0.9523809523809524,
Eventually,2,0.9,NATOPS,0,False,0.0,0.9523809523809524,
Globally,1,0.44,NATOPS,0,False,0.0,0.9523809523809524,
Eventually,1,1.0,NATOPS,0,False,0.0,0.9523809523809524,
Eventually,2,1.0,NATOPS,0,False,0.0,0.9523809523809524,
Eventually,1,0.44,NATOPS,0,False,0.0,0.9523809523809524,
Eventually,2,1.0,NATOPS,0,False,0.0,0.9523809523809524,
Eventually,1,0.04,NATOPS,0,False,0.0,0.9523809523809524,
Eventually,1,0.28,NATOPS,0,False,0.0,0.9523809523809524,
Globally,1,0.04,NATOPS,0,False,0.0,0.9523809523809524,
Eventually,2,0.86,NATOPS,0,False,0.0,0.9523809523809524,
Eventually,1,0.26,NATOPS,0,False,0.0,0.9523809523809524,
Or,4,,NATOPS,0,False,0.0,0.9523809523809524,
Globally,1,0.06,NATOPS,0,False,0.0,0.9523809523809524,
And,2,,NATOPS,0,False,0.0,0.9523809523809524,
And,2,,NATOPS,0,False,0.0,0.9523809523809524,
Globally,1,1.0,NATOPS,0,False,0.0,0.9523809523809524,
Or,2,,NATOPS,0,False,0.0,0.9523809523809524,
Globally,1,0.74,NATOPS,0,False,0.0,0.9523809523809524,
Eventually,2,1.0,NATOPS,0,False,0.0,0.9523809523809524,
Or,3,,NATOPS,0,False,0.0,0.9523809523809524,
Eventually,2,0.8,NATOPS,0,False,0.0,0.9523809523809524,
Eventually,4,0.94,NATOPS,0,False,0.0,0.9523809523809524,
Globally,1,0.08,NATOPS,0,False,0.0,0.9523809523809524,
Globally,1,1.0,NATOPS,0,False,0.0,0.9523809523809524,
Globally,1,1.0,NATOPS,0,False,0.0,0.9523809523809524,
Globally,1,0.02,NATOPS,0,False,0.0,0.9523809523809524,
And,3,,NATOPS,0,False,0.0,0.9523809523809524,
Eventually,2,0.36,NATOPS,0,False,0.0,0.9523809523809524,
Eventually,1,0.6,NATOPS,0,False,0.0,0.9523809523809524,
Globally,1,1.0,NATOPS,0,False,0.0,0.9523809523809524,
Globally,1,0.06,NATOPS,0,False,0.0,0.9523809523809524,
Or,2,,NATOPS,0,False,0.0,0.9523809523809524,
Or,2,,NATOPS,0,False,0.0,0.9523809523809524,
Eventually,2,1.0,NATOPS,0,False,0.0,0.9523809523809524,
And,2,,NATOPS,0,False,0.0,0.9523809523809524,
And,2,,NATOPS,0,False,0.0,0.9523809523809524,
Eventually,1,0.08,NATOPS,0,False,0.0,0.9523809523809524,
Eventually,1,0.04,NATOPS,0,False,0.0,0.9523809523809524,
Or,4,,NATOPS,0,False,0.0,0.9523809523809524,
Globally,2,0.04,NATOPS,0,False,0.0,0.9523809523809524,
Eventually,2,0.08,NATOPS,0,False,0.0,0.9523809523809524,
Eventually,1,0.08,NATOPS,0,False,0.0,0.9523809523809524,
And,3,,NATOPS,0,False,0.0,0.9523809523809524,
Eventually,1,0.72,NATOPS,0,False,0.0,0.9523809523809524,
And,3,,NATOPS,0,False,0.0,0.9523809523809524,
Globally,1,0.66,NATOPS,0,False,0.0,0.9523809523809524,
Globally,1,0.16,NATOPS,0,False,0.0,0.9523809523809524,
And,4,,NATOPS,0,False,0.0,0.9523809523809524,
Globally,1,0.38,NATOPS,0,False,0.0,0.9523809523809524,
Or,2,,NATOPS,0,False,0.0,0.9523809523809524,
Eventually,2,1.0,NATOPS,0,False,0.0,0.9523809523809524,
Or,3,,NATOPS,0,False,0.0,0.9523809523809524,
Eventually,1,1.0,NATOPS,0,False,0.0,0.9523809523809524,
And,4,,NATOPS,0,False,0.0,0.9523809523809524,
Globally,1,0.16,NATOPS,0,False,0.0,0.9523809523809524,
Globally,1,1.0,NATOPS,0,False,0.0,0.9523809523809524,
Globally,1,0.08,NATOPS,0,False,0.0,0.9523809523809524,
Globally,1,1.0,NATOPS,0,True,0.03677468077373246,0.9523809523809524,
Eventually,1,0.04,NATOPS,0,False,0.0,0.9523809523809524,
Globally,1,0.5,NATOPS,0,False,0.0,0.9523809523809524,
Eventually,2,0.34,NATOPS,0,False,0.0,0.9523809523809524,
Or,2,,NATOPS,0,False,0.0,0.9523809523809524,
Globally,1,1.0,NATOPS,0,False,0.0,0.9523809523809524,
Globally,1,0.64,NATOPS,0,False,0.0,0.9523809523809524,
Or,2,,NATOPS,0,False,0.0,0.9523809523809524,
Globally,2,0.14,NATOPS,0,False,0.0,0.9523809523809524,
Globally,1,1.0,NATOPS,0,False,0.0,0.9523809523809524,
And,2,,NATOPS,0,False,0.0,0.9523809523809524,
Globally,1,1.0,NATOPS,0,False,0.0,0.9523809523809524,
And,4,,NATOPS,0,False,0.0,0.9523809523809524,
Globally,1,0.74,NATOPS,0,False,0.0,0.9523809523809524,
Eventually,1,0.1,NATOPS,0,False,0.0,0.9523809523809524,
Globally,1,1.0,NATOPS,0,False,0.0,0.9523809523809524,
Eventually,1,0.2,NATOPS,0,False,0.0,0.9523809523809524,
And,4,,NATOPS,0,False,0.0,0.9523809523809524,
Eventually,1,0.28,NATOPS,0,False,0.0,0.9523809523809524,
Or,2,,NATOPS,0,False,0.0,0.9523809523809524,
And,3,,NATOPS,0,False,0.0,0.9523809523809524,
Globally,1,1.0,NATOPS,0,False,0.0,0.9523809523809524,
And,4,,NATOPS,0,False,0.0,0.9523809523809524,
Globally,1,0.04,NATOPS,0,False,0.0,0.9523809523809524,
Eventually,1,0.82,NATOPS,0,False,0.0,0.9523809523809524,
Globally,1,0.04,NATOPS,0,False,0.0,0.9523809523809524,
Globally,1,1.0,NATOPS,0,False,0.0,0.9523809523809524,
Eventually,1,0.06,NATOPS,0,False,0.0,0.9523809523809524,
Eventually,1,0.16,NATOPS,0,False,0.0,0.9523809523809524,
Globally,4,0.06,NATOPS,0,False,0.0,0.9523809523809524,
And,3,,NATOPS,0,False,0.0,0.9523809523809524,
Eventually,2,0.28,NATOPS,0,False,0.0,0.9523809523809524,
Globally,2,0.94,NATOPS,0,False,0.0,0.9523809523809524,
Globally,4,1.0,NATOPS,0,False,0.0,0.9523809523809524,
Globally,1,0.3,NATOPS,0,False,0.0,0.9523809523809524,
Or,3,,NATOPS,0,False,0.0,0.9523809523809524,
Eventually,1,0.4,NATOPS,0,False,0.0,0.9523809523809524,
Or,2,,NATOPS,0,False,0.0,0.9523809523809524,
Eventually,3,1.0,NATOPS,0,False,0.0,0.9523809523809524,
Eventually,1,0.12,NATOPS,0,False,0.0,0.9523809523809524,
And,3,,NATOPS,0,False,0.0,0.9523809523809524,
Eventually,2,0.84,NATOPS,0,False,0.0,0.9523809523809524,
Globally,1,0.92,NATOPS,0,False,0.0,0.9523809523809524,
And,2,,NATOPS,0,False,0.0,0.9523809523809524,
Eventually,1,0.14,NATOPS,0,False,0.0,0.9523809523809524,
Eventually,1,0.52,NATOPS,0,False,0.0,0.9523809523809524,
Or,3,,NATOPS,0,False,0.0,0.9523809523809524,
Or,2,,NATOPS,0,False,0.0,0.9523809523809524,
Eventually,1,0.28,NATOPS,0,False,0.0,0.9523809523809524,
Or,3,,NATOPS,0,False,0.0,0.9523809523809524,
Globally,1,0.64,NATOPS,0,False,0.0,0.9523809523809524,
Or,3,,NATOPS,0,False,0.0,0.9523809523809524,
Eventually,1,0.06,NATOPS,0,False,0.0,0.9523809523809524,
Eventually,1,0.46,NATOPS,0,False,0.0,0.9523809523809524,
Globally,1,0.18,NATOPS,0,False,0.0,0.9523809523809524,
And,2,,NATOPS,0,False,0.0,0.9523809523809524,
Eventually,1,1.0,NATOPS,0,False,0.0,0.9523809523809524,
Eventually,1,0.04,NATOPS,0,False,0.0,0.9523809523809524,
Globally,1,0.06,NATOPS,0,False,0.0,0.9523809523809524,
And,3,,NATOPS,0,False,0.0,0.9523809523809524,
Eventually,1,0.42,NATOPS,0,False,0.0,0.9523809523809524,
Or,2,,NATOPS,0,False,0.0,0.9523809523809524,
Eventually,1,1.0,NATOPS,0,False,0.0,0.9523809523809524,
And,3,,NATOPS,0,False,0.0,0.9523809523809524,
Globally,2,0.4,NATOPS,0,False,0.0,0.9523809523809524,
Globally,1,0.06,NATOPS,0,False,0.0,0.9523809523809524,
Or,2,,NATOPS,0,False,0.0,0.9523809523809524,
Globally,1,0.22,NATOPS,0,False,0.0,0.9523809523809524,
Eventually,2,0.48,NATOPS,0,False,0.0,0.9523809523809524,
Globally,2,0.16,NATOPS,0,False,0.0,0.9523809523809524,
Or,3,,NATOPS,0,False,0.0,0.9523809523809524,
Eventually,1,1.0,NATOPS,0,False,0.0,0.9523809523809524,
Globally,1,1.0,NATOPS,0,False,0.0,0.9523809523809524,
Or,2,,NATOPS,0,False,0.0,0.9523809523809524,
Or,4,,NATOPS,0,False,0.0,0.9523809523809524,
Eventually,2,0.14,NATOPS,0,False,0.0,0.9523809523809524,
Or,2,,NATOPS,0,False,0.0,0.9523809523809524,
Globally,1,0.46,NATOPS,0,False,0.0,0.9523809523809524,
Globally,1,0.04,NATOPS,0,False,0.0,0.9523809523809524,
And,2,,NATOPS,0,False,0.0,0.9523809523809524,
And,2,,NATOPS,0,False,0.0,0.9523809523809524,
Globally,1,0.12,NATOPS,0,False,0.0,0.9523809523809524,
Globally,1,0.12,NATOPS,0,False,0.0,0.9523809523809524,
Eventually,1,1.0,NATOPS,0,False,0.0,0.9523809523809524,
Globally,1,0.4,NATOPS,0,False,0.0,0.9523809523809524,
Or,3,,NATOPS,0,False,0.0,0.9523809523809524,
Eventually,2,0.04,NATOPS,0,False,0.0,0.9523809523809524,
Globally,1,0.08,NATOPS,0,False,0.0,0.9523809523809524,
Or,2,,NATOPS,0,False,0.0,0.9523809523809524,
Eventually,1,0.14,NATOPS,0,False,0.0,0.9523809523809524,
Globally,1,0.22,NATOPS,0,False,0.0,0.9523809523809524,
And,3,,NATOPS,0,False,0.0,0.9523809523809524,
Globally,2,1.0,NATOPS,0,False,0.0,0.9523809523809524,
Eventually,2,0.16,NATOPS,0,False,0.0,0.9523809523809524,
Globally,1,0.2,NATOPS,0,False,0.0,0.9523809523809524,
Or,3,,NATOPS,0,False,0.0,0.9523809523809524,
Eventually,1,0.04,NATOPS,0,False,0.0,0.9523809523809524,
Globally,1,0.52,NATOPS,0,False,0.0,0.9523809523809524,
And,2,,NATOPS,0,False,0.0,0.9523809523809524,
And,4,,NATOPS,0,False,0.0,0.9523809523809524,
And,4,,NATOPS,0,False,0.0,0.9523809523809524,
Globally,1,1.0,NATOPS,0,False,0.0,0.9523809523809524,
Globally,3,0.5,NATOPS,0,False,0.0,0.9523809523809524,
Eventually,3,1.0,NATOPS,0,False,0.0,0.9523809523809524,
Eventually,2,1.0,NATOPS,0,False,0.0,0.9523809523809524,
Globally,1,1.0,NATOPS,0,False,0.0,0.9523809523809524,
And,4,,NATOPS,0,False,0.0,0.9523809523809524,
And,3,,NATOPS,0,False,0.0,0.9523809523809524,
Eventually,3,0.26,NATOPS,0,False,0.0,0.9523809523809524,
Eventually,1,0.08,NATOPS,0,False,0.0,0.9523809523809524,
And,2,,NATOPS,0,False,0.0,0.9523809523809524,
And,2,,NATOPS,0,False,0.0,0.9523809523809524,
Globally,1,0.74,NATOPS,0,False,0.0,0.9523809523809524,
Globally,1,1.0,NATOPS,0,False,0.0,0.9523809523809524,
Or,3,,NATOPS,0,False,0.0,0.9523809523809524,
Globally,1,0.46,NATOPS,0,False,0.0,0.9523809523809524,
And,2,,NATOPS,0,False,0.0,0.9523809523809524,
Eventually,1,0.06,NATOPS,0,False,0.0,0.9523809523809524,
Eventually,1,0.22,NATOPS,0,False,0.0,0.9523809523809524,
Or,2,,NATOPS,0,False,0.0,0.9523809523809524,
Globally,1,0.32,NATOPS,0,False,0.0,0.9523809523809524,
Globally,1,0.04,NATOPS,0,False,0.0,0.9523809523809524,
Eventually,2,0.34,NATOPS,0,False,0.0,0.9523809523809524,
Eventually,1,0.04,NATOPS,0,False,0.0,0.9523809523809524,
Or,3,,NATOPS,0,False,0.0,0.9523809523809524,
Eventually,2,0.28,NATOPS,0,False,0.0,0.9523809523809524,
Globally,1,1.0,NATOPS,0,False,0.0,0.9523809523809524,
Eventually,2,0.68,NATOPS,0,False,0.0,0.9523809523809524,
Eventually,1,1.0,NATOPS,0,False,0.0,0.9523809523809524,
Globally,1,0.62,NATOPS,0,False,0.0,0.9523809523809524,
Or,2,,NATOPS,0,False,0.0,0.9523809523809524,
Globally,1,1.0,NATOPS,0,False,0.0,0.9523809523809524,
Eventually,1,0.04,NATOPS,0,False,0.0,0.9523809523809524,
Or,2,,NATOPS,0,False,0.0,0.9523809523809524,
Globally,1,1.0,NATOPS,0,False,0.0,0.9523809523809524,
And,4,,NATOPS,0,False,0.0,0.9523809523809524,
And,2,,NATOPS,0,False,0.0,0.9523809523809524,
Eventually,1,0.14,NATOPS,0,False,0.0,0.9523809523809524,
Eventually,1,0.32,NATOPS,0,False,0.0,0.9523809523809524,
Eventually,1,1.0,NATOPS,0,False,0.0,0.9523809523809524,
Globally,1,0.26,NATOPS,0,False,0.0,0.9523809523809524,
Globally,1,0.44,NATOPS,0,False,0.0,0.9523809523809524,
Eventually,1,0.22,NATOPS,0,False,0.0,0.9523809523809524,
Globally,1,0.22,NATOPS,0,False,0.0,0.9523809523809524,
Globally,1,0.14,NATOPS,0,False,0.0,0.9523809523809524,
And,4,,NATOPS,0,False,0.0,0.9523809523809524,
Eventually,1,0.46,NATOPS,0,False,0.0,0.9523809523809524,
Globally,1,0.08,NATOPS,0,False,0.0,0.9523809523809524,
Or,3,,NATOPS,0,False,0.0,0.9523809523809524,
Globally,2,0.06,NATOPS,0,False,0.0,0.9523809523809524,
Eventually,1,0.08,NATOPS,0,False,0.0,0.9523809523809524,
Globally,1,0.46,NATOPS,0,False,0.0,0.9523809523809524,
Or,2,,NATOPS,0,False,0.0,0.9523809523809524,
Eventually,1,0.08,NATOPS,0,False,0.0,0.9523809523809524,
Or,4,,NATOPS,0,False,0.0,0.9523809523809524,
And,4,,NATOPS,0,False,0.0,0.9523809523809524,
Or,3,,NATOPS,0,False,0.0,0.9523809523809524,
Eventually,1,0.04,NATOPS,0,False,0.0,0.9523809523809524,
And,2,,NATOPS,0,False,0.0,0.9523809523809524,
Eventually,1,0.12,NATOPS,0,False,0.0,0.9523809523809524,
Or,3,,NATOPS,0,False,0.0,0.9523809523809524,
Or,4,,NATOPS,0,False,0.0,0.9523809523809524,
And,2,,NATOPS,0,False,0.0,0.9523809523809524,
Globally,1,0.28,NATOPS,0,False,0.0,0.9523809523809524,
And,2,,NATOPS,0,False,0.0,0.9523809523809524,
Eventually,3,0.96,NATOPS,0,False,0.0,0.9523809523809524,
And,2,,NATOPS,0,False,0.0,0.9523809523809524,
Globally,1,0.92,NATOPS,0,False,0.0,0.9523809523809524,
Eventually,2,0.04,NATOPS,0,False,0.0,0.9523809523809524,
Globally,3,0.62,NATOPS,0,False,0.0,0.9523809523809524,
Eventually,1,1.0,NATOPS,0,False,0.0,0.9523809523809524,
Eventually,1,0.94,NATOPS,0,False,0.0,0.9523809523809524,
Eventually,1,0.2,NATOPS,0,False,0.0,0.9523809523809524,
Globally,1,0.04,NATOPS,0,False,0.0,0.9523809523809524,
Or,2,,NATOPS,0,False,0.0,0.9523809523809524,
Or,3,,NATOPS,0,False,0.0,0.9523809523809524,
Eventually,1,0.76,NATOPS,0,False,0.0,0.9523809523809524,
Eventually,1,0.12,NATOPS,0,False,0.0,0.9523809523809524,
Eventually,1,0.04,NATOPS,0,False,0.0,0.9523809523809524,
And,2,,NATOPS,0,False,0.0,0.9523809523809524,
Globally,2,0.62,NATOPS,0,False,0.0,0.9523809523809524,
Eventually,1,1.0,NATOPS,0,False,0.0,0.9523809523809524,
Eventually,1,1.0,NATOPS,0,False,0.0,0.9523809523809524,
Eventually,1,0.06,NATOPS,0,False,0.0,0.9523809523809524,
Globally,1,0.04,NATOPS,0,False,0.0,0.9523809523809524,
And,2,,NATOPS,0,False,0.0,0.9523809523809524,
And,2,,NATOPS,0,False,0.0,0.9523809523809524,
Or,2,,NATOPS,0,False,0.0,0.9523809523809524,
Eventually,2,0.9,NATOPS,0,False,0.0,0.9523809523809524,
And,3,,NATOPS,0,False,0.0,0.9523809523809524,
And,3,,NATOPS,0,False,0.0,0.9523809523809524,
And,3,,NATOPS,0,False,0.0,0.9523809523809524,
Eventually,2,0.04,NATOPS,0,False,0.0,0.9523809523809524,
Or,2,,NATOPS,0,False,0.0,0.9523809523809524,
Eventually,1,0.32,NATOPS,0,False,0.0,0.9523809523809524,
And,2,,NATOPS,0,False,0.0,0.9523809523809524,
Eventually,1,0.18,NATOPS,0,False,0.0,0.9523809523809524,
Or,2,,NATOPS,0,False,0.0,0.9523809523809524,
And,2,,NATOPS,0,False,0.0,0.9523809523809524,
Globally,1,0.18,NATOPS,0,False,0.0,0.9523809523809524,
Globally,1,0.4,NATOPS,0,False,0.0,0.9523809523809524,
Or,3,,NATOPS,0,False,0.0,0.9523809523809524,
Eventually,1,0.32,NATOPS,0,False,0.0,0.9523809523809524,
Eventually,2,0.2,NATOPS,0,False,0.0,0.9523809523809524,
Globally,1,0.14,NATOPS,0,False,0.0,0.9523809523809524,
And,2,,NATOPS,0,False,0.0,0.9523809523809524,
Eventually,1,0.32,NATOPS,0,False,0.0,0.9523809523809524,
And,4,,NATOPS,0,False,0.0,0.9523809523809524,
Eventually,1,0.26,NATOPS,0,False,0.0,0.9523809523809524,
Globally,1,0.04,NATOPS,0,False,0.0,0.9523809523809524,
And,2,,NATOPS,0,False,0.0,0.9523809523809524,
Eventually,1,1.0,NATOPS,0,False,0.0,0.9523809523809524,
Globally,1,0.04,NATOPS,0,False,0.0,0.9523809523809524,
Globally,1,0.88,NATOPS,0,False,0.0,0.9523809523809524,
Globally,1,0.12,NATOPS,0,False,0.0,0.9523809523809524,
Eventually,2,0.12,NATOPS,0,False,0.0,0.9523809523809524,
Globally,1,1.0,NATOPS,0,False,0.0,0.9523809523809524,
And,2,,NATOPS,0,False,0.0,0.9523809523809524,
Globally,1,1.0,NATOPS,0,False,0.0,0.9523809523809524,
And,2,,NATOPS,0,False,0.0,0.9523809523809524,
Or,2,,NATOPS,0,False,0.0,0.9523809523809524,
Or,2,,NATOPS,0,False,0.0,0.9523809523809524,
And,2,,NATOPS,0,False,0.0,0.9523809523809524,
Eventually,1,0.44,NATOPS,0,False,0.0,0.9523809523809524,
And,4,,NATOPS,0,False,0.0,0.9523809523809524,
Globally,1,1.0,NATOPS,0,False,0.0,0.9523809523809524,
And,3,,NATOPS,0,False,0.0,0.9523809523809524,
Eventually,1,0.42,NATOPS,0,False,0.0,0.9523809523809524,
Globally,1,0.8,NATOPS,0,False,0.0,0.9523809523809524,
And,4,,NATOPS,0,False,0.0,0.9523809523809524,
Eventually,2,0.1,NATOPS,0,False,0.0,0.9523809523809524,
Globally,2,1.0,NATOPS,0,False,0.0,0.9523809523809524,
Or,2,,NATOPS,0,False,0.0,0.9523809523809524,
Eventually,2,1.0,NATOPS,0,False,0.0,0.9523809523809524,
Globally,2,0.56,NATOPS,0,False,0.0,0.9523809523809524,
Globally,2,1.0,NATOPS,0,False,0.0,0.9523809523809524,
Eventually,2,0.54,NATOPS,0,False,0.0,0.9523809523809524,
Or,2,,NATOPS,0,False,0.0,0.9523809523809524,
Or,2,,NATOPS,0,False,0.0,0.9523809523809524,
Eventually,2,0.18,NATOPS,0,False,0.0,0.9523809523809524,
And,2,,NATOPS,0,False,0.0,0.9523809523809524,
Eventually,1,1.0,NATOPS,0,False,0.0,0.9523809523809524,
Globally,2,1.0,NATOPS,0,False,0.0,0.9523809523809524,
Eventually,1,0.3,NATOPS,0,False,0.0,0.9523809523809524,
Globally,1,1.0,NATOPS,0,False,0.0,0.9523809523809524,
Globally,2,0.2,NATOPS,0,False,0.0,0.9523809523809524,
And,2,,NATOPS,0,False,0.0,0.9523809523809524,
Eventually,1,0.9,NATOPS,0,False,0.0,0.9523809523809524,
Or,2,,NATOPS,0,False,0.0,0.9523809523809524,
Eventually,1,0.96,NATOPS,0,False,0.0,0.9523809523809524,
Eventually,1,0.12,NATOPS,0,False,0.0,0.9523809523809524,
And,2,,NATOPS,0,False,0.0,0.9523809523809524,
And,3,,NATOPS,0,False,0.0,0.9523809523809524,
Globally,3,0.88,NATOPS,0,False,0.0,0.9523809523809524,
Globally,2,0.22,NATOPS,0,False,0.0,0.9523809523809524,
Eventually,1,0.2,NATOPS,0,False,0.0,0.9523809523809524,
Globally,1,0.04,NATOPS,0,False,0.0,0.9523809523809524,
Eventually,1,0.08,NATOPS,0,False,0.0,0.9523809523809524,
Globally,1,1.0,NATOPS,0,False,0.0,0.9523809523809524,
And,2,,NATOPS,0,False,0.0,0.9523809523809524,
Or,2,,NATOPS,0,False,0.0,0.9523809523809524,
And,3,,NATOPS,0,False,0.0,0.9523809523809524,
Globally,1,0.26,NATOPS,0,False,0.0,0.9523809523809524,
Eventually,1,0.22,NATOPS,0,False,0.0,0.9523809523809524,
Globally,1,0.84,NATOPS,0,False,0.0,0.9523809523809524,
Eventually,1,1.0,NATOPS,0,False,0.0,0.9523809523809524,
Or,3,,NATOPS,0,False,0.0,0.9523809523809524,
And,2,,NATOPS,0,False,0.0,0.9523809523809524,
Or,3,,NATOPS,0,False,0.0,0.9523809523809524,
Eventually,1,0.34,NATOPS,0,False,0.0,0.9523809523809524,
Eventually,2,0.34,NATOPS,0,False,0.0,0.9523809523809524,
And,3,,NATOPS,0,False,0.0,0.9523809523809524,
Eventually,2,0.22,NATOPS,0,False,0.0,0.9523809523809524,
Eventually,1,1.0,NATOPS,0,False,0.0,0.9523809523809524,
Eventually,2,0.74,NATOPS,0,False,0.0,0.9523809523809524,
Or,4,,NATOPS,0,False,0.0,0.9523809523809524,
And,4,,NATOPS,0,False,0.0,0.9523809523809524,
Or,2,,NATOPS,0,False,0.0,0.9523809523809524,
Eventually,1,0.36,NATOPS,0,False,0.0,0.9523809523809524,
Eventually,1,0.68,NATOPS,0,False,0.0,0.9523809523809524,
And,2,,NATOPS,0,False,0.0,0.9523809523809524,
Globally,2,0.5,NATOPS,0,False,0.0,0.9523809523809524,
Eventually,1,0.14,NATOPS,0,False,0.0,0.9523809523809524,
Globally,1,0.04,NATOPS,0,False,0.0,0.9523809523809524,
Globally,1,0.06,NATOPS,0,False,0.0,0.9523809523809524,
Globally,1,0.04,NATOPS,0,False,0.0,0.9523809523809524,
Or,3,,NATOPS,0,False,0.0,0.9523809523809524,
Or,2,,NATOPS,0,False,0.0,0.9523809523809524,
Globally,1,1.0,NATOPS,0,False,0.0,0.9523809523809524,
Or,4,,NATOPS,0,False,0.0,0.9523809523809524,
And,2,,NATOPS,0,False,0.0,0.9523809523809524,
Eventually,1,0.26,NATOPS,0,False,0.0,0.9523809523809524,
Globally,1,1.0,NATOPS,0,False,0.0,0.9523809523809524,
And,4,,NATOPS,0,False,0.0,0.9523809523809524,
Globally,1,1.0,NATOPS,0,False,0.0,0.9523809523809524,
Globally,1,0.1,NATOPS,0,False,0.0,0.9523809523809524,
Globally,1,0.56,NATOPS,0,False,0.0,0.9523809523809524,
Eventually,1,0.9,NATOPS,0,False,0.0,0.9523809523809524,
Globally,1,0.06,NATOPS,0,False,0.0,0.9523809523809524,
Globally,1,0.06,NATOPS,0,False,0.0,0.9523809523809524,
Or,2,,NATOPS,0,False,0.0,0.9523809523809524,
Globally,1,0.12,NATOPS,0,False,0.0,0.9523809523809524,
Eventually,1,0.3,NATOPS,0,False,0.0,0.9523809523809524,
Eventually,1,1.0,NATOPS,0,False,0.0,0.9523809523809524,
Globally,1,0.06,NATOPS,0,False,0.0,0.9523809523809524,
Eventually,3,1.0,NATOPS,0,False,0.0,0.9523809523809524,
Eventually,1,0.08,NATOPS,0,False,0.0,0.9523809523809524,
Eventually,1,1.0,NATOPS,0,False,0.0,0.9523809523809524,
Eventually,1,0.3,NATOPS,0,False,0.0,0.9523809523809524,
Or,2,,NATOPS,0,False,0.0,0.9523809523809524,
Globally,1,1.0,NATOPS,0,False,0.0,0.9523809523809524,
Eventually,2,0.22,NATOPS,0,False,0.0,0.9523809523809524,
Globally,4,0.52,NATOPS,0,False,0.0,0.9523809523809524,
Eventually,2,0.48,NATOPS,0,False,0.0,0.9523809523809524,
And,2,,NATOPS,0,False,0.0,0.9523809523809524,
And,2,,NATOPS,0,False,0.0,0.9523809523809524,
Or,3,,NATOPS,0,False,0.0,0.9523809523809524,
Globally,1,1.0,NATOPS,0,False,0.0,0.9523809523809524,
Or,2,,NATOPS,0,False,0.0,0.9523809523809524,
Eventually,1,0.38,NATOPS,0,False,0.0,0.9523809523809524,
Globally,3,0.38,NATOPS,0,False,0.0,0.9523809523809524,
Eventually,1,0.0,NATOPS,0,False,0.0,0.9523809523809524,
Eventually,1,1.0,NATOPS,0,False,0.0,0.9523809523809524,
Globally,1,0.04,NATOPS,0,False,0.0,0.9523809523809524,
Eventually,1,0.1,NATOPS,0,False,0.0,0.9523809523809524,
Eventually,1,1.0,NATOPS,0,False,0.0,0.9523809523809524,
Globally,1,1.0,NATOPS,0,False,0.0,0.9523809523809524,
And,2,,NATOPS,0,False,0.0,0.9523809523809524,
Eventually,1,0.92,NATOPS,0,False,0.0,0.9523809523809524,
Globally,1,0.16,NATOPS,0,False,0.0,0.9523809523809524,
Eventually,2,0.12,NATOPS,0,False,0.0,0.9523809523809524,
Globally,3,0.5,NATOPS,0,False,0.0,0.9523809523809524,
Eventually,1,0.62,NATOPS,0,False,0.0,0.9523809523809524,
Eventually,1,0.6,NATOPS,0,False,0.0,0.9523809523809524,
And,2,,NATOPS,0,False,0.0,0.9523809523809524,
And,2,,NATOPS,0,False,0.0,0.9523809523809524,
Eventually,2,0.4,NATOPS,0,False,0.0,0.9523809523809524,
Globally,1,0.14,NATOPS,0,False,0.0,0.9523809523809524,
Eventually,1,0.14,NATOPS,0,False,0.0,0.9523809523809524,
And,2,,NATOPS,0,False,0.0,0.9523809523809524,
Or,2,,NATOPS,0,False,0.0,0.9523809523809524,
Eventually,1,0.08,NATOPS,0,False,0.0,0.9523809523809524,
Globally,2,0.1,NATOPS,0,False,0.0,0.9523809523809524,
Globally,1,0.1,NATOPS,0,False,0.0,0.9523809523809524,
And,3,,NATOPS,0,False,0.0,0.9523809523809524,
And,4,,NATOPS,0,False,0.0,0.9523809523809524,
Globally,1,0.62,NATOPS,0,False,0.0,0.9523809523809524,
Globally,1,0.9,NATOPS,0,False,0.0,0.9523809523809524,
Eventually,1,0.08,NATOPS,0,False,0.0,0.9523809523809524,
And,2,,NATOPS,0,False,0.0,0.9523809523809524,
Eventually,1,0.2,NATOPS,0,False,0.0,0.9523809523809524,
And,2,,NATOPS,0,False,0.0,0.9523809523809524,
Eventually,1,0.4,NATOPS,0,False,0.0,0.9523809523809524,
And,3,,NATOPS,0,False,0.0,0.9523809523809524,
Globally,1,1.0,NATOPS,0,False,0.0,0.9523809523809524,
Or,3,,NATOPS,0,False,0.0,0.9523809523809524,
Globally,2,0.04,NATOPS,0,False,0.0,0.9523809523809524,
And,4,,NATOPS,0,False,0.0,0.9523809523809524,
Or,3,,NATOPS,0,False,0.0,0.9523809523809524,
And,2,,NATOPS,0,False,0.0,0.9523809523809524,
Globally,1,1.0,NATOPS,0,False,0.0,0.9523809523809524,
Globally,1,1.0,NATOPS,0,False,0.0,0.9523809523809524,
Eventually,1,0.94,NATOPS,0,False,0.0,0.9523809523809524,
Globally,1,0.18,NATOPS,0,False,0.0,0.9523809523809524,
Globally,2,0.8,NATOPS,0,False,0.0,0.9523809523809524,
Or,4,,NATOPS,0,True,0.02179349519683993,0.9523809523809524,True
Eventually,2,1.0,NATOPS,0,False,0.0,0.9523809523809524,
Globally,1,0.36,NATOPS,0,False,0.0,0.9523809523809524,
Globally,2,0.18,NATOPS,0,False,0.0,0.9523809523809524,
Or,2,,NATOPS,0,False,0.0,0.9523809523809524,
Globally,1,0.06,NATOPS,0,False,0.0,0.9523809523809524,
Globally,1,0.66,NATOPS,0,False,0.0,0.9523809523809524,
And,4,,NATOPS,0,False,0.0,0.9523809523809524,
And,4,,NATOPS,0,False,0.0,0.9523809523809524,
And,2,,NATOPS,0,False,0.0,0.9523809523809524,
Eventually,2,0.3,NATOPS,0,False,0.0,0.9523809523809524,
Globally,1,0.22,NATOPS,0,False,0.0,0.9523809523809524,
And,4,,NATOPS,0,False,0.0,0.9523809523809524,
Eventually,1,1.0,NATOPS,0,False,0.0,0.9523809523809524,
Eventually,1,0.7,NATOPS,0,False,0.0,0.9523809523809524,
Globally,1,0.06,NATOPS,0,False,0.0,0.9523809523809524,
Globally,1,0.58,NATOPS,0,False,0.0,0.9523809523809524,
Eventually,1,0.28,NATOPS,0,False,0.0,0.9523809523809524,
Or,4,,NATOPS,0,False,0.0,0.9523809523809524,
And,3,,NATOPS,0,False,0.0,0.9523809523809524,
Eventually,1,0.06,NATOPS,0,False,0.0,0.9523809523809524,
Eventually,1,0.74,NATOPS,0,False,0.0,0.9523809523809524,
Globally,1,0.1,NATOPS,0,False,0.0,0.9523809523809524,
Or,2,,NATOPS,0,False,0.0,0.9523809523809524,
Globally,1,0.12,NATOPS,0,False,0.0,0.9523809523809524,
Globally,1,1.0,NATOPS,0,False,0.0,0.9523809523809524,
Globally,1,0.08,NATOPS,0,False,0.0,0.9523809523809524,
Eventually,1,0.94,NATOPS,0,False,0.0,0.9523809523809524,
Globally,3,0.04,NATOPS,0,False,0.0,0.9523809523809524,
Globally,1,0.06,NATOPS,0,False,0.0,0.9523809523809524,
And,4,,NATOPS,0,False,0.0,0.9523809523809524,
Or,2,,NATOPS,0,False,0.0,0.9523809523809524,
Eventually,1,1.0,NATOPS,0,False,0.0,0.9523809523809524,
Or,2,,NATOPS,0,False,0.0,0.9523809523809524,
Globally,1,0.84,NATOPS,0,False,0.0,0.9523809523809524,
Eventually,2,0.94,NATOPS,0,False,0.0,0.9523809523809524,
Globally,1,0.04,NATOPS,0,False,0.0,0.9523809523809524,
Or,2,,NATOPS,0,False,0.0,0.9523809523809524,
Or,2,,NATOPS,0,False,0.0,0.9523809523809524,
Or,2,,NATOPS,0,False,0.0,0.9523809523809524,
And,3,,NATOPS,0,False,0.0,0.9523809523809524,
Or,3,,NATOPS,0,False,0.0,0.9523809523809524,
Globally,3,0.04,NATOPS,0,False,0.0,0.9523809523809524,
Globally,1,1.0,NATOPS,0,False,0.0,0.9523809523809524,
Eventually,1,0.3,NATOPS,0,False,0.0,0.9523809523809524,
Or,2,,NATOPS,0,False,0.0,0.9523809523809524,
Eventually,1,0.94,NATOPS,0,False,0.0,0.9523809523809524,
Globally,1,0.32,NATOPS,0,False,0.0,0.9523809523809524,
And,2,,NATOPS,0,False,0.0,0.9523809523809524,
Globally,1,0.0,NATOPS,0,False,0.0,0.9523809523809524,
Globally,1,1.0,NATOPS,0,False,0.0,0.9523809523809524,
Eventually,2,0.86,NATOPS,0,False,0.0,0.9523809523809524,
And,2,,NATOPS,0,False,0.0,0.9523809523809524,
Globally,1,0.04,NATOPS,0,False,0.0,0.9523809523809524,
Eventually,1,1.0,NATOPS,0,False,0.0,0.9523809523809524,
Eventually,1,0.28,NATOPS,0,False,0.0,0.9523809523809524,
And,2,,NATOPS,0,False,0.0,0.9523809523809524,
Eventually,2,0.84,NATOPS,0,False,0.0,0.9523809523809524,
Globally,1,0.04,NATOPS,0,False,0.0,0.9523809523809524,
And,4,,NATOPS,0,False,0.0,0.9523809523809524,
Globally,2,0.4,NATOPS,0,False,0.0,0.9523809523809524,
Eventually,1,0.16,NATOPS,0,False,0.0,0.9523809523809524,
Globally,1,0.84,NATOPS,0,False,0.0,0.9523809523809524,
And,2,,NATOPS,0,False,0.0,0.9523809523809524,
And,2,,NATOPS,0,False,0.0,0.9523809523809524,
Globally,1,0.22,NATOPS,0,False,0.0,0.9523809523809524,
Or,2,,NATOPS,0,False,0.0,0.9523809523809524,
Globally,2,0.86,NATOPS,0,False,0.0,0.9523809523809524,
Globally,1,0.18,NATOPS,0,False,0.0,0.9523809523809524,
And,3,,NATOPS,0,False,0.0,0.9523809523809524,
And,2,,NATOPS,0,False,0.0,0.9523809523809524,
Eventually,2,1.0,NATOPS,0,False,0.0,0.9523809523809524,
And,2,,NATOPS,0,False,0.0,0.9523809523809524,
Globally,1,1.0,NATOPS,0,False,0.0,0.9523809523809524,
Or,3,,NATOPS,0,False,0.0,0.9523809523809524,
Globally,2,0.32,NATOPS,0,False,0.0,0.9523809523809524,
Or,3,,NATOPS,0,False,0.0,0.9523809523809524,
Eventually,1,0.1,NATOPS,0,False,0.0,0.9523809523809524,
Globally,1,0.2,NATOPS,0,False,0.0,0.9523809523809524,
And,4,,NATOPS,0,False,0.0,0.9523809523809524,
Eventually,1,0.44,NATOPS,0,False,0.0,0.9523809523809524,
Globally,1,0.54,NATOPS,0,False,0.0,0.9523809523809524,
Eventually,2,0.04,NATOPS,0,False,0.0,0.9523809523809524,
Or,2,,NATOPS,0,False,0.0,0.9523809523809524,
And,2,,NATOPS,0,False,0.0,0.9523809523809524,
Eventually,1,0.5,NATOPS,0,False,0.0,0.9523809523809524,
Eventually,1,0.36,NATOPS,0,False,0.0,0.9523809523809524,
Globally,3,0.54,NATOPS,0,False,0.0,0.9523809523809524,
Globally,1,0.64,NATOPS,0,False,0.0,0.9523809523809524,
Globally,3,0.44,NATOPS,0,False,0.0,0.9523809523809524,
Or,3,,NATOPS,0,False,0.0,0.9523809523809524,
And,2,,NATOPS,0,False,0.0,0.9523809523809524,
Eventually,1,0.6,NATOPS,0,False,0.0,0.9523809523809524,
Or,4,,NATOPS,0,False,0.0,0.9523809523809524,
And,2,,NATOPS,0,False,0.0,0.9523809523809524,
Globally,2,0.12,NATOPS,0,False,0.0,0.9523809523809524,
Or,2,,NATOPS,0,False,0.0,0.9523809523809524,
Globally,2,0.04,NATOPS,0,False,0.0,0.9523809523809524,
Eventually,1,0.06,NATOPS,0,False,0.0,0.9523809523809524,
Globally,1,0.32,NATOPS,0,False,0.0,0.9523809523809524,
Or,2,,NATOPS,0,False,0.0,0.9523809523809524,
Eventually,1,0.72,NATOPS,0,False,0.0,0.9523809523809524,
Globally,1,1.0,NATOPS,0,False,0.0,0.9523809523809524,
Eventually,3,1.0,NATOPS,0,False,0.0,0.9523809523809524,
Eventually,1,0.48,NATOPS,0,False,0.0,0.9523809523809524,
Or,4,,NATOPS,0,False,0.0,0.9523809523809524,
And,2,,NATOPS,0,False,0.0,0.9523809523809524,
Eventually,2,0.06,NATOPS,0,False,0.0,0.9523809523809524,
Or,4,,NATOPS,0,False,0.0,0.9523809523809524,
Eventually,1,1.0,NATOPS,0,False,0.0,0.9523809523809524,
And,2,,NATOPS,0,False,0.0,0.9523809523809524,
Eventually,1,1.0,NATOPS,0,False,0.0,0.9523809523809524,
Eventually,1,0.48,NATOPS,0,False,0.0,0.9523809523809524,
Eventually,1,0.46,NATOPS,0,False,0.0,0.9523809523809524,
Or,4,,NATOPS,0,False,0.0,0.9523809523809524,
Eventually,1,0.28,NATOPS,0,False,0.0,0.9523809523809524,
Eventually,1,1.0,NATOPS,0,False,0.0,0.9523809523809524,
And,3,,NATOPS,0,False,0.0,0.9523809523809524,
Eventually,1,1.0,NATOPS,0,False,0.0,0.9523809523809524,
And,3,,NATOPS,0,False,0.0,0.9523809523809524,
Eventually,1,0.38,NATOPS,0,False,0.0,0.9523809523809524,
Globally,1,0.08,NATOPS,0,False,0.0,0.9523809523809524,
And,2,,NATOPS,0,False,0.0,0.9523809523809524,
Or,2,,NATOPS,0,False,0.0,0.9523809523809524,
Or,2,,NATOPS,0,False,0.0,0.9523809523809524,
Globally,2,0.32,NATOPS,0,False,0.0,0.9523809523809524,
And,2,,NATOPS,0,False,0.0,0.9523809523809524,
Globally,1,1.0,NATOPS,0,False,0.0,0.9523809523809524,
Or,4,,NATOPS,0,False,0.0,0.9523809523809524,
Globally,2,0.42,NATOPS,0,False,0.0,0.9523809523809524,
Eventually,3,1.0,NATOPS,0,False,0.0,0.9523809523809524,
Globally,2,0.04,NATOPS,0,False,0.0,0.9523809523809524,
Or,2,,NATOPS,0,False,0.0,0.9523809523809524,
Globally,1,0.08,NATOPS,0,False,0.0,0.9523809523809524,
Or,2,,NATOPS,0,False,0.0,0.9523809523809524,
Eventually,2,1.0,NATOPS,0,False,0.0,0.9523809523809524,
Globally,1,0.04,NATOPS,0,False,0.0,0.9523809523809524,
Eventually,2,0.54,NATOPS,0,False,0.0,0.9523809523809524,
Or,3,,NATOPS,0,False,0.0,0.9523809523809524,
And,2,,NATOPS,0,False,0.0,0.9523809523809524,
Globally,1,1.0,NATOPS,0,False,0.0,0.9523809523809524,
Eventually,2,1.0,NATOPS,0,False,0.0,0.9523809523809524,
Or,2,,NATOPS,0,False,0.0,0.9523809523809524,
Globally,1,1.0,NATOPS,0,False,0.0,0.9523809523809524,
And,2,,NATOPS,0,False,0.0,0.9523809523809524,
Eventually,1,0.3,NATOPS,0,False,0.0,0.9523809523809524,
Globally,1,0.26,NATOPS,0,False,0.0,0.9523809523809524,
Eventually,2,1.0,NATOPS,0,False,0.0,0.9523809523809524,
Eventually,2,0.96,NATOPS,0,False,0.0,0.9523809523809524,
Globally,1,0.5,NATOPS,0,False,0.0,0.9523809523809524,
Eventually,1,0.52,NATOPS,0,False,0.0,0.9523809523809524,
Globally,2,1.0,NATOPS,0,False,0.0,0.9523809523809524,
Globally,1,0.52,NATOPS,0,False,0.0,0.9523809523809524,
Eventually,2,0.04,NATOPS,0,False,0.0,0.9523809523809524,
Globally,1,0.06,NATOPS,0,False,0.0,0.9523809523809524,
Eventually,1,0.72,NATOPS,0,False,0.0,0.9523809523809524,
Globally,1,1.0,NATOPS,0,False,0.0,0.9523809523809524,
And,2,,NATOPS,0,False,0.0,0.9523809523809524,
Eventually,2,0.32,NATOPS,0,False,0.0,0.9523809523809524,
Or,3,,NATOPS,0,False,0.0,0.9523809523809524,
Globally,1,0.08,NATOPS,0,False,0.0,0.9523809523809524,
Globally,1,0.0,NATOPS,0,False,0.0,0.9523809523809524,
And,2,,NATOPS,0,False,0.0,0.9523809523809524,
Globally,1,0.16,NATOPS,0,False,0.0,0.9523809523809524,
And,2,,NATOPS,0,False,0.0,0.9523809523809524,
Globally,1,0.2,NATOPS,0,False,0.0,0.9523809523809524,
Globally,1,0.18,NATOPS,0,False,0.0,0.9523809523809524,
Globally,1,1.0,NATOPS,0,False,0.0,0.9523809523809524,
Eventually,1,0.34,NATOPS,0,False,0.0,0.9523809523809524,
Eventually,1,0.16,NATOPS,0,False,0.0,0.9523809523809524,
Or,3,,NATOPS,0,False,0.0,0.9523809523809524,
Eventually,1,0.24,NATOPS,0,False,0.0,0.9523809523809524,
Globally,1,0.12,NATOPS,0,False,0.0,0.9523809523809524,
Or,3,,NATOPS,0,False,0.0,0.9523809523809524,
Eventually,1,1.0,NATOPS,0,False,0.0,0.9523809523809524,
Or,3,,NATOPS,0,False,0.0,0.9523809523809524,
Eventually,1,0.74,NATOPS,0,False,0.0,0.9523809523809524,
And,2,,NATOPS,0,False,0.0,0.9523809523809524,
Or,2,,NATOPS,0,False,0.0,0.9523809523809524,
Eventually,1,0.08,NATOPS,0,False,0.0,0.9523809523809524,
And,4,,NATOPS,0,False,0.0,0.9523809523809524,
Eventually,2,0.24,NATOPS,0,False,0.0,0.9523809523809524,
Eventually,1,0.04,NATOPS,0,False,0.0,0.9523809523809524,
Eventually,1,0.08,NATOPS,0,False,0.0,0.9523809523809524,
Globally,1,1.0,NATOPS,0,False,0.0,0.9523809523809524,
Or,2,,NATOPS,0,False,0.0,0.9523809523809524,
Globally,1,0.06,NATOPS,0,False,0.0,0.9523809523809524,
Globally,1,0.5,NATOPS,0,False,0.0,0.9523809523809524,
Globally,1,1.0,NATOPS,0,False,0.0,0.9523809523809524,
Or,2,,NATOPS,0,False,0.0,0.9523809523809524,
And,2,,NATOPS,0,False,0.0,0.9523809523809524,
Eventually,1,0.42,NATOPS,0,False,0.0,0.9523809523809524,
Eventually,1,0.4,NATOPS,0,False,0.0,0.9523809523809524,
And,3,,NATOPS,0,False,0.0,0.9523809523809524,
Globally,2,0.08,NATOPS,0,False,0.0,0.9523809523809524,
Eventually,1,0.14,NATOPS,0,False,0.0,0.9523809523809524,
Eventually,1,0.04,NATOPS,0,False,0.0,0.9523809523809524,
And,2,,NATOPS,0,False,0.0,0.9523809523809524,
Eventually,1,1.0,NATOPS,0,False,0.0,0.9523809523809524,
Globally,1,1.0,NATOPS,0,False,0.0,0.9523809523809524,
Globally,1,1.0,NATOPS,0,False,0.0,0.9523809523809524,
Or,4,,NATOPS,0,False,0.0,0.9523809523809524,
Globally,1,0.1,NATOPS,0,False,0.0,0.9523809523809524,
Globally,2,0.5,NATOPS,0,False,0.0,0.9523809523809524,
Globally,1,0.08,NATOPS,0,False,0.0,0.9523809523809524,
Globally,1,0.14,NATOPS,0,False,0.0,0.9523809523809524,
Globally,3,0.04,NATOPS,0,False,0.0,0.9523809523809524,
Eventually,1,0.18,NATOPS,0,False,0.0,0.9523809523809524,
Eventually,1,1.0,NATOPS,0,False,0.0,0.9523809523809524,
And,4,,NATOPS,0,False,0.0,0.9523809523809524,
Eventually,1,0.24,NATOPS,0,False,0.0,0.9523809523809524,
Globally,1,0.14,NATOPS,0,False,0.0,0.9523809523809524,
Or,2,,NATOPS,0,False,0.0,0.9523809523809524,
And,2,,NATOPS,0,False,0.0,0.9523809523809524,
And,2,,NATOPS,0,False,0.0,0.9523809523809524,
Globally,1,0.04,NATOPS,0,False,0.0,0.9523809523809524,
And,2,,NATOPS,0,False,0.0,0.9523809523809524,
Globally,2,0.7,NATOPS,0,False,0.0,0.9523809523809524,
Globally,1,0.04,NATOPS,0,False,0.0,0.9523809523809524,
Eventually,1,0.64,NATOPS,0,False,0.0,0.9523809523809524,
Or,2,,NATOPS,0,False,0.0,0.9523809523809524,
Or,2,,NATOPS,0,False,0.0,0.9523809523809524,
Globally,1,0.62,NATOPS,0,False,0.0,0.9523809523809524,
Or,2,,NATOPS,0,False,0.0,0.9523809523809524,
Globally,1,0.04,NATOPS,0,False,0.0,0.9523809523809524,
Or,4,,NATOPS,0,False,0.0,0.9523809523809524,
Or,4,,NATOPS,0,False,0.0,0.9523809523809524,
Globally,1,0.0,NATOPS,0,False,0.0,0.9523809523809524,
Eventually,2,0.38,NATOPS,0,False,0.0,0.9523809523809524,
Or,3,,NATOPS,0,False,0.0,0.9523809523809524,
Eventually,1,0.1,NATOPS,0,False,0.0,0.9523809523809524,
Or,2,,NATOPS,0,False,0.0,0.9523809523809524,
Globally,1,1.0,NATOPS,0,False,0.0,0.9523809523809524,
And,2,,NATOPS,0,False,0.0,0.9523809523809524,
Eventually,3,0.12,NATOPS,0,False,0.0,0.9523809523809524,
And,2,,NATOPS,0,False,0.0,0.9523809523809524,
Globally,1,0.14,NATOPS,0,False,0.0,0.9523809523809524,
Eventually,2,0.52,NATOPS,0,False,0.0,0.9523809523809524,
Globally,1,0.68,NATOPS,0,False,0.0,0.9523809523809524,
And,4,,NATOPS,0,False,0.0,0.9523809523809524,
And,4,,NATOPS,0,False,0.0,0.9523809523809524,
Globally,1,0.14,NATOPS,0,False,0.0,0.9523809523809524,
Or,4,,NATOPS,0,False,0.0,0.9523809523809524,
Eventually,1,0.64,NATOPS,0,False,0.0,0.9523809523809524,
And,3,,NATOPS,0,False,0.0,0.9523809523809524,
And,2,,NATOPS,0,False,0.0,0.9523809523809524,
Globally,1,1.0,NATOPS,0,False,0.0,0.9523809523809524,
Globally,2,0.0,NATOPS,0,False,0.0,0.9523809523809524,
Eventually,1,1.0,NATOPS,0,False,0.0,0.9523809523809524,
Eventually,1,0.12,NATOPS,0,False,0.0,0.9523809523809524,
Eventually,2,0.38,NATOPS,0,False,0.0,0.9523809523809524,
Or,3,,NATOPS,0,False,0.0,0.9523809523809524,
Globally,1,0.26,NATOPS,0,False,0.0,0.9523809523809524,
Eventually,1,0.76,NATOPS,0,False,0.0,0.9523809523809524,
Eventually,1,0.1,NATOPS,0,False,0.0,0.9523809523809524,
Eventually,1,0.22,NATOPS,0,False,0.0,0.9523809523809524,
And,2,,NATOPS,0,False,0.0,0.9523809523809524,
Globally,1,0.12,NATOPS,0,False,0.0,0.9523809523809524,
Globally,1,1.0,NATOPS,0,False,0.0,0.9523809523809524,
Eventually,2,0.04,NATOPS,0,False,0.0,0.9523809523809524,
Eventually,2,1.0,NATOPS,0,False,0.0,0.9523809523809524,
Eventually,1,0.12,NATOPS,0,False,0.0,0.9523809523809524,
Globally,1,0.04,NATOPS,0,False,0.0,0.9523809523809524,
And,2,,NATOPS,0,False,0.0,0.9523809523809524,
Globally,1,0.96,NATOPS,0,False,0.0,0.9523809523809524,
Or,2,,NATOPS,0,False,0.0,0.9523809523809524,
And,2,,NATOPS,0,False,0.0,0.9523809523809524,
Globally,1,0.84,NATOPS,0,False,0.0,0.9523809523809524,
And,2,,NATOPS,0,False,0.0,0.9523809523809524,
Globally,1,0.42,NATOPS,0,False,0.0,0.9523809523809524,
Eventually,3,0.08,NATOPS,0,False,0.0,0.9523809523809524,
Eventually,1,0.76,NATOPS,0,False,0.0,0.9523809523809524,
Globally,1,0.28,NATOPS,0,False,0.0,0.9523809523809524,
Globally,3,0.2,NATOPS,0,False,0.0,0.9523809523809524,
Eventually,1,0.18,NATOPS,0,False,0.0,0.9523809523809524,
Eventually,1,0.1,NATOPS,0,False,0.0,0.9523809523809524,
Or,2,,NATOPS,0,False,0.0,0.9523809523809524,
Globally,1,1.0,NATOPS,0,False,0.0,0.9523809523809524,
Eventually,1,0.86,NATOPS,0,False,0.0,0.9523809523809524,
And,3,,NATOPS,0,False,0.0,0.9523809523809524,
And,2,,NATOPS,0,False,0.0,0.9523809523809524,
Or,2,,NATOPS,0,False,0.0,0.9523809523809524,
Eventually,1,1.0,NATOPS,0,False,0.0,0.9523809523809524,
Globally,1,0.9,NATOPS,0,False,0.0,0.9523809523809524,
Eventually,3,0.4,NATOPS,0,False,0.0,0.9523809523809524,
And,4,,NATOPS,0,False,0.0,0.9523809523809524,
Globally,3,1.0,NATOPS,0,True,0.11951169078903388,0.9523809523809524,
Globally,1,1.0,NATOPS,0,False,0.0,0.9523809523809524,
Globally,1,1.0,NATOPS,0,False,0.0,0.9523809523809524,
Or,2,,NATOPS,0,False,0.0,0.9523809523809524,
Or,4,,NATOPS,0,False,0.0,0.9523809523809524,
Eventually,1,0.04,NATOPS,0,False,0.0,0.9523809523809524,
Globally,2,1.0,NATOPS,0,False,0.0,0.9523809523809524,
Or,4,,NATOPS,0,False,0.0,0.9523809523809524,
Globally,4,0.64,NATOPS,0,False,0.0,0.9523809523809524,
Globally,3,0.42,NATOPS,0,False,0.0,0.9523809523809524,
Globally,2,1.0,NATOPS,0,False,0.0,0.9523809523809524,
And,4,,NATOPS,0,False,0.0,0.9523809523809524,
Globally,1,1.0,NATOPS,0,False,0.0,0.9523809523809524,
Eventually,4,0.46,NATOPS,0,False,0.0,0.9523809523809524,
Globally,1,0.36,NATOPS,0,False,0.0,0.9523809523809524,
And,3,,NATOPS,0,False,0.0,0.9523809523809524,
And,4,,NATOPS,0,False,0.0,0.9523809523809524,
Globally,1,0.06,NATOPS,0,False,0.0,0.9523809523809524,
And,2,,NATOPS,0,False,0.0,0.9523809523809524,
And,2,,NATOPS,0,False,0.0,0.9523809523809524,
Globally,2,0.24,NATOPS,0,False,0.0,0.9523809523809524,
Globally,2,0.06,NATOPS,0,False,0.0,0.9523809523809524,
And,2,,NATOPS,0,False,0.0,0.9523809523809524,
Eventually,1,0.34,NATOPS,0,False,0.0,0.9523809523809524,
Eventually,2,0.26,NATOPS,0,False,0.0,0.9523809523809524,
Eventually,1,0.04,NATOPS,0,False,0.0,0.9523809523809524,
Or,2,,NATOPS,0,False,0.0,0.9523809523809524,
Eventually,1,0.24,NATOPS,0,False,0.0,0.9523809523809524,
And,2,,NATOPS,0,False,0.0,0.9523809523809524,
Or,2,,NATOPS,0,False,0.0,0.9523809523809524,
Eventually,2,0.04,NATOPS,0,False,0.0,0.9523809523809524,
Eventually,1,0.06,NATOPS,0,False,0.0,0.9523809523809524,
Eventually,1,0.44,NATOPS,0,False,0.0,0.9523809523809524,
Or,2,,NATOPS,0,False,0.0,0.9523809523809524,
And,3,,NATOPS,0,False,0.0,0.9523809523809524,
Globally,1,0.06,NATOPS,0,False,0.0,0.9523809523809524,
Or,2,,NATOPS,0,False,0.0,0.9523809523809524,
Eventually,2,0.4,NATOPS,0,False,0.0,0.9523809523809524,
Eventually,2,0.26,NATOPS,0,False,0.0,0.9523809523809524,
Eventually,2,0.08,NATOPS,0,False,0.0,0.9523809523809524,
And,4,,NATOPS,0,False,0.0,0.9523809523809524,
Globally,1,0.18,NATOPS,0,False,0.0,0.9523809523809524,
Or,2,,NATOPS,0,False,0.0,0.9523809523809524,
And,3,,NATOPS,0,False,0.0,0.9523809523809524,
Globally,3,0.14,NATOPS,0,False,0.0,0.9523809523809524,
Globally,1,1.0,NATOPS,0,False,0.0,0.9523809523809524,
Or,4,,NATOPS,0,False,0.0,0.9523809523809524,
Globally,1,1.0,NATOPS,0,False,0.0,0.9523809523809524,
And,2,,NATOPS,0,False,0.0,0.9523809523809524,
Eventually,2,1.0,NATOPS,0,False,0.0,0.9523809523809524,
Or,4,,NATOPS,0,False,0.0,0.9523809523809524,
Globally,1,0.4,NATOPS,0,False,0.0,0.9523809523809524,
Eventually,1,1.0,NATOPS,0,False,0.0,0.9523809523809524,
Or,2,,NATOPS,0,False,0.0,0.9523809523809524,
Globally,1,0.12,NATOPS,0,False,0.0,0.9523809523809524,
Globally,1,0.04,NATOPS,0,False,0.0,0.9523809523809524,
And,2,,NATOPS,0,False,0.0,0.9523809523809524,
Globally,1,1.0,NATOPS,0,False,0.0,0.9523809523809524,
Globally,2,0.24,NATOPS,0,False,0.0,0.9523809523809524,
Eventually,2,0.6,NATOPS,0,False,0.0,0.9523809523809524,
And,2,,NATOPS,0,False,0.0,0.9523809523809524,
Globally,3,1.0,NATOPS,0,False,0.0,0.9523809523809524,
Eventually,1,1.0,NATOPS,0,False,0.0,0.9523809523809524,
Or,2,,NATOPS,0,False,0.0,0.9523809523809524,
And,2,,NATOPS,0,False,0.0,0.9523809523809524,
Eventually,1,0.14,NATOPS,0,False,0.0,0.9523809523809524,
Eventually,1,0.1,NATOPS,0,False,0.0,0.9523809523809524,
Or,2,,NATOPS,0,False,0.0,0.9523809523809524,
Or,3,,NATOPS,0,False,0.0,0.9523809523809524,
Globally,2,0.38,NATOPS,0,False,0.0,0.9523809523809524,
And,4,,NATOPS,0,False,0.0,0.9523809523809524,
Or,3,,NATOPS,0,False,0.0,0.9523809523809524,
Or,4,,NATOPS,0,False,0.0,0.9523809523809524,
And,2,,NATOPS,0,False,0.0,0.9523809523809524,
Or,2,,NATOPS,0,False,0.0,0.9523809523809524,
Or,2,,NATOPS,0,False,0.0,0.9523809523809524,
Globally,1,0.06,NATOPS,0,False,0.0,0.9523809523809524,
Globally,1,0.08,NATOPS,0,False,0.0,0.9523809523809524,
Eventually,1,0.2,NATOPS,0,False,0.0,0.9523809523809524,
And,3,,NATOPS,0,False,0.0,0.9523809523809524,
Globally,2,0.46,NATOPS,0,False,0.0,0.9523809523809524,
Or,2,,NATOPS,0,False,0.0,0.9523809523809524,
Eventually,1,0.62,NATOPS,0,False,0.0,0.9523809523809524,
And,4,,NATOPS,0,False,0.0,0.9523809523809524,
Or,2,,NATOPS,0,False,0.0,0.9523809523809524,
And,3,,NATOPS,0,False,0.0,0.9523809523809524,
Or,3,,NATOPS,0,False,0.0,0.9523809523809524,
Or,3,,NATOPS,0,False,0.0,0.9523809523809524,
Globally,1,0.18,NATOPS,0,False,0.0,0.9523809523809524,
And,2,,NATOPS,0,False,0.0,0.9523809523809524,
Globally,1,0.44,NATOPS,0,False,0.0,0.9523809523809524,
Eventually,1,0.2,NATOPS,0,False,0.0,0.9523809523809524,
And,3,,NATOPS,0,False,0.0,0.9523809523809524,
Globally,2,0.04,NATOPS,0,False,0.0,0.9523809523809524,
Eventually,2,0.08,NATOPS,0,False,0.0,0.9523809523809524,
Globally,1,0.58,NATOPS,0,False,0.0,0.9523809523809524,
Eventually,1,0.76,NATOPS,0,False,0.0,0.9523809523809524,
Eventually,1,0.22,NATOPS,0,False,0.0,0.9523809523809524,
Eventually,1,1.0,NATOPS,0,False,0.0,0.9523809523809524,
Or,2,,NATOPS,0,False,0.0,0.9523809523809524,
Eventually,2,1.0,NATOPS,0,False,0.0,0.9523809523809524,
Eventually,1,1.0,NATOPS,0,False,0.0,0.9523809523809524,
Or,4,,NATOPS,0,False,0.0,0.9523809523809524,
Globally,1,0.04,NATOPS,0,False,0.0,0.9523809523809524,
Eventually,2,0.16,NATOPS,0,False,0.0,0.9523809523809524,
Globally,1,0.4,NATOPS,0,False,0.0,0.9523809523809524,
Eventually,2,1.0,NATOPS,0,False,0.0,0.9523809523809524,
Eventually,4,1.0,NATOPS,0,False,0.0,0.9523809523809524,
Globally,1,0.32,NATOPS,0,False,0.0,0.9523809523809524,
Eventually,1,0.08,NATOPS,0,False,0.0,0.9523809523809524,
Globally,2,0.08,NATOPS,0,False,0.0,0.9523809523809524,
And,2,,NATOPS,0,False,0.0,0.9523809523809524,
Eventually,1,0.5,NATOPS,0,False,0.0,0.9523809523809524,
Or,3,,NATOPS,0,False,0.0,0.9523809523809524,
Eventually,1,0.48,NATOPS,0,False,0.0,0.9523809523809524,
Eventually,1,0.7,NATOPS,0,False,0.0,0.9523809523809524,
Globally,1,0.36,NATOPS,0,False,0.0,0.9523809523809524,
And,2,,NATOPS,0,False,0.0,0.9523809523809524,
Globally,2,0.84,NATOPS,0,False,0.0,0.9523809523809524,
And,4,,NATOPS,0,False,0.0,0.9523809523809524,
Globally,2,0.06,NATOPS,0,False,0.0,0.9523809523809524,
Globally,3,0.56,NATOPS,0,False,0.0,0.9523809523809524,
Globally,1,1.0,NATOPS,0,False,0.0,0.9523809523809524,
Or,3,,NATOPS,0,False,0.0,0.9523809523809524,
Globally,1,0.04,NATOPS,0,False,0.0,0.9523809523809524,
Globally,1,1.0,NATOPS,0,False,0.0,0.9523809523809524,
Eventually,2,1.0,NATOPS,0,False,0.0,0.9523809523809524,
Eventually,2,0.52,NATOPS,0,False,0.0,0.9523809523809524,
Eventually,1,1.0,NATOPS,0,False,0.0,0.9523809523809524,
Globally,1,0.04,NATOPS,0,False,0.0,0.9523809523809524,
Globally,3,0.06,NATOPS,0,False,0.0,0.9523809523809524,
Or,3,,NATOPS,0,False,0.0,0.9523809523809524,
Or,3,,NATOPS,0,False,0.0,0.9523809523809524,
And,4,,NATOPS,0,False,0.0,0.9523809523809524,
Globally,1,1.0,NATOPS,0,False,0.0,0.9523809523809524,
Globally,2,0.08,NATOPS,0,False,0.0,0.9523809523809524,
And,2,,NATOPS,0,False,0.0,0.9523809523809524,
Or,2,,NATOPS,0,False,0.0,0.9523809523809524,
Eventually,1,1.0,NATOPS,0,False,0.0,0.9523809523809524,
Or,2,,NATOPS,0,False,0.0,0.9523809523809524,
Globally,1,0.06,NATOPS,0,False,0.0,0.9523809523809524,
Globally,2,1.0,NATOPS,0,False,0.0,0.9523809523809524,
Eventually,1,0.22,NATOPS,0,False,0.0,0.9523809523809524,
Eventually,1,0.34,NATOPS,0,False,0.0,0.9523809523809524,
Eventually,1,1.0,NATOPS,0,False,0.0,0.9523809523809524,
Globally,1,0.08,NATOPS,0,False,0.0,0.9523809523809524,
Eventually,1,0.9,NATOPS,0,False,0.0,0.9523809523809524,
Globally,1,0.5,NATOPS,0,False,0.0,0.9523809523809524,
Globally,1,0.06,NATOPS,0,False,0.0,0.9523809523809524,
Globally,1,1.0,NATOPS,0,False,0.0,0.9523809523809524,
Globally,2,1.0,NATOPS,0,False,0.0,0.9523809523809524,
And,2,,NATOPS,0,False,0.0,0.9523809523809524,
Globally,1,0.82,NATOPS,0,False,0.0,0.9523809523809524,
Globally,1,0.08,NATOPS,0,False,0.0,0.9523809523809524,
Globally,1,1.0,NATOPS,0,False,0.0,0.9523809523809524,
Globally,1,1.0,NATOPS,0,False,0.0,0.9523809523809524,
And,2,,NATOPS,0,False,0.0,0.9523809523809524,
Globally,1,1.0,NATOPS,0,False,0.0,0.9523809523809524,
Globally,1,1.0,NATOPS,0,False,0.0,0.9523809523809524,
Eventually,1,0.08,NATOPS,0,False,0.0,0.9523809523809524,
Globally,1,0.64,NATOPS,0,False,0.0,0.9523809523809524,
Eventually,1,1.0,NATOPS,0,False,0.0,0.9523809523809524,
Or,3,,NATOPS,0,False,0.0,0.9523809523809524,
Eventually,1,0.16,NATOPS,0,False,0.0,0.9523809523809524,
Eventually,2,0.04,NATOPS,0,False,0.0,0.9523809523809524,
Eventually,1,0.98,NATOPS,0,False,0.0,0.9523809523809524,
Or,2,,NATOPS,0,False,0.0,0.9523809523809524,
Globally,2,1.0,NATOPS,0,False,0.0,0.9523809523809524,
Globally,1,1.0,NATOPS,0,False,0.0,0.9523809523809524,
Globally,2,0.3,NATOPS,0,False,0.0,0.9523809523809524,
Or,3,,NATOPS,0,False,0.0,0.9523809523809524,
Globally,1,1.0,NATOPS,0,False,0.0,0.9523809523809524,
Globally,1,0.8,NATOPS,0,False,0.0,0.9523809523809524,
Eventually,2,1.0,NATOPS,0,False,0.0,0.9523809523809524,
Or,2,,NATOPS,0,False,0.0,0.9523809523809524,
And,3,,NATOPS,0,False,0.0,0.9523809523809524,
And,3,,NATOPS,0,False,0.0,0.9523809523809524,
Eventually,1,0.14,NATOPS,0,False,0.0,0.9523809523809524,
Eventually,1,1.0,NATOPS,0,False,0.0,0.9523809523809524,
Globally,1,1.0,NATOPS,0,False,0.0,0.9523809523809524,
Eventually,3,0.12,NATOPS,0,False,0.0,0.9523809523809524,
Eventually,1,0.86,NATOPS,0,False,0.0,0.9523809523809524,
Or,4,,NATOPS,0,False,0.0,0.9523809523809524,
Globally,1,0.04,NATOPS,0,False,0.0,0.9523809523809524,
Globally,1,0.08,NATOPS,0,False,0.0,0.9523809523809524,
Eventually,2,0.64,NATOPS,0,False,0.0,0.9523809523809524,
Eventually,2,0.06,NATOPS,0,False,0.0,0.9523809523809524,
And,2,,NATOPS,0,False,0.0,0.9523809523809524,
And,2,,NATOPS,0,False,0.0,0.9523809523809524,
Globally,1,0.06,NATOPS,0,False,0.0,0.9523809523809524,
Eventually,1,0.72,NATOPS,0,False,0.0,0.9523809523809524,
Globally,2,0.1,NATOPS,0,False,0.0,0.9523809523809524,
Globally,1,0.7,NATOPS,0,False,0.0,0.9523809523809524,
And,2,,NATOPS,0,False,0.0,0.9523809523809524,
Or,2,,NATOPS,0,False,0.0,0.9523809523809524,
Eventually,1,0.04,NATOPS,0,False,0.0,0.9523809523809524,
Globally,2,0.1,NATOPS,0,False,0.0,0.9523809523809524,
Globally,1,0.52,NATOPS,0,False,0.0,0.9523809523809524,
Eventually,1,1.0,NATOPS,0,False,0.0,0.9523809523809524,
Globally,1,0.06,NATOPS,0,False,0.0,0.9523809523809524,
Eventually,1,0.14,NATOPS,0,False,0.0,0.9523809523809524,
Or,2,,NATOPS,0,False,0.0,0.9523809523809524,
Globally,1,1.0,NATOPS,0,False,0.0,0.9523809523809524,
Globally,1,1.0,NATOPS,0,False,0.0,0.9523809523809524,
And,4,,NATOPS,0,False,0.0,0.9523809523809524,
Eventually,1,0.72,NATOPS,0,False,0.0,0.9523809523809524,
And,3,,NATOPS,0,False,0.0,0.9523809523809524,
Or,4,,NATOPS,0,False,0.0,0.9523809523809524,
Or,2,,NATOPS,0,False,0.0,0.9523809523809524,
And,4,,NATOPS,0,False,0.0,0.9523809523809524,
Eventually,1,0.48,NATOPS,0,False,0.0,0.9523809523809524,
Globally,1,1.0,NATOPS,0,False,0.0,0.9523809523809524,
Globally,1,0.3,NATOPS,0,False,0.0,0.9523809523809524,
Globally,1,0.1,NATOPS,0,False,0.0,0.9523809523809524,
Or,3,,NATOPS,0,False,0.0,0.9523809523809524,
Eventually,1,0.04,NATOPS,0,False,0.0,0.9523809523809524,
Eventually,1,0.18,NATOPS,0,False,0.0,0.9523809523809524,
Eventually,1,0.06,NATOPS,0,False,0.0,0.9523809523809524,
Globally,1,0.14,NATOPS,0,False,0.0,0.9523809523809524,
Eventually,1,1.0,NATOPS,0,False,0.0,0.9523809523809524,
Globally,1,0.04,NATOPS,0,False,0.0,0.9523809523809524,
Eventually,1,0.88,NATOPS,0,False,0.0,0.9523809523809524,
Eventually,2,0.06,NATOPS,0,False,0.0,0.9523809523809524,
Globally,3,1.0,NATOPS,0,False,0.0,0.9523809523809524,
Or,2,,NATOPS,0,False,0.0,0.9523809523809524,
Globally,2,1.0,NATOPS,0,False,0.0,0.9523809523809524,
Eventually,1,0.14,NATOPS,0,False,0.0,0.9523809523809524,
Globally,1,0.64,NATOPS,0,False,0.0,0.9523809523809524,
Globally,1,0.14,NATOPS,0,False,0.0,0.9523809523809524,
Eventually,4,0.04,NATOPS,0,False,0.0,0.9523809523809524,
Globally,1,0.54,NATOPS,0,False,0.0,0.9523809523809524,
Globally,1,0.16,NATOPS,0,False,0.0,0.9523809523809524,
Globally,1,1.0,NATOPS,0,False,0.0,0.9523809523809524,
Or,2,,NATOPS,0,False,0.0,0.9523809523809524,
Or,4,,NATOPS,0,False,0.0,0.9523809523809524,
Eventually,2,0.04,NATOPS,0,False,0.0,0.9523809523809524,
Globally,1,0.08,NATOPS,0,False,0.0,0.9523809523809524,
Globally,1,1.0,NATOPS,0,False,0.0,0.9523809523809524,
Globally,1,0.04,NATOPS,0,False,0.0,0.9523809523809524,
Globally,1,0.32,NATOPS,0,False,0.0,0.9523809523809524,
Globally,2,1.0,NATOPS,0,False,0.0,0.9523809523809524,
Globally,1,0.44,NATOPS,0,False,0.0,0.9523809523809524,
Globally,2,0.18,NATOPS,0,False,0.0,0.9523809523809524,
Eventually,2,0.04,NATOPS,0,False,0.0,0.9523809523809524,
Or,3,,NATOPS,0,False,0.0,0.9523809523809524,
Globally,1,1.0,NATOPS,0,False,0.0,0.9523809523809524,
Eventually,1,0.06,NATOPS,0,False,0.0,0.9523809523809524,
Globally,2,0.88,NATOPS,0,False,0.0,0.9523809523809524,
And,3,,NATOPS,0,False,0.0,0.9523809523809524,
And,3,,NATOPS,0,False,0.0,0.9523809523809524,
Globally,1,0.42,NATOPS,0,False,0.0,0.9523809523809524,
Globally,1,0.58,NATOPS,0,False,0.0,0.9523809523809524,
Eventually,2,1.0,NATOPS,0,False,0.0,0.9523809523809524,
And,2,,NATOPS,0,False,0.0,0.9523809523809524,
Globally,1,0.18,NATOPS,0,False,0.0,0.9523809523809524,
And,2,,NATOPS,0,False,0.0,0.9523809523809524,
Globally,1,0.14,NATOPS,0,False,0.0,0.9523809523809524,
And,2,,NATOPS,0,False,0.0,0.9523809523809524,
And,2,,NATOPS,0,False,0.0,0.9523809523809524,
Globally,2,0.16,NATOPS,0,False,0.0,0.9523809523809524,
Globally,1,0.36,NATOPS,0,False,0.0,0.9523809523809524,
Globally,3,0.5,NATOPS,0,False,0.0,0.9523809523809524,
Globally,1,0.18,NATOPS,0,False,0.0,0.9523809523809524,
Or,2,,NATOPS,0,False,0.0,0.9523809523809524,
And,4,,NATOPS,0,False,0.0,0.9523809523809524,
Eventually,1,0.22,NATOPS,0,False,0.0,0.9523809523809524,
Or,4,,NATOPS,0,False,0.0,0.9523809523809524,
And,4,,NATOPS,0,False,0.0,0.9523809523809524,
And,2,,NATOPS,0,False,0.0,0.9523809523809524,
Globally,1,0.18,NATOPS,0,False,0.0,0.9523809523809524,
Eventually,1,1.0,NATOPS,0,False,0.0,0.9523809523809524,
Or,2,,NATOPS,0,False,0.0,0.9523809523809524,
Eventually,1,0.16,NATOPS,0,False,0.0,0.9523809523809524,
Eventually,2,1.0,NATOPS,0,False,0.0,0.9523809523809524,
Globally,2,0.3,NATOPS,0,False,0.0,0.9523809523809524,
Globally,2,0.82,NATOPS,0,False,0.0,0.9523809523809524,
Eventually,2,0.2,NATOPS,0,False,0.0,0.9523809523809524,
Eventually,2,0.16,NATOPS,0,False,0.0,0.9523809523809524,
Or,2,,NATOPS,0,False,0.0,0.9523809523809524,
Globally,1,0.7,NATOPS,0,False,0.0,0.9523809523809524,
Globally,1,1.0,NATOPS,0,False,0.0,0.9523809523809524,
Globally,3,0.06,NATOPS,0,False,0.0,0.9523809523809524,
And,2,,NATOPS,0,False,0.0,0.9523809523809524,
Eventually,1,0.08,NATOPS,0,False,0.0,0.9523809523809524,
Eventually,2,0.06,NATOPS,0,False,0.0,0.9523809523809524,
Globally,3,0.36,NATOPS,0,False,0.0,0.9523809523809524,
Globally,1,1.0,NATOPS,0,False,0.0,0.9523809523809524,
And,2,,NATOPS,0,False,0.0,0.9523809523809524,
Globally,1,1.0,NATOPS,0,False,0.0,0.9523809523809524,
Eventually,1,0.04,NATOPS,0,False,0.0,0.9523809523809524,
Or,3,,NATOPS,0,False,0.0,0.9523809523809524,
Globally,1,0.06,NATOPS,0,False,0.0,0.9523809523809524,
Or,4,,NATOPS,0,False,0.0,0.9523809523809524,
Eventually,1,0.92,NATOPS,0,False,0.0,0.9523809523809524,
Globally,2,0.06,NATOPS,0,False,0.0,0.9523809523809524,
Globally,2,0.22,NATOPS,0,False,0.0,0.9523809523809524,
And,3,,NATOPS,0,False,0.0,0.9523809523809524,
Eventually,1,1.0,NATOPS,0,False,0.0,0.9523809523809524,
Globally,1,0.1,NATOPS,0,False,0.0,0.9523809523809524,
And,2,,NATOPS,0,False,0.0,0.9523809523809524,
And,2,,NATOPS,0,False,0.0,0.9523809523809524,
And,4,,NATOPS,0,False,0.0,0.9523809523809524,
Globally,1,0.16,NATOPS,0,False,0.0,0.9523809523809524,
Eventually,1,0.3,NATOPS,0,False,0.0,0.9523809523809524,
Eventually,1,0.38,NATOPS,0,False,0.0,0.9523809523809524,
Eventually,1,0.04,NATOPS,0,False,0.0,0.9523809523809524,
Globally,1,0.4,NATOPS,0,False,0.0,0.9523809523809524,
Or,2,,NATOPS,0,True,0.0005699622746440278,0.9523809523809524,False
Or,4,,NATOPS,0,False,0.0,0.9523809523809524,
Globally,1,0.78,NATOPS,0,False,0.0,0.9523809523809524,
And,2,,NATOPS,0,False,0.0,0.9523809523809524,
Globally,1,0.18,NATOPS,0,False,0.0,0.9523809523809524,
Eventually,1,0.82,NATOPS,0,False,0.0,0.9523809523809524,
Globally,1,1.0,NATOPS,0,False,0.0,0.9523809523809524,
Globally,1,0.22,NATOPS,0,False,0.0,0.9523809523809524,
Globally,1,0.6,NATOPS,0,False,0.0,0.9523809523809524,
Globally,1,0.14,NATOPS,0,False,0.0,0.9523809523809524,
Globally,1,0.3,NATOPS,0,False,0.0,0.9523809523809524,
Globally,2,0.68,NATOPS,0,False,0.0,0.9523809523809524,
Or,2,,NATOPS,0,False,0.0,0.9523809523809524,
Or,2,,NATOPS,0,False,0.0,0.9523809523809524,
Eventually,1,0.12,NATOPS,0,False,0.0,0.9523809523809524,
Or,3,,NATOPS,0,False,0.0,0.9523809523809524,
Eventually,2,0.06,NATOPS,0,False,0.0,0.9523809523809524,
Globally,2,0.5,NATOPS,0,False,0.0,0.9523809523809524,
Eventually,2,0.16,NATOPS,0,False,0.0,0.9523809523809524,
And,2,,NATOPS,0,False,0.0,0.9523809523809524,
Eventually,2,0.2,NATOPS,0,False,0.0,0.9523809523809524,
Eventually,1,1.0,NATOPS,0,False,0.0,0.9523809523809524,
And,3,,NATOPS,0,False,0.0,0.9523809523809524,
And,3,,NATOPS,0,False,0.0,0.9523809523809524,
Eventually,1,0.04,NATOPS,0,False,0.0,0.9523809523809524,
Or,3,,NATOPS,0,False,0.0,0.9523809523809524,
Or,2,,NATOPS,0,False,0.0,0.9523809523809524,
Or,4,,NATOPS,0,False,0.0,0.9523809523809524,
Globally,1,0.88,NATOPS,0,False,0.0,0.9523809523809524,
Eventually,1,0.08,NATOPS,0,False,0.0,0.9523809523809524,
And,2,,NATOPS,0,False,0.0,0.9523809523809524,
Globally,2,0.04,NATOPS,0,False,0.0,0.9523809523809524,
Globally,1,0.08,NATOPS,0,False,0.0,0.9523809523809524,
Globally,3,0.7,NATOPS,0,False,0.0,0.9523809523809524,
Eventually,1,0.3,NATOPS,0,False,0.0,0.9523809523809524,
Eventually,1,1.0,NATOPS,0,False,0.0,0.9523809523809524,
Eventually,1,0.18,NATOPS,0,False,0.0,0.9523809523809524,
Eventually,4,0.04,NATOPS,0,False,0.0,0.9523809523809524,
Or,2,,NATOPS,0,False,0.0,0.9523809523809524,
Globally,1,0.04,NATOPS,0,False,0.0,0.9523809523809524,
And,4,,NATOPS,0,False,0.0,0.9523809523809524,
Or,2,,NATOPS,0,False,0.0,0.9523809523809524,
And,2,,NATOPS,0,False,0.0,0.9523809523809524,
Eventually,3,1.0,NATOPS,0,False,0.0,0.9523809523809524,
Eventually,3,0.06,NATOPS,0,False,0.0,0.9523809523809524,
Globally,1,1.0,NATOPS,0,False,0.0,0.9523809523809524,
Globally,1,0.54,NATOPS,0,False,0.0,0.9523809523809524,
Eventually,1,0.66,NATOPS,0,False,0.0,0.9523809523809524,
Eventually,1,1.0,NATOPS,0,False,0.0,0.9523809523809524,
Eventually,2,0.82,NATOPS,0,False,0.0,0.9523809523809524,
Eventually,1,0.1,NATOPS,0,False,0.0,0.9523809523809524,
And,2,,NATOPS,0,False,0.0,0.9523809523809524,
Or,2,,NATOPS,0,False,0.0,0.9523809523809524,
Eventually,2,0.06,NATOPS,0,False,0.0,0.9523809523809524,
And,2,,NATOPS,0,False,0.0,0.9523809523809524,
And,2,,NATOPS,0,False,0.0,0.9523809523809524,
And,2,,NATOPS,0,False,0.0,0.9523809523809524,
And,2,,NATOPS,0,False,0.0,0.9523809523809524,
Eventually,1,0.16,NATOPS,0,False,0.0,0.9523809523809524,
Globally,3,1.0,NATOPS,0,False,0.0,0.9523809523809524,
Globally,1,0.06,NATOPS,0,False,0.0,0.9523809523809524,
Or,2,,NATOPS,0,False,0.0,0.9523809523809524,
Or,2,,NATOPS,0,False,0.0,0.9523809523809524,
Globally,1,0.5,NATOPS,0,False,0.0,0.9523809523809524,
Globally,1,1.0,NATOPS,0,False,0.0,0.9523809523809524,
And,2,,NATOPS,0,False,0.0,0.9523809523809524,
Globally,1,1.0,NATOPS,0,False,0.0,0.9523809523809524,
Globally,2,0.08,NATOPS,0,False,0.0,0.9523809523809524,
Eventually,1,1.0,NATOPS,0,False,0.0,0.9523809523809524,
Globally,1,0.24,NATOPS,0,False,0.0,0.9523809523809524,
Eventually,1,0.48,NATOPS,0,False,0.0,0.9523809523809524,
Eventually,1,1.0,NATOPS,0,False,0.0,0.9523809523809524,
Eventually,1,0.42,NATOPS,0,False,0.0,0.9523809523809524,
Eventually,1,0.2,NATOPS,0,False,0.0,0.9523809523809524,
And,4,,NATOPS,0,False,0.0,0.9523809523809524,
Eventually,2,1.0,NATOPS,0,False,0.0,0.9523809523809524,
Or,2,,NATOPS,0,False,0.0,0.9523809523809524,
Globally,1,0.56,NATOPS,0,False,0.0,0.9523809523809524,
Eventually,2,0.54,NATOPS,0,False,0.0,0.9523809523809524,
Eventually,2,0.98,NATOPS,0,False,0.0,0.9523809523809524,
And,3,,NATOPS,0,False,0.0,0.9523809523809524,
Eventually,4,0.44,NATOPS,0,False,0.0,0.9523809523809524,
And,4,,NATOPS,0,False,0.0,0.9523809523809524,
Globally,3,1.0,NATOPS,0,False,0.0,0.9523809523809524,
Or,4,,NATOPS,0,False,0.0,0.9523809523809524,
Globally,2,0.04,NATOPS,0,False,0.0,0.9523809523809524,
And,2,,NATOPS,0,False,0.0,0.9523809523809524,
Or,4,,NATOPS,0,False,0.0,0.9523809523809524,
Globally,2,0.76,NATOPS,0,False,0.0,0.9523809523809524,
Eventually,1,0.14,NATOPS,0,False,0.0,0.9523809523809524,
Globally,3,0.28,NATOPS,0,False,0.0,0.9523809523809524,
Eventually,1,0.18,NATOPS,0,False,0.0,0.9523809523809524,
And,2,,NATOPS,0,False,0.0,0.9523809523809524,
Eventually,2,0.22,NATOPS,0,False,0.0,0.9523809523809524,
Or,2,,NATOPS,0,False,0.0,0.9523809523809524,
Eventually,2,1.0,NATOPS,0,False,0.0,0.9523809523809524,
Globally,1,0.9,NATOPS,0,False,0.0,0.9523809523809524,
Or,4,,NATOPS,0,False,0.0,0.9523809523809524,
Or,3,,NATOPS,0,False,0.0,0.9523809523809524,
And,2,,NATOPS,0,False,0.0,0.9523809523809524,
And,3,,NATOPS,0,False,0.0,0.9523809523809524,
And,3,,NATOPS,0,False,0.0,0.9523809523809524,
Globally,2,0.32,NATOPS,0,False,0.0,0.9523809523809524,
And,3,,NATOPS,0,False,0.0,0.9523809523809524,
And,2,,NATOPS,0,False,0.0,0.9523809523809524,
Globally,1,0.16,NATOPS,0,False,0.0,0.9523809523809524,
Eventually,1,0.66,NATOPS,0,False,0.0,0.9523809523809524,
Globally,1,0.92,NATOPS,0,False,0.0,0.9523809523809524,
Or,4,,NATOPS,0,False,0.0,0.9523809523809524,
Globally,3,1.0,NATOPS,0,False,0.0,0.9523809523809524,
Eventually,1,0.36,NATOPS,0,False,0.0,0.9523809523809524,
Globally,1,0.04,NATOPS,0,False,0.0,0.9523809523809524,
And,3,,NATOPS,0,False,0.0,0.9523809523809524,
Eventually,1,0.04,NATOPS,0,False,0.0,0.9523809523809524,
Globally,1,0.1,NATOPS,0,False,0.0,0.9523809523809524,
Globally,3,0.08,NATOPS,0,False,0.0,0.9523809523809524,
Eventually,1,0.42,NATOPS,0,False,0.0,0.9523809523809524,
Eventually,1,1.0,NATOPS,0,False,0.0,0.9523809523809524,
Eventually,2,0.56,NATOPS,0,False,0.0,0.9523809523809524,
And,3,,NATOPS,0,False,0.0,0.9523809523809524,
Globally,1,0.08,NATOPS,0,False,0.0,0.9523809523809524,
Eventually,1,0.08,NATOPS,0,False,0.0,0.9523809523809524,
Globally,1,0.1,NATOPS,0,False,0.0,0.9523809523809524,
Globally,2,0.42,NATOPS,0,False,0.0,0.9523809523809524,
And,2,,NATOPS,0,False,0.0,0.9523809523809524,
Eventually,1,0.32,NATOPS,0,False,0.0,0.9523809523809524,
Globally,1,1.0,NATOPS,0,False,0.0,0.9523809523809524,
Globally,1,0.2,NATOPS,0,False,0.0,0.9523809523809524,
Or,2,,NATOPS,0,False,0.0,0.9523809523809524,
Eventually,1,0.8,NATOPS,0,False,0.0,0.9523809523809524,
Or,2,,NATOPS,0,False,0.0,0.9523809523809524,
Globally,1,0.08,NATOPS,0,False,0.0,0.9523809523809524,
Eventually,1,0.48,NATOPS,0,False,0.0,0.9523809523809524,
Or,2,,NATOPS,0,False,0.0,0.9523809523809524,
Eventually,2,0.36,NATOPS,0,False,0.0,0.9523809523809524,
And,2,,NATOPS,0,False,0.0,0.9523809523809524,
Or,2,,NATOPS,0,False,0.0,0.9523809523809524,
Globally,1,0.08,NATOPS,0,False,0.0,0.9523809523809524,
Globally,2,0.64,NATOPS,0,False,0.0,0.9523809523809524,
And,3,,NATOPS,0,False,0.0,0.9523809523809524,
Or,2,,NATOPS,0,False,0.0,0.9523809523809524,
Globally,1,0.04,NATOPS,0,False,0.0,0.9523809523809524,
Globally,1,1.0,NATOPS,0,False,0.0,0.9523809523809524,
And,4,,NATOPS,0,False,0.0,0.9523809523809524,
Eventually,1,0.04,NATOPS,0,False,0.0,0.9523809523809524,
Globally,1,1.0,NATOPS,0,False,0.0,0.9523809523809524,
Or,2,,NATOPS,0,False,0.0,0.9523809523809524,
Eventually,1,1.0,NATOPS,0,False,0.0,0.9523809523809524,
Eventually,1,0.94,NATOPS,0,False,0.0,0.9523809523809524,
Eventually,1,0.9,NATOPS,0,False,0.0,0.9523809523809524,
Globally,1,0.8,NATOPS,0,False,0.0,0.9523809523809524,
And,3,,NATOPS,0,False,0.0,0.9523809523809524,
Or,4,,NATOPS,0,False,0.0,0.9523809523809524,
And,2,,NATOPS,0,False,0.0,0.9523809523809524,
Globally,2,1.0,NATOPS,0,False,0.0,0.9523809523809524,
Eventually,1,0.42,NATOPS,0,False,0.0,0.9523809523809524,
Globally,1,0.08,NATOPS,0,False,0.0,0.9523809523809524,
And,4,,NATOPS,0,False,0.0,0.9523809523809524,
And,3,,NATOPS,0,False,0.0,0.9523809523809524,
Eventually,2,0.52,NATOPS,0,False,0.0,0.9523809523809524,
Globally,1,0.96,NATOPS,0,False,0.0,0.9523809523809524,
Globally,1,0.96,NATOPS,0,False,0.0,0.9523809523809524,
Globally,2,0.06,NATOPS,0,False,0.0,0.9523809523809524,
Or,4,,NATOPS,0,False,0.0,0.9523809523809524,
Or,4,,NATOPS,0,False,0.0,0.9523809523809524,
Eventually,3,0.04,NATOPS,0,False,0.0,0.9523809523809524,
Or,3,,NATOPS,0,False,0.0,0.9523809523809524,
And,4,,NATOPS,0,False,0.0,0.9523809523809524,
Eventually,1,0.62,NATOPS,0,False,0.0,0.9523809523809524,
Or,2,,NATOPS,0,False,0.0,0.9523809523809524,
Globally,3,1.0,NATOPS,0,False,0.0,0.9523809523809524,
Globally,1,0.22,NATOPS,0,False,0.0,0.9523809523809524,
Eventually,1,0.64,NATOPS,0,False,0.0,0.9523809523809524,
Globally,1,0.84,NATOPS,0,False,0.0,0.9523809523809524,
Eventually,1,1.0,NATOPS,0,False,0.0,0.9523809523809524,
Eventually,1,0.22,NATOPS,0,False,0.0,0.9523809523809524,
Eventually,1,0.04,NATOPS,0,False,0.0,0.9523809523809524,
Or,2,,NATOPS,0,False,0.0,0.9523809523809524,
Globally,1,0.16,NATOPS,0,False,0.0,0.9523809523809524,
Globally,1,0.32,NATOPS,0,False,0.0,0.9523809523809524,
Globally,1,0.08,NATOPS,0,False,0.0,0.9523809523809524,
Globally,2,1.0,NATOPS,0,False,0.0,0.9523809523809524,
Globally,2,1.0,NATOPS,0,False,0.0,0.9523809523809524,
Globally,1,0.1,NATOPS,0,False,0.0,0.9523809523809524,
Eventually,2,0.66,NATOPS,0,False,0.0,0.9523809523809524,
Globally,1,1.0,NATOPS,0,False,0.0,0.9523809523809524,
Or,3,,NATOPS,0,False,0.0,0.9523809523809524,
And,3,,NATOPS,0,False,0.0,0.9523809523809524,
Eventually,1,0.04,NATOPS,0,False,0.0,0.9523809523809524,
Or,4,,NATOPS,0,False,0.0,0.9523809523809524,
Globally,1,0.14,NATOPS,0,False,0.0,0.9523809523809524,
Eventually,3,1.0,NATOPS,0,False,0.0,0.9523809523809524,
And,2,,NATOPS,0,False,0.0,0.9523809523809524,
Globally,1,1.0,NATOPS,0,False,0.0,0.9523809523809524,
Globally,1,0.06,NATOPS,0,False,0.0,0.9523809523809524,
And,2,,NATOPS,0,False,0.0,0.9523809523809524,
Eventually,1,0.28,NATOPS,0,False,0.0,0.9523809523809524,
Globally,2,1.0,NATOPS,0,False,0.0,0.9523809523809524,
Or,2,,NATOPS,0,False,0.0,0.9523809523809524,
Eventually,1,0.6,NATOPS,0,False,0.0,0.9523809523809524,
Globally,1,0.04,NATOPS,0,False,0.0,0.9523809523809524,
Globally,2,1.0,NATOPS,0,False,0.0,0.9523809523809524,
Or,3,,NATOPS,0,False,0.0,0.9523809523809524,
And,3,,NATOPS,0,False,0.0,0.9523809523809524,
Eventually,2,0.2,NATOPS,0,False,0.0,0.9523809523809524,
Globally,1,0.84,NATOPS,0,False,0.0,0.9523809523809524,
Globally,2,0.8,NATOPS,0,False,0.0,0.9523809523809524,
Or,3,,NATOPS,0,False,0.0,0.9523809523809524,
Eventually,1,0.54,NATOPS,0,False,0.0,0.9523809523809524,
Or,2,,NATOPS,0,False,0.0,0.9523809523809524,
And,3,,NATOPS,0,False,0.0,0.9523809523809524,
Or,3,,NATOPS,0,False,0.0,0.9523809523809524,
Globally,1,0.36,NATOPS,0,False,0.0,0.9523809523809524,
Globally,1,0.72,NATOPS,0,False,0.0,0.9523809523809524,
Eventually,1,0.04,NATOPS,0,False,0.0,0.9523809523809524,
Globally,1,0.1,NATOPS,0,False,0.0,0.9523809523809524,
Or,2,,NATOPS,0,False,0.0,0.9523809523809524,
Eventually,1,0.1,NATOPS,0,False,0.0,0.9523809523809524,
Eventually,1,0.18,NATOPS,0,False,0.0,0.9523809523809524,
Eventually,1,0.32,NATOPS,0,False,0.0,0.9523809523809524,
Globally,1,1.0,NATOPS,0,False,0.0,0.9523809523809524,
Or,2,,NATOPS,0,False,0.0,0.9523809523809524,
Globally,2,0.04,NATOPS,0,False,0.0,0.9523809523809524,
Globally,1,1.0,NATOPS,0,False,0.0,0.9523809523809524,
Globally,1,0.72,NATOPS,0,False,0.0,0.9523809523809524,
Globally,2,0.06,NATOPS,0,False,0.0,0.9523809523809524,
Globally,1,0.68,NATOPS,0,False,0.0,0.9523809523809524,
And,2,,NATOPS,0,False,0.0,0.9523809523809524,
And,2,,NATOPS,0,False,0.0,0.9523809523809524,
Globally,1,0.04,NATOPS,0,False,0.0,0.9523809523809524,
Eventually,1,0.38,NATOPS,0,False,0.0,0.9523809523809524,
Or,2,,NATOPS,0,False,0.0,0.9523809523809524,
Globally,1,0.92,NATOPS,0,False,0.0,0.9523809523809524,
And,2,,NATOPS,0,False,0.0,0.9523809523809524,
Eventually,1,0.8,NATOPS,0,False,0.0,0.9523809523809524,
Eventually,3,0.96,NATOPS,0,False,0.0,0.9523809523809524,
Globally,1,0.04,NATOPS,0,False,0.0,0.9523809523809524,
Globally,1,1.0,NATOPS,0,False,0.0,0.9523809523809524,
Globally,1,0.5,NATOPS,0,False,0.0,0.9523809523809524,
Eventually,3,0.66,NATOPS,0,False,0.0,0.9523809523809524,
Or,2,,NATOPS,0,False,0.0,0.9523809523809524,
Eventually,1,1.0,NATOPS,0,False,0.0,0.9523809523809524,
Globally,2,1.0,NATOPS,0,False,0.0,0.9523809523809524,
Globally,1,0.0,NATOPS,0,False,0.0,0.9523809523809524,
And,4,,NATOPS,0,False,0.0,0.9523809523809524,
And,4,,NATOPS,0,False,0.0,0.9523809523809524,
Eventually,2,0.04,NATOPS,0,False,0.0,0.9523809523809524,
And,2,,NATOPS,0,False,0.0,0.9523809523809524,
Globally,1,0.08,NATOPS,0,False,0.0,0.9523809523809524,
Globally,1,0.92,NATOPS,0,False,0.0,0.9523809523809524,
And,4,,NATOPS,0,False,0.0,0.9523809523809524,
Globally,1,0.06,NATOPS,0,False,0.0,0.9523809523809524,
Eventually,1,0.24,NATOPS,0,False,0.0,0.9523809523809524,
Or,3,,NATOPS,0,False,0.0,0.9523809523809524,
Eventually,1,1.0,NATOPS,0,False,0.0,0.9523809523809524,
Eventually,1,0.98,NATOPS,0,False,0.0,0.9523809523809524,
Globally,1,1.0,NATOPS,0,False,0.0,0.9523809523809524,
Eventually,1,0.1,NATOPS,0,False,0.0,0.9523809523809524,
Globally,2,0.06,NATOPS,0,False,0.0,0.9523809523809524,
Eventually,1,0.04,NATOPS,0,False,0.0,0.9523809523809524,
And,2,,NATOPS,0,False,0.0,0.9523809523809524,
Globally,1,0.1,NATOPS,0,False,0.0,0.9523809523809524,
Globally,1,1.02,NATOPS,0,False,0.0,0.9523809523809524,
Eventually,1,0.18,NATOPS,0,False,0.0,0.9523809523809524,
Eventually,1,1.0,NATOPS,0,False,0.0,0.9523809523809524,
Globally,2,1.0,NATOPS,0,False,0.0,0.9523809523809524,
And,4,,NATOPS,0,False,0.0,0.9523809523809524,
Globally,1,1.0,NATOPS,0,False,0.0,0.9523809523809524,
Eventually,1,0.06,NATOPS,0,False,0.0,0.9523809523809524,
Eventually,1,1.0,NATOPS,0,False,0.0,0.9523809523809524,
Or,2,,NATOPS,0,False,0.0,0.9523809523809524,
And,4,,NATOPS,0,False,0.0,0.9523809523809524,
And,4,,NATOPS,0,False,0.0,0.9523809523809524,
Globally,1,0.28,NATOPS,0,False,0.0,0.9523809523809524,
Globally,3,0.06,NATOPS,0,False,0.0,0.9523809523809524,
Or,4,,NATOPS,0,False,0.0,0.9523809523809524,
Or,4,,NATOPS,0,False,0.0,0.9523809523809524,
Eventually,1,1.0,NATOPS,0,False,0.0,0.9523809523809524,
Eventually,2,1.0,NATOPS,0,False,0.0,0.9523809523809524,
Eventually,1,1.0,NATOPS,0,False,0.0,0.9523809523809524,
Globally,1,0.18,NATOPS,0,False,0.0,0.9523809523809524,
Or,2,,NATOPS,0,False,0.0,0.9523809523809524,
Eventually,1,0.32,NATOPS,0,False,0.0,0.9523809523809524,
Or,2,,NATOPS,0,False,0.0,0.9523809523809524,
Eventually,1,0.7,NATOPS,0,False,0.0,0.9523809523809524,
Eventually,1,0.32,NATOPS,0,False,0.0,0.9523809523809524,
Globally,2,0.04,NATOPS,0,False,0.0,0.9523809523809524,
And,2,,NATOPS,0,False,0.0,0.9523809523809524,
Eventually,1,0.58,NATOPS,0,False,0.0,0.9523809523809524,
Or,3,,NATOPS,0,False,0.0,0.9523809523809524,
And,4,,NATOPS,0,False,0.0,0.9523809523809524,
Or,2,,NATOPS,0,False,0.0,0.9523809523809524,
Eventually,1,1.0,NATOPS,0,False,0.0,0.9523809523809524,
Eventually,1,0.1,NATOPS,0,False,0.0,0.9523809523809524,
Eventually,2,1.0,NATOPS,0,False,0.0,0.9523809523809524,
Eventually,1,0.04,NATOPS,0,False,0.0,0.9523809523809524,
Eventually,1,0.06,NATOPS,0,False,0.0,0.9523809523809524,
Eventually,1,0.06,NATOPS,0,False,0.0,0.9523809523809524,
Eventually,1,0.2,NATOPS,0,False,0.0,0.9523809523809524,
And,4,,NATOPS,0,False,0.0,0.9523809523809524,
Eventually,3,0.04,NATOPS,0,False,0.0,0.9523809523809524,
And,4,,NATOPS,0,False,0.0,0.9523809523809524,
Eventually,2,0.28,NATOPS,0,False,0.0,0.9523809523809524,
Globally,1,0.92,NATOPS,0,False,0.0,0.9523809523809524,
Eventually,1,0.7,NATOPS,0,False,0.0,0.9523809523809524,
And,2,,NATOPS,0,False,0.0,0.9523809523809524,
Or,3,,NATOPS,0,False,0.0,0.9523809523809524,
And,2,,NATOPS,0,False,0.0,0.9523809523809524,
Or,3,,NATOPS,0,False,0.0,0.9523809523809524,
Globally,2,1.0,NATOPS,0,False,0.0,0.9523809523809524,
Globally,1,0.06,NATOPS,0,False,0.0,0.9523809523809524,
Eventually,1,0.94,NATOPS,0,False,0.0,0.9523809523809524,
Or,3,,NATOPS,0,False,0.0,0.9523809523809524,
Or,3,,NATOPS,0,False,0.0,0.9523809523809524,
Eventually,1,0.74,NATOPS,0,False,0.0,0.9523809523809524,
Eventually,1,0.08,NATOPS,0,False,0.0,0.9523809523809524,
Globally,1,0.06,NATOPS,0,False,0.0,0.9523809523809524,
Eventually,1,0.06,NATOPS,0,False,0.0,0.9523809523809524,
Globally,1,0.34,NATOPS,0,False,0.0,0.9523809523809524,
Globally,2,0.06,NATOPS,0,False,0.0,0.9523809523809524,
Eventually,1,0.42,NATOPS,0,False,0.0,0.9523809523809524,
Or,3,,NATOPS,0,False,0.0,0.9523809523809524,
Globally,2,0.24,NATOPS,0,False,0.0,0.9523809523809524,
Globally,1,0.24,NATOPS,0,False,0.0,0.9523809523809524,
And,4,,NATOPS,0,False,0.0,0.9523809523809524,
Eventually,1,1.0,NATOPS,0,False,0.0,0.9523809523809524,
Globally,1,0.14,NATOPS,0,False,0.0,0.9523809523809524,
Eventually,2,0.98,NATOPS,0,False,0.0,0.9523809523809524,
Or,3,,NATOPS,0,False,0.0,0.9523809523809524,
And,3,,NATOPS,0,False,0.0,0.9523809523809524,
And,2,,NATOPS,0,False,0.0,0.9523809523809524,
Globally,1,0.3,NATOPS,0,False,0.0,0.9523809523809524,
Globally,1,0.48,NATOPS,0,False,0.0,0.9523809523809524,
Globally,1,1.0,NATOPS,0,False,0.0,0.9523809523809524,
Globally,2,1.0,NATOPS,0,False,0.0,0.9523809523809524,
Eventually,1,0.36,NATOPS,0,False,0.0,0.9523809523809524,
Eventually,2,1.0,NATOPS,0,False,0.0,0.9523809523809524,
Eventually,1,1.0,NATOPS,0,False,0.0,0.9523809523809524,
Or,4,,NATOPS,0,False,0.0,0.9523809523809524,
Globally,1,1.0,NATOPS,0,False,0.0,0.9523809523809524,
Globally,1,0.08,NATOPS,0,False,0.0,0.9523809523809524,
Or,2,,NATOPS,0,False,0.0,0.9523809523809524,
Eventually,1,0.34,NATOPS,0,False,0.0,0.9523809523809524,
Or,4,,NATOPS,0,False,0.0,0.9523809523809524,
Or,2,,NATOPS,0,False,0.0,0.9523809523809524,
Globally,1,0.04,NATOPS,0,False,0.0,0.9523809523809524,
Eventually,2,0.18,NATOPS,0,False,0.0,0.9523809523809524,
Eventually,1,0.12,NATOPS,0,False,0.0,0.9523809523809524,
Eventually,3,0.3,NATOPS,0,False,0.0,0.9523809523809524,
Or,3,,NATOPS,0,False,0.0,0.9523809523809524,
Globally,1,0.44,NATOPS,0,False,0.0,0.9523809523809524,
Or,3,,NATOPS,0,False,0.0,0.9523809523809524,
And,2,,NATOPS,0,False,0.0,0.9523809523809524,
Or,2,,NATOPS,0,False,0.0,0.9523809523809524,
Eventually,1,1.0,NATOPS,0,False,0.0,0.9523809523809524,
Globally,3,1.0,NATOPS,0,False,0.0,0.9523809523809524,
Globally,1,1.0,NATOPS,0,False,0.0,0.9523809523809524,
Eventually,2,1.0,NATOPS,0,False,0.0,0.9523809523809524,
Globally,1,0.04,NATOPS,0,False,0.0,0.9523809523809524,
And,3,,NATOPS,0,False,0.0,0.9523809523809524,
Eventually,1,0.08,NATOPS,0,False,0.0,0.9523809523809524,
And,2,,NATOPS,0,False,0.0,0.9523809523809524,
Or,2,,NATOPS,0,False,0.0,0.9523809523809524,
And,2,,NATOPS,0,False,0.0,0.9523809523809524,
Globally,1,0.06,NATOPS,0,False,0.0,0.9523809523809524,
Globally,4,0.72,NATOPS,0,False,0.0,0.9523809523809524,
Eventually,2,0.64,NATOPS,0,False,0.0,0.9523809523809524,
Or,4,,NATOPS,0,False,0.0,0.9523809523809524,
Globally,1,1.0,NATOPS,0,False,0.0,0.9523809523809524,
Globally,3,0.08,NATOPS,0,False,0.0,0.9523809523809524,
Globally,1,0.08,NATOPS,0,False,0.0,0.9523809523809524,
And,2,,NATOPS,0,False,0.0,0.9523809523809524,
Globally,2,0.72,NATOPS,0,False,0.0,0.9523809523809524,
Globally,1,0.14,NATOPS,0,False,0.0,0.9523809523809524,
Or,2,,NATOPS,0,False,0.0,0.9523809523809524,
And,2,,NATOPS,0,False,0.0,0.9523809523809524,
Globally,1,1.0,NATOPS,0,False,0.0,0.9523809523809524,
Eventually,1,0.04,NATOPS,0,False,0.0,0.9523809523809524,
Globally,2,1.0,NATOPS,0,False,0.0,0.9523809523809524,
Or,4,,NATOPS,0,False,0.0,0.9523809523809524,
Eventually,1,0.2,NATOPS,0,False,0.0,0.9523809523809524,
Globally,1,0.24,NATOPS,0,False,0.0,0.9523809523809524,
Or,3,,NATOPS,0,False,0.0,0.9523809523809524,
Globally,1,0.12,NATOPS,0,False,0.0,0.9523809523809524,
And,2,,NATOPS,0,False,0.0,0.9523809523809524,
Globally,3,0.14,NATOPS,0,False,0.0,0.9523809523809524,
Eventually,3,0.96,NATOPS,0,False,0.0,0.9523809523809524,
Globally,1,0.38,NATOPS,0,False,0.0,0.9523809523809524,
Eventually,1,0.04,NATOPS,0,False,0.0,0.9523809523809524,
Eventually,3,0.36,NATOPS,0,False,0.0,0.9523809523809524,
And,2,,NATOPS,0,False,0.0,0.9523809523809524,
And,2,,NATOPS,0,False,0.0,0.9523809523809524,
Eventually,1,0.28,NATOPS,0,False,0.0,0.9523809523809524,
Eventually,2,0.1,NATOPS,0,False,0.0,0.9523809523809524,
Eventually,1,0.08,NATOPS,0,False,0.0,0.9523809523809524,
Eventually,1,1.0,NATOPS,0,False,0.0,0.9523809523809524,
Globally,3,0.04,NATOPS,0,False,0.0,0.9523809523809524,
Eventually,1,0.08,NATOPS,0,False,0.0,0.9523809523809524,
And,2,,NATOPS,0,False,0.0,0.9523809523809524,
Eventually,1,0.02,NATOPS,0,False,0.0,0.9523809523809524,
Globally,1,0.9,NATOPS,0,False,0.0,0.9523809523809524,
Globally,1,1.0,NATOPS,0,False,0.0,0.9523809523809524,
Or,2,,NATOPS,0,False,0.0,0.9523809523809524,
And,2,,NATOPS,0,False,0.0,0.9523809523809524,
Globally,1,0.98,NATOPS,0,False,0.0,0.9523809523809524,
And,2,,NATOPS,0,False,0.0,0.9523809523809524,
Globally,1,0.16,NATOPS,0,False,0.0,0.9523809523809524,
Globally,1,0.1,NATOPS,0,False,0.0,0.9523809523809524,
Globally,2,0.52,NATOPS,0,False,0.0,0.9523809523809524,
Eventually,1,0.74,NATOPS,0,False,0.0,0.9523809523809524,
Eventually,1,0.04,NATOPS,0,False,0.0,0.9523809523809524,
And,2,,NATOPS,0,False,0.0,0.9523809523809524,
Eventually,1,0.3,NATOPS,0,False,0.0,0.9523809523809524,
Globally,1,1.0,NATOPS,0,False,0.0,0.9523809523809524,
And,3,,NATOPS,0,False,0.0,0.9523809523809524,
Globally,1,0.56,NATOPS,0,False,0.0,0.9523809523809524,
Eventually,1,0.9,NATOPS,0,False,0.0,0.9523809523809524,
And,2,,NATOPS,0,False,0.0,0.9523809523809524,
Globally,1,0.3,NATOPS,0,False,0.0,0.9523809523809524,
And,3,,NATOPS,0,False,0.0,0.9523809523809524,
Or,2,,NATOPS,0,False,0.0,0.9523809523809524,
Globally,1,0.12,NATOPS,0,False,0.0,0.9523809523809524,
Eventually,1,1.0,NATOPS,0,False,0.0,0.9523809523809524,
And,3,,NATOPS,0,False,0.0,0.9523809523809524,
Eventually,2,1.0,NATOPS,0,False,0.0,0.9523809523809524,
Globally,1,0.04,NATOPS,0,False,0.0,0.9523809523809524,
And,3,,NATOPS,0,False,0.0,0.9523809523809524,
Eventually,1,0.76,NATOPS,0,False,0.0,0.9523809523809524,
Eventually,1,0.66,NATOPS,0,False,0.0,0.9523809523809524,
And,4,,NATOPS,0,False,0.0,0.9523809523809524,
And,3,,NATOPS,0,False,0.0,0.9523809523809524,
Eventually,1,1.0,NATOPS,0,False,0.0,0.9523809523809524,
And,4,,NATOPS,0,False,0.0,0.9523809523809524,
Globally,2,1.0,NATOPS,0,False,0.0,0.9523809523809524,
Eventually,1,1.0,NATOPS,0,False,0.0,0.9523809523809524,
Globally,3,0.06,NATOPS,0,False,0.0,0.9523809523809524,
And,2,,NATOPS,0,False,0.0,0.9523809523809524,
Eventually,1,0.7,NATOPS,0,False,0.0,0.9523809523809524,
Or,3,,NATOPS,0,False,0.0,0.9523809523809524,
Eventually,1,1.0,NATOPS,0,False,0.0,0.9523809523809524,
And,2,,NATOPS,0,False,0.0,0.9523809523809524,
Eventually,2,0.3,NATOPS,0,False,0.0,0.9523809523809524,
Globally,2,0.22,NATOPS,0,False,0.0,0.9523809523809524,
Eventually,1,1.0,NATOPS,0,False,0.0,0.9523809523809524,
Eventually,2,1.0,NATOPS,0,False,0.0,0.9523809523809524,
Or,3,,NATOPS,0,False,0.0,0.9523809523809524,
Eventually,2,0.96,NATOPS,0,False,0.0,0.9523809523809524,
Or,4,,NATOPS,0,False,0.0,0.9523809523809524,
And,4,,NATOPS,0,False,0.0,0.9523809523809524,
Eventually,1,1.0,NATOPS,0,False,0.0,0.9523809523809524,
Eventually,1,0.44,NATOPS,0,False,0.0,0.9523809523809524,
Or,4,,NATOPS,0,False,0.0,0.9523809523809524,
And,2,,NATOPS,0,False,0.0,0.9523809523809524,
Eventually,2,0.06,NATOPS,0,False,0.0,0.9523809523809524,
Eventually,1,0.18,NATOPS,0,False,0.0,0.9523809523809524,
Globally,2,0.2,NATOPS,0,False,0.0,0.9523809523809524,
Eventually,1,1.0,NATOPS,0,False,0.0,0.9523809523809524,
Eventually,1,1.0,NATOPS,0,False,0.0,0.9523809523809524,
Or,3,,NATOPS,0,False,0.0,0.9523809523809524,
Or,3,,NATOPS,0,False,0.0,0.9523809523809524,
Eventually,1,1.0,NATOPS,0,False,0.0,0.9523809523809524,
Eventually,1,0.06,NATOPS,0,False,0.0,0.9523809523809524,
Globally,1,0.5,NATOPS,0,False,0.0,0.9523809523809524,
Globally,1,0.18,NATOPS,0,False,0.0,0.9523809523809524,
Eventually,2,0.04,NATOPS,0,False,0.0,0.9523809523809524,
Or,2,,NATOPS,0,False,0.0,0.9523809523809524,
And,3,,NATOPS,0,False,0.0,0.9523809523809524,
Or,2,,NATOPS,0,False,0.0,0.9523809523809524,
Eventually,1,0.02,NATOPS,0,False,0.0,0.9523809523809524,
Globally,1,0.1,NATOPS,0,False,0.0,0.9523809523809524,
Globally,2,1.0,NATOPS,0,False,0.0,0.9523809523809524,
Eventually,2,0.4,NATOPS,0,False,0.0,0.9523809523809524,
Eventually,2,0.14,NATOPS,0,False,0.0,0.9523809523809524,
Globally,1,0.3,NATOPS,0,False,0.0,0.9523809523809524,
And,2,,NATOPS,0,False,0.0,0.9523809523809524,
Eventually,1,0.6,NATOPS,0,False,0.0,0.9523809523809524,
Eventually,1,1.0,NATOPS,0,False,0.0,0.9523809523809524,
And,4,,NATOPS,0,False,0.0,0.9523809523809524,
And,2,,NATOPS,0,False,0.0,0.9523809523809524,
Globally,2,1.0,NATOPS,0,False,0.0,0.9523809523809524,
And,4,,NATOPS,0,False,0.0,0.9523809523809524,
Eventually,2,0.02,NATOPS,0,False,0.0,0.9523809523809524,
Eventually,1,0.32,NATOPS,0,False,0.0,0.9523809523809524,
Eventually,2,0.28,NATOPS,0,False,0.0,0.9523809523809524,
Or,2,,NATOPS,0,False,0.0,0.9523809523809524,
Globally,1,0.38,NATOPS,0,False,0.0,0.9523809523809524,
Globally,1,0.42,NATOPS,0,False,0.0,0.9523809523809524,
Globally,2,0.4,NATOPS,0,False,0.0,0.9523809523809524,
And,2,,NATOPS,0,False,0.0,0.9523809523809524,
Or,2,,NATOPS,0,False,0.0,0.9523809523809524,
Globally,1,0.1,NATOPS,0,False,0.0,0.9523809523809524,
Eventually,1,1.0,NATOPS,0,False,0.0,0.9523809523809524,
Or,3,,NATOPS,0,False,0.0,0.9523809523809524,
Globally,1,0.1,NATOPS,0,False,0.0,0.9523809523809524,
Eventually,2,0.04,NATOPS,0,False,0.0,0.9523809523809524,
Globally,1,0.08,NATOPS,0,False,0.0,0.9523809523809524,
Eventually,1,0.36,NATOPS,0,False,0.0,0.9523809523809524,
Globally,2,0.4,NATOPS,0,False,0.0,0.9523809523809524,
Eventually,2,0.16,NATOPS,0,False,0.0,0.9523809523809524,
Globally,1,0.16,NATOPS,0,False,0.0,0.9523809523809524,
Globally,1,0.6,NATOPS,0,False,0.0,0.9523809523809524,
Eventually,3,1.0,NATOPS,0,False,0.0,0.9523809523809524,
Eventually,1,0.06,NATOPS,0,False,0.0,0.9523809523809524,
Eventually,1,0.48,NATOPS,0,False,0.0,0.9523809523809524,
Eventually,2,0.28,NATOPS,0,False,0.0,0.9523809523809524,
Eventually,1,0.06,NATOPS,0,False,0.0,0.9523809523809524,
Globally,2,0.96,NATOPS,0,False,0.0,0.9523809523809524,
Eventually,1,0.08,NATOPS,0,False,0.0,0.9523809523809524,
Eventually,2,0.38,NATOPS,0,False,0.0,0.9523809523809524,
Eventually,1,0.04,NATOPS,0,False,0.0,0.9523809523809524,
Or,2,,NATOPS,0,False,0.0,0.9523809523809524,
Globally,1,0.4,NATOPS,0,False,0.0,0.9523809523809524,
Or,4,,NATOPS,0,False,0.0,0.9523809523809524,
Eventually,2,0.08,NATOPS,0,False,0.0,0.9523809523809524,
Eventually,2,0.46,NATOPS,0,False,0.0,0.9523809523809524,
Globally,1,0.96,NATOPS,0,False,0.0,0.9523809523809524,
And,2,,NATOPS,0,False,0.0,0.9523809523809524,
Eventually,2,0.22,NATOPS,0,False,0.0,0.9523809523809524,
Globally,1,0.06,NATOPS,0,False,0.0,0.9523809523809524,
Or,2,,NATOPS,0,False,0.0,0.9523809523809524,
Eventually,1,1.0,NATOPS,0,False,0.0,0.9523809523809524,
Or,4,,NATOPS,0,False,0.0,0.9523809523809524,
Eventually,1,0.04,NATOPS,0,False,0.0,0.9523809523809524,
Eventually,1,1.0,NATOPS,0,False,0.0,0.9523809523809524,
Globally,2,0.24,NATOPS,0,False,0.0,0.9523809523809524,
Globally,3,0.26,NATOPS,0,False,0.0,0.9523809523809524,
Eventually,1,0.04,NATOPS,0,False,0.0,0.9523809523809524,
Globally,1,0.04,NATOPS,0,False,0.0,0.9523809523809524,
Eventually,2,0.56,NATOPS,0,False,0.0,0.9523809523809524,
Globally,1,0.84,NATOPS,0,False,0.0,0.9523809523809524,
Globally,1,0.34,NATOPS,0,False,0.0,0.9523809523809524,
Eventually,2,0.04,NATOPS,0,False,0.0,0.9523809523809524,
Globally,1,0.04,NATOPS,0,False,0.0,0.9523809523809524,
Or,2,,NATOPS,0,False,0.0,0.9523809523809524,
Globally,1,0.38,NATOPS,0,False,0.0,0.9523809523809524,
Or,2,,NATOPS,0,False,0.0,0.9523809523809524,
Or,2,,NATOPS,0,False,0.0,0.9523809523809524,
Eventually,2,0.46,NATOPS,0,False,0.0,0.9523809523809524,
Eventually,3,0.12,NATOPS,0,False,0.0,0.9523809523809524,
Or,3,,NATOPS,0,False,0.0,0.9523809523809524,
Globally,3,0.92,NATOPS,0,False,0.0,0.9523809523809524,
Or,2,,NATOPS,0,False,0.0,0.9523809523809524,
Eventually,2,0.06,NATOPS,0,False,0.0,0.9523809523809524,
Or,2,,NATOPS,0,False,0.0,0.9523809523809524,
Globally,1,1.0,NATOPS,0,False,0.0,0.9523809523809524,
Eventually,1,1.0,NATOPS,0,False,0.0,0.9523809523809524,
Or,4,,NATOPS,0,False,0.0,0.9523809523809524,
Globally,2,1.0,NATOPS,0,False,0.0,0.9523809523809524,
Eventually,1,0.04,NATOPS,0,False,0.0,0.9523809523809524,
Eventually,2,0.04,NATOPS,0,False,0.0,0.9523809523809524,
Eventually,1,1.0,NATOPS,0,False,0.0,0.9523809523809524,
Eventually,2,0.34,NATOPS,0,False,0.0,0.9523809523809524,
Eventually,1,0.6,NATOPS,0,False,0.0,0.9523809523809524,
Globally,1,0.08,NATOPS,0,False,0.0,0.9523809523809524,
Globally,2,0.08,NATOPS,0,False,0.0,0.9523809523809524,
Globally,2,1.0,NATOPS,0,False,0.0,0.9523809523809524,
Eventually,1,0.58,NATOPS,0,False,0.0,0.9523809523809524,
And,4,,NATOPS,0,False,0.0,0.9523809523809524,
Eventually,1,0.06,NATOPS,0,False,0.0,0.9523809523809524,
Or,2,,NATOPS,0,False,0.0,0.9523809523809524,
Or,4,,NATOPS,0,False,0.0,0.9523809523809524,
Eventually,1,0.04,NATOPS,0,False,0.0,0.9523809523809524,
Eventually,1,0.38,NATOPS,0,False,0.0,0.9523809523809524,
Globally,1,0.64,NATOPS,0,False,0.0,0.9523809523809524,
Globally,1,0.8,NATOPS,0,False,0.0,0.9523809523809524,
Eventually,1,0.46,NATOPS,0,False,0.0,0.9523809523809524,
Globally,1,0.4,NATOPS,0,False,0.0,0.9523809523809524,
Globally,3,0.1,NATOPS,0,False,0.0,0.9523809523809524,
Globally,1,1.0,NATOPS,0,False,0.0,0.9523809523809524,
Eventually,1,0.92,NATOPS,0,False,0.0,0.9523809523809524,
Eventually,2,1.0,NATOPS,0,False,0.0,0.9523809523809524,
Eventually,2,0.7,NATOPS,0,False,0.0,0.9523809523809524,
Or,2,,NATOPS,0,False,0.0,0.9523809523809524,
And,4,,NATOPS,0,False,0.0,0.9523809523809524,
Globally,2,0.56,NATOPS,0,False,0.0,0.9523809523809524,
And,2,,NATOPS,0,False,0.0,0.9523809523809524,
Globally,1,0.04,NATOPS,0,False,0.0,0.9523809523809524,
Or,4,,NATOPS,0,False,0.0,0.9523809523809524,
Globally,2,0.06,NATOPS,0,False,0.0,0.9523809523809524,
Eventually,3,0.04,NATOPS,0,False,0.0,0.9523809523809524,
Globally,1,0.28,NATOPS,0,False,0.0,0.9523809523809524,
Or,4,,NATOPS,0,False,0.0,0.9523809523809524,
Eventually,1,0.12,NATOPS,0,False,0.0,0.9523809523809524,
Eventually,1,1.0,NATOPS,0,False,0.0,0.9523809523809524,
Eventually,1,1.0,NATOPS,0,False,0.0,0.9523809523809524,
Eventually,1,0.5,NATOPS,0,False,0.0,0.9523809523809524,
Eventually,1,0.14,NATOPS,0,False,0.0,0.9523809523809524,
Eventually,1,0.04,NATOPS,0,False,0.0,0.9523809523809524,
Eventually,3,0.08,NATOPS,0,False,0.0,0.9523809523809524,
Eventually,1,1.0,NATOPS,0,False,0.0,0.9523809523809524,
Globally,1,0.08,NATOPS,0,False,0.0,0.9523809523809524,
Globally,1,0.18,NATOPS,0,False,0.0,0.9523809523809524,
Globally,2,0.66,NATOPS,0,False,0.0,0.9523809523809524,
And,2,,NATOPS,0,False,0.0,0.9523809523809524,
Or,2,,NATOPS,0,False,0.0,0.9523809523809524,
Globally,4,0.32,NATOPS,0,False,0.0,0.9523809523809524,
Globally,1,0.08,NATOPS,0,False,0.0,0.9523809523809524,
Eventually,2,0.7,NATOPS,0,False,0.0,0.9523809523809524,
And,2,,NATOPS,0,False,0.0,0.9523809523809524,
Or,2,,NATOPS,0,False,0.0,0.9523809523809524,
And,3,,NATOPS,0,False,0.0,0.9523809523809524,
Globally,1,0.24,NATOPS,0,False,0.0,0.9523809523809524,
And,2,,NATOPS,0,False,0.0,0.9523809523809524,
Globally,2,0.08,NATOPS,0,False,0.0,0.9523809523809524,
Eventually,3,0.2,NATOPS,0,False,0.0,0.9523809523809524,
Eventually,1,0.18,NATOPS,0,False,0.0,0.9523809523809524,
Globally,2,0.48,NATOPS,0,False,0.0,0.9523809523809524,
Globally,2,0.06,NATOPS,0,False,0.0,0.9523809523809524,
Eventually,2,0.06,NATOPS,0,False,0.0,0.9523809523809524,
Globally,1,0.2,NATOPS,0,False,0.0,0.9523809523809524,
Eventually,1,0.38,NATOPS,0,False,0.0,0.9523809523809524,
And,2,,NATOPS,0,False,0.0,0.9523809523809524,
Globally,1,0.04,NATOPS,0,False,0.0,0.9523809523809524,
Or,4,,NATOPS,0,False,0.0,0.9523809523809524,
Globally,1,0.86,NATOPS,0,False,0.0,0.9523809523809524,
Eventually,1,0.78,NATOPS,0,False,0.0,0.9523809523809524,
And,3,,NATOPS,0,False,0.0,0.9523809523809524,
Eventually,1,1.0,NATOPS,0,False,0.0,0.9523809523809524,
Globally,1,0.86,NATOPS,0,False,0.0,0.9523809523809524,
Or,2,,NATOPS,0,False,0.0,0.9523809523809524,
Globally,1,0.16,NATOPS,0,False,0.0,0.9523809523809524,
Or,2,,NATOPS,0,False,0.0,0.9523809523809524,
And,2,,NATOPS,0,False,0.0,0.9523809523809524,
Or,4,,NATOPS,0,False,0.0,0.9523809523809524,
Or,4,,NATOPS,0,False,0.0,0.9523809523809524,
Globally,1,0.1,NATOPS,0,False,0.0,0.9523809523809524,
Or,2,,NATOPS,0,False,0.0,0.9523809523809524,
Eventually,1,1.0,NATOPS,0,False,0.0,0.9523809523809524,
Globally,1,1.0,NATOPS,0,False,0.0,0.9523809523809524,
Globally,2,0.04,NATOPS,0,False,0.0,0.9523809523809524,
And,4,,NATOPS,0,False,0.0,0.9523809523809524,
Eventually,1,0.78,NATOPS,0,False,0.0,0.9523809523809524,
Globally,1,1.0,NATOPS,0,False,0.0,0.9523809523809524,
Eventually,2,0.58,NATOPS,0,False,0.0,0.9523809523809524,
Globally,1,0.26,NATOPS,0,False,0.0,0.9523809523809524,
Eventually,1,0.32,NATOPS,0,False,0.0,0.9523809523809524,
Globally,1,0.22,NATOPS,0,False,0.0,0.9523809523809524,
Globally,1,0.78,NATOPS,0,False,0.0,0.9523809523809524,
Globally,1,0.04,NATOPS,0,False,0.0,0.9523809523809524,
And,4,,NATOPS,0,False,0.0,0.9523809523809524,
Or,2,,NATOPS,0,False,0.0,0.9523809523809524,
Globally,1,0.68,NATOPS,0,False,0.0,0.9523809523809524,
Or,3,,NATOPS,0,False,0.0,0.9523809523809524,
Eventually,2,0.06,NATOPS,0,False,0.0,0.9523809523809524,
Globally,1,0.58,NATOPS,0,False,0.0,0.9523809523809524,
Eventually,2,0.06,NATOPS,0,False,0.0,0.9523809523809524,
Globally,1,0.14,NATOPS,0,False,0.0,0.9523809523809524,
Or,2,,NATOPS,0,False,0.0,0.9523809523809524,
Globally,1,1.0,NATOPS,0,False,0.0,0.9523809523809524,
Eventually,1,1.0,NATOPS,0,False,0.0,0.9523809523809524,
Eventually,1,0.94,NATOPS,0,False,0.0,0.9523809523809524,
Globally,1,0.84,NATOPS,0,False,0.0,0.9523809523809524,
Eventually,1,0.9,NATOPS,0,False,0.0,0.9523809523809524,
Or,2,,NATOPS,0,False,0.0,0.9523809523809524,
Eventually,2,0.5,NATOPS,0,False,0.0,0.9523809523809524,
And,3,,NATOPS,0,False,0.0,0.9523809523809524,
Globally,1,1.0,NATOPS,0,False,0.0,0.9523809523809524,
Or,2,,NATOPS,0,False,0.0,0.9523809523809524,
Globally,2,0.08,NATOPS,0,False,0.0,0.9523809523809524,
Eventually,1,0.38,NATOPS,0,False,0.0,0.9523809523809524,
Globally,1,1.0,NATOPS,0,False,0.0,0.9523809523809524,
Or,3,,NATOPS,0,False,0.0,0.9523809523809524,
Globally,1,0.98,NATOPS,0,False,0.0,0.9523809523809524,
Eventually,1,0.04,NATOPS,0,False,0.0,0.9523809523809524,
And,4,,NATOPS,0,False,0.0,0.9523809523809524,
Eventually,1,0.42,NATOPS,0,False,0.0,0.9523809523809524,
Eventually,1,1.0,NATOPS,0,False,0.0,0.9523809523809524,
Globally,1,0.36,NATOPS,0,False,0.0,0.9523809523809524,
And,2,,NATOPS,0,False,0.0,0.9523809523809524,
Eventually,1,0.94,NATOPS,0,False,0.0,0.9523809523809524,
Eventually,1,0.7,NATOPS,0,False,0.0,0.9523809523809524,
Globally,3,0.08,NATOPS,0,False,0.0,0.9523809523809524,
Globally,1,1.0,NATOPS,0,False,0.0,0.9523809523809524,
Or,2,,NATOPS,0,False,0.0,0.9523809523809524,
Globally,2,0.26,NATOPS,0,False,0.0,0.9523809523809524,
Globally,1,1.0,NATOPS,0,False,0.0,0.9523809523809524,
Eventually,1,0.38,NATOPS,0,False,0.0,0.9523809523809524,
Eventually,1,1.0,NATOPS,0,False,0.0,0.9523809523809524,
Eventually,1,0.6,NATOPS,0,False,0.0,0.9523809523809524,
Globally,3,0.44,NATOPS,0,False,0.0,0.9523809523809524,
Eventually,1,1.0,NATOPS,0,False,0.0,0.9523809523809524,
Eventually,1,1.0,NATOPS,0,False,0.0,0.9523809523809524,
Eventually,3,1.0,NATOPS,0,False,0.0,0.9523809523809524,
Or,2,,NATOPS,0,False,0.0,0.9523809523809524,
Eventually,2,0.08,NATOPS,0,False,0.0,0.9523809523809524,
Eventually,1,0.4,NATOPS,0,False,0.0,0.9523809523809524,
Eventually,2,0.92,NATOPS,0,True,0.08143820798297052,0.9523809523809524,
Globally,1,0.68,NATOPS,0,False,0.0,0.9523809523809524,
Eventually,1,0.2,NATOPS,0,False,0.0,0.9523809523809524,
Eventually,2,0.14,NATOPS,0,False,0.0,0.9523809523809524,
Eventually,1,1.0,NATOPS,0,False,0.0,0.9523809523809524,
Or,2,,NATOPS,0,False,0.0,0.9523809523809524,
Eventually,1,0.38,NATOPS,0,False,0.0,0.9523809523809524,
Or,2,,NATOPS,0,False,0.0,0.9523809523809524,
Eventually,1,0.36,NATOPS,0,False,0.0,0.9523809523809524,
And,2,,NATOPS,0,False,0.0,0.9523809523809524,
Globally,1,0.12,NATOPS,0,False,0.0,0.9523809523809524,
Globally,2,0.56,NATOPS,0,False,0.0,0.9523809523809524,
Or,2,,NATOPS,0,False,0.0,0.9523809523809524,
Eventually,1,0.14,NATOPS,0,False,0.0,0.9523809523809524,
And,4,,NATOPS,0,False,0.0,0.9523809523809524,
Globally,4,1.0,NATOPS,0,False,0.0,0.9523809523809524,
Eventually,1,0.66,NATOPS,0,False,0.0,0.9523809523809524,
Or,4,,NATOPS,0,False,0.0,0.9523809523809524,
Globally,1,0.22,NATOPS,0,False,0.0,0.9523809523809524,
Eventually,2,0.78,NATOPS,0,False,0.0,0.9523809523809524,
Or,4,,NATOPS,0,False,0.0,0.9523809523809524,
Eventually,1,1.0,NATOPS,0,False,0.0,0.9523809523809524,
And,2,,NATOPS,0,False,0.0,0.9523809523809524,
Eventually,1,1.0,NATOPS,0,False,0.0,0.9523809523809524,
Eventually,1,1.0,NATOPS,0,False,0.0,0.9523809523809524,
Globally,1,0.7,NATOPS,0,False,0.0,0.9523809523809524,
Globally,2,0.04,NATOPS,0,False,0.0,0.9523809523809524,
Globally,1,0.04,NATOPS,0,False,0.0,0.9523809523809524,
Eventually,1,0.12,NATOPS,0,False,0.0,0.9523809523809524,
Globally,1,0.58,NATOPS,0,False,0.0,0.9523809523809524,
Or,2,,NATOPS,0,False,0.0,0.9523809523809524,
Or,2,,NATOPS,0,False,0.0,0.9523809523809524,
Globally,1,1.0,NATOPS,0,False,0.0,0.9523809523809524,
Globally,2,0.1,NATOPS,0,False,0.0,0.9523809523809524,
Eventually,1,0.04,NATOPS,0,False,0.0,0.9523809523809524,
Eventually,1,0.12,NATOPS,0,False,0.0,0.9523809523809524,
And,4,,NATOPS,0,False,0.0,0.9523809523809524,
Eventually,1,1.0,NATOPS,0,False,0.0,0.9523809523809524,
And,3,,NATOPS,0,False,0.0,0.9523809523809524,
Eventually,3,0.2,NATOPS,0,False,0.0,0.9523809523809524,
Globally,2,0.3,NATOPS,0,False,0.0,0.9523809523809524,
Globally,1,1.0,NATOPS,0,False,0.0,0.9523809523809524,
Eventually,2,0.62,NATOPS,0,False,0.0,0.9523809523809524,
Globally,1,0.42,NATOPS,0,False,0.0,0.9523809523809524,
Globally,1,0.16,NATOPS,0,False,0.0,0.9523809523809524,
Eventually,1,0.74,NATOPS,0,False,0.0,0.9523809523809524,
Eventually,1,0.78,NATOPS,0,False,0.0,0.9523809523809524,
And,2,,NATOPS,0,False,0.0,0.9523809523809524,
And,4,,NATOPS,0,False,0.0,0.9523809523809524,
Globally,2,0.58,NATOPS,0,False,0.0,0.9523809523809524,
Globally,1,0.1,NATOPS,0,False,0.0,0.9523809523809524,
Or,2,,NATOPS,0,False,0.0,0.9523809523809524,
Globally,1,0.14,NATOPS,0,False,0.0,0.9523809523809524,
Or,2,,NATOPS,0,False,0.0,0.9523809523809524,
Eventually,1,0.34,NATOPS,0,False,0.0,0.9523809523809524,
And,2,,NATOPS,0,False,0.0,0.9523809523809524,
Globally,1,0.04,NATOPS,0,False,0.0,0.9523809523809524,
Globally,3,0.42,NATOPS,0,False,0.0,0.9523809523809524,
And,2,,NATOPS,0,False,0.0,0.9523809523809524,
Globally,2,1.0,NATOPS,0,False,0.0,0.9523809523809524,
Or,2,,NATOPS,0,False,0.0,0.9523809523809524,
Eventually,2,0.1,NATOPS,0,False,0.0,0.9523809523809524,
Eventually,1,0.9,NATOPS,0,False,0.0,0.9523809523809524,
Globally,1,0.14,NATOPS,0,False,0.0,0.9523809523809524,
Globally,1,0.54,NATOPS,0,False,0.0,0.9523809523809524,
Eventually,2,0.6,NATOPS,0,False,0.0,0.9523809523809524,
Globally,1,0.32,NATOPS,0,False,0.0,0.9523809523809524,
Eventually,1,0.66,NATOPS,0,False,0.0,0.9523809523809524,
And,2,,NATOPS,0,False,0.0,0.9523809523809524,
Or,2,,NATOPS,0,False,0.0,0.9523809523809524,
Globally,1,1.0,NATOPS,0,False,0.0,0.9523809523809524,
And,3,,NATOPS,0,False,0.0,0.9523809523809524,
Globally,2,0.72,NATOPS,0,False,0.0,0.9523809523809524,
Or,2,,NATOPS,0,False,0.0,0.9523809523809524,
Globally,2,0.62,NATOPS,0,False,0.0,0.9523809523809524,
Or,2,,NATOPS,0,False,0.0,0.9523809523809524,
Globally,1,0.72,NATOPS,0,False,0.0,0.9523809523809524,
Globally,1,0.14,NATOPS,0,False,0.0,0.9523809523809524,
Eventually,1,1.0,NATOPS,0,False,0.0,0.9523809523809524,
Eventually,1,0.68,NATOPS,0,False,0.0,0.9523809523809524,
Eventually,1,1.0,NATOPS,0,False,0.0,0.9523809523809524,
And,3,,NATOPS,0,False,0.0,0.9523809523809524,
Globally,1,0.16,NATOPS,0,False,0.0,0.9523809523809524,
Globally,1,0.08,NATOPS,0,False,0.0,0.9523809523809524,
Eventually,2,1.0,NATOPS,0,False,0.0,0.9523809523809524,
Or,3,,NATOPS,0,False,0.0,0.9523809523809524,
Eventually,2,0.3,NATOPS,0,False,0.0,0.9523809523809524,
Eventually,2,0.76,NATOPS,0,False,0.0,0.9523809523809524,
Eventually,2,0.04,NATOPS,0,False,0.0,0.9523809523809524,
And,3,,NATOPS,0,False,0.0,0.9523809523809524,
And,3,,NATOPS,0,False,0.0,0.9523809523809524,
Eventually,1,0.04,NATOPS,0,False,0.0,0.9523809523809524,
Globally,3,0.72,NATOPS,0,False,0.0,0.9523809523809524,
Eventually,2,1.0,NATOPS,0,False,0.0,0.9523809523809524,
And,4,,NATOPS,0,False,0.0,0.9523809523809524,
Eventually,1,1.0,NATOPS,0,False,0.0,0.9523809523809524,
Globally,1,0.12,NATOPS,0,False,0.0,0.9523809523809524,
Globally,4,1.0,NATOPS,0,False,0.0,0.9523809523809524,
Globally,1,0.7,NATOPS,0,False,0.0,0.9523809523809524,
Globally,1,0.76,NATOPS,0,False,0.0,0.9523809523809524,
Or,2,,NATOPS,0,False,0.0,0.9523809523809524,
Globally,1,0.08,NATOPS,0,False,0.0,0.9523809523809524,
Globally,1,0.86,NATOPS,0,False,0.0,0.9523809523809524,
Globally,1,0.2,NATOPS,0,False,0.0,0.9523809523809524,
Globally,2,0.92,NATOPS,0,False,0.0,0.9523809523809524,
Or,4,,NATOPS,0,False,0.0,0.9523809523809524,
Globally,1,1.0,NATOPS,0,False,0.0,0.9523809523809524,
Eventually,1,0.56,NATOPS,0,False,0.0,0.9523809523809524,
Or,3,,NATOPS,0,False,0.0,0.9523809523809524,
Or,3,,NATOPS,0,False,0.0,0.9523809523809524,
Globally,3,0.16,NATOPS,0,False,0.0,0.9523809523809524,
Eventually,3,0.16,NATOPS,0,False,0.0,0.9523809523809524,
Eventually,1,0.88,NATOPS,0,False,0.0,0.9523809523809524,
And,2,,NATOPS,0,False,0.0,0.9523809523809524,
Eventually,2,0.48,NATOPS,0,False,0.0,0.9523809523809524,
Globally,1,0.1,NATOPS,0,False,0.0,0.9523809523809524,
Globally,2,0.54,NATOPS,0,False,0.0,0.9523809523809524,
Or,3,,NATOPS,0,False,0.0,0.9523809523809524,
Or,4,,NATOPS,0,False,0.0,0.9523809523809524,
Eventually,2,0.1,NATOPS,0,False,0.0,0.9523809523809524,
Or,3,,NATOPS,0,False,0.0,0.9523809523809524,
Eventually,1,1.0,NATOPS,0,False,0.0,0.9523809523809524,
Eventually,3,0.94,NATOPS,0,False,0.0,0.9523809523809524,
Eventually,1,0.42,NATOPS,0,False,0.0,0.9523809523809524,
Or,2,,NATOPS,0,False,0.0,0.9523809523809524,
Globally,1,0.26,NATOPS,0,False,0.0,0.9523809523809524,
Globally,1,1.0,NATOPS,0,False,0.0,0.9523809523809524,
Eventually,2,0.7,NATOPS,0,False,0.0,0.9523809523809524,
Globally,1,1.0,NATOPS,0,False,0.0,0.9523809523809524,
Eventually,1,0.06,NATOPS,0,False,0.0,0.9523809523809524,
Globally,1,0.16,NATOPS,0,False,0.0,0.9523809523809524,
Eventually,2,0.04,NATOPS,0,False,0.0,0.9523809523809524,
Eventually,1,1.0,NATOPS,0,False,0.0,0.9523809523809524,
And,3,,NATOPS,0,False,0.0,0.9523809523809524,
Globally,1,0.76,NATOPS,0,False,0.0,0.9523809523809524,
Globally,1,0.14,NATOPS,0,False,0.0,0.9523809523809524,
Eventually,1,1.0,NATOPS,0,False,0.0,0.9523809523809524,
Or,3,,NATOPS,0,False,0.0,0.9523809523809524,
Eventually,1,0.72,NATOPS,0,False,0.0,0.9523809523809524,
Globally,1,0.82,NATOPS,0,False,0.0,0.9523809523809524,
Eventually,2,1.0,NATOPS,0,False,0.0,0.9523809523809524,
Globally,2,1.0,NATOPS,0,False,0.0,0.9523809523809524,
Globally,1,0.24,NATOPS,0,False,0.0,0.9523809523809524,
Eventually,2,0.08,NATOPS,0,False,0.0,0.9523809523809524,
Or,3,,NATOPS,0,False,0.0,0.9523809523809524,
Globally,1,0.3,NATOPS,0,False,0.0,0.9523809523809524,
Globally,1,0.06,NATOPS,0,False,0.0,0.9523809523809524,
Globally,2,1.0,NATOPS,0,False,0.0,0.9523809523809524,
Eventually,1,0.14,NATOPS,0,False,0.0,0.9523809523809524,
Eventually,2,0.32,NATOPS,0,False,0.0,0.9523809523809524,
Eventually,2,0.04,NATOPS,0,False,0.0,0.9523809523809524,
Eventually,1,0.04,NATOPS,0,False,0.0,0.9523809523809524,
Eventually,3,0.52,NATOPS,0,False,0.0,0.9523809523809524,
Or,2,,NATOPS,0,False,0.0,0.9523809523809524,
Eventually,1,0.48,NATOPS,0,False,0.0,0.9523809523809524,
Eventually,2,1.0,NATOPS,0,False,0.0,0.9523809523809524,
Eventually,1,0.58,NATOPS,0,False,0.0,0.9523809523809524,
Eventually,1,0.2,NATOPS,0,False,0.0,0.9523809523809524,
Globally,1,1.0,NATOPS,0,False,0.0,0.9523809523809524,
Globally,2,1.0,NATOPS,0,False,0.0,0.9523809523809524,
Eventually,1,1.0,NATOPS,0,False,0.0,0.9523809523809524,
Or,2,,NATOPS,0,False,0.0,0.9523809523809524,
Eventually,2,0.18,NATOPS,0,False,0.0,0.9523809523809524,
Globally,1,1.0,NATOPS,0,False,0.0,0.9523809523809524,
Or,2,,NATOPS,0,False,0.0,0.9523809523809524,
Or,3,,NATOPS,0,False,0.0,0.9523809523809524,
Eventually,3,0.1,NATOPS,0,False,0.0,0.9523809523809524,
Globally,1,0.2,NATOPS,0,False,0.0,0.9523809523809524,
Eventually,1,0.44,NATOPS,0,False,0.0,0.9523809523809524,
And,4,,NATOPS,0,False,0.0,0.9523809523809524,
And,3,,NATOPS,0,False,0.0,0.9523809523809524,
Eventually,1,0.18,NATOPS,0,False,0.0,0.9523809523809524,
Globally,1,0.7,NATOPS,0,False,0.0,0.9523809523809524,
Or,2,,NATOPS,0,False,0.0,0.9523809523809524,
Globally,2,0.06,NATOPS,0,False,0.0,0.9523809523809524,
And,2,,NATOPS,0,False,0.0,0.9523809523809524,
Globally,2,0.0,NATOPS,0,False,0.0,0.9523809523809524,
And,4,,NATOPS,0,False,0.0,0.9523809523809524,
Or,4,,NATOPS,0,False,0.0,0.9523809523809524,
Globally,2,0.34,NATOPS,0,False,0.0,0.9523809523809524,
Eventually,1,1.0,NATOPS,0,False,0.0,0.9523809523809524,
Globally,1,0.24,NATOPS,0,False,0.0,0.9523809523809524,
Globally,1,0.06,NATOPS,0,False,0.0,0.9523809523809524,
And,4,,NATOPS,0,False,0.0,0.9523809523809524,
Eventually,1,0.6,NATOPS,0,False,0.0,0.9523809523809524,
Or,2,,NATOPS,0,False,0.0,0.9523809523809524,
Or,2,,NATOPS,0,False,0.0,0.9523809523809524,
Globally,4,0.14,NATOPS,0,False,0.0,0.9523809523809524,
Or,2,,NATOPS,0,False,0.0,0.9523809523809524,
Eventually,1,0.2,NATOPS,0,False,0.0,0.9523809523809524,
Eventually,1,0.06,NATOPS,0,False,0.0,0.9523809523809524,
Globally,1,0.24,NATOPS,0,False,0.0,0.9523809523809524,
Globally,2,0.04,NATOPS,0,False,0.0,0.9523809523809524,
Globally,1,0.04,NATOPS,0,False,0.0,0.9523809523809524,
And,2,,NATOPS,0,False,0.0,0.9523809523809524,
Eventually,2,0.22,NATOPS,0,False,0.0,0.9523809523809524,
Globally,2,1.0,NATOPS,0,False,0.0,0.9523809523809524,
Eventually,1,0.04,NATOPS,0,False,0.0,0.9523809523809524,
Eventually,2,0.52,NATOPS,0,False,0.0,0.9523809523809524,
Eventually,2,0.7,NATOPS,0,False,0.0,0.9523809523809524,
Globally,1,0.2,NATOPS,0,False,0.0,0.9523809523809524,
Globally,1,0.08,NATOPS,0,False,0.0,0.9523809523809524,
And,4,,NATOPS,0,False,0.0,0.9523809523809524,
Eventually,2,1.0,NATOPS,0,False,0.0,0.9523809523809524,
Eventually,1,0.04,NATOPS,0,False,0.0,0.9523809523809524,
Eventually,1,1.0,NATOPS,0,False,0.0,0.9523809523809524,
Globally,2,0.04,NATOPS,0,False,0.0,0.9523809523809524,
Globally,1,0.04,NATOPS,0,False,0.0,0.9523809523809524,
And,2,,NATOPS,0,False,0.0,0.9523809523809524,
Globally,1,0.16,NATOPS,0,False,0.0,0.9523809523809524,
Eventually,1,0.5,NATOPS,0,False,0.0,0.9523809523809524,
And,2,,NATOPS,0,False,0.0,0.9523809523809524,
Globally,2,0.08,NATOPS,0,False,0.0,0.9523809523809524,
Or,2,,NATOPS,0,False,0.0,0.9523809523809524,
Eventually,3,0.14,NATOPS,0,False,0.0,0.9523809523809524,
Eventually,4,0.04,NATOPS,0,False,0.0,0.9523809523809524,
Eventually,1,0.6,NATOPS,0,False,0.0,0.9523809523809524,
Eventually,1,1.0,NATOPS,0,False,0.0,0.9523809523809524,
Globally,1,0.04,NATOPS,0,False,0.0,0.9523809523809524,
Globally,2,0.04,NATOPS,0,False,0.0,0.9523809523809524,
Globally,2,0.26,NATOPS,0,False,0.0,0.9523809523809524,
Or,2,,NATOPS,0,False,0.0,0.9523809523809524,
Globally,1,0.96,NATOPS,0,False,0.0,0.9523809523809524,
Globally,1,0.08,NATOPS,0,False,0.0,0.9523809523809524,
Globally,1,0.04,NATOPS,0,False,0.0,0.9523809523809524,
And,2,,NATOPS,0,False,0.0,0.9523809523809524,
And,4,,NATOPS,0,False,0.0,0.9523809523809524,
Or,4,,NATOPS,0,False,0.0,0.9523809523809524,
Globally,1,1.0,NATOPS,0,False,0.0,0.9523809523809524,
Eventually,1,1.0,NATOPS,0,False,0.0,0.9523809523809524,
Eventually,1,0.08,NATOPS,0,False,0.0,0.9523809523809524,
Eventually,1,0.82,NATOPS,0,False,0.0,0.9523809523809524,
Eventually,2,0.7,NATOPS,0,False,0.0,0.9523809523809524,
Eventually,1,1.0,NATOPS,0,False,0.0,0.9523809523809524,
Eventually,2,1.0,NATOPS,0,False,0.0,0.9523809523809524,
Globally,1,0.34,NATOPS,0,False,0.0,0.9523809523809524,
And,3,,NATOPS,0,False,0.0,0.9523809523809524,
Or,2,,NATOPS,0,False,0.0,0.9523809523809524,
Globally,1,0.06,NATOPS,0,False,0.0,0.9523809523809524,
And,2,,NATOPS,0,False,0.0,0.9523809523809524,
Eventually,3,0.1,NATOPS,0,False,0.0,0.9523809523809524,
Or,2,,NATOPS,0,False,0.0,0.9523809523809524,
Or,2,,NATOPS,0,False,0.0,0.9523809523809524,
Globally,2,0.56,NATOPS,0,False,0.0,0.9523809523809524,
Globally,1,0.32,NATOPS,0,True,0.04823398684082627,0.9523809523809524,
Eventually,1,0.06,NATOPS,0,False,0.0,0.9523809523809524,
Globally,1,0.1,NATOPS,0,False,0.0,0.9523809523809524,
Globally,1,0.48,NATOPS,0,False,0.0,0.9523809523809524,
Eventually,1,0.04,NATOPS,0,False,0.0,0.9523809523809524,
Globally,1,0.56,NATOPS,0,False,0.0,0.9523809523809524,
Eventually,1,1.0,NATOPS,0,False,0.0,0.9523809523809524,
Eventually,1,1.0,NATOPS,0,False,0.0,0.9523809523809524,
Globally,1,0.46,NATOPS,0,False,0.0,0.9523809523809524,
Globally,3,0.4,NATOPS,0,False,0.0,0.9523809523809524,
Or,3,,NATOPS,0,False,0.0,0.9523809523809524,
Globally,1,0.16,NATOPS,0,False,0.0,0.9523809523809524,
Globally,1,0.9,NATOPS,0,False,0.0,0.9523809523809524,
Eventually,1,0.08,NATOPS,0,False,0.0,0.9523809523809524,
Globally,1,0.16,NATOPS,0,False,0.0,0.9523809523809524,
And,3,,NATOPS,0,False,0.0,0.9523809523809524,
Globally,1,0.4,NATOPS,0,False,0.0,0.9523809523809524,
Globally,1,0.68,NATOPS,0,False,0.0,0.9523809523809524,
And,3,,NATOPS,0,False,0.0,0.9523809523809524,
Eventually,1,0.82,NATOPS,0,False,0.0,0.9523809523809524,
Eventually,2,0.96,NATOPS,0,False,0.0,0.9523809523809524,
Globally,2,1.0,NATOPS,0,False,0.0,0.9523809523809524,
Or,2,,NATOPS,0,False,0.0,0.9523809523809524,
Globally,1,1.0,NATOPS,0,False,0.0,0.9523809523809524,
Globally,1,0.36,NATOPS,0,False,0.0,0.9523809523809524,
And,4,,NATOPS,0,False,0.0,0.9523809523809524,
Or,3,,NATOPS,0,False,0.0,0.9523809523809524,
Or,4,,NATOPS,0,False,0.0,0.9523809523809524,
Eventually,1,0.14,NATOPS,0,False,0.0,0.9523809523809524,
Globally,2,1.0,NATOPS,0,False,0.0,0.9523809523809524,
Globally,1,0.06,NATOPS,0,False,0.0,0.9523809523809524,
Eventually,1,0.08,NATOPS,0,False,0.0,0.9523809523809524,
Globally,1,0.22,NATOPS,0,False,0.0,0.9523809523809524,
Globally,1,0.2,NATOPS,0,False,0.0,0.9523809523809524,
Eventually,2,0.12,NATOPS,0,False,0.0,0.9523809523809524,
Eventually,2,0.9,NATOPS,0,False,0.0,0.9523809523809524,
Globally,1,0.4,NATOPS,0,False,0.0,0.9523809523809524,
Globally,2,0.08,NATOPS,0,False,0.0,0.9523809523809524,
And,2,,NATOPS,0,False,0.0,0.9523809523809524,
And,3,,NATOPS,0,False,0.0,0.9523809523809524,
Globally,1,0.14,NATOPS,0,False,0.0,0.9523809523809524,
Globally,2,0.44,NATOPS,0,False,0.0,0.9523809523809524,
And,2,,NATOPS,0,False,0.0,0.9523809523809524,
Eventually,2,0.56,NATOPS,0,False,0.0,0.9523809523809524,
And,4,,NATOPS,0,False,0.0,0.9523809523809524,
Eventually,1,0.2,NATOPS,0,False,0.0,0.9523809523809524,
Eventually,1,0.4,NATOPS,0,False,0.0,0.9523809523809524,
And,2,,NATOPS,0,False,0.0,0.9523809523809524,
Eventually,1,0.04,NATOPS,0,False,0.0,0.9523809523809524,
Eventually,2,0.06,NATOPS,0,False,0.0,0.9523809523809524,
Eventually,1,0.04,NATOPS,0,False,0.0,0.9523809523809524,
And,3,,NATOPS,0,False,0.0,0.9523809523809524,
Globally,1,0.16,NATOPS,0,False,0.0,0.9523809523809524,
Globally,2,0.08,NATOPS,0,False,0.0,0.9523809523809524,
Eventually,1,1.0,NATOPS,0,False,0.0,0.9523809523809524,
And,4,,NATOPS,0,False,0.0,0.9523809523809524,
Globally,1,0.24,NATOPS,0,False,0.0,0.9523809523809524,
Eventually,1,0.74,NATOPS,0,False,0.0,0.9523809523809524,
Globally,2,0.14,NATOPS,0,False,0.0,0.9523809523809524,
Eventually,1,1.0,NATOPS,0,False,0.0,0.9523809523809524,
Or,3,,NATOPS,0,False,0.0,0.9523809523809524,
Eventually,1,0.26,NATOPS,0,False,0.0,0.9523809523809524,
And,2,,NATOPS,0,False,0.0,0.9523809523809524,
And,2,,NATOPS,0,False,0.0,0.9523809523809524,
Or,2,,NATOPS,0,False,0.0,0.9523809523809524,
Globally,1,0.66,NATOPS,0,False,0.0,0.9523809523809524,
Or,4,,NATOPS,0,False,0.0,0.9523809523809524,
Eventually,1,0.04,NATOPS,0,False,0.0,0.9523809523809524,
And,2,,NATOPS,0,False,0.0,0.9523809523809524,
Or,2,,NATOPS,0,False,0.0,0.9523809523809524,
Globally,2,0.2,NATOPS,0,False,0.0,0.9523809523809524,
Eventually,3,1.0,NATOPS,0,False,0.0,0.9523809523809524,
Eventually,2,0.94,NATOPS,0,False,0.0,0.9523809523809524,
Eventually,1,0.46,NATOPS,0,False,0.0,0.9523809523809524,
Eventually,2,0.2,NATOPS,0,False,0.0,0.9523809523809524,
And,2,,NATOPS,0,False,0.0,0.9523809523809524,
Globally,1,0.2,NATOPS,0,False,0.0,0.9523809523809524,
Or,2,,NATOPS,0,False,0.0,0.9523809523809524,
Eventually,1,0.26,NATOPS,0,False,0.0,0.9523809523809524,
Eventually,1,0.92,NATOPS,0,False,0.0,0.9523809523809524,
Eventually,1,1.0,NATOPS,0,False,0.0,0.9523809523809524,
And,2,,NATOPS,0,False,0.0,0.9523809523809524,
Globally,1,0.2,NATOPS,0,False,0.0,0.9523809523809524,
Eventually,2,1.0,NATOPS,0,False,0.0,0.9523809523809524,
Eventually,1,0.38,NATOPS,0,False,0.0,0.9523809523809524,
Eventually,1,0.18,NATOPS,0,False,0.0,0.9523809523809524,
Eventually,1,0.04,NATOPS,0,False,0.0,0.9523809523809524,
And,2,,NATOPS,0,False,0.0,0.9523809523809524,
Globally,1,0.1,NATOPS,0,False,0.0,0.9523809523809524,
And,2,,NATOPS,0,False,0.0,0.9523809523809524,
Eventually,1,0.06,NATOPS,0,False,0.0,0.9523809523809524,
Eventually,2,0.32,NATOPS,0,False,0.0,0.9523809523809524,
Eventually,1,0.42,NATOPS,0,False,0.0,0.9523809523809524,
Or,2,,NATOPS,0,False,0.0,0.9523809523809524,
Or,3,,NATOPS,0,False,0.0,0.9523809523809524,
Eventually,1,0.28,NATOPS,0,False,0.0,0.9523809523809524,
Eventually,1,0.06,NATOPS,0,False,0.0,0.9523809523809524,
Or,2,,NATOPS,0,False,0.0,0.9523809523809524,
Globally,1,1.0,NATOPS,0,False,0.0,0.9523809523809524,
Eventually,2,0.08,NATOPS,0,False,0.0,0.9523809523809524,
Eventually,3,0.04,NATOPS,0,False,0.0,0.9523809523809524,
Eventually,1,1.0,NATOPS,0,False,0.0,0.9523809523809524,
Globally,1,0.04,NATOPS,0,False,0.0,0.9523809523809524,
Eventually,1,0.04,NATOPS,0,False,0.0,0.9523809523809524,
Eventually,1,0.34,NATOPS,0,False,0.0,0.9523809523809524,
Globally,3,0.06,NATOPS,0,False,0.0,0.9523809523809524,
Globally,2,1.0,NATOPS,0,False,0.0,0.9523809523809524,
Eventually,1,0.94,NATOPS,0,False,0.0,0.9523809523809524,
Globally,1,0.46,NATOPS,0,False,0.0,0.9523809523809524,
Eventually,1,0.18,NATOPS,0,False,0.0,0.9523809523809524,
Eventually,2,0.12,NATOPS,0,False,0.0,0.9523809523809524,
Or,2,,NATOPS,0,False,0.0,0.9523809523809524,
Globally,1,0.96,NATOPS,0,False,0.0,0.9523809523809524,
Globally,1,0.5,NATOPS,0,False,0.0,0.9523809523809524,
Eventually,2,1.0,NATOPS,0,False,0.0,0.9523809523809524,
Eventually,1,0.04,NATOPS,0,False,0.0,0.9523809523809524,
Eventually,1,0.36,NATOPS,0,False,0.0,0.9523809523809524,
Globally,1,0.9,NATOPS,0,False,0.0,0.9523809523809524,
Eventually,1,0.7,NATOPS,0,False,0.0,0.9523809523809524,
Eventually,1,0.04,NATOPS,0,False,0.0,0.9523809523809524,
Globally,2,0.06,NATOPS,0,False,0.0,0.9523809523809524,
Eventually,1,0.56,NATOPS,0,False,0.0,0.9523809523809524,
Globally,2,0.86,NATOPS,0,False,0.0,0.9523809523809524,
Eventually,1,0.04,NATOPS,0,False,0.0,0.9523809523809524,
Eventually,1,1.0,NATOPS,0,False,0.0,0.9523809523809524,
Eventually,1,0.1,NATOPS,0,False,0.0,0.9523809523809524,
And,2,,NATOPS,0,False,0.0,0.9523809523809524,
Globally,1,1.0,NATOPS,0,False,0.0,0.9523809523809524,
And,2,,NATOPS,0,False,0.0,0.9523809523809524,
Eventually,1,0.08,NATOPS,0,False,0.0,0.9523809523809524,
Eventually,2,1.0,NATOPS,0,False,0.0,0.9523809523809524,
Or,3,,NATOPS,0,False,0.0,0.9523809523809524,
Eventually,1,0.84,NATOPS,0,False,0.0,0.9523809523809524,
Or,3,,NATOPS,0,False,0.0,0.9523809523809524,
Globally,1,0.88,NATOPS,0,False,0.0,0.9523809523809524,
Eventually,2,0.12,NATOPS,0,False,0.0,0.9523809523809524,
Or,2,,NATOPS,0,False,0.0,0.9523809523809524,
Globally,1,0.06,NATOPS,0,False,0.0,0.9523809523809524,
Eventually,4,0.46,NATOPS,0,False,0.0,0.9523809523809524,
Globally,2,0.06,NATOPS,0,False,0.0,0.9523809523809524,
Eventually,2,0.04,NATOPS,0,False,0.0,0.9523809523809524,
Globally,2,0.42,NATOPS,0,False,0.0,0.9523809523809524,
Eventually,1,0.92,NATOPS,0,False,0.0,0.9523809523809524,
Eventually,1,0.14,NATOPS,0,False,0.0,0.9523809523809524,
Eventually,1,0.06,NATOPS,0,False,0.0,0.9523809523809524,
Eventually,2,1.0,NATOPS,0,False,0.0,0.9523809523809524,
And,4,,NATOPS,0,False,0.0,0.9523809523809524,
Eventually,2,0.06,NATOPS,0,False,0.0,0.9523809523809524,
And,2,,NATOPS,0,False,0.0,0.9523809523809524,
Globally,1,0.88,NATOPS,0,False,0.0,0.9523809523809524,
And,3,,NATOPS,0,False,0.0,0.9523809523809524,
Eventually,2,0.08,NATOPS,0,False,0.0,0.9523809523809524,
Globally,1,1.0,NATOPS,0,False,0.0,0.9523809523809524,
Globally,3,0.1,NATOPS,0,False,0.0,0.9523809523809524,
Eventually,1,1.0,NATOPS,0,False,0.0,0.9523809523809524,
Globally,1,0.06,NATOPS,0,False,0.0,0.9523809523809524,
And,2,,NATOPS,0,False,0.0,0.9523809523809524,
Globally,1,0.94,NATOPS,0,False,0.0,0.9523809523809524,
And,2,,NATOPS,0,False,0.0,0.9523809523809524,
And,4,,NATOPS,0,False,0.0,0.9523809523809524,
Eventually,1,0.2,NATOPS,0,False,0.0,0.9523809523809524,
Globally,1,0.46,NATOPS,0,False,0.0,0.9523809523809524,
Eventually,1,0.52,NATOPS,0,False,0.0,0.9523809523809524,
Globally,2,0.18,NATOPS,0,False,0.0,0.9523809523809524,
Eventually,3,1.0,NATOPS,0,False,0.0,0.9523809523809524,
Globally,3,0.22,NATOPS,0,False,0.0,0.9523809523809524,
Globally,2,1.0,NATOPS,0,False,0.0,0.9523809523809524,
And,2,,NATOPS,0,False,0.0,0.9523809523809524,
Eventually,1,1.0,NATOPS,0,False,0.0,0.9523809523809524,
Eventually,1,0.04,NATOPS,0,False,0.0,0.9523809523809524,
Globally,1,1.0,NATOPS,0,False,0.0,0.9523809523809524,
Globally,1,0.34,NATOPS,0,False,0.0,0.9523809523809524,
And,4,,NATOPS,0,False,0.0,0.9523809523809524,
Eventually,1,0.48,NATOPS,0,False,0.0,0.9523809523809524,
Globally,1,0.96,NATOPS,0,False,0.0,0.9523809523809524,
Globally,1,0.22,NATOPS,0,False,0.0,0.9523809523809524,
Or,2,,NATOPS,0,False,0.0,0.9523809523809524,
Globally,1,0.86,NATOPS,0,False,0.0,0.9523809523809524,
Eventually,1,0.26,NATOPS,0,False,0.0,0.9523809523809524,
And,4,,NATOPS,0,False,0.0,0.9523809523809524,
Globally,2,0.1,NATOPS,0,False,0.0,0.9523809523809524,
Or,2,,NATOPS,0,False,0.0,0.9523809523809524,
Globally,1,0.04,NATOPS,0,False,0.0,0.9523809523809524,
Or,2,,NATOPS,0,False,0.0,0.9523809523809524,
Globally,3,0.2,NATOPS,0,False,0.0,0.9523809523809524,
Or,4,,NATOPS,0,False,0.0,0.9523809523809524,
Eventually,1,0.8,NATOPS,0,False,0.0,0.9523809523809524,
Globally,1,0.1,NATOPS,0,False,0.0,0.9523809523809524,
Eventually,1,1.0,NATOPS,0,False,0.0,0.9523809523809524,
Eventually,1,0.16,NATOPS,0,False,0.0,0.9523809523809524,
Globally,1,0.1,NATOPS,0,False,0.0,0.9523809523809524,
Or,2,,NATOPS,0,False,0.0,0.9523809523809524,
Eventually,1,0.06,NATOPS,0,False,0.0,0.9523809523809524,
Or,2,,NATOPS,0,False,0.0,0.9523809523809524,
Eventually,1,1.0,NATOPS,0,False,0.0,0.9523809523809524,
Globally,1,0.74,NATOPS,0,False,0.0,0.9523809523809524,
Or,4,,NATOPS,0,False,0.0,0.9523809523809524,
Globally,1,1.0,NATOPS,0,False,0.0,0.9523809523809524,
Or,3,,NATOPS,0,False,0.0,0.9523809523809524,
Globally,1,0.8,NATOPS,0,False,0.0,0.9523809523809524,
Eventually,3,0.98,NATOPS,0,False,0.0,0.9523809523809524,
Globally,1,0.1,NATOPS,0,False,0.0,0.9523809523809524,
Or,2,,NATOPS,0,False,0.0,0.9523809523809524,
Or,4,,NATOPS,0,False,0.0,0.9523809523809524,
And,2,,NATOPS,0,False,0.0,0.9523809523809524,
Eventually,1,0.62,NATOPS,0,False,0.0,0.9523809523809524,
Eventually,1,1.0,NATOPS,0,False,0.0,0.9523809523809524,
Globally,3,0.42,NATOPS,0,False,0.0,0.9523809523809524,
Globally,1,0.06,NATOPS,0,False,0.0,0.9523809523809524,
Or,3,,NATOPS,0,False,0.0,0.9523809523809524,
Eventually,2,0.6,NATOPS,0,False,0.0,0.9523809523809524,
And,3,,NATOPS,0,False,0.0,0.9523809523809524,
Globally,1,1.0,NATOPS,0,False,0.0,0.9523809523809524,
Globally,2,1.0,NATOPS,0,False,0.0,0.9523809523809524,
Or,2,,NATOPS,0,False,0.0,0.9523809523809524,
Or,2,,NATOPS,0,False,0.0,0.9523809523809524,
Eventually,1,0.08,NATOPS,0,False,0.0,0.9523809523809524,
Eventually,1,0.04,NATOPS,0,False,0.0,0.9523809523809524,
Eventually,1,0.1,NATOPS,0,False,0.0,0.9523809523809524,
Eventually,1,0.24,NATOPS,0,False,0.0,0.9523809523809524,
And,2,,NATOPS,0,False,0.0,0.9523809523809524,
Eventually,1,1.0,NATOPS,0,False,0.0,0.9523809523809524,
And,2,,NATOPS,0,False,0.0,0.9523809523809524,
Or,2,,NATOPS,0,False,0.0,0.9523809523809524,
Globally,1,0.14,NATOPS,0,False,0.0,0.9523809523809524,
Eventually,1,0.34,NATOPS,0,False,0.0,0.9523809523809524,
And,3,,NATOPS,0,False,0.0,0.9523809523809524,
Globally,1,0.04,NATOPS,0,False,0.0,0.9523809523809524,
Eventually,1,0.12,NATOPS,0,False,0.0,0.9523809523809524,
Globally,2,1.0,NATOPS,0,False,0.0,0.9523809523809524,
Globally,1,1.0,NATOPS,0,False,0.0,0.9523809523809524,
Globally,1,0.06,NATOPS,0,False,0.0,0.9523809523809524,
Globally,1,1.0,NATOPS,0,False,0.0,0.9523809523809524,
Eventually,1,1.0,NATOPS,0,False,0.0,0.9523809523809524,
Eventually,2,0.22,NATOPS,0,False,0.0,0.9523809523809524,
Eventually,2,0.14,NATOPS,0,False,0.0,0.9523809523809524,
And,2,,NATOPS,0,False,0.0,0.9523809523809524,
Eventually,1,0.08,NATOPS,0,False,0.0,0.9523809523809524,
Globally,1,0.9,NATOPS,0,False,0.0,0.9523809523809524,
Globally,2,0.66,NATOPS,0,False,0.0,0.9523809523809524,
Eventually,1,0.08,NATOPS,0,False,0.0,0.9523809523809524,
Or,2,,NATOPS,0,False,0.0,0.9523809523809524,
Eventually,1,0.04,NATOPS,0,False,0.0,0.9523809523809524,
Eventually,1,0.76,NATOPS,0,False,0.0,0.9523809523809524,
Globally,1,1.0,NATOPS,0,False,0.0,0.9523809523809524,
Eventually,1,0.04,NATOPS,0,False,0.0,0.9523809523809524,
And,3,,NATOPS,0,False,0.0,0.9523809523809524,
Eventually,1,0.64,NATOPS,0,False,0.0,0.9523809523809524,
Globally,1,0.08,NATOPS,0,False,0.0,0.9523809523809524,
Eventually,1,0.34,NATOPS,0,False,0.0,0.9523809523809524,
Eventually,1,0.16,NATOPS,0,False,0.0,0.9523809523809524,
And,2,,NATOPS,0,False,0.0,0.9523809523809524,
Globally,2,0.5,NATOPS,0,False,0.0,0.9523809523809524,
Globally,2,0.04,NATOPS,0,False,0.0,0.9523809523809524,
Eventually,1,1.0,NATOPS,0,False,0.0,0.9523809523809524,
Globally,2,0.3,NATOPS,0,False,0.0,0.9523809523809524,
Globally,1,0.14,NATOPS,0,False,0.0,0.9523809523809524,
Eventually,1,1.0,NATOPS,0,False,0.0,0.9523809523809524,
Globally,2,0.08,NATOPS,0,False,0.0,0.9523809523809524,
Globally,1,0.3,NATOPS,0,False,0.0,0.9523809523809524,
Or,3,,NATOPS,0,False,0.0,0.9523809523809524,
And,3,,NATOPS,0,False,0.0,0.9523809523809524,
And,4,,NATOPS,0,False,0.0,0.9523809523809524,
Globally,1,1.0,NATOPS,0,False,0.0,0.9523809523809524,
Or,2,,NATOPS,0,False,0.0,0.9523809523809524,
Globally,1,0.24,NATOPS,0,False,0.0,0.9523809523809524,
And,2,,NATOPS,0,False,0.0,0.9523809523809524,
Globally,2,1.0,NATOPS,0,False,0.0,0.9523809523809524,
Eventually,1,0.22,NATOPS,0,False,0.0,0.9523809523809524,
Or,2,,NATOPS,0,False,0.0,0.9523809523809524,
Eventually,1,0.68,NATOPS,0,False,0.0,0.9523809523809524,
And,3,,NATOPS,0,False,0.0,0.9523809523809524,
Globally,2,0.48,NATOPS,0,False,0.0,0.9523809523809524,
Globally,1,0.28,NATOPS,0,False,0.0,0.9523809523809524,
Globally,1,0.68,NATOPS,0,False,0.0,0.9523809523809524,
Globally,1,0.22,NATOPS,0,False,0.0,0.9523809523809524,
Eventually,2,0.18,NATOPS,0,False,0.0,0.9523809523809524,
Globally,2,1.0,NATOPS,0,False,0.0,0.9523809523809524,
Eventually,1,0.16,NATOPS,0,False,0.0,0.9523809523809524,
Eventually,2,0.8,NATOPS,0,False,0.0,0.9523809523809524,
Eventually,2,0.16,NATOPS,0,False,0.0,0.9523809523809524,
And,2,,NATOPS,0,False,0.0,0.9523809523809524,
Globally,1,0.04,NATOPS,0,False,0.0,0.9523809523809524,
Eventually,2,1.0,NATOPS,0,False,0.0,0.9523809523809524,
And,2,,NATOPS,0,False,0.0,0.9523809523809524,
Globally,3,1.0,NATOPS,0,False,0.0,0.9523809523809524,
And,2,,NATOPS,0,False,0.0,0.9523809523809524,
Eventually,1,0.72,NATOPS,0,False,0.0,0.9523809523809524,
Eventually,1,0.04,NATOPS,0,False,0.0,0.9523809523809524,
Globally,1,0.48,NATOPS,0,False,0.0,0.9523809523809524,
And,2,,NATOPS,0,False,0.0,0.9523809523809524,
Or,4,,NATOPS,0,False,0.0,0.9523809523809524,
Eventually,1,0.68,NATOPS,0,False,0.0,0.9523809523809524,
Eventually,1,0.2,NATOPS,0,False,0.0,0.9523809523809524,
Or,3,,NATOPS,0,False,0.0,0.9523809523809524,
Globally,1,0.08,NATOPS,0,False,0.0,0.9523809523809524,
Eventually,1,0.56,NATOPS,0,False,0.0,0.9523809523809524,
Globally,1,1.0,NATOPS,0,False,0.0,0.9523809523809524,
Or,2,,NATOPS,0,False,0.0,0.9523809523809524,
Eventually,1,0.12,NATOPS,0,False,0.0,0.9523809523809524,
Or,4,,NATOPS,0,False,0.0,0.9523809523809524,
Globally,2,0.02,NATOPS,0,False,0.0,0.9523809523809524,
And,2,,NATOPS,0,False,0.0,0.9523809523809524,
Globally,1,0.54,NATOPS,0,False,0.0,0.9523809523809524,
Or,2,,NATOPS,0,False,0.0,0.9523809523809524,
And,2,,NATOPS,0,False,0.0,0.9523809523809524,
Eventually,1,0.04,NATOPS,0,False,0.0,0.9523809523809524,
And,2,,NATOPS,0,False,0.0,0.9523809523809524,
Eventually,2,0.58,NATOPS,0,False,0.0,0.9523809523809524,
Eventually,1,0.06,NATOPS,0,False,0.0,0.9523809523809524,
Globally,2,0.5,NATOPS,0,False,0.0,0.9523809523809524,
Eventually,1,0.14,NATOPS,0,False,0.0,0.9523809523809524,
And,4,,NATOPS,0,False,0.0,0.9523809523809524,
Or,4,,NATOPS,0,False,0.0,0.9523809523809524,
Eventually,1,1.0,NATOPS,0,False,0.0,0.9523809523809524,
Eventually,1,0.12,NATOPS,0,False,0.0,0.9523809523809524,
Globally,2,1.0,NATOPS,0,False,0.0,0.9523809523809524,
Eventually,1,0.5,NATOPS,0,False,0.0,0.9523809523809524,
Eventually,1,0.06,NATOPS,0,False,0.0,0.9523809523809524,
Or,2,,NATOPS,0,False,0.0,0.9523809523809524,
And,3,,NATOPS,0,False,0.0,0.9523809523809524,
Or,2,,NATOPS,0,False,0.0,0.9523809523809524,
Eventually,2,1.0,NATOPS,0,False,0.0,0.9523809523809524,
Globally,1,0.76,NATOPS,0,False,0.0,0.9523809523809524,
Globally,2,0.2,NATOPS,0,False,0.0,0.9523809523809524,
And,2,,NATOPS,0,False,0.0,0.9523809523809524,
Globally,1,1.0,NATOPS,0,False,0.0,0.9523809523809524,
Globally,1,1.0,NATOPS,0,False,0.0,0.9523809523809524,
Globally,2,0.72,NATOPS,0,False,0.0,0.9523809523809524,
Or,4,,NATOPS,0,False,0.0,0.9523809523809524,
Or,2,,NATOPS,0,False,0.0,0.9523809523809524,
Eventually,2,0.06,NATOPS,0,False,0.0,0.9523809523809524,
And,3,,NATOPS,0,False,0.0,0.9523809523809524,
Eventually,1,0.54,NATOPS,0,False,0.0,0.9523809523809524,
Eventually,1,0.08,NATOPS,0,False,0.0,0.9523809523809524,
Globally,1,0.16,NATOPS,0,False,0.0,0.9523809523809524,
Globally,1,0.94,NATOPS,0,False,0.0,0.9523809523809524,
Eventually,3,0.54,NATOPS,0,False,0.0,0.9523809523809524,
Eventually,1,0.04,NATOPS,0,False,0.0,0.9523809523809524,
Globally,1,0.38,NATOPS,0,False,0.0,0.9523809523809524,
And,2,,NATOPS,0,False,0.0,0.9523809523809524,
Eventually,1,0.0,NATOPS,0,False,0.0,0.9523809523809524,
Eventually,1,0.66,NATOPS,0,False,0.0,0.9523809523809524,
Eventually,1,0.06,NATOPS,0,False,0.0,0.9523809523809524,
And,2,,NATOPS,0,False,0.0,0.9523809523809524,
And,4,,NATOPS,0,False,0.0,0.9523809523809524,
Or,4,,NATOPS,0,False,0.0,0.9523809523809524,
Eventually,1,1.0,NATOPS,0,False,0.0,0.9523809523809524,
Globally,2,0.04,NATOPS,0,False,0.0,0.9523809523809524,
Eventually,1,0.46,NATOPS,0,False,0.0,0.9523809523809524,
Globally,2,0.04,NATOPS,0,False,0.0,0.9523809523809524,
Eventually,3,0.4,NATOPS,0,False,0.0,0.9523809523809524,
And,2,,NATOPS,0,False,0.0,0.9523809523809524,
Eventually,1,1.0,NATOPS,0,False,0.0,0.9523809523809524,
Eventually,1,0.5,NATOPS,0,False,0.0,0.9523809523809524,
Eventually,3,0.7,NATOPS,0,False,0.0,0.9523809523809524,
And,2,,NATOPS,0,False,0.0,0.9523809523809524,
Or,4,,NATOPS,0,False,0.0,0.9523809523809524,
Globally,1,1.0,NATOPS,0,False,0.0,0.9523809523809524,
And,4,,NATOPS,0,False,0.0,0.9523809523809524,
Eventually,1,0.06,NATOPS,0,False,0.0,0.9523809523809524,
Eventually,2,0.36,NATOPS,0,False,0.0,0.9523809523809524,
Globally,1,0.18,NATOPS,0,False,0.0,0.9523809523809524,
Or,2,,NATOPS,0,False,0.0,0.9523809523809524,
And,2,,NATOPS,0,False,0.0,0.9523809523809524,
Or,2,,NATOPS,0,False,0.0,0.9523809523809524,
Eventually,1,1.0,NATOPS,0,False,0.0,0.9523809523809524,
And,2,,NATOPS,0,False,0.0,0.9523809523809524,
Or,2,,NATOPS,0,False,0.0,0.9523809523809524,
And,2,,NATOPS,0,False,0.0,0.9523809523809524,
Or,2,,NATOPS,0,False,0.0,0.9523809523809524,
Globally,1,0.4,NATOPS,0,False,0.0,0.9523809523809524,
Globally,1,0.06,NATOPS,0,False,0.0,0.9523809523809524,
Or,2,,NATOPS,0,False,0.0,0.9523809523809524,
Eventually,1,0.88,NATOPS,0,False,0.0,0.9523809523809524,
Eventually,1,1.0,NATOPS,0,False,0.0,0.9523809523809524,
And,2,,NATOPS,0,False,0.0,0.9523809523809524,
Eventually,3,0.72,NATOPS,0,False,0.0,0.9523809523809524,
Eventually,1,0.3,NATOPS,0,False,0.0,0.9523809523809524,
Or,2,,NATOPS,0,False,0.0,0.9523809523809524,
Globally,1,0.26,NATOPS,0,False,0.0,0.9523809523809524,
Or,2,,NATOPS,0,False,0.0,0.9523809523809524,
Or,2,,NATOPS,0,False,0.0,0.9523809523809524,
Or,2,,NATOPS,0,False,0.0,0.9523809523809524,
And,3,,NATOPS,0,False,0.0,0.9523809523809524,
Globally,1,1.0,NATOPS,0,False,0.0,0.9523809523809524,
Globally,1,0.26,NATOPS,0,False,0.0,0.9523809523809524,
And,3,,NATOPS,0,False,0.0,0.9523809523809524,
Globally,1,0.36,NATOPS,0,False,0.0,0.9523809523809524,
Eventually,4,0.72,NATOPS,0,False,0.0,0.9523809523809524,
Globally,2,0.04,NATOPS,0,False,0.0,0.9523809523809524,
Globally,1,0.14,NATOPS,0,False,0.0,0.9523809523809524,
Or,4,,NATOPS,0,False,0.0,0.9523809523809524,
Eventually,1,0.6,NATOPS,0,False,0.0,0.9523809523809524,
Globally,1,0.94,NATOPS,0,False,0.0,0.9523809523809524,
And,2,,NATOPS,0,False,0.0,0.9523809523809524,
And,2,,NATOPS,0,False,0.0,0.9523809523809524,
Or,3,,NATOPS,0,False,0.0,0.9523809523809524,
Globally,1,0.4,NATOPS,0,False,0.0,0.9523809523809524,
And,3,,NATOPS,0,False,0.0,0.9523809523809524,
Eventually,1,0.4,NATOPS,0,False,0.0,0.9523809523809524,
Globally,1,0.3,NATOPS,0,False,0.0,0.9523809523809524,
Or,3,,NATOPS,0,False,0.0,0.9523809523809524,
Eventually,1,0.14,NATOPS,0,False,0.0,0.9523809523809524,
Globally,1,0.3,NATOPS,0,False,0.0,0.9523809523809524,
Eventually,1,0.98,NATOPS,0,False,0.0,0.9523809523809524,
Or,2,,NATOPS,0,False,0.0,0.9523809523809524,
Eventually,1,0.12,NATOPS,0,False,0.0,0.9523809523809524,
Globally,2,0.2,NATOPS,0,False,0.0,0.9523809523809524,
Or,2,,NATOPS,0,False,0.0,0.9523809523809524,
Eventually,1,0.16,NATOPS,0,False,0.0,0.9523809523809524,
Eventually,1,0.22,NATOPS,0,False,0.0,0.9523809523809524,
And,2,,NATOPS,0,False,0.0,0.9523809523809524,
And,2,,NATOPS,0,False,0.0,0.9523809523809524,
Globally,1,0.06,NATOPS,0,False,0.0,0.9523809523809524,
Globally,2,1.0,NATOPS,0,False,0.0,0.9523809523809524,
Eventually,2,0.16,NATOPS,0,False,0.0,0.9523809523809524,
Eventually,1,0.44,NATOPS,0,False,0.0,0.9523809523809524,
Globally,1,0.04,NATOPS,0,False,0.0,0.9523809523809524,
Globally,2,0.1,NATOPS,0,False,0.0,0.9523809523809524,
And,2,,NATOPS,0,False,0.0,0.9523809523809524,
And,2,,NATOPS,0,False,0.0,0.9523809523809524,
Eventually,1,0.04,NATOPS,0,False,0.0,0.9523809523809524,
And,2,,NATOPS,0,False,0.0,0.9523809523809524,
Globally,1,0.28,NATOPS,0,False,0.0,0.9523809523809524,
Eventually,3,0.06,NATOPS,0,False,0.0,0.9523809523809524,
And,2,,NATOPS,0,False,0.0,0.9523809523809524,
And,3,,NATOPS,0,False,0.0,0.9523809523809524,
Eventually,1,0.04,NATOPS,0,False,0.0,0.9523809523809524,
Eventually,1,0.08,NATOPS,0,False,0.0,0.9523809523809524,
Eventually,2,1.0,NATOPS,0,False,0.0,0.9523809523809524,
Globally,1,0.04,NATOPS,0,False,0.0,0.9523809523809524,
Or,3,,NATOPS,0,False,0.0,0.9523809523809524,
And,4,,NATOPS,0,False,0.0,0.9523809523809524,
And,3,,NATOPS,0,False,0.0,0.9523809523809524,
Globally,2,1.0,NATOPS,0,False,0.0,0.9523809523809524,
Or,4,,NATOPS,0,False,0.0,0.9523809523809524,
Globally,1,0.6,NATOPS,0,False,0.0,0.9523809523809524,
Globally,1,0.06,NATOPS,0,False,0.0,0.9523809523809524,
Eventually,1,0.06,NATOPS,0,False,0.0,0.9523809523809524,
Eventually,1,0.32,NATOPS,0,False,0.0,0.9523809523809524,
Or,4,,NATOPS,0,False,0.0,0.9523809523809524,
Eventually,1,0.32,NATOPS,0,False,0.0,0.9523809523809524,
Globally,3,0.16,NATOPS,0,False,0.0,0.9523809523809524,
Globally,1,1.0,NATOPS,0,False,0.0,0.9523809523809524,
Eventually,1,1.0,NATOPS,0,False,0.0,0.9523809523809524,
Globally,1,0.04,NATOPS,0,False,0.0,0.9523809523809524,
Globally,2,0.04,NATOPS,0,False,0.0,0.9523809523809524,
Eventually,1,0.26,NATOPS,0,False,0.0,0.9523809523809524,
And,2,,NATOPS,0,False,0.0,0.9523809523809524,
Globally,2,0.06,NATOPS,0,False,0.0,0.9523809523809524,
Globally,2,1.0,NATOPS,0,False,0.0,0.9523809523809524,
Or,3,,NATOPS,0,False,0.0,0.9523809523809524,
Globally,2,0.12,NATOPS,0,False,0.0,0.9523809523809524,
Globally,2,1.0,NATOPS,0,False,0.0,0.9523809523809524,
Globally,3,0.12,NATOPS,0,False,0.0,0.9523809523809524,
Globally,1,0.12,NATOPS,0,False,0.0,0.9523809523809524,
Globally,1,0.32,NATOPS,0,True,1.870487157397831e-05,0.9523809523809524,
Globally,1,0.06,NATOPS,0,False,0.0,0.9523809523809524,
Globally,2,0.8,NATOPS,0,False,0.0,0.9523809523809524,
Eventually,1,0.06,NATOPS,0,False,0.0,0.9523809523809524,
Eventually,1,0.34,NATOPS,0,False,0.0,0.9523809523809524,
Globally,1,0.12,NATOPS,0,False,0.0,0.9523809523809524,
Globally,1,0.4,NATOPS,0,False,0.0,0.9523809523809524,
Eventually,2,0.28,NATOPS,0,False,0.0,0.9523809523809524,
Eventually,1,0.06,NATOPS,0,False,0.0,0.9523809523809524,
Globally,1,1.0,NATOPS,0,False,0.0,0.9523809523809524,
And,4,,NATOPS,0,False,0.0,0.9523809523809524,
And,4,,NATOPS,0,False,0.0,0.9523809523809524,
Eventually,1,0.08,NATOPS,0,False,0.0,0.9523809523809524,
Eventually,2,1.0,NATOPS,0,False,0.0,0.9523809523809524,
Eventually,1,0.54,NATOPS,0,False,0.0,0.9523809523809524,
Globally,1,0.04,NATOPS,0,False,0.0,0.9523809523809524,
Globally,1,1.0,NATOPS,0,False,0.0,0.9523809523809524,
And,3,,NATOPS,0,False,0.0,0.9523809523809524,
Eventually,2,0.82,NATOPS,0,False,0.0,0.9523809523809524,
And,2,,NATOPS,0,False,0.0,0.9523809523809524,
And,2,,NATOPS,0,False,0.0,0.9523809523809524,
Eventually,2,0.12,NATOPS,0,False,0.0,0.9523809523809524,
Eventually,1,0.34,NATOPS,0,False,0.0,0.9523809523809524,
And,2,,NATOPS,0,False,0.0,0.9523809523809524,
Eventually,1,0.04,NATOPS,0,False,0.0,0.9523809523809524,
Globally,1,0.08,NATOPS,0,False,0.0,0.9523809523809524,
Eventually,3,0.92,NATOPS,0,False,0.0,0.9523809523809524,
And,4,,NATOPS,0,False,0.0,0.9523809523809524,
Eventually,2,0.12,NATOPS,0,False,0.0,0.9523809523809524,
Globally,1,0.3,NATOPS,0,False,0.0,0.9523809523809524,
Eventually,2,0.06,NATOPS,0,False,0.0,0.9523809523809524,
And,4,,NATOPS,0,False,0.0,0.9523809523809524,
Globally,2,0.06,NATOPS,0,False,0.0,0.9523809523809524,
Globally,1,0.16,NATOPS,0,False,0.0,0.9523809523809524,
Globally,1,1.0,NATOPS,0,False,0.0,0.9523809523809524,
And,2,,NATOPS,0,False,0.0,0.9523809523809524,
Globally,1,0.04,NATOPS,0,False,0.0,0.9523809523809524,
Globally,1,1.0,NATOPS,0,False,0.0,0.9523809523809524,
Globally,1,0.16,NATOPS,0,False,0.0,0.9523809523809524,
Or,2,,NATOPS,0,False,0.0,0.9523809523809524,
Eventually,1,0.14,NATOPS,0,False,0.0,0.9523809523809524,
And,3,,NATOPS,0,False,0.0,0.9523809523809524,
Eventually,1,1.0,NATOPS,0,False,0.0,0.9523809523809524,
Eventually,1,0.32,NATOPS,0,False,0.0,0.9523809523809524,
Eventually,2,0.22,NATOPS,0,False,0.0,0.9523809523809524,
Eventually,1,0.26,NATOPS,0,False,0.0,0.9523809523809524,
And,4,,NATOPS,0,False,0.0,0.9523809523809524,
Globally,1,1.0,NATOPS,0,False,0.0,0.9523809523809524,
Globally,1,0.48,NATOPS,0,False,0.0,0.9523809523809524,
And,4,,NATOPS,0,False,0.0,0.9523809523809524,
Eventually,2,1.0,NATOPS,0,False,0.0,0.9523809523809524,
Globally,1,1.0,NATOPS,0,False,0.0,0.9523809523809524,
Eventually,1,1.0,NATOPS,0,False,0.0,0.9523809523809524,
Globally,1,1.0,NATOPS,0,False,0.0,0.9523809523809524,
Eventually,1,0.0,NATOPS,0,False,0.0,0.9523809523809524,
Globally,1,0.04,NATOPS,0,False,0.0,0.9523809523809524,
And,2,,NATOPS,0,False,0.0,0.9523809523809524,
Or,2,,NATOPS,0,False,0.0,0.9523809523809524,
And,2,,NATOPS,0,False,0.0,0.9523809523809524,
Eventually,1,0.2,NATOPS,0,False,0.0,0.9523809523809524,
Globally,1,0.24,NATOPS,0,False,0.0,0.9523809523809524,
And,3,,NATOPS,0,False,0.0,0.9523809523809524,
Eventually,1,0.04,NATOPS,0,False,0.0,0.9523809523809524,
Or,2,,NATOPS,0,False,0.0,0.9523809523809524,
Or,2,,NATOPS,0,False,0.0,0.9523809523809524,
And,4,,NATOPS,0,False,0.0,0.9523809523809524,
Globally,2,0.04,NATOPS,0,False,0.0,0.9523809523809524,
And,2,,NATOPS,0,False,0.0,0.9523809523809524,
Eventually,1,0.66,NATOPS,0,False,0.0,0.9523809523809524,
Eventually,1,0.04,NATOPS,0,False,0.0,0.9523809523809524,
Eventually,1,0.14,NATOPS,0,False,0.0,0.9523809523809524,
Globally,1,1.0,NATOPS,0,False,0.0,0.9523809523809524,
Eventually,2,0.18,NATOPS,0,False,0.0,0.9523809523809524,
Or,2,,NATOPS,0,False,0.0,0.9523809523809524,
Globally,1,1.0,NATOPS,0,False,0.0,0.9523809523809524,
Eventually,1,0.56,NATOPS,0,False,0.0,0.9523809523809524,
Globally,1,0.66,NATOPS,0,False,0.0,0.9523809523809524,
Globally,1,1.0,NATOPS,0,False,0.0,0.9523809523809524,
Globally,1,0.08,NATOPS,0,False,0.0,0.9523809523809524,
Or,2,,NATOPS,0,False,0.0,0.9523809523809524,
Or,2,,NATOPS,0,False,0.0,0.9523809523809524,
Eventually,1,1.0,NATOPS,0,False,0.0,0.9523809523809524,
Eventually,2,0.78,NATOPS,0,False,0.0,0.9523809523809524,
Globally,1,0.22,NATOPS,0,False,0.0,0.9523809523809524,
Eventually,3,0.3,NATOPS,0,False,0.0,0.9523809523809524,
Globally,2,1.0,NATOPS,0,False,0.0,0.9523809523809524,
Globally,2,0.54,NATOPS,0,False,0.0,0.9523809523809524,
Eventually,1,0.08,NATOPS,0,False,0.0,0.9523809523809524,
Eventually,2,1.0,NATOPS,0,False,0.0,0.9523809523809524,
Eventually,1,0.04,NATOPS,0,False,0.0,0.9523809523809524,
Globally,1,0.06,NATOPS,0,False,0.0,0.9523809523809524,
And,2,,NATOPS,0,False,0.0,0.9523809523809524,
Eventually,1,1.0,NATOPS,0,False,0.0,0.9523809523809524,
Globally,3,0.1,NATOPS,0,False,0.0,0.9523809523809524,
Or,3,,NATOPS,0,False,0.0,0.9523809523809524,
And,3,,NATOPS,0,False,0.0,0.9523809523809524,
Globally,2,0.14,NATOPS,0,False,0.0,0.9523809523809524,
Globally,1,1.0,NATOPS,0,False,0.0,0.9523809523809524,
Globally,1,1.0,NATOPS,0,False,0.0,0.9523809523809524,
Globally,1,0.72,NATOPS,0,False,0.0,0.9523809523809524,
Globally,1,1.0,NATOPS,0,False,0.0,0.9523809523809524,
Or,3,,NATOPS,0,False,0.0,0.9523809523809524,
Globally,1,1.0,NATOPS,0,False,0.0,0.9523809523809524,
Globally,1,0.28,NATOPS,0,False,0.0,0.9523809523809524,
Globally,1,0.54,NATOPS,0,False,0.0,0.9523809523809524,
Or,2,,NATOPS,0,False,0.0,0.9523809523809524,
Eventually,1,0.08,NATOPS,0,False,0.0,0.9523809523809524,
And,3,,NATOPS,0,False,0.0,0.9523809523809524,
Globally,2,0.62,NATOPS,0,False,0.0,0.9523809523809524,
Or,3,,NATOPS,0,False,0.0,0.9523809523809524,
And,4,,NATOPS,0,False,0.0,0.9523809523809524,
Or,4,,NATOPS,0,False,0.0,0.9523809523809524,
Globally,3,0.18,NATOPS,0,False,0.0,0.9523809523809524,
Globally,1,0.36,NATOPS,0,False,0.0,0.9523809523809524,
Or,2,,NATOPS,0,False,0.0,0.9523809523809524,
Eventually,2,0.12,NATOPS,0,False,0.0,0.9523809523809524,
And,3,,NATOPS,0,False,0.0,0.9523809523809524,
Globally,1,0.12,NATOPS,0,False,0.0,0.9523809523809524,
Or,3,,NATOPS,0,False,0.0,0.9523809523809524,
Eventually,1,0.18,NATOPS,0,False,0.0,0.9523809523809524,
Or,2,,NATOPS,0,False,0.0,0.9523809523809524,
Or,4,,NATOPS,0,False,0.0,0.9523809523809524,
Globally,1,0.04,NATOPS,0,False,0.0,0.9523809523809524,
Eventually,1,0.62,NATOPS,0,False,0.0,0.9523809523809524,
Eventually,1,0.12,NATOPS,0,False,0.0,0.9523809523809524,
And,3,,NATOPS,0,False,0.0,0.9523809523809524,
And,3,,NATOPS,0,False,0.0,0.9523809523809524,
Globally,1,1.0,NATOPS,0,False,0.0,0.9523809523809524,
Or,4,,NATOPS,0,False,0.0,0.9523809523809524,
Or,4,,NATOPS,0,False,0.0,0.9523809523809524,
Eventually,1,0.14,NATOPS,0,False,0.0,0.9523809523809524,
Or,2,,NATOPS,0,False,0.0,0.9523809523809524,
Eventually,1,0.12,NATOPS,0,False,0.0,0.9523809523809524,
Eventually,1,0.04,NATOPS,0,False,0.0,0.9523809523809524,
Eventually,1,0.76,NATOPS,0,False,0.0,0.9523809523809524,
Or,2,,NATOPS,0,False,0.0,0.9523809523809524,
Globally,2,0.94,NATOPS,0,False,0.0,0.9523809523809524,
Eventually,2,0.5,NATOPS,0,False,0.0,0.9523809523809524,
And,4,,NATOPS,0,False,0.0,0.9523809523809524,
Eventually,2,0.04,NATOPS,0,False,0.0,0.9523809523809524,
And,3,,NATOPS,0,False,0.0,0.9523809523809524,
Eventually,1,0.28,NATOPS,0,False,0.0,0.9523809523809524,
Eventually,2,0.16,NATOPS,0,False,0.0,0.9523809523809524,
Or,2,,NATOPS,0,False,0.0,0.9523809523809524,
Or,2,,NATOPS,0,False,0.0,0.9523809523809524,
And,3,,NATOPS,0,False,0.0,0.9523809523809524,
Globally,3,0.06,NATOPS,0,False,0.0,0.9523809523809524,
Globally,1,0.24,NATOPS,0,False,0.0,0.9523809523809524,
Eventually,1,0.16,NATOPS,0,False,0.0,0.9523809523809524,
Globally,1,0.06,NATOPS,0,False,0.0,0.9523809523809524,
Or,3,,NATOPS,0,False,0.0,0.9523809523809524,
Eventually,1,0.38,NATOPS,0,False,0.0,0.9523809523809524,
Or,3,,NATOPS,0,False,0.0,0.9523809523809524,
Or,4,,NATOPS,0,False,0.0,0.9523809523809524,
Eventually,1,0.12,NATOPS,0,False,0.0,0.9523809523809524,
And,2,,NATOPS,0,False,0.0,0.9523809523809524,
Or,2,,NATOPS,0,False,0.0,0.9523809523809524,
Globally,1,1.0,NATOPS,0,False,0.0,0.9523809523809524,
Globally,2,0.26,NATOPS,0,False,0.0,0.9523809523809524,
Globally,1,0.08,NATOPS,0,False,0.0,0.9523809523809524,
Or,2,,NATOPS,0,False,0.0,0.9523809523809524,
Eventually,1,0.04,NATOPS,0,False,0.0,0.9523809523809524,
And,4,,NATOPS,0,False,0.0,0.9523809523809524,
Or,2,,NATOPS,0,False,0.0,0.9523809523809524,
Globally,3,0.5,NATOPS,0,False,0.0,0.9523809523809524,
Eventually,1,0.06,NATOPS,0,False,0.0,0.9523809523809524,
Eventually,1,0.04,NATOPS,0,False,0.0,0.9523809523809524,
And,2,,NATOPS,0,False,0.0,0.9523809523809524,
Globally,1,0.04,NATOPS,0,False,0.0,0.9523809523809524,
Globally,1,0.78,NATOPS,0,False,0.0,0.9523809523809524,
Globally,1,0.32,NATOPS,0,False,0.0,0.9523809523809524,
And,3,,NATOPS,0,False,0.0,0.9523809523809524,
Or,3,,NATOPS,0,False,0.0,0.9523809523809524,
Eventually,3,0.06,NATOPS,0,False,0.0,0.9523809523809524,
Globally,1,0.24,NATOPS,0,False,0.0,0.9523809523809524,
And,4,,NATOPS,0,False,0.0,0.9523809523809524,
Globally,1,0.26,NATOPS,0,False,0.0,0.9523809523809524,
Eventually,2,0.08,NATOPS,0,False,0.0,0.9523809523809524,
Globally,1,0.1,NATOPS,0,False,0.0,0.9523809523809524,
Or,2,,NATOPS,0,False,0.0,0.9523809523809524,
Eventually,2,0.04,NATOPS,0,False,0.0,0.9523809523809524,
Eventually,1,0.04,NATOPS,0,False,0.0,0.9523809523809524,
Globally,1,0.16,NATOPS,0,False,0.0,0.9523809523809524,
Eventually,1,0.08,NATOPS,0,False,0.0,0.9523809523809524,
Globally,1,0.18,NATOPS,0,False,0.0,0.9523809523809524,
Eventually,2,0.74,NATOPS,0,False,0.0,0.9523809523809524,
Or,2,,NATOPS,0,False,0.0,0.9523809523809524,
Globally,1,1.0,NATOPS,0,False,0.0,0.9523809523809524,
Eventually,1,0.12,NATOPS,0,False,0.0,0.9523809523809524,
Globally,1,1.0,NATOPS,0,False,0.0,0.9523809523809524,
Eventually,1,1.0,NATOPS,0,False,0.0,0.9523809523809524,
Globally,2,0.04,NATOPS,0,False,0.0,0.9523809523809524,
Eventually,2,0.08,NATOPS,0,False,0.0,0.9523809523809524,
Eventually,1,1.0,NATOPS,0,False,0.0,0.9523809523809524,
Or,2,,NATOPS,0,False,0.0,0.9523809523809524,
Or,3,,NATOPS,0,False,0.0,0.9523809523809524,
Eventually,3,1.0,NATOPS,0,False,0.0,0.9523809523809524,
And,2,,NATOPS,0,False,0.0,0.9523809523809524,
Globally,2,0.24,NATOPS,0,False,0.0,0.9523809523809524,
Globally,2,1.0,NATOPS,0,False,0.0,0.9523809523809524,
Or,3,,NATOPS,0,False,0.0,0.9523809523809524,
Or,2,,NATOPS,0,False,0.0,0.9523809523809524,
Or,2,,NATOPS,0,False,0.0,0.9523809523809524,
Or,3,,NATOPS,0,False,0.0,0.9523809523809524,
Globally,1,1.0,NATOPS,0,False,0.0,0.9523809523809524,
Eventually,1,0.1,NATOPS,0,False,0.0,0.9523809523809524,
Globally,1,1.0,NATOPS,0,False,0.0,0.9523809523809524,
Globally,2,1.0,NATOPS,0,False,0.0,0.9523809523809524,
Globally,1,0.62,NATOPS,0,False,0.0,0.9523809523809524,
Globally,1,1.0,NATOPS,0,False,0.0,0.9523809523809524,
And,2,,NATOPS,0,False,0.0,0.9523809523809524,
Or,2,,NATOPS,0,False,0.0,0.9523809523809524,
Or,4,,NATOPS,0,False,0.0,0.9523809523809524,
Eventually,1,0.04,NATOPS,0,False,0.0,0.9523809523809524,
And,3,,NATOPS,0,False,0.0,0.9523809523809524,
Eventually,1,1.0,NATOPS,0,False,0.0,0.9523809523809524,
Or,2,,NATOPS,0,False,0.0,0.9523809523809524,
Eventually,1,0.4,NATOPS,0,False,0.0,0.9523809523809524,
Eventually,3,0.46,NATOPS,0,False,0.0,0.9523809523809524,
Eventually,1,0.86,NATOPS,0,False,0.0,0.9523809523809524,
Or,4,,NATOPS,0,False,0.0,0.9523809523809524,
Or,3,,NATOPS,0,False,0.0,0.9523809523809524,
Or,4,,NATOPS,0,False,0.0,0.9523809523809524,
And,3,,NATOPS,0,False,0.0,0.9523809523809524,
And,4,,NATOPS,0,False,0.0,0.9523809523809524,
Eventually,1,0.04,NATOPS,0,False,0.0,0.9523809523809524,
Globally,1,0.98,NATOPS,0,False,0.0,0.9523809523809524,
And,2,,NATOPS,0,False,0.0,0.9523809523809524,
Globally,1,1.0,NATOPS,0,False,0.0,0.9523809523809524,
Or,4,,NATOPS,0,False,0.0,0.9523809523809524,
Eventually,2,1.0,NATOPS,0,False,0.0,0.9523809523809524,
Eventually,1,0.12,NATOPS,0,False,0.0,0.9523809523809524,
And,3,,NATOPS,0,False,0.0,0.9523809523809524,
And,2,,NATOPS,0,False,0.0,0.9523809523809524,
Globally,1,0.48,NATOPS,0,False,0.0,0.9523809523809524,
Globally,4,0.56,NATOPS,0,False,0.0,0.9523809523809524,
Or,2,,NATOPS,0,False,0.0,0.9523809523809524,
Globally,2,0.28,NATOPS,0,False,0.0,0.9523809523809524,
Or,2,,NATOPS,0,False,0.0,0.9523809523809524,
Or,4,,NATOPS,0,False,0.0,0.9523809523809524,
Eventually,1,1.0,NATOPS,0,False,0.0,0.9523809523809524,
Globally,1,0.06,NATOPS,0,False,0.0,0.9523809523809524,
Globally,1,0.2,NATOPS,0,False,0.0,0.9523809523809524,
Or,2,,NATOPS,0,False,0.0,0.9523809523809524,
And,2,,NATOPS,0,False,0.0,0.9523809523809524,
Globally,3,0.24,NATOPS,0,False,0.0,0.9523809523809524,
Eventually,1,0.12,NATOPS,0,False,0.0,0.9523809523809524,
Or,3,,NATOPS,0,False,0.0,0.9523809523809524,
Globally,2,0.96,NATOPS,0,False,0.0,0.9523809523809524,
Or,2,,NATOPS,0,False,0.0,0.9523809523809524,
And,2,,NATOPS,0,False,0.0,0.9523809523809524,
Eventually,2,0.08,NATOPS,0,False,0.0,0.9523809523809524,
Eventually,3,0.06,NATOPS,0,False,0.0,0.9523809523809524,
Eventually,1,0.82,NATOPS,0,False,0.0,0.9523809523809524,
And,2,,NATOPS,0,False,0.0,0.9523809523809524,
Globally,2,0.22,NATOPS,0,False,0.0,0.9523809523809524,
Globally,1,0.34,NATOPS,0,False,0.0,0.9523809523809524,
And,2,,NATOPS,0,False,0.0,0.9523809523809524,
Eventually,1,0.1,NATOPS,0,False,0.0,0.9523809523809524,
Eventually,1,0.08,NATOPS,0,False,0.0,0.9523809523809524,
And,3,,NATOPS,0,False,0.0,0.9523809523809524,
Globally,1,0.2,NATOPS,0,False,0.0,0.9523809523809524,
Globally,1,0.04,NATOPS,0,False,0.0,0.9523809523809524,
Eventually,1,0.38,NATOPS,0,False,0.0,0.9523809523809524,
Globally,2,0.06,NATOPS,0,False,0.0,0.9523809523809524,
Globally,1,0.76,NATOPS,0,False,0.0,0.9523809523809524,
Globally,2,0.16,NATOPS,0,False,0.0,0.9523809523809524,
Or,4,,NATOPS,0,False,0.0,0.9523809523809524,
Globally,1,0.0,NATOPS,0,False,0.0,0.9523809523809524,
Eventually,1,0.04,NATOPS,0,False,0.0,0.9523809523809524,
Or,4,,NATOPS,0,False,0.0,0.9523809523809524,
Eventually,2,0.56,NATOPS,0,False,0.0,0.9523809523809524,
Globally,1,1.0,NATOPS,0,False,0.0,0.9523809523809524,
And,2,,NATOPS,0,False,0.0,0.9523809523809524,
Globally,2,0.08,NATOPS,0,False,0.0,0.9523809523809524,
Or,2,,NATOPS,0,False,0.0,0.9523809523809524,
Globally,2,0.58,NATOPS,0,False,0.0,0.9523809523809524,
Eventually,2,0.22,NATOPS,0,False,0.0,0.9523809523809524,
Globally,1,0.14,NATOPS,0,False,0.0,0.9523809523809524,
Eventually,2,0.08,NATOPS,0,False,0.0,0.9523809523809524,
Eventually,2,0.18,NATOPS,0,False,0.0,0.9523809523809524,
And,3,,NATOPS,0,False,0.0,0.9523809523809524,
Eventually,1,0.06,NATOPS,0,False,0.0,0.9523809523809524,
Globally,1,1.0,NATOPS,0,False,0.0,0.9523809523809524,
Eventually,1,0.16,NATOPS,0,False,0.0,0.9523809523809524,
Eventually,2,1.0,NATOPS,0,False,0.0,0.9523809523809524,
Eventually,1,0.36,NATOPS,0,False,0.0,0.9523809523809524,
Eventually,1,0.42,NATOPS,0,False,0.0,0.9523809523809524,
And,2,,NATOPS,0,False,0.0,0.9523809523809524,
Eventually,1,1.0,NATOPS,0,False,0.0,0.9523809523809524,
Globally,2,0.22,NATOPS,0,False,0.0,0.9523809523809524,
And,4,,NATOPS,0,False,0.0,0.9523809523809524,
Globally,1,0.84,NATOPS,0,False,0.0,0.9523809523809524,
Eventually,1,0.7,NATOPS,0,False,0.0,0.9523809523809524,
Or,2,,NATOPS,0,False,0.0,0.9523809523809524,
Eventually,1,0.5,NATOPS,0,False,0.0,0.9523809523809524,
Eventually,2,1.0,NATOPS,0,False,0.0,0.9523809523809524,
Globally,2,0.92,NATOPS,0,False,0.0,0.9523809523809524,
Or,2,,NATOPS,0,False,0.0,0.9523809523809524,
Or,2,,NATOPS,0,False,0.0,0.9523809523809524,
Globally,1,0.18,NATOPS,0,False,0.0,0.9523809523809524,
Globally,2,0.12,NATOPS,0,False,0.0,0.9523809523809524,
Or,2,,NATOPS,0,False,0.0,0.9523809523809524,
Eventually,3,0.04,NATOPS,0,False,0.0,0.9523809523809524,
Or,4,,NATOPS,0,False,0.0,0.9523809523809524,
Globally,1,0.78,NATOPS,0,False,0.0,0.9523809523809524,
Eventually,1,0.24,NATOPS,0,False,0.0,0.9523809523809524,
Eventually,1,0.3,NATOPS,0,False,0.0,0.9523809523809524,
Globally,1,0.06,NATOPS,0,False,0.0,0.9523809523809524,
Eventually,1,0.14,NATOPS,0,False,0.0,0.9523809523809524,
Eventually,1,0.04,NATOPS,0,False,0.0,0.9523809523809524,
Or,2,,NATOPS,0,False,0.0,0.9523809523809524,
Eventually,1,0.24,NATOPS,0,False,0.0,0.9523809523809524,
Or,2,,NATOPS,0,False,0.0,0.9523809523809524,
Or,2,,NATOPS,0,False,0.0,0.9523809523809524,
Eventually,1,0.46,NATOPS,0,False,0.0,0.9523809523809524,
Or,2,,NATOPS,0,False,0.0,0.9523809523809524,
Globally,1,0.06,NATOPS,0,False,0.0,0.9523809523809524,
Eventually,1,0.42,NATOPS,0,False,0.0,0.9523809523809524,
Globally,1,0.4,NATOPS,0,False,0.0,0.9523809523809524,
And,2,,NATOPS,0,False,0.0,0.9523809523809524,
Globally,3,0.2,NATOPS,0,False,0.0,0.9523809523809524,
And,2,,NATOPS,0,False,0.0,0.9523809523809524,
And,2,,NATOPS,0,False,0.0,0.9523809523809524,
Eventually,1,0.06,NATOPS,0,False,0.0,0.9523809523809524,
And,3,,NATOPS,0,False,0.0,0.9523809523809524,
Globally,1,1.0,NATOPS,0,False,0.0,0.9523809523809524,
And,4,,NATOPS,0,False,0.0,0.9523809523809524,
And,3,,NATOPS,0,False,0.0,0.9523809523809524,
Or,3,,NATOPS,0,False,0.0,0.9523809523809524,
And,2,,NATOPS,0,False,0.0,0.9523809523809524,
Globally,1,1.0,NATOPS,0,False,0.0,0.9523809523809524,
Globally,1,0.82,NATOPS,0,False,0.0,0.9523809523809524,
Eventually,1,0.88,NATOPS,0,False,0.0,0.9523809523809524,
Eventually,1,0.82,NATOPS,0,False,0.0,0.9523809523809524,
Eventually,2,0.58,NATOPS,0,False,0.0,0.9523809523809524,
Or,4,,NATOPS,0,False,0.0,0.9523809523809524,
Globally,1,0.06,NATOPS,0,False,0.0,0.9523809523809524,
Eventually,1,0.32,NATOPS,0,False,0.0,0.9523809523809524,
Eventually,2,0.04,NATOPS,0,False,0.0,0.9523809523809524,
And,2,,NATOPS,0,False,0.0,0.9523809523809524,
Globally,2,0.04,NATOPS,0,False,0.0,0.9523809523809524,
Or,3,,NATOPS,0,False,0.0,0.9523809523809524,
Eventually,2,0.16,NATOPS,0,False,0.0,0.9523809523809524,
And,2,,NATOPS,0,False,0.0,0.9523809523809524,
Eventually,1,0.5,NATOPS,0,True,0.013814910289636866,0.9523809523809524,
Or,4,,NATOPS,0,False,0.0,0.9523809523809524,
Eventually,1,0.22,NATOPS,0,False,0.0,0.9523809523809524,
Eventually,1,0.34,NATOPS,0,False,0.0,0.9523809523809524,
Globally,1,0.04,NATOPS,0,False,0.0,0.9523809523809524,
And,2,,NATOPS,0,False,0.0,0.9523809523809524,
Globally,1,0.48,NATOPS,0,False,0.0,0.9523809523809524,
And,2,,NATOPS,0,False,0.0,0.9523809523809524,
Eventually,1,0.16,NATOPS,0,False,0.0,0.9523809523809524,
Eventually,2,0.04,NATOPS,0,False,0.0,0.9523809523809524,
Or,2,,NATOPS,0,False,0.0,0.9523809523809524,
And,2,,NATOPS,0,False,0.0,0.9523809523809524,
Globally,3,0.04,NATOPS,0,False,0.0,0.9523809523809524,
And,4,,NATOPS,0,False,0.0,0.9523809523809524,
Or,2,,NATOPS,0,False,0.0,0.9523809523809524,
Globally,1,0.06,NATOPS,0,False,0.0,0.9523809523809524,
Eventually,2,0.68,NATOPS,0,False,0.0,0.9523809523809524,
Eventually,1,0.04,NATOPS,0,False,0.0,0.9523809523809524,
Globally,1,0.58,NATOPS,0,False,0.0,0.9523809523809524,
And,2,,NATOPS,0,False,0.0,0.9523809523809524,
Eventually,1,0.06,NATOPS,0,False,0.0,0.9523809523809524,
Globally,1,0.96,NATOPS,0,False,0.0,0.9523809523809524,
Globally,1,1.0,NATOPS,0,False,0.0,0.9523809523809524,
Eventually,1,1.0,NATOPS,0,False,0.0,0.9523809523809524,
Eventually,1,0.36,NATOPS,0,False,0.0,0.9523809523809524,
And,3,,NATOPS,0,False,0.0,0.9523809523809524,
Globally,1,0.26,NATOPS,0,False,0.0,0.9523809523809524,
Eventually,1,0.44,NATOPS,0,False,0.0,0.9523809523809524,
Eventually,1,0.26,NATOPS,0,False,0.0,0.9523809523809524,
Or,2,,NATOPS,0,False,0.0,0.9523809523809524,
Or,4,,NATOPS,0,False,0.0,0.9523809523809524,
Globally,1,0.16,NATOPS,0,False,0.0,0.9523809523809524,
Globally,1,0.04,NATOPS,0,False,0.0,0.9523809523809524,
Eventually,1,0.92,NATOPS,0,False,0.0,0.9523809523809524,
Eventually,2,1.0,NATOPS,0,False,0.0,0.9523809523809524,
Globally,1,0.08,NATOPS,0,False,0.0,0.9523809523809524,
Globally,1,0.04,NATOPS,0,False,0.0,0.9523809523809524,
Globally,1,0.16,NATOPS,0,False,0.0,0.9523809523809524,
Eventually,2,0.04,NATOPS,0,False,0.0,0.9523809523809524,
And,4,,NATOPS,0,False,0.0,0.9523809523809524,
Globally,1,0.26,NATOPS,0,False,0.0,0.9523809523809524,
Or,2,,NATOPS,0,False,0.0,0.9523809523809524,
Or,2,,NATOPS,0,False,0.0,0.9523809523809524,
Or,4,,NATOPS,0,False,0.0,0.9523809523809524,
Eventually,2,0.06,NATOPS,0,False,0.0,0.9523809523809524,
Globally,2,0.38,NATOPS,0,False,0.0,0.9523809523809524,
Eventually,3,0.34,NATOPS,0,False,0.0,0.9523809523809524,
Eventually,1,0.04,NATOPS,0,False,0.0,0.9523809523809524,
Eventually,1,0.08,NATOPS,0,False,0.0,0.9523809523809524,
Globally,1,0.72,NATOPS,0,False,0.0,0.9523809523809524,
Or,2,,NATOPS,0,False,0.0,0.9523809523809524,
Eventually,2,0.14,NATOPS,0,False,0.0,0.9523809523809524,
Eventually,2,0.12,NATOPS,0,False,0.0,0.9523809523809524,
Eventually,3,1.0,NATOPS,0,False,0.0,0.9523809523809524,
Globally,1,1.0,NATOPS,0,False,0.0,0.9523809523809524,
Globally,2,0.66,NATOPS,0,False,0.0,0.9523809523809524,
Or,2,,NATOPS,0,False,0.0,0.9523809523809524,
Eventually,1,0.36,NATOPS,0,False,0.0,0.9523809523809524,
And,2,,NATOPS,0,False,0.0,0.9523809523809524,
Eventually,1,0.7,NATOPS,0,False,0.0,0.9523809523809524,
Eventually,1,0.12,NATOPS,0,False,0.0,0.9523809523809524,
Eventually,1,0.06,NATOPS,0,False,0.0,0.9523809523809524,
Globally,2,0.08,NATOPS,0,False,0.0,0.9523809523809524,
And,3,,NATOPS,0,False,0.0,0.9523809523809524,
Globally,2,1.0,NATOPS,0,False,0.0,0.9523809523809524,
Eventually,2,0.7,NATOPS,0,False,0.0,0.9523809523809524,
Eventually,2,0.06,NATOPS,0,False,0.0,0.9523809523809524,
Or,2,,NATOPS,0,False,0.0,0.9523809523809524,
Eventually,1,1.0,NATOPS,0,False,0.0,0.9523809523809524,
Globally,1,0.22,NATOPS,0,False,0.0,0.9523809523809524,
And,2,,NATOPS,0,False,0.0,0.9523809523809524,
Eventually,1,0.54,NATOPS,0,False,0.0,0.9523809523809524,
Or,2,,NATOPS,0,False,0.0,0.9523809523809524,
And,3,,NATOPS,0,False,0.0,0.9523809523809524,
Or,4,,NATOPS,0,False,0.0,0.9523809523809524,
Or,2,,NATOPS,0,False,0.0,0.9523809523809524,
Globally,1,0.64,NATOPS,0,False,0.0,0.9523809523809524,
Globally,1,0.14,NATOPS,0,False,0.0,0.9523809523809524,
Or,3,,NATOPS,0,False,0.0,0.9523809523809524,
Or,4,,NATOPS,0,False,0.0,0.9523809523809524,
Globally,1,0.78,NATOPS,0,False,0.0,0.9523809523809524,
Eventually,2,0.06,NATOPS,0,False,0.0,0.9523809523809524,
And,2,,NATOPS,0,False,0.0,0.9523809523809524,
Eventually,1,0.04,NATOPS,0,False,0.0,0.9523809523809524,
And,2,,NATOPS,0,False,0.0,0.9523809523809524,
Eventually,2,0.12,NATOPS,0,False,0.0,0.9523809523809524,
Or,2,,NATOPS,0,False,0.0,0.9523809523809524,
Eventually,1,0.08,NATOPS,0,False,0.0,0.9523809523809524,
And,2,,NATOPS,0,False,0.0,0.9523809523809524,
And,2,,NATOPS,0,False,0.0,0.9523809523809524,
And,2,,NATOPS,0,False,0.0,0.9523809523809524,
Globally,2,1.0,NATOPS,0,False,0.0,0.9523809523809524,
Globally,1,0.04,NATOPS,0,False,0.0,0.9523809523809524,
Globally,1,0.92,NATOPS,0,False,0.0,0.9523809523809524,
Globally,1,0.04,NATOPS,0,False,0.0,0.9523809523809524,
Eventually,1,0.42,NATOPS,0,False,0.0,0.9523809523809524,
Eventually,1,0.04,NATOPS,0,False,0.0,0.9523809523809524,
Eventually,2,1.0,NATOPS,0,False,0.0,0.9523809523809524,
Eventually,2,0.18,NATOPS,0,False,0.0,0.9523809523809524,
Globally,2,0.42,NATOPS,0,False,0.0,0.9523809523809524,
Or,2,,NATOPS,0,False,0.0,0.9523809523809524,
Eventually,1,0.1,NATOPS,0,False,0.0,0.9523809523809524,
And,4,,NATOPS,0,False,0.0,0.9523809523809524,
Globally,1,0.64,NATOPS,0,False,0.0,0.9523809523809524,
Globally,1,0.06,NATOPS,0,False,0.0,0.9523809523809524,
Eventually,1,1.0,NATOPS,0,False,0.0,0.9523809523809524,
Or,4,,NATOPS,0,False,0.0,0.9523809523809524,
Globally,2,0.04,NATOPS,0,False,0.0,0.9523809523809524,
Globally,3,0.46,NATOPS,0,False,0.0,0.9523809523809524,
Eventually,1,1.0,NATOPS,0,False,0.0,0.9523809523809524,
Eventually,2,1.0,NATOPS,0,False,0.0,0.9523809523809524,
Globally,1,1.02,NATOPS,0,False,0.0,0.9523809523809524,
And,2,,NATOPS,0,False,0.0,0.9523809523809524,
Or,3,,NATOPS,0,False,0.0,0.9523809523809524,
Globally,1,1.0,NATOPS,0,False,0.0,0.9523809523809524,
Eventually,1,0.36,NATOPS,0,False,0.0,0.9523809523809524,
Globally,1,0.14,NATOPS,0,False,0.0,0.9523809523809524,
Globally,1,1.0,NATOPS,0,False,0.0,0.9523809523809524,
And,2,,NATOPS,0,False,0.0,0.9523809523809524,
Globally,1,1.0,NATOPS,0,False,0.0,0.9523809523809524,
Globally,1,1.0,NATOPS,0,False,0.0,0.9523809523809524,
Or,2,,NATOPS,0,False,0.0,0.9523809523809524,
Globally,1,1.0,NATOPS,0,False,0.0,0.9523809523809524,
Eventually,1,0.04,NATOPS,0,False,0.0,0.9523809523809524,
Or,2,,NATOPS,0,False,0.0,0.9523809523809524,
Globally,1,0.22,NATOPS,0,False,0.0,0.9523809523809524,
Globally,1,0.04,NATOPS,0,False,0.0,0.9523809523809524,
Eventually,1,0.04,NATOPS,0,False,0.0,0.9523809523809524,
Globally,2,0.26,NATOPS,0,False,0.0,0.9523809523809524,
Or,2,,NATOPS,0,False,0.0,0.9523809523809524,
And,4,,NATOPS,0,False,0.0,0.9523809523809524,
Eventually,1,1.0,NATOPS,0,False,0.0,0.9523809523809524,
Eventually,1,0.06,NATOPS,0,False,0.0,0.9523809523809524,
Globally,1,0.38,NATOPS,0,False,0.0,0.9523809523809524,
Globally,1,1.0,NATOPS,0,False,0.0,0.9523809523809524,
And,2,,NATOPS,0,False,0.0,0.9523809523809524,
Globally,1,0.46,NATOPS,0,False,0.0,0.9523809523809524,
Eventually,2,0.4,NATOPS,0,False,0.0,0.9523809523809524,
Eventually,1,1.0,NATOPS,0,False,0.0,0.9523809523809524,
Eventually,1,0.26,NATOPS,0,False,0.0,0.9523809523809524,
Or,3,,NATOPS,0,False,0.0,0.9523809523809524,
Eventually,1,0.04,NATOPS,0,False,0.0,0.9523809523809524,
And,2,,NATOPS,0,False,0.0,0.9523809523809524,
Eventually,1,1.0,NATOPS,0,False,0.0,0.9523809523809524,
Eventually,2,0.56,NATOPS,0,False,0.0,0.9523809523809524,
And,3,,NATOPS,0,False,0.0,0.9523809523809524,
Or,2,,NATOPS,0,False,0.0,0.9523809523809524,
Or,2,,NATOPS,0,False,0.0,0.9523809523809524,
Or,2,,NATOPS,0,False,0.0,0.9523809523809524,
Globally,1,1.0,NATOPS,0,False,0.0,0.9523809523809524,
And,2,,NATOPS,0,False,0.0,0.9523809523809524,
Eventually,1,0.04,NATOPS,0,False,0.0,0.9523809523809524,
Eventually,1,0.18,NATOPS,0,False,0.0,0.9523809523809524,
Eventually,2,0.04,NATOPS,0,False,0.0,0.9523809523809524,
And,3,,NATOPS,0,False,0.0,0.9523809523809524,
Or,2,,NATOPS,0,False,0.0,0.9523809523809524,
Eventually,1,0.44,NATOPS,0,False,0.0,0.9523809523809524,
Eventually,3,0.06,NATOPS,0,False,0.0,0.9523809523809524,
Eventually,1,1.0,NATOPS,0,False,0.0,0.9523809523809524,
Globally,1,0.96,NATOPS,0,False,0.0,0.9523809523809524,
Eventually,1,1.0,NATOPS,0,False,0.0,0.9523809523809524,
Eventually,1,0.06,NATOPS,0,False,0.0,0.9523809523809524,
Eventually,2,0.42,NATOPS,0,False,0.0,0.9523809523809524,
And,2,,NATOPS,0,False,0.0,0.9523809523809524,
Eventually,1,0.34,NATOPS,0,False,0.0,0.9523809523809524,
Globally,2,0.42,NATOPS,0,False,0.0,0.9523809523809524,
Globally,1,0.8,NATOPS,0,False,0.0,0.9523809523809524,
And,2,,NATOPS,0,False,0.0,0.9523809523809524,
Eventually,1,0.76,NATOPS,0,False,0.0,0.9523809523809524,
And,3,,NATOPS,0,False,0.0,0.9523809523809524,
Globally,2,0.38,NATOPS,0,False,0.0,0.9523809523809524,
Globally,2,0.06,NATOPS,0,False,0.0,0.9523809523809524,
Eventually,1,0.32,NATOPS,0,False,0.0,0.9523809523809524,
Or,4,,NATOPS,0,False,0.0,0.9523809523809524,
Eventually,2,0.16,NATOPS,0,False,0.0,0.9523809523809524,
Eventually,2,0.36,NATOPS,0,False,0.0,0.9523809523809524,
And,4,,NATOPS,0,False,0.0,0.9523809523809524,
Eventually,1,1.0,NATOPS,0,False,0.0,0.9523809523809524,
And,3,,NATOPS,0,False,0.0,0.9523809523809524,
And,4,,NATOPS,0,False,0.0,0.9523809523809524,
And,2,,NATOPS,0,False,0.0,0.9523809523809524,
And,2,,NATOPS,0,False,0.0,0.9523809523809524,
Or,4,,NATOPS,0,False,0.0,0.9523809523809524,
And,2,,NATOPS,0,False,0.0,0.9523809523809524,
Globally,1,1.0,NATOPS,0,False,0.0,0.9523809523809524,
Eventually,2,0.48,NATOPS,0,False,0.0,0.9523809523809524,
Globally,3,0.94,NATOPS,0,False,0.0,0.9523809523809524,
Globally,2,0.74,NATOPS,0,False,0.0,0.9523809523809524,
Or,3,,NATOPS,0,False,0.0,0.9523809523809524,
Eventually,1,0.7,NATOPS,0,False,0.0,0.9523809523809524,
Eventually,2,0.98,NATOPS,0,False,0.0,0.9523809523809524,
Or,2,,NATOPS,0,False,0.0,0.9523809523809524,
Globally,2,0.72,NATOPS,0,False,0.0,0.9523809523809524,
Or,4,,NATOPS,0,False,0.0,0.9523809523809524,
Globally,1,0.92,NATOPS,0,False,0.0,0.9523809523809524,
Eventually,1,0.04,NATOPS,0,False,0.0,0.9523809523809524,
Eventually,2,1.0,NATOPS,0,False,0.0,0.9523809523809524,
Or,2,,NATOPS,0,False,0.0,0.9523809523809524,
Globally,1,0.08,NATOPS,0,False,0.0,0.9523809523809524,
Globally,2,0.08,NATOPS,0,False,0.0,0.9523809523809524,
Eventually,2,0.16,NATOPS,0,False,0.0,0.9523809523809524,
And,2,,NATOPS,0,False,0.0,0.9523809523809524,
Or,2,,NATOPS,0,False,0.0,0.9523809523809524,
Globally,2,0.06,NATOPS,0,False,0.0,0.9523809523809524,
Eventually,1,1.0,NATOPS,0,False,0.0,0.9523809523809524,
And,4,,NATOPS,0,False,0.0,0.9523809523809524,
And,2,,NATOPS,0,False,0.0,0.9523809523809524,
Or,4,,NATOPS,0,False,0.0,0.9523809523809524,
Eventually,1,1.0,NATOPS,0,False,0.0,0.9523809523809524,
Or,2,,NATOPS,0,False,0.0,0.9523809523809524,
Or,3,,NATOPS,0,False,0.0,0.9523809523809524,
Eventually,1,0.34,NATOPS,0,False,0.0,0.9523809523809524,
Eventually,2,0.66,NATOPS,0,False,0.0,0.9523809523809524,
Or,2,,NATOPS,0,False,0.0,0.9523809523809524,
Or,2,,NATOPS,0,False,0.0,0.9523809523809524,
Or,2,,NATOPS,0,False,0.0,0.9523809523809524,
Globally,1,0.32,NATOPS,0,False,0.0,0.9523809523809524,
Or,2,,NATOPS,0,False,0.0,0.9523809523809524,
Globally,1,0.38,NATOPS,0,False,0.0,0.9523809523809524,
Globally,2,1.0,NATOPS,0,False,0.0,0.9523809523809524,
Or,4,,NATOPS,0,False,0.0,0.9523809523809524,
Globally,1,0.12,NATOPS,0,False,0.0,0.9523809523809524,
Or,2,,NATOPS,0,False,0.0,0.9523809523809524,
And,4,,NATOPS,0,False,0.0,0.9523809523809524,
Globally,3,0.16,NATOPS,0,False,0.0,0.9523809523809524,
And,2,,NATOPS,0,False,0.0,0.9523809523809524,
Eventually,1,1.0,NATOPS,0,False,0.0,0.9523809523809524,
Eventually,1,0.32,NATOPS,0,False,0.0,0.9523809523809524,
And,2,,NATOPS,0,False,0.0,0.9523809523809524,
Globally,1,1.0,NATOPS,0,False,0.0,0.9523809523809524,
Globally,2,0.18,NATOPS,0,False,0.0,0.9523809523809524,
Or,2,,NATOPS,0,False,0.0,0.9523809523809524,
Or,4,,NATOPS,0,False,0.0,0.9523809523809524,
Or,4,,NATOPS,0,False,0.0,0.9523809523809524,
Or,2,,NATOPS,0,False,0.0,0.9523809523809524,
Or,2,,NATOPS,0,False,0.0,0.9523809523809524,
Or,4,,NATOPS,0,False,0.0,0.9523809523809524,
Or,3,,NATOPS,0,False,0.0,0.9523809523809524,
Eventually,3,1.0,NATOPS,0,False,0.0,0.9523809523809524,
Globally,1,0.16,NATOPS,0,False,0.0,0.9523809523809524,
Globally,2,0.42,NATOPS,0,False,0.0,0.9523809523809524,
Eventually,1,1.0,NATOPS,0,False,0.0,0.9523809523809524,
Eventually,2,0.06,NATOPS,0,False,0.0,0.9523809523809524,
Eventually,2,0.2,NATOPS,0,False,0.0,0.9523809523809524,
Or,2,,NATOPS,0,False,0.0,0.9523809523809524,
Or,3,,NATOPS,0,False,0.0,0.9523809523809524,
Or,3,,NATOPS,0,False,0.0,0.9523809523809524,
Eventually,1,0.6,NATOPS,0,False,0.0,0.9523809523809524,
Eventually,1,1.0,NATOPS,0,False,0.0,0.9523809523809524,
And,2,,NATOPS,0,False,0.0,0.9523809523809524,
Globally,1,0.22,NATOPS,0,False,0.0,0.9523809523809524,
Eventually,1,0.88,NATOPS,0,False,0.0,0.9523809523809524,
Globally,2,0.14,NATOPS,0,False,0.0,0.9523809523809524,
Globally,1,0.28,NATOPS,0,False,0.0,0.9523809523809524,
Globally,1,0.06,NATOPS,0,False,0.0,0.9523809523809524,
Globally,1,0.04,NATOPS,0,False,0.0,0.9523809523809524,
Globally,1,0.44,NATOPS,0,False,0.0,0.9523809523809524,
Or,4,,NATOPS,0,False,0.0,0.9523809523809524,
Globally,1,1.0,NATOPS,0,False,0.0,0.9523809523809524,
And,4,,NATOPS,0,False,0.0,0.9523809523809524,
And,2,,NATOPS,0,False,0.0,0.9523809523809524,
Eventually,1,0.04,NATOPS,0,False,0.0,0.9523809523809524,
Or,2,,NATOPS,0,False,0.0,0.9523809523809524,
Or,2,,NATOPS,0,False,0.0,0.9523809523809524,
Eventually,1,0.04,NATOPS,0,False,0.0,0.9523809523809524,
Eventually,1,0.4,NATOPS,0,False,0.0,0.9523809523809524,
Eventually,1,0.36,NATOPS,0,False,0.0,0.9523809523809524,
Eventually,1,0.08,NATOPS,0,False,0.0,0.9523809523809524,
Globally,2,0.04,NATOPS,0,False,0.0,0.9523809523809524,
Or,4,,NATOPS,0,False,0.0,0.9523809523809524,
Eventually,1,0.08,NATOPS,0,False,0.0,0.9523809523809524,
And,2,,NATOPS,0,False,0.0,0.9523809523809524,
Globally,2,0.08,NATOPS,0,False,0.0,0.9523809523809524,
Eventually,1,0.08,NATOPS,0,False,0.0,0.9523809523809524,
Globally,2,0.48,NATOPS,0,False,0.0,0.9523809523809524,
And,3,,NATOPS,0,False,0.0,0.9523809523809524,
Globally,2,0.4,NATOPS,0,False,0.0,0.9523809523809524,
Eventually,1,1.0,NATOPS,0,False,0.0,0.9523809523809524,
Globally,2,0.38,NATOPS,0,False,0.0,0.9523809523809524,
And,4,,NATOPS,0,False,0.0,0.9523809523809524,
Eventually,2,0.32,NATOPS,0,False,0.0,0.9523809523809524,
Eventually,1,0.4,NATOPS,0,False,0.0,0.9523809523809524,
Globally,1,0.04,NATOPS,0,False,0.0,0.9523809523809524,
Eventually,1,0.24,NATOPS,0,False,0.0,0.9523809523809524,
Eventually,1,0.16,NATOPS,0,False,0.0,0.9523809523809524,
Or,2,,NATOPS,0,False,0.0,0.9523809523809524,
Or,2,,NATOPS,0,False,0.0,0.9523809523809524,
Globally,1,0.16,NATOPS,0,False,0.0,0.9523809523809524,
Globally,2,0.2,NATOPS,0,False,0.0,0.9523809523809524,
Or,4,,NATOPS,0,False,0.0,0.9523809523809524,
Eventually,3,0.92,NATOPS,0,False,0.0,0.9523809523809524,
Or,4,,NATOPS,0,False,0.0,0.9523809523809524,
Or,3,,NATOPS,0,False,0.0,0.9523809523809524,
And,3,,NATOPS,0,False,0.0,0.9523809523809524,
And,3,,NATOPS,0,False,0.0,0.9523809523809524,
Eventually,1,0.42,NATOPS,0,False,0.0,0.9523809523809524,
Globally,1,0.08,NATOPS,0,False,0.0,0.9523809523809524,
Globally,1,1.0,NATOPS,0,False,0.0,0.9523809523809524,
And,3,,NATOPS,0,False,0.0,0.9523809523809524,
Eventually,1,0.06,NATOPS,0,False,0.0,0.9523809523809524,
And,4,,NATOPS,0,False,0.0,0.9523809523809524,
Or,4,,NATOPS,0,False,0.0,0.9523809523809524,
And,2,,NATOPS,0,False,0.0,0.9523809523809524,
Eventually,1,0.4,NATOPS,0,False,0.0,0.9523809523809524,
Eventually,2,0.24,NATOPS,0,False,0.0,0.9523809523809524,
Eventually,1,0.1,NATOPS,0,False,0.0,0.9523809523809524,
Eventually,2,0.12,NATOPS,0,False,0.0,0.9523809523809524,
Globally,1,0.14,NATOPS,0,False,0.0,0.9523809523809524,
Eventually,1,0.58,NATOPS,0,False,0.0,0.9523809523809524,
Eventually,1,0.08,NATOPS,0,False,0.0,0.9523809523809524,
Eventually,1,0.54,NATOPS,0,False,0.0,0.9523809523809524,
Eventually,3,0.04,NATOPS,0,False,0.0,0.9523809523809524,
Eventually,1,0.16,NATOPS,0,False,0.0,0.9523809523809524,
And,2,,NATOPS,0,False,0.0,0.9523809523809524,
Eventually,1,0.06,NATOPS,0,False,0.0,0.9523809523809524,
Eventually,1,0.96,NATOPS,0,False,0.0,0.9523809523809524,
Globally,1,1.0,NATOPS,0,False,0.0,0.9523809523809524,
Globally,2,0.7,NATOPS,0,False,0.0,0.9523809523809524,
And,2,,NATOPS,0,False,0.0,0.9523809523809524,
Globally,1,0.12,NATOPS,0,False,0.0,0.9523809523809524,
Globally,2,1.0,NATOPS,0,False,0.0,0.9523809523809524,
Globally,3,0.12,NATOPS,0,False,0.0,0.9523809523809524,
Eventually,1,0.4,NATOPS,0,False,0.0,0.9523809523809524,
Or,2,,NATOPS,0,False,0.0,0.9523809523809524,
Or,2,,NATOPS,0,False,0.0,0.9523809523809524,
Globally,1,0.22,NATOPS,0,False,0.0,0.9523809523809524,
Or,4,,NATOPS,0,False,0.0,0.9523809523809524,
Or,2,,NATOPS,0,False,0.0,0.9523809523809524,
And,4,,NATOPS,0,False,0.0,0.9523809523809524,
Globally,1,0.82,NATOPS,0,False,0.0,0.9523809523809524,
Or,2,,NATOPS,0,False,0.0,0.9523809523809524,
Or,3,,NATOPS,0,False,0.0,0.9523809523809524,
Eventually,1,0.04,NATOPS,0,False,0.0,0.9523809523809524,
Globally,1,1.0,NATOPS,0,False,0.0,0.9523809523809524,
Globally,1,0.58,NATOPS,0,False,0.0,0.9523809523809524,
Globally,1,0.08,NATOPS,0,False,0.0,0.9523809523809524,
Or,2,,NATOPS,0,False,0.0,0.9523809523809524,
Globally,2,0.2,NATOPS,0,False,0.0,0.9523809523809524,
Globally,2,0.56,NATOPS,0,False,0.0,0.9523809523809524,
Or,3,,NATOPS,0,False,0.0,0.9523809523809524,
Eventually,1,1.0,NATOPS,0,False,0.0,0.9523809523809524,
And,3,,NATOPS,0,False,0.0,0.9523809523809524,
Or,4,,NATOPS,0,False,0.0,0.9523809523809524,
Globally,4,1.0,NATOPS,0,False,0.0,0.9523809523809524,
Globally,1,0.56,NATOPS,0,False,0.0,0.9523809523809524,
Eventually,1,1.0,NATOPS,0,False,0.0,0.9523809523809524,
Eventually,1,1.0,NATOPS,0,False,0.0,0.9523809523809524,
Globally,1,0.1,NATOPS,0,False,0.0,0.9523809523809524,
And,3,,NATOPS,0,False,0.0,0.9523809523809524,
Globally,1,0.78,NATOPS,0,False,0.0,0.9523809523809524,
Globally,1,0.38,NATOPS,0,False,0.0,0.9523809523809524,
Globally,1,0.1,NATOPS,0,False,0.0,0.9523809523809524,
Eventually,1,0.1,NATOPS,0,False,0.0,0.9523809523809524,
And,3,,NATOPS,0,False,0.0,0.9523809523809524,
Eventually,3,0.32,NATOPS,0,False,0.0,0.9523809523809524,
Globally,2,0.1,NATOPS,0,False,0.0,0.9523809523809524,
Globally,2,0.3,NATOPS,0,False,0.0,0.9523809523809524,
Eventually,1,0.96,NATOPS,0,False,0.0,0.9523809523809524,
Globally,2,0.06,NATOPS,0,False,0.0,0.9523809523809524,
And,2,,NATOPS,0,False,0.0,0.9523809523809524,
Eventually,1,1.0,NATOPS,0,False,0.0,0.9523809523809524,
And,2,,NATOPS,0,False,0.0,0.9523809523809524,
Eventually,1,0.22,NATOPS,0,False,0.0,0.9523809523809524,
And,3,,NATOPS,0,False,0.0,0.9523809523809524,
Or,2,,NATOPS,0,False,0.0,0.9523809523809524,
Or,2,,NATOPS,0,False,0.0,0.9523809523809524,
Eventually,1,0.84,NATOPS,0,False,0.0,0.9523809523809524,
Or,4,,NATOPS,0,False,0.0,0.9523809523809524,
Globally,2,1.0,NATOPS,0,False,0.0,0.9523809523809524,
Globally,1,0.38,NATOPS,0,False,0.0,0.9523809523809524,
Globally,1,0.96,NATOPS,0,False,0.0,0.9523809523809524,
Or,2,,NATOPS,0,False,0.0,0.9523809523809524,
Globally,1,0.12,NATOPS,0,False,0.0,0.9523809523809524,
Globally,1,0.12,NATOPS,0,False,0.0,0.9523809523809524,
And,3,,NATOPS,0,False,0.0,0.9523809523809524,
Or,4,,NATOPS,0,False,0.0,0.9523809523809524,
And,2,,NATOPS,0,False,0.0,0.9523809523809524,
Globally,1,0.06,NATOPS,0,False,0.0,0.9523809523809524,
Globally,1,0.68,NATOPS,0,False,0.0,0.9523809523809524,
Eventually,1,0.02,NATOPS,0,False,0.0,0.9523809523809524,
Globally,1,0.06,NATOPS,0,False,0.0,0.9523809523809524,
Eventually,1,0.44,NATOPS,0,False,0.0,0.9523809523809524,
Or,2,,NATOPS,0,False,0.0,0.9523809523809524,
Globally,1,0.12,NATOPS,0,False,0.0,0.9523809523809524,
Globally,1,1.0,NATOPS,0,False,0.0,0.9523809523809524,
Eventually,1,0.16,NATOPS,0,False,0.0,0.9523809523809524,
Globally,1,0.94,NATOPS,0,False,0.0,0.9523809523809524,
Globally,1,0.96,NATOPS,0,False,0.0,0.9523809523809524,
Or,2,,NATOPS,0,False,0.0,0.9523809523809524,
Globally,1,0.24,NATOPS,0,False,0.0,0.9523809523809524,
Globally,1,0.26,NATOPS,0,False,0.0,0.9523809523809524,
And,2,,NATOPS,0,False,0.0,0.9523809523809524,
Eventually,2,0.28,NATOPS,0,False,0.0,0.9523809523809524,
Or,2,,NATOPS,0,False,0.0,0.9523809523809524,
Globally,1,0.42,NATOPS,0,False,0.0,0.9523809523809524,
And,3,,NATOPS,0,False,0.0,0.9523809523809524,
Or,2,,NATOPS,0,False,0.0,0.9523809523809524,
Eventually,2,0.72,NATOPS,0,False,0.0,0.9523809523809524,
Eventually,1,0.86,NATOPS,0,False,0.0,0.9523809523809524,
Eventually,1,0.38,NATOPS,0,False,0.0,0.9523809523809524,
Eventually,1,0.26,NATOPS,0,False,0.0,0.9523809523809524,
Globally,1,1.0,NATOPS,0,False,0.0,0.9523809523809524,
Globally,1,0.18,NATOPS,0,False,0.0,0.9523809523809524,
Globally,3,1.0,NATOPS,0,False,0.0,0.9523809523809524,
Globally,1,0.04,NATOPS,0,False,0.0,0.9523809523809524,
Eventually,1,0.44,NATOPS,0,False,0.0,0.9523809523809524,
Eventually,2,0.3,NATOPS,0,False,0.0,0.9523809523809524,
Globally,1,0.16,NATOPS,0,False,0.0,0.9523809523809524,
Eventually,1,0.68,NATOPS,0,False,0.0,0.9523809523809524,
Globally,2,1.0,NATOPS,0,False,0.0,0.9523809523809524,
And,2,,NATOPS,0,False,0.0,0.9523809523809524,
Eventually,1,0.04,NATOPS,0,False,0.0,0.9523809523809524,
Globally,1,0.46,NATOPS,0,False,0.0,0.9523809523809524,
Globally,1,0.4,NATOPS,0,False,0.0,0.9523809523809524,
And,3,,NATOPS,0,False,0.0,0.9523809523809524,
Or,4,,NATOPS,0,False,0.0,0.9523809523809524,
Globally,1,0.64,NATOPS,0,False,0.0,0.9523809523809524,
Globally,1,1.0,NATOPS,0,False,0.0,0.9523809523809524,
And,3,,NATOPS,0,False,0.0,0.9523809523809524,
Or,2,,NATOPS,0,False,0.0,0.9523809523809524,
Eventually,2,0.3,NATOPS,0,False,0.0,0.9523809523809524,
Eventually,1,0.86,NATOPS,0,False,0.0,0.9523809523809524,
Or,2,,NATOPS,0,False,0.0,0.9523809523809524,
Globally,1,1.0,NATOPS,0,False,0.0,0.9523809523809524,
Globally,1,0.76,NATOPS,0,False,0.0,0.9523809523809524,
Eventually,1,0.56,NATOPS,0,False,0.0,0.9523809523809524,
Or,4,,NATOPS,0,False,0.0,0.9523809523809524,
And,3,,NATOPS,0,False,0.0,0.9523809523809524,
Eventually,1,0.44,NATOPS,0,False,0.0,0.9523809523809524,
Eventually,2,0.98,NATOPS,0,False,0.0,0.9523809523809524,
Eventually,1,0.06,NATOPS,0,False,0.0,0.9523809523809524,
Eventually,2,0.72,NATOPS,0,False,0.0,0.9523809523809524,
And,2,,NATOPS,0,False,0.0,0.9523809523809524,
Eventually,1,0.1,NATOPS,0,False,0.0,0.9523809523809524,
Eventually,1,0.42,NATOPS,0,False,0.0,0.9523809523809524,
Globally,2,0.56,NATOPS,0,False,0.0,0.9523809523809524,
Globally,3,1.0,NATOPS,0,False,0.0,0.9523809523809524,
Or,2,,NATOPS,0,False,0.0,0.9523809523809524,
Globally,1,0.9,NATOPS,0,False,0.0,0.9523809523809524,
Globally,1,0.1,NATOPS,0,False,0.0,0.9523809523809524,
Globally,1,0.04,NATOPS,0,False,0.0,0.9523809523809524,
Globally,1,0.06,NATOPS,0,False,0.0,0.9523809523809524,
And,4,,NATOPS,0,False,0.0,0.9523809523809524,
Globally,2,0.08,NATOPS,0,False,0.0,0.9523809523809524,
And,3,,NATOPS,0,False,0.0,0.9523809523809524,
Globally,1,0.66,NATOPS,0,False,0.0,0.9523809523809524,
Eventually,1,1.0,NATOPS,0,False,0.0,0.9523809523809524,
Globally,3,0.14,NATOPS,0,False,0.0,0.9523809523809524,
Globally,3,0.24,NATOPS,0,False,0.0,0.9523809523809524,
Or,4,,NATOPS,0,False,0.0,0.9523809523809524,
And,3,,NATOPS,0,False,0.0,0.9523809523809524,
Globally,2,0.66,NATOPS,0,False,0.0,0.9523809523809524,
Globally,2,0.06,NATOPS,0,False,0.0,0.9523809523809524,
Eventually,1,0.1,NATOPS,0,False,0.0,0.9523809523809524,
Eventually,2,0.4,NATOPS,0,False,0.0,0.9523809523809524,
Eventually,1,0.28,NATOPS,0,False,0.0,0.9523809523809524,
Eventually,3,0.1,NATOPS,0,False,0.0,0.9523809523809524,
And,2,,NATOPS,0,False,0.0,0.9523809523809524,
Globally,1,0.2,NATOPS,0,False,0.0,0.9523809523809524,
And,4,,NATOPS,0,False,0.0,0.9523809523809524,
Globally,1,0.92,NATOPS,0,False,0.0,0.9523809523809524,
Or,3,,NATOPS,0,False,0.0,0.9523809523809524,
Eventually,1,0.08,NATOPS,0,False,0.0,0.9523809523809524,
Globally,1,1.0,NATOPS,0,False,0.0,0.9523809523809524,
And,4,,NATOPS,0,False,0.0,0.9523809523809524,
Or,2,,NATOPS,0,False,0.0,0.9523809523809524,
Eventually,3,0.52,NATOPS,0,False,0.0,0.9523809523809524,
And,3,,NATOPS,0,False,0.0,0.9523809523809524,
Eventually,3,0.5,NATOPS,0,False,0.0,0.9523809523809524,
Or,2,,NATOPS,0,False,0.0,0.9523809523809524,
And,3,,NATOPS,0,False,0.0,0.9523809523809524,
Globally,1,0.3,NATOPS,0,False,0.0,0.9523809523809524,
Globally,1,0.64,NATOPS,0,False,0.0,0.9523809523809524,
Globally,1,1.0,NATOPS,0,False,0.0,0.9523809523809524,
Eventually,2,0.08,NATOPS,0,False,0.0,0.9523809523809524,
Or,2,,NATOPS,0,False,0.0,0.9523809523809524,
Or,2,,NATOPS,0,False,0.0,0.9523809523809524,
Eventually,2,0.04,NATOPS,0,False,0.0,0.9523809523809524,
Eventually,3,0.9,NATOPS,0,False,0.0,0.9523809523809524,
Globally,3,0.54,NATOPS,0,False,0.0,0.9523809523809524,
Globally,3,0.06,NATOPS,0,False,0.0,0.9523809523809524,
Globally,2,1.0,NATOPS,0,False,0.0,0.9523809523809524,
And,2,,NATOPS,0,False,0.0,0.9523809523809524,
And,2,,NATOPS,0,False,0.0,0.9523809523809524,
Globally,2,0.8,NATOPS,0,False,0.0,0.9523809523809524,
Globally,1,1.0,NATOPS,0,False,0.0,0.9523809523809524,
Or,2,,NATOPS,0,False,0.0,0.9523809523809524,
Eventually,1,1.0,NATOPS,0,False,0.0,0.9523809523809524,
Globally,1,0.74,NATOPS,0,False,0.0,0.9523809523809524,
Or,3,,NATOPS,0,False,0.0,0.9523809523809524,
Globally,3,1.0,NATOPS,0,False,0.0,0.9523809523809524,
Eventually,2,0.1,NATOPS,0,False,0.0,0.9523809523809524,
Eventually,1,0.32,NATOPS,0,False,0.0,0.9523809523809524,
Globally,3,0.3,NATOPS,0,False,0.0,0.9523809523809524,
Eventually,1,0.28,NATOPS,0,False,0.0,0.9523809523809524,
Or,2,,NATOPS,0,False,0.0,0.9523809523809524,
Globally,1,0.9,NATOPS,0,False,0.0,0.9523809523809524,
And,2,,NATOPS,0,False,0.0,0.9523809523809524,
Eventually,1,0.04,NATOPS,0,False,0.0,0.9523809523809524,
Globally,1,0.04,NATOPS,0,False,0.0,0.9523809523809524,
Globally,3,0.06,NATOPS,0,False,0.0,0.9523809523809524,
Globally,2,1.0,NATOPS,0,False,0.0,0.9523809523809524,
Eventually,1,1.0,NATOPS,0,False,0.0,0.9523809523809524,
Globally,1,0.34,NATOPS,0,False,0.0,0.9523809523809524,
Eventually,2,0.08,NATOPS,0,False,0.0,0.9523809523809524,
Globally,4,1.0,NATOPS,0,False,0.0,0.9523809523809524,
Eventually,1,1.0,NATOPS,0,False,0.0,0.9523809523809524,
Eventually,1,0.44,NATOPS,0,False,0.0,0.9523809523809524,
Eventually,2,0.04,NATOPS,0,False,0.0,0.9523809523809524,
And,2,,NATOPS,0,False,0.0,0.9523809523809524,
Or,2,,NATOPS,0,False,0.0,0.9523809523809524,
Globally,2,0.1,NATOPS,0,False,0.0,0.9523809523809524,
Eventually,1,0.1,NATOPS,0,False,0.0,0.9523809523809524,
Eventually,1,0.06,NATOPS,0,False,0.0,0.9523809523809524,
And,2,,NATOPS,0,False,0.0,0.9523809523809524,
Globally,1,0.06,NATOPS,0,False,0.0,0.9523809523809524,
Or,4,,NATOPS,0,False,0.0,0.9523809523809524,
Or,3,,NATOPS,0,False,0.0,0.9523809523809524,
Globally,1,0.08,NATOPS,0,False,0.0,0.9523809523809524,
Globally,2,0.6,NATOPS,0,False,0.0,0.9523809523809524,
Globally,1,0.3,NATOPS,0,False,0.0,0.9523809523809524,
Eventually,1,0.78,NATOPS,0,False,0.0,0.9523809523809524,
Eventually,1,1.0,NATOPS,0,False,0.0,0.9523809523809524,
Eventually,1,0.2,NATOPS,0,False,0.0,0.9523809523809524,
Eventually,1,0.02,NATOPS,0,False,0.0,0.9523809523809524,
Globally,1,1.0,NATOPS,0,False,0.0,0.9523809523809524,
Or,2,,NATOPS,0,False,0.0,0.9523809523809524,
Globally,1,0.94,NATOPS,0,False,0.0,0.9523809523809524,
Or,2,,NATOPS,0,False,0.0,0.9523809523809524,
Eventually,2,0.4,NATOPS,0,False,0.0,0.9523809523809524,
Or,2,,NATOPS,0,False,0.0,0.9523809523809524,
And,3,,NATOPS,0,False,0.0,0.9523809523809524,
Globally,1,1.0,NATOPS,0,False,0.0,0.9523809523809524,
And,4,,NATOPS,0,False,0.0,0.9523809523809524,
Eventually,1,0.14,NATOPS,0,False,0.0,0.9523809523809524,
Eventually,1,1.0,NATOPS,0,False,0.0,0.9523809523809524,
And,3,,NATOPS,0,False,0.0,0.9523809523809524,
Globally,2,1.0,NATOPS,0,False,0.0,0.9523809523809524,
And,3,,NATOPS,0,False,0.0,0.9523809523809524,
Globally,1,0.42,NATOPS,0,False,0.0,0.9523809523809524,
Or,2,,NATOPS,0,False,0.0,0.9523809523809524,
Or,2,,NATOPS,0,False,0.0,0.9523809523809524,
Eventually,1,1.0,NATOPS,0,False,0.0,0.9523809523809524,
And,2,,NATOPS,0,False,0.0,0.9523809523809524,
Globally,1,0.72,NATOPS,0,False,0.0,0.9523809523809524,
Globally,1,0.78,NATOPS,0,False,0.0,0.9523809523809524,
Or,2,,NATOPS,0,False,0.0,0.9523809523809524,
Or,3,,NATOPS,0,False,0.0,0.9523809523809524,
Globally,1,0.4,NATOPS,0,False,0.0,0.9523809523809524,
Eventually,1,0.34,NATOPS,0,False,0.0,0.9523809523809524,
Or,2,,NATOPS,0,False,0.0,0.9523809523809524,
Eventually,1,1.0,NATOPS,0,False,0.0,0.9523809523809524,
Eventually,1,0.58,NATOPS,0,False,0.0,0.9523809523809524,
Eventually,1,0.04,NATOPS,0,False,0.0,0.9523809523809524,
Eventually,1,0.84,NATOPS,0,False,0.0,0.9523809523809524,
Eventually,1,0.4,NATOPS,0,False,0.0,0.9523809523809524,
Eventually,1,0.1,NATOPS,0,False,0.0,0.9523809523809524,
Or,2,,NATOPS,0,False,0.0,0.9523809523809524,
Or,4,,NATOPS,0,False,0.0,0.9523809523809524,
Globally,1,0.52,NATOPS,0,False,0.0,0.9523809523809524,
Globally,3,0.48,NATOPS,0,False,0.0,0.9523809523809524,
Eventually,2,1.0,NATOPS,0,False,0.0,0.9523809523809524,
Eventually,1,1.0,NATOPS,0,False,0.0,0.9523809523809524,
Globally,2,0.08,NATOPS,0,False,0.0,0.9523809523809524,
Globally,1,1.0,NATOPS,0,False,0.0,0.9523809523809524,
And,2,,NATOPS,0,False,0.0,0.9523809523809524,
Eventually,1,1.0,NATOPS,0,False,0.0,0.9523809523809524,
Or,2,,NATOPS,0,False,0.0,0.9523809523809524,
Eventually,1,0.82,NATOPS,0,False,0.0,0.9523809523809524,
Globally,1,0.16,NATOPS,0,False,0.0,0.9523809523809524,
Globally,1,0.08,NATOPS,0,False,0.0,0.9523809523809524,
Eventually,2,0.2,NATOPS,0,False,0.0,0.9523809523809524,
Eventually,1,1.0,NATOPS,0,False,0.0,0.9523809523809524,
Eventually,1,0.04,NATOPS,0,False,0.0,0.9523809523809524,
Eventually,1,1.0,NATOPS,0,False,0.0,0.9523809523809524,
And,4,,NATOPS,0,False,0.0,0.9523809523809524,
And,3,,NATOPS,0,False,0.0,0.9523809523809524,
And,3,,NATOPS,0,False,0.0,0.9523809523809524,
Globally,1,0.06,NATOPS,0,False,0.0,0.9523809523809524,
Or,3,,NATOPS,0,False,0.0,0.9523809523809524,
And,4,,NATOPS,0,False,0.0,0.9523809523809524,
Globally,1,0.58,NATOPS,0,False,0.0,0.9523809523809524,
Or,2,,NATOPS,0,False,0.0,0.9523809523809524,
Eventually,1,0.88,NATOPS,0,False,0.0,0.9523809523809524,
Eventually,1,0.12,NATOPS,0,False,0.0,0.9523809523809524,
Globally,1,0.22,NATOPS,0,False,0.0,0.9523809523809524,
And,4,,NATOPS,0,False,0.0,0.9523809523809524,
Or,4,,NATOPS,0,False,0.0,0.9523809523809524,
And,2,,NATOPS,0,False,0.0,0.9523809523809524,
And,3,,NATOPS,0,False,0.0,0.9523809523809524,
And,2,,NATOPS,0,False,0.0,0.9523809523809524,
And,2,,NATOPS,0,False,0.0,0.9523809523809524,
Eventually,1,0.18,NATOPS,0,False,0.0,0.9523809523809524,
Or,2,,NATOPS,0,False,0.0,0.9523809523809524,
Eventually,2,0.12,NATOPS,0,False,0.0,0.9523809523809524,
Globally,1,0.38,NATOPS,0,False,0.0,0.9523809523809524,
Globally,1,0.8,NATOPS,0,False,0.0,0.9523809523809524,
And,3,,NATOPS,0,False,0.0,0.9523809523809524,
Globally,1,0.2,NATOPS,0,False,0.0,0.9523809523809524,
Eventually,1,0.04,NATOPS,0,False,0.0,0.9523809523809524,
And,2,,NATOPS,0,False,0.0,0.9523809523809524,
Eventually,1,0.24,NATOPS,0,False,0.0,0.9523809523809524,
And,3,,NATOPS,0,False,0.0,0.9523809523809524,
Globally,1,0.5,NATOPS,0,False,0.0,0.9523809523809524,
Eventually,1,1.0,NATOPS,0,False,0.0,0.9523809523809524,
Globally,3,0.72,NATOPS,0,False,0.0,0.9523809523809524,
Eventually,1,0.06,NATOPS,0,False,0.0,0.9523809523809524,
Globally,1,0.16,NATOPS,0,False,0.0,0.9523809523809524,
Globally,2,0.34,NATOPS,0,False,0.0,0.9523809523809524,
Eventually,1,0.46,NATOPS,0,False,0.0,0.9523809523809524,
Eventually,1,1.0,NATOPS,0,False,0.0,0.9523809523809524,
Or,2,,NATOPS,0,False,0.0,0.9523809523809524,
Globally,1,0.04,NATOPS,0,False,0.0,0.9523809523809524,
Eventually,1,0.06,NATOPS,0,False,0.0,0.9523809523809524,
Globally,1,1.0,NATOPS,0,False,0.0,0.9523809523809524,
And,2,,NATOPS,0,False,0.0,0.9523809523809524,
Globally,1,0.78,NATOPS,0,False,0.0,0.9523809523809524,
And,4,,NATOPS,0,False,0.0,0.9523809523809524,
Or,4,,NATOPS,0,False,0.0,0.9523809523809524,
Eventually,1,1.0,NATOPS,0,False,0.0,0.9523809523809524,
Eventually,1,1.0,NATOPS,0,False,0.0,0.9523809523809524,
Globally,1,1.0,NATOPS,0,False,0.0,0.9523809523809524,
And,3,,NATOPS,0,False,0.0,0.9523809523809524,
Globally,1,0.26,NATOPS,0,False,0.0,0.9523809523809524,
Or,2,,NATOPS,0,False,0.0,0.9523809523809524,
Or,2,,NATOPS,0,False,0.0,0.9523809523809524,
Or,2,,NATOPS,0,False,0.0,0.9523809523809524,
Globally,1,0.46,NATOPS,0,False,0.0,0.9523809523809524,
Eventually,1,1.0,NATOPS,0,False,0.0,0.9523809523809524,
Or,2,,NATOPS,0,False,0.0,0.9523809523809524,
Or,2,,NATOPS,0,False,0.0,0.9523809523809524,
And,4,,NATOPS,0,False,0.0,0.9523809523809524,
Eventually,1,0.04,NATOPS,0,False,0.0,0.9523809523809524,
And,2,,NATOPS,0,False,0.0,0.9523809523809524,
Or,2,,NATOPS,0,False,0.0,0.9523809523809524,
Or,4,,NATOPS,0,False,0.0,0.9523809523809524,
And,2,,NATOPS,0,False,0.0,0.9523809523809524,
Eventually,2,0.68,NATOPS,0,False,0.0,0.9523809523809524,
Globally,1,0.08,NATOPS,0,False,0.0,0.9523809523809524,
Globally,3,0.32,NATOPS,0,False,0.0,0.9523809523809524,
Eventually,1,0.06,NATOPS,0,False,0.0,0.9523809523809524,
Or,3,,NATOPS,0,False,0.0,0.9523809523809524,
Globally,2,0.96,NATOPS,0,False,0.0,0.9523809523809524,
Eventually,1,0.04,NATOPS,0,False,0.0,0.9523809523809524,
Eventually,2,0.06,NATOPS,0,False,0.0,0.9523809523809524,
Globally,2,0.8,NATOPS,0,False,0.0,0.9523809523809524,
Or,2,,NATOPS,0,False,0.0,0.9523809523809524,
And,2,,NATOPS,0,False,0.0,0.9523809523809524,
Globally,1,0.04,NATOPS,0,False,0.0,0.9523809523809524,
Eventually,3,0.04,NATOPS,0,False,0.0,0.9523809523809524,
Eventually,1,0.8,NATOPS,0,False,0.0,0.9523809523809524,
Globally,1,1.0,NATOPS,0,False,0.0,0.9523809523809524,
And,2,,NATOPS,0,False,0.0,0.9523809523809524,
Globally,1,0.92,NATOPS,0,False,0.0,0.9523809523809524,
Eventually,2,0.26,NATOPS,0,False,0.0,0.9523809523809524,
Or,3,,NATOPS,0,False,0.0,0.9523809523809524,
Or,2,,NATOPS,0,False,0.0,0.9523809523809524,
And,2,,NATOPS,0,False,0.0,0.9523809523809524,
And,3,,NATOPS,0,False,0.0,0.9523809523809524,
Globally,2,1.0,NATOPS,0,False,0.0,0.9523809523809524,
Globally,1,0.04,NATOPS,0,False,0.0,0.9523809523809524,
Globally,1,0.76,NATOPS,0,False,0.0,0.9523809523809524,
Eventually,3,1.0,NATOPS,0,False,0.0,0.9523809523809524,
And,2,,NATOPS,0,False,0.0,0.9523809523809524,
Or,2,,NATOPS,0,False,0.0,0.9523809523809524,
Globally,1,0.06,NATOPS,0,False,0.0,0.9523809523809524,
Eventually,4,0.24,NATOPS,0,False,0.0,0.9523809523809524,
Globally,1,0.04,NATOPS,0,False,0.0,0.9523809523809524,
And,2,,NATOPS,0,False,0.0,0.9523809523809524,
Globally,3,0.06,NATOPS,0,False,0.0,0.9523809523809524,
Globally,3,0.22,NATOPS,0,False,0.0,0.9523809523809524,
Eventually,2,0.38,NATOPS,0,False,0.0,0.9523809523809524,
Eventually,2,0.04,NATOPS,0,False,0.0,0.9523809523809524,
Globally,1,0.54,NATOPS,0,False,0.0,0.9523809523809524,
Eventually,2,0.56,NATOPS,0,False,0.0,0.9523809523809524,
Globally,3,0.26,NATOPS,0,False,0.0,0.9523809523809524,
Or,2,,NATOPS,0,False,0.0,0.9523809523809524,
And,4,,NATOPS,0,False,0.0,0.9523809523809524,
Eventually,1,0.68,NATOPS,0,False,0.0,0.9523809523809524,
Globally,1,1.0,NATOPS,0,False,0.0,0.9523809523809524,
Globally,1,0.04,NATOPS,0,False,0.0,0.9523809523809524,
Globally,1,0.14,NATOPS,0,False,0.0,0.9523809523809524,
Eventually,1,1.0,NATOPS,0,False,0.0,0.9523809523809524,
And,3,,NATOPS,0,False,0.0,0.9523809523809524,
And,2,,NATOPS,0,False,0.0,0.9523809523809524,
Globally,1,0.2,NATOPS,0,False,0.0,0.9523809523809524,
And,3,,NATOPS,0,False,0.0,0.9523809523809524,
Globally,1,0.74,NATOPS,0,False,0.0,0.9523809523809524,
Globally,1,1.0,NATOPS,0,False,0.0,0.9523809523809524,
Eventually,1,1.0,NATOPS,0,False,0.0,0.9523809523809524,
And,2,,NATOPS,0,False,0.0,0.9523809523809524,
And,3,,NATOPS,0,False,0.0,0.9523809523809524,
Or,2,,NATOPS,0,False,0.0,0.9523809523809524,
Globally,1,0.54,NATOPS,0,False,0.0,0.9523809523809524,
Globally,2,1.0,NATOPS,0,False,0.0,0.9523809523809524,
Eventually,1,0.24,NATOPS,0,False,0.0,0.9523809523809524,
Or,3,,NATOPS,0,False,0.0,0.9523809523809524,
Eventually,1,0.04,NATOPS,0,False,0.0,0.9523809523809524,
Or,4,,NATOPS,0,False,0.0,0.9523809523809524,
Globally,1,1.0,NATOPS,0,False,0.0,0.9523809523809524,
Globally,1,0.04,NATOPS,0,False,0.0,0.9523809523809524,
Or,2,,NATOPS,0,False,0.0,0.9523809523809524,
And,2,,NATOPS,0,False,0.0,0.9523809523809524,
Globally,1,0.72,NATOPS,0,False,0.0,0.9523809523809524,
Globally,1,0.16,NATOPS,0,False,0.0,0.9523809523809524,
Eventually,1,0.1,NATOPS,0,False,0.0,0.9523809523809524,
Eventually,1,0.9,NATOPS,0,False,0.0,0.9523809523809524,
Or,3,,NATOPS,0,False,0.0,0.9523809523809524,
Or,4,,NATOPS,0,False,0.0,0.9523809523809524,
Globally,1,0.42,NATOPS,0,False,0.0,0.9523809523809524,
Eventually,1,0.22,NATOPS,0,False,0.0,0.9523809523809524,
And,2,,NATOPS,0,False,0.0,0.9523809523809524,
Globally,4,0.12,NATOPS,0,False,0.0,0.9523809523809524,
Eventually,1,0.04,NATOPS,0,False,0.0,0.9523809523809524,
Eventually,2,0.34,NATOPS,0,False,0.0,0.9523809523809524,
Globally,1,0.14,NATOPS,0,False,0.0,0.9523809523809524,
Globally,1,0.9,NATOPS,0,False,0.0,0.9523809523809524,
Globally,1,0.04,NATOPS,0,False,0.0,0.9523809523809524,
Eventually,2,0.32,NATOPS,0,False,0.0,0.9523809523809524,
Or,2,,NATOPS,0,False,0.0,0.9523809523809524,
Globally,1,0.06,NATOPS,0,False,0.0,0.9523809523809524,
Eventually,1,0.82,NATOPS,0,False,0.0,0.9523809523809524,
Globally,1,0.26,NATOPS,0,False,0.0,0.9523809523809524,
And,3,,NATOPS,0,False,0.0,0.9523809523809524,
Globally,1,0.5,NATOPS,0,False,0.0,0.9523809523809524,
Globally,2,1.0,NATOPS,0,False,0.0,0.9523809523809524,
Or,4,,NATOPS,0,False,0.0,0.9523809523809524,
Eventually,3,0.1,NATOPS,0,False,0.0,0.9523809523809524,
Globally,1,0.1,NATOPS,0,False,0.0,0.9523809523809524,
And,2,,NATOPS,0,False,0.0,0.9523809523809524,
Globally,3,1.0,NATOPS,0,False,0.0,0.9523809523809524,
Globally,1,0.16,NATOPS,0,False,0.0,0.9523809523809524,
Eventually,2,0.1,NATOPS,0,False,0.0,0.9523809523809524,
Eventually,2,0.12,NATOPS,0,False,0.0,0.9523809523809524,
Eventually,1,1.0,NATOPS,0,False,0.0,0.9523809523809524,
Eventually,2,1.0,NATOPS,0,False,0.0,0.9523809523809524,
Or,2,,NATOPS,0,False,0.0,0.9523809523809524,
Globally,1,0.12,NATOPS,0,False,0.0,0.9523809523809524,
Eventually,1,0.3,NATOPS,0,False,0.0,0.9523809523809524,
Eventually,1,0.1,NATOPS,0,False,0.0,0.9523809523809524,
Globally,2,0.16,NATOPS,0,False,0.0,0.9523809523809524,
Globally,1,0.74,NATOPS,0,False,0.0,0.9523809523809524,
Eventually,1,0.2,NATOPS,0,False,0.0,0.9523809523809524,
Globally,1,0.24,NATOPS,0,False,0.0,0.9523809523809524,
Eventually,2,1.0,NATOPS,0,False,0.0,0.9523809523809524,
Or,2,,NATOPS,0,False,0.0,0.9523809523809524,
Globally,2,0.04,NATOPS,0,False,0.0,0.9523809523809524,
Eventually,1,0.6,NATOPS,0,False,0.0,0.9523809523809524,
Or,2,,NATOPS,0,False,0.0,0.9523809523809524,
And,2,,NATOPS,0,True,0.08954565124513014,0.9523809523809524,True
Eventually,1,0.12,NATOPS,0,False,0.0,0.9523809523809524,
Eventually,1,0.34,NATOPS,0,False,0.0,0.9523809523809524,
Eventually,3,0.14,NATOPS,0,False,0.0,0.9523809523809524,
Or,3,,NATOPS,0,False,0.0,0.9523809523809524,
Globally,1,0.62,NATOPS,0,False,0.0,0.9523809523809524,
Eventually,2,0.16,NATOPS,0,False,0.0,0.9523809523809524,
Eventually,1,0.36,NATOPS,0,False,0.0,0.9523809523809524,
Eventually,1,0.16,NATOPS,0,False,0.0,0.9523809523809524,
Or,2,,NATOPS,0,False,0.0,0.9523809523809524,
And,3,,NATOPS,0,False,0.0,0.9523809523809524,
Eventually,2,0.08,NATOPS,0,False,0.0,0.9523809523809524,
Globally,1,0.34,NATOPS,0,False,0.0,0.9523809523809524,
Globally,1,0.06,NATOPS,0,False,0.0,0.9523809523809524,
Eventually,2,0.46,NATOPS,0,False,0.0,0.9523809523809524,
Eventually,1,0.04,NATOPS,0,False,0.0,0.9523809523809524,
Globally,1,0.68,NATOPS,0,False,0.0,0.9523809523809524,
Globally,1,0.16,NATOPS,0,False,0.0,0.9523809523809524,
Globally,2,0.16,NATOPS,0,False,0.0,0.9523809523809524,
Globally,2,0.14,NATOPS,0,False,0.0,0.9523809523809524,
Eventually,1,0.16,NATOPS,0,False,0.0,0.9523809523809524,
Globally,1,1.0,NATOPS,0,False,0.0,0.9523809523809524,
Or,3,,NATOPS,0,False,0.0,0.9523809523809524,
Eventually,1,0.08,NATOPS,0,False,0.0,0.9523809523809524,
Eventually,1,0.28,NATOPS,0,False,0.0,0.9523809523809524,
Eventually,1,0.06,NATOPS,0,False,0.0,0.9523809523809524,
Globally,2,0.16,NATOPS,0,False,0.0,0.9523809523809524,
Eventually,1,0.64,NATOPS,0,False,0.0,0.9523809523809524,
And,3,,NATOPS,0,False,0.0,0.9523809523809524,
Eventually,3,0.36,NATOPS,0,False,0.0,0.9523809523809524,
Eventually,1,0.06,NATOPS,0,False,0.0,0.9523809523809524,
Or,2,,NATOPS,0,False,0.0,0.9523809523809524,
Or,2,,NATOPS,0,False,0.0,0.9523809523809524,
Eventually,1,0.1,NATOPS,0,False,0.0,0.9523809523809524,
And,2,,NATOPS,0,False,0.0,0.9523809523809524,
Or,2,,NATOPS,0,False,0.0,0.9523809523809524,
And,2,,NATOPS,0,False,0.0,0.9523809523809524,
And,4,,NATOPS,0,False,0.0,0.9523809523809524,
Globally,1,0.56,NATOPS,0,False,0.0,0.9523809523809524,
Eventually,1,0.22,NATOPS,0,False,0.0,0.9523809523809524,
Globally,1,0.22,NATOPS,0,False,0.0,0.9523809523809524,
Eventually,1,0.04,NATOPS,0,False,0.0,0.9523809523809524,
Eventually,1,0.04,NATOPS,0,False,0.0,0.9523809523809524,
Globally,1,0.22,NATOPS,0,False,0.0,0.9523809523809524,
Globally,1,0.04,NATOPS,0,False,0.0,0.9523809523809524,
Globally,1,0.92,NATOPS,0,False,0.0,0.9523809523809524,
And,3,,NATOPS,0,False,0.0,0.9523809523809524,
Eventually,1,1.0,NATOPS,0,False,0.0,0.9523809523809524,
Or,2,,NATOPS,0,False,0.0,0.9523809523809524,
And,2,,NATOPS,0,False,0.0,0.9523809523809524,
And,2,,NATOPS,0,False,0.0,0.9523809523809524,
Globally,1,0.16,NATOPS,0,False,0.0,0.9523809523809524,
Globally,1,0.04,NATOPS,0,False,0.0,0.9523809523809524,
Eventually,2,0.9,NATOPS,0,False,0.0,0.9523809523809524,
Eventually,3,0.04,NATOPS,0,False,0.0,0.9523809523809524,
Or,2,,NATOPS,0,False,0.0,0.9523809523809524,
Globally,1,0.06,NATOPS,0,False,0.0,0.9523809523809524,
Or,2,,NATOPS,0,False,0.0,0.9523809523809524,
Eventually,2,1.0,NATOPS,0,False,0.0,0.9523809523809524,
Globally,1,0.04,NATOPS,0,False,0.0,0.9523809523809524,
Eventually,1,0.64,NATOPS,0,False,0.0,0.9523809523809524,
Eventually,1,0.28,NATOPS,0,False,0.0,0.9523809523809524,
Or,2,,NATOPS,0,False,0.0,0.9523809523809524,
Eventually,3,0.34,NATOPS,0,False,0.0,0.9523809523809524,
Eventually,1,0.18,NATOPS,0,False,0.0,0.9523809523809524,
Eventually,1,0.12,NATOPS,0,False,0.0,0.9523809523809524,
Globally,1,0.04,NATOPS,0,False,0.0,0.9523809523809524,
And,2,,NATOPS,0,False,0.0,0.9523809523809524,
Eventually,1,1.0,NATOPS,0,False,0.0,0.9523809523809524,
Or,4,,NATOPS,0,False,0.0,0.9523809523809524,
Globally,1,0.92,NATOPS,0,False,0.0,0.9523809523809524,
Globally,1,1.0,NATOPS,0,False,0.0,0.9523809523809524,
Eventually,1,0.94,NATOPS,0,False,0.0,0.9523809523809524,
Or,2,,NATOPS,0,True,0.0063616450482928116,0.9523809523809524,True
And,3,,NATOPS,0,False,0.0,0.9523809523809524,
Eventually,1,0.16,NATOPS,0,False,0.0,0.9523809523809524,
Globally,1,0.6,NATOPS,0,False,0.0,0.9523809523809524,
Or,2,,NATOPS,0,False,0.0,0.9523809523809524,
And,4,,NATOPS,0,False,0.0,0.9523809523809524,
Globally,1,0.12,NATOPS,0,False,0.0,0.9523809523809524,
Globally,4,0.46,NATOPS,0,False,0.0,0.9523809523809524,
Globally,2,0.14,NATOPS,0,False,0.0,0.9523809523809524,
And,4,,NATOPS,0,False,0.0,0.9523809523809524,
Globally,1,0.06,NATOPS,0,False,0.0,0.9523809523809524,
Or,2,,NATOPS,0,False,0.0,0.9523809523809524,
And,3,,NATOPS,0,False,0.0,0.9523809523809524,
Or,3,,NATOPS,0,False,0.0,0.9523809523809524,
Globally,2,0.84,NATOPS,0,False,0.0,0.9523809523809524,
Or,2,,NATOPS,0,False,0.0,0.9523809523809524,
Eventually,1,0.16,NATOPS,0,False,0.0,0.9523809523809524,
Globally,2,0.96,NATOPS,0,False,0.0,0.9523809523809524,
Eventually,1,0.28,NATOPS,0,False,0.0,0.9523809523809524,
Eventually,1,0.18,NATOPS,0,False,0.0,0.9523809523809524,
Globally,2,0.12,NATOPS,0,False,0.0,0.9523809523809524,
Globally,1,1.0,NATOPS,0,False,0.0,0.9523809523809524,
Globally,1,0.04,NATOPS,0,False,0.0,0.9523809523809524,
Or,2,,NATOPS,0,False,0.0,0.9523809523809524,
Globally,2,0.3,NATOPS,0,False,0.0,0.9523809523809524,
Eventually,3,0.04,NATOPS,0,False,0.0,0.9523809523809524,
Eventually,2,0.54,NATOPS,0,False,0.0,0.9523809523809524,
Or,2,,NATOPS,0,False,0.0,0.9523809523809524,
Eventually,1,0.08,NATOPS,0,False,0.0,0.9523809523809524,
Eventually,1,1.0,NATOPS,0,False,0.0,0.9523809523809524,
Eventually,1,0.12,NATOPS,0,False,0.0,0.9523809523809524,
Eventually,1,0.04,NATOPS,0,False,0.0,0.9523809523809524,
And,4,,NATOPS,0,False,0.0,0.9523809523809524,
Or,3,,NATOPS,0,False,0.0,0.9523809523809524,
Globally,1,0.04,NATOPS,0,False,0.0,0.9523809523809524,
And,2,,NATOPS,0,False,0.0,0.9523809523809524,
And,2,,NATOPS,0,False,0.0,0.9523809523809524,
And,2,,NATOPS,0,False,0.0,0.9523809523809524,
Or,2,,NATOPS,0,False,0.0,0.9523809523809524,
Globally,1,0.2,NATOPS,0,False,0.0,0.9523809523809524,
Or,4,,NATOPS,0,False,0.0,0.9523809523809524,
And,2,,NATOPS,0,False,0.0,0.9523809523809524,
And,3,,NATOPS,0,False,0.0,0.9523809523809524,
And,2,,NATOPS,0,False,0.0,0.9523809523809524,
Eventually,1,1.0,NATOPS,0,False,0.0,0.9523809523809524,
Globally,4,0.32,NATOPS,0,False,0.0,0.9523809523809524,
And,2,,NATOPS,0,False,0.0,0.9523809523809524,
Globally,1,1.0,NATOPS,0,False,0.0,0.9523809523809524,
Eventually,4,0.36,NATOPS,0,False,0.0,0.9523809523809524,
Eventually,1,0.38,NATOPS,0,False,0.0,0.9523809523809524,
Eventually,1,1.0,NATOPS,0,False,0.0,0.9523809523809524,
Eventually,1,0.2,NATOPS,0,False,0.0,0.9523809523809524,
Globally,1,1.0,NATOPS,0,False,0.0,0.9523809523809524,
Eventually,2,0.72,NATOPS,0,False,0.0,0.9523809523809524,
Or,2,,NATOPS,0,False,0.0,0.9523809523809524,
Eventually,1,0.48,NATOPS,0,False,0.0,0.9523809523809524,
Globally,1,0.22,NATOPS,0,False,0.0,0.9523809523809524,
And,4,,NATOPS,0,False,0.0,0.9523809523809524,
Eventually,1,1.0,NATOPS,0,False,0.0,0.9523809523809524,
Globally,1,0.04,NATOPS,0,False,0.0,0.9523809523809524,
Globally,1,0.14,NATOPS,0,False,0.0,0.9523809523809524,
Globally,1,0.04,NATOPS,0,False,0.0,0.9523809523809524,
And,2,,NATOPS,0,False,0.0,0.9523809523809524,
Eventually,1,1.0,NATOPS,0,False,0.0,0.9523809523809524,
Globally,1,0.08,NATOPS,0,False,0.0,0.9523809523809524,
Globally,1,1.0,NATOPS,0,False,0.0,0.9523809523809524,
Eventually,2,0.08,NATOPS,0,False,0.0,0.9523809523809524,
Globally,1,1.0,NATOPS,0,False,0.0,0.9523809523809524,
Globally,1,0.42,NATOPS,0,False,0.0,0.9523809523809524,
Eventually,2,0.84,NATOPS,0,False,0.0,0.9523809523809524,
Eventually,2,0.22,NATOPS,0,False,0.0,0.9523809523809524,
Globally,1,1.0,NATOPS,0,False,0.0,0.9523809523809524,
And,2,,NATOPS,0,False,0.0,0.9523809523809524,
Or,3,,NATOPS,0,False,0.0,0.9523809523809524,
Eventually,1,0.16,NATOPS,0,False,0.0,0.9523809523809524,
Globally,1,0.36,NATOPS,0,False,0.0,0.9523809523809524,
Eventually,1,0.18,NATOPS,0,False,0.0,0.9523809523809524,
Globally,2,0.24,NATOPS,0,False,0.0,0.9523809523809524,
And,3,,NATOPS,0,False,0.0,0.9523809523809524,
Eventually,3,1.0,NATOPS,0,False,0.0,0.9523809523809524,
Eventually,1,0.06,NATOPS,0,False,0.0,0.9523809523809524,
Eventually,1,1.0,NATOPS,0,False,0.0,0.9523809523809524,
Or,2,,NATOPS,0,False,0.0,0.9523809523809524,
Globally,2,0.18,NATOPS,0,False,0.0,0.9523809523809524,
Eventually,2,0.26,NATOPS,0,False,0.0,0.9523809523809524,
And,3,,NATOPS,0,False,0.0,0.9523809523809524,
Eventually,1,0.68,NATOPS,0,False,0.0,0.9523809523809524,
Globally,1,0.04,NATOPS,0,False,0.0,0.9523809523809524,
Eventually,1,0.62,NATOPS,0,False,0.0,0.9523809523809524,
Or,2,,NATOPS,0,False,0.0,0.9523809523809524,
And,2,,NATOPS,0,False,0.0,0.9523809523809524,
Or,3,,NATOPS,0,False,0.0,0.9523809523809524,
Globally,1,0.14,NATOPS,0,False,0.0,0.9523809523809524,
Eventually,2,0.24,NATOPS,0,False,0.0,0.9523809523809524,
Or,3,,NATOPS,0,False,0.0,0.9523809523809524,
Eventually,1,0.1,NATOPS,0,False,0.0,0.9523809523809524,
And,3,,NATOPS,0,False,0.0,0.9523809523809524,
Eventually,4,0.1,NATOPS,0,False,0.0,0.9523809523809524,
Globally,2,0.8,NATOPS,0,False,0.0,0.9523809523809524,
Eventually,1,0.1,NATOPS,0,False,0.0,0.9523809523809524,
Globally,1,0.04,NATOPS,0,False,0.0,0.9523809523809524,
Eventually,2,1.0,NATOPS,0,False,0.0,0.9523809523809524,
Globally,1,0.64,NATOPS,0,False,0.0,0.9523809523809524,
Or,2,,NATOPS,0,False,0.0,0.9523809523809524,
Globally,2,0.14,NATOPS,0,False,0.0,0.9523809523809524,
Globally,1,0.04,NATOPS,0,False,0.0,0.9523809523809524,
Globally,1,0.04,NATOPS,0,False,0.0,0.9523809523809524,
Or,2,,NATOPS,0,False,0.0,0.9523809523809524,
And,2,,NATOPS,0,False,0.0,0.9523809523809524,
And,2,,NATOPS,0,False,0.0,0.9523809523809524,
Or,3,,NATOPS,0,False,0.0,0.9523809523809524,
Or,2,,NATOPS,0,False,0.0,0.9523809523809524,
Or,4,,NATOPS,0,False,0.0,0.9523809523809524,
Globally,1,0.06,NATOPS,0,False,0.0,0.9523809523809524,
Eventually,1,0.34,NATOPS,0,False,0.0,0.9523809523809524,
And,3,,NATOPS,0,False,0.0,0.9523809523809524,
Globally,2,0.24,NATOPS,0,False,0.0,0.9523809523809524,
Eventually,1,0.16,NATOPS,0,False,0.0,0.9523809523809524,
And,2,,NATOPS,0,False,0.0,0.9523809523809524,
Or,2,,NATOPS,0,False,0.0,0.9523809523809524,
And,3,,NATOPS,0,False,0.0,0.9523809523809524,
Eventually,1,0.12,NATOPS,0,False,0.0,0.9523809523809524,
Eventually,1,0.04,NATOPS,0,False,0.0,0.9523809523809524,
Eventually,1,0.08,NATOPS,0,False,0.0,0.9523809523809524,
And,3,,NATOPS,0,False,0.0,0.9523809523809524,
Globally,2,0.36,NATOPS,0,False,0.0,0.9523809523809524,
Eventually,1,0.08,NATOPS,0,False,0.0,0.9523809523809524,
Globally,1,1.0,NATOPS,0,False,0.0,0.9523809523809524,
Globally,1,0.08,NATOPS,0,False,0.0,0.9523809523809524,
Eventually,1,0.56,NATOPS,0,False,0.0,0.9523809523809524,
Eventually,2,0.54,NATOPS,0,False,0.0,0.9523809523809524,
Or,2,,NATOPS,0,False,0.0,0.9523809523809524,
Globally,2,0.16,NATOPS,0,False,0.0,0.9523809523809524,
Eventually,2,0.06,NATOPS,0,False,0.0,0.9523809523809524,
Eventually,2,1.0,NATOPS,0,False,0.0,0.9523809523809524,
Globally,1,0.04,NATOPS,0,False,0.0,0.9523809523809524,
Globally,2,0.78,NATOPS,0,False,0.0,0.9523809523809524,
Eventually,2,0.92,NATOPS,0,False,0.0,0.9523809523809524,
And,2,,NATOPS,0,False,0.0,0.9523809523809524,
Or,2,,NATOPS,0,False,0.0,0.9523809523809524,
Eventually,3,0.14,NATOPS,0,False,0.0,0.9523809523809524,
Or,4,,NATOPS,0,False,0.0,0.9523809523809524,
Globally,1,0.48,NATOPS,0,False,0.0,0.9523809523809524,
Or,3,,NATOPS,0,False,0.0,0.9523809523809524,
Or,2,,NATOPS,0,False,0.0,0.9523809523809524,
And,2,,NATOPS,0,False,0.0,0.9523809523809524,
Eventually,1,0.62,NATOPS,0,False,0.0,0.9523809523809524,
Globally,2,0.04,NATOPS,0,False,0.0,0.9523809523809524,
Eventually,1,0.22,NATOPS,0,False,0.0,0.9523809523809524,
Eventually,3,0.18,NATOPS,0,False,0.0,0.9523809523809524,
And,3,,NATOPS,0,False,0.0,0.9523809523809524,
Globally,1,0.12,NATOPS,0,False,0.0,0.9523809523809524,
And,2,,NATOPS,0,False,0.0,0.9523809523809524,
Eventually,2,0.04,NATOPS,0,False,0.0,0.9523809523809524,
Globally,1,0.06,NATOPS,0,False,0.0,0.9523809523809524,
And,2,,NATOPS,0,False,0.0,0.9523809523809524,
Globally,1,0.08,NATOPS,0,False,0.0,0.9523809523809524,
Eventually,1,1.0,NATOPS,0,False,0.0,0.9523809523809524,
And,2,,NATOPS,0,False,0.0,0.9523809523809524,
And,2,,NATOPS,0,False,0.0,0.9523809523809524,
Globally,1,1.0,NATOPS,0,False,0.0,0.9523809523809524,
And,2,,NATOPS,0,False,0.0,0.9523809523809524,
Globally,1,0.52,NATOPS,0,False,0.0,0.9523809523809524,
And,2,,NATOPS,0,False,0.0,0.9523809523809524,
Eventually,1,0.36,NATOPS,0,False,0.0,0.9523809523809524,
Globally,1,0.26,NATOPS,0,False,0.0,0.9523809523809524,
And,2,,NATOPS,0,False,0.0,0.9523809523809524,
Or,3,,NATOPS,0,False,0.0,0.9523809523809524,
Eventually,2,1.0,NATOPS,0,False,0.0,0.9523809523809524,
Globally,1,0.04,NATOPS,0,False,0.0,0.9523809523809524,
And,4,,NATOPS,0,False,0.0,0.9523809523809524,
Globally,2,0.04,NATOPS,0,False,0.0,0.9523809523809524,
And,4,,NATOPS,0,False,0.0,0.9523809523809524,
Eventually,1,0.1,NATOPS,0,False,0.0,0.9523809523809524,
Eventually,1,0.14,NATOPS,0,False,0.0,0.9523809523809524,
Globally,1,1.0,NATOPS,0,False,0.0,0.9523809523809524,
Globally,3,0.54,NATOPS,0,False,0.0,0.9523809523809524,
And,4,,NATOPS,0,False,0.0,0.9523809523809524,
Eventually,1,0.22,NATOPS,0,False,0.0,0.9523809523809524,
Eventually,1,0.88,NATOPS,0,False,0.0,0.9523809523809524,
Globally,1,0.9,NATOPS,0,False,0.0,0.9523809523809524,
And,2,,NATOPS,0,False,0.0,0.9523809523809524,
Or,3,,NATOPS,0,False,0.0,0.9523809523809524,
Eventually,1,0.8,NATOPS,0,False,0.0,0.9523809523809524,
Or,2,,NATOPS,0,False,0.0,0.9523809523809524,
Or,2,,NATOPS,0,False,0.0,0.9523809523809524,
Globally,1,0.08,NATOPS,0,False,0.0,0.9523809523809524,
And,4,,NATOPS,0,False,0.0,0.9523809523809524,
Globally,1,0.04,NATOPS,0,False,0.0,0.9523809523809524,
Or,3,,NATOPS,0,False,0.0,0.9523809523809524,
Globally,2,0.08,NATOPS,0,False,0.0,0.9523809523809524,
Globally,2,0.74,NATOPS,0,False,0.0,0.9523809523809524,
Eventually,1,0.0,NATOPS,0,False,0.0,0.9523809523809524,
Globally,1,0.76,NATOPS,0,False,0.0,0.9523809523809524,
And,2,,NATOPS,0,False,0.0,0.9523809523809524,
Or,2,,NATOPS,0,False,0.0,0.9523809523809524,
Or,4,,NATOPS,0,False,0.0,0.9523809523809524,
And,4,,NATOPS,0,False,0.0,0.9523809523809524,
Globally,1,0.1,NATOPS,0,False,0.0,0.9523809523809524,
Eventually,2,1.0,NATOPS,0,False,0.0,0.9523809523809524,
Globally,2,0.04,NATOPS,0,False,0.0,0.9523809523809524,
Eventually,1,0.2,NATOPS,0,False,0.0,0.9523809523809524,
Globally,1,0.36,NATOPS,0,False,0.0,0.9523809523809524,
Globally,2,0.12,NATOPS,0,False,0.0,0.9523809523809524,
Or,4,,NATOPS,0,False,0.0,0.9523809523809524,
And,4,,NATOPS,0,False,0.0,0.9523809523809524,
Eventually,2,0.04,NATOPS,0,False,0.0,0.9523809523809524,
Globally,2,0.06,NATOPS,0,False,0.0,0.9523809523809524,
Eventually,1,0.22,NATOPS,0,False,0.0,0.9523809523809524,
Globally,1,0.06,NATOPS,0,False,0.0,0.9523809523809524,
And,3,,NATOPS,0,False,0.0,0.9523809523809524,
Globally,1,0.28,NATOPS,0,False,0.0,0.9523809523809524,
Globally,2,1.0,NATOPS,0,False,0.0,0.9523809523809524,
Or,4,,NATOPS,0,False,0.0,0.9523809523809524,
Globally,3,0.5,NATOPS,0,False,0.0,0.9523809523809524,
And,2,,NATOPS,0,False,0.0,0.9523809523809524,
And,4,,NATOPS,0,False,0.0,0.9523809523809524,
Or,2,,NATOPS,0,False,0.0,0.9523809523809524,
Eventually,1,0.38,NATOPS,0,False,0.0,0.9523809523809524,
Globally,3,0.12,NATOPS,0,False,0.0,0.9523809523809524,
Globally,1,0.86,NATOPS,0,False,0.0,0.9523809523809524,
Eventually,1,1.0,NATOPS,0,False,0.0,0.9523809523809524,
Eventually,1,1.0,NATOPS,0,False,0.0,0.9523809523809524,
Or,4,,NATOPS,0,False,0.0,0.9523809523809524,
Globally,3,0.26,NATOPS,0,False,0.0,0.9523809523809524,
Globally,1,0.04,NATOPS,0,False,0.0,0.9523809523809524,
Eventually,1,0.94,NATOPS,0,False,0.0,0.9523809523809524,
Eventually,1,0.04,NATOPS,0,False,0.0,0.9523809523809524,
And,4,,NATOPS,0,False,0.0,0.9523809523809524,
And,2,,NATOPS,0,False,0.0,0.9523809523809524,
Globally,3,0.06,NATOPS,0,False,0.0,0.9523809523809524,
And,2,,NATOPS,0,False,0.0,0.9523809523809524,
Eventually,2,0.04,NATOPS,0,False,0.0,0.9523809523809524,
Eventually,2,0.38,NATOPS,0,False,0.0,0.9523809523809524,
Or,4,,NATOPS,0,False,0.0,0.9523809523809524,
Eventually,1,0.06,NATOPS,0,False,0.0,0.9523809523809524,
And,4,,NATOPS,0,False,0.0,0.9523809523809524,
And,2,,NATOPS,0,False,0.0,0.9523809523809524,
Eventually,1,1.0,NATOPS,0,False,0.0,0.9523809523809524,
Eventually,1,0.06,NATOPS,0,False,0.0,0.9523809523809524,
Globally,1,1.0,NATOPS,0,False,0.0,0.9523809523809524,
Globally,1,0.2,NATOPS,0,False,0.0,0.9523809523809524,
Globally,1,0.78,NATOPS,0,False,0.0,0.9523809523809524,
And,4,,NATOPS,0,False,0.0,0.9523809523809524,
Eventually,1,0.92,NATOPS,0,False,0.0,0.9523809523809524,
Globally,3,0.3,NATOPS,0,False,0.0,0.9523809523809524,
Or,2,,NATOPS,0,False,0.0,0.9523809523809524,
Eventually,1,0.04,NATOPS,0,False,0.0,0.9523809523809524,
And,4,,NATOPS,0,False,0.0,0.9523809523809524,
Globally,1,0.06,NATOPS,0,False,0.0,0.9523809523809524,
Eventually,2,0.18,NATOPS,0,False,0.0,0.9523809523809524,
Globally,1,0.06,NATOPS,0,False,0.0,0.9523809523809524,
Or,3,,NATOPS,0,False,0.0,0.9523809523809524,
And,2,,NATOPS,0,False,0.0,0.9523809523809524,
Eventually,1,0.34,NATOPS,0,False,0.0,0.9523809523809524,
Globally,2,1.0,NATOPS,0,False,0.0,0.9523809523809524,
Or,2,,NATOPS,0,False,0.0,0.9523809523809524,
Globally,1,0.12,NATOPS,0,False,0.0,0.9523809523809524,
Eventually,2,0.04,NATOPS,0,False,0.0,0.9523809523809524,
Or,2,,NATOPS,0,False,0.0,0.9523809523809524,
Eventually,1,0.86,NATOPS,0,False,0.0,0.9523809523809524,
Eventually,1,0.92,NATOPS,0,False,0.0,0.9523809523809524,
Eventually,2,1.0,NATOPS,0,False,0.0,0.9523809523809524,
Globally,1,0.2,NATOPS,0,False,0.0,0.9523809523809524,
Eventually,1,1.0,NATOPS,0,False,0.0,0.9523809523809524,
And,2,,NATOPS,0,False,0.0,0.9523809523809524,
Eventually,2,0.42,NATOPS,0,False,0.0,0.9523809523809524,
Or,3,,NATOPS,0,False,0.0,0.9523809523809524,
Eventually,1,0.06,NATOPS,0,False,0.0,0.9523809523809524,
Eventually,1,0.06,NATOPS,0,False,0.0,0.9523809523809524,
And,3,,NATOPS,0,False,0.0,0.9523809523809524,
Eventually,2,0.3,NATOPS,0,False,0.0,0.9523809523809524,
And,2,,NATOPS,0,False,0.0,0.9523809523809524,
And,3,,NATOPS,0,False,0.0,0.9523809523809524,
Eventually,1,0.06,NATOPS,0,False,0.0,0.9523809523809524,
And,4,,NATOPS,0,False,0.0,0.9523809523809524,
Eventually,1,0.24,NATOPS,0,False,0.0,0.9523809523809524,
And,2,,NATOPS,0,False,0.0,0.9523809523809524,
Eventually,1,0.04,NATOPS,0,False,0.0,0.9523809523809524,
And,2,,NATOPS,0,False,0.0,0.9523809523809524,
Eventually,1,0.76,NATOPS,0,False,0.0,0.9523809523809524,
Or,2,,NATOPS,0,False,0.0,0.9523809523809524,
Or,4,,NATOPS,0,False,0.0,0.9523809523809524,
Eventually,2,0.04,NATOPS,0,False,0.0,0.9523809523809524,
Globally,1,0.72,NATOPS,0,False,0.0,0.9523809523809524,
Globally,1,0.92,NATOPS,0,False,0.0,0.9523809523809524,
And,2,,NATOPS,0,False,0.0,0.9523809523809524,
Eventually,1,1.0,NATOPS,0,False,0.0,0.9523809523809524,
Eventually,1,0.16,NATOPS,0,False,0.0,0.9523809523809524,
Globally,1,0.12,NATOPS,0,False,0.0,0.9523809523809524,
Eventually,2,1.0,NATOPS,0,False,0.0,0.9523809523809524,
Globally,1,0.08,NATOPS,0,False,0.0,0.9523809523809524,
Globally,1,0.14,NATOPS,0,False,0.0,0.9523809523809524,
Eventually,1,0.62,NATOPS,0,False,0.0,0.9523809523809524,
Or,4,,NATOPS,0,False,0.0,0.9523809523809524,
Eventually,2,0.08,NATOPS,0,False,0.0,0.9523809523809524,
Eventually,1,0.4,NATOPS,0,False,0.0,0.9523809523809524,
And,4,,NATOPS,0,False,0.0,0.9523809523809524,
Eventually,2,0.1,NATOPS,0,False,0.0,0.9523809523809524,
Globally,2,0.04,NATOPS,0,False,0.0,0.9523809523809524,
Eventually,1,0.86,NATOPS,0,False,0.0,0.9523809523809524,
And,2,,NATOPS,0,False,0.0,0.9523809523809524,
Globally,1,0.96,NATOPS,0,False,0.0,0.9523809523809524,
Eventually,1,1.0,NATOPS,0,False,0.0,0.9523809523809524,
Globally,1,0.02,NATOPS,0,False,0.0,0.9523809523809524,
And,3,,NATOPS,0,False,0.0,0.9523809523809524,
Or,3,,NATOPS,0,False,0.0,0.9523809523809524,
Globally,2,1.0,NATOPS,0,False,0.0,0.9523809523809524,
Globally,1,0.04,NATOPS,0,False,0.0,0.9523809523809524,
And,3,,NATOPS,0,False,0.0,0.9523809523809524,
Globally,1,0.2,NATOPS,0,False,0.0,0.9523809523809524,
Eventually,1,0.18,NATOPS,0,False,0.0,0.9523809523809524,
And,2,,NATOPS,0,False,0.0,0.9523809523809524,
Globally,2,1.0,NATOPS,0,False,0.0,0.9523809523809524,
Globally,3,0.08,NATOPS,0,False,0.0,0.9523809523809524,
Or,4,,NATOPS,0,False,0.0,0.9523809523809524,
And,2,,NATOPS,0,False,0.0,0.9523809523809524,
Globally,1,1.0,NATOPS,0,False,0.0,0.9523809523809524,
And,2,,NATOPS,0,False,0.0,0.9523809523809524,
Globally,2,0.16,NATOPS,0,False,0.0,0.9523809523809524,
Globally,1,0.56,NATOPS,0,False,0.0,0.9523809523809524,
And,2,,NATOPS,0,False,0.0,0.9523809523809524,
Globally,4,0.28,NATOPS,0,False,0.0,0.9523809523809524,
Globally,1,0.78,NATOPS,0,False,0.0,0.9523809523809524,
Globally,2,1.0,NATOPS,0,False,0.0,0.9523809523809524,
Globally,1,0.1,NATOPS,0,False,0.0,0.9523809523809524,
Or,2,,NATOPS,0,False,0.0,0.9523809523809524,
Globally,1,0.92,NATOPS,0,False,0.0,0.9523809523809524,
Globally,1,0.08,NATOPS,0,False,0.0,0.9523809523809524,
Globally,1,0.1,NATOPS,0,False,0.0,0.9523809523809524,
And,3,,NATOPS,0,False,0.0,0.9523809523809524,
Or,2,,NATOPS,0,False,0.0,0.9523809523809524,
And,2,,NATOPS,0,False,0.0,0.9523809523809524,
Eventually,1,0.64,NATOPS,0,False,0.0,0.9523809523809524,
Or,4,,NATOPS,0,False,0.0,0.9523809523809524,
Globally,1,1.0,NATOPS,0,False,0.0,0.9523809523809524,
Eventually,1,0.1,NATOPS,0,False,0.0,0.9523809523809524,
Or,2,,NATOPS,0,False,0.0,0.9523809523809524,
Eventually,1,0.14,NATOPS,0,False,0.0,0.9523809523809524,
Eventually,1,0.62,NATOPS,0,False,0.0,0.9523809523809524,
Globally,1,0.58,NATOPS,0,False,0.0,0.9523809523809524,
Globally,1,0.7,NATOPS,0,False,0.0,0.9523809523809524,
Or,3,,NATOPS,0,False,0.0,0.9523809523809524,
Or,4,,NATOPS,0,False,0.0,0.9523809523809524,
Or,3,,NATOPS,0,False,0.0,0.9523809523809524,
And,4,,NATOPS,0,False,0.0,0.9523809523809524,
Globally,1,0.62,NATOPS,0,False,0.0,0.9523809523809524,
Or,4,,NATOPS,0,False,0.0,0.9523809523809524,
And,2,,NATOPS,0,False,0.0,0.9523809523809524,
Eventually,1,0.04,NATOPS,0,False,0.0,0.9523809523809524,
And,2,,NATOPS,0,False,0.0,0.9523809523809524,
Globally,1,0.12,NATOPS,0,False,0.0,0.9523809523809524,
Globally,1,0.74,NATOPS,0,False,0.0,0.9523809523809524,
Or,2,,NATOPS,0,False,0.0,0.9523809523809524,
And,2,,NATOPS,0,False,0.0,0.9523809523809524,
Globally,1,0.6,NATOPS,0,False,0.0,0.9523809523809524,
Or,4,,NATOPS,0,False,0.0,0.9523809523809524,
Eventually,2,0.4,NATOPS,0,False,0.0,0.9523809523809524,
Or,3,,NATOPS,0,False,0.0,0.9523809523809524,
And,2,,NATOPS,0,False,0.0,0.9523809523809524,
Or,3,,NATOPS,0,False,0.0,0.9523809523809524,
Globally,1,0.1,NATOPS,0,False,0.0,0.9523809523809524,
And,4,,NATOPS,0,False,0.0,0.9523809523809524,
Globally,1,0.22,NATOPS,0,False,0.0,0.9523809523809524,
And,4,,NATOPS,0,False,0.0,0.9523809523809524,
Globally,1,0.04,NATOPS,0,False,0.0,0.9523809523809524,
Eventually,1,0.04,NATOPS,0,False,0.0,0.9523809523809524,
Or,2,,NATOPS,0,False,0.0,0.9523809523809524,
Globally,1,0.1,NATOPS,0,False,0.0,0.9523809523809524,
Globally,1,1.0,NATOPS,0,False,0.0,0.9523809523809524,
Globally,1,0.62,NATOPS,0,False,0.0,0.9523809523809524,
Eventually,1,0.78,NATOPS,0,False,0.0,0.9523809523809524,
Globally,3,0.3,NATOPS,0,False,0.0,0.9523809523809524,
Globally,1,0.06,NATOPS,0,False,0.0,0.9523809523809524,
Eventually,1,1.0,NATOPS,0,False,0.0,0.9523809523809524,
Eventually,2,0.52,NATOPS,0,False,0.0,0.9523809523809524,
And,4,,NATOPS,0,False,0.0,0.9523809523809524,
Globally,1,0.5,NATOPS,0,False,0.0,0.9523809523809524,
Eventually,1,0.76,NATOPS,0,False,0.0,0.9523809523809524,
Or,2,,NATOPS,0,False,0.0,0.9523809523809524,
Globally,1,0.98,NATOPS,0,False,0.0,0.9523809523809524,
Eventually,1,0.28,NATOPS,0,False,0.0,0.9523809523809524,
Eventually,1,0.3,NATOPS,0,False,0.0,0.9523809523809524,
And,2,,NATOPS,0,False,0.0,0.9523809523809524,
And,2,,NATOPS,0,False,0.0,0.9523809523809524,
Eventually,3,1.0,NATOPS,0,False,0.0,0.9523809523809524,
Or,3,,NATOPS,0,False,0.0,0.9523809523809524,
Eventually,1,0.88,NATOPS,0,False,0.0,0.9523809523809524,
Globally,1,1.0,NATOPS,0,False,0.0,0.9523809523809524,
Globally,1,0.08,NATOPS,0,False,0.0,0.9523809523809524,
Eventually,2,0.08,NATOPS,0,False,0.0,0.9523809523809524,
Globally,1,0.06,NATOPS,0,False,0.0,0.9523809523809524,
Eventually,2,0.68,NATOPS,0,False,0.0,0.9523809523809524,
Globally,1,0.56,NATOPS,0,False,0.0,0.9523809523809524,
Globally,1,0.08,NATOPS,0,False,0.0,0.9523809523809524,
Eventually,1,0.88,NATOPS,0,False,0.0,0.9523809523809524,
Globally,2,0.22,NATOPS,0,False,0.0,0.9523809523809524,
Or,2,,NATOPS,0,False,0.0,0.9523809523809524,
Eventually,1,0.06,NATOPS,0,False,0.0,0.9523809523809524,
Eventually,1,1.0,NATOPS,0,False,0.0,0.9523809523809524,
Eventually,1,1.0,NATOPS,0,False,0.0,0.9523809523809524,
Eventually,4,0.2,NATOPS,0,False,0.0,0.9523809523809524,
Or,3,,NATOPS,0,False,0.0,0.9523809523809524,
And,2,,NATOPS,0,False,0.0,0.9523809523809524,
And,2,,NATOPS,0,False,0.0,0.9523809523809524,
Or,2,,NATOPS,0,False,0.0,0.9523809523809524,
Globally,1,0.72,NATOPS,0,False,0.0,0.9523809523809524,
Globally,1,0.68,NATOPS,0,False,0.0,0.9523809523809524,
Eventually,1,0.34,NATOPS,0,False,0.0,0.9523809523809524,
Eventually,1,0.24,NATOPS,0,False,0.0,0.9523809523809524,
Globally,1,0.04,NATOPS,0,False,0.0,0.9523809523809524,
Globally,4,0.26,NATOPS,0,False,0.0,0.9523809523809524,
Eventually,1,0.1,NATOPS,0,False,0.0,0.9523809523809524,
Eventually,1,1.0,NATOPS,0,False,0.0,0.9523809523809524,
Or,4,,NATOPS,0,False,0.0,0.9523809523809524,
And,2,,NATOPS,0,False,0.0,0.9523809523809524,
Or,2,,NATOPS,0,False,0.0,0.9523809523809524,
And,2,,NATOPS,0,False,0.0,0.9523809523809524,
Globally,2,0.06,NATOPS,0,False,0.0,0.9523809523809524,
Eventually,1,0.32,NATOPS,0,False,0.0,0.9523809523809524,
Globally,2,0.14,NATOPS,0,False,0.0,0.9523809523809524,
Globally,1,0.06,NATOPS,0,False,0.0,0.9523809523809524,
And,3,,NATOPS,0,False,0.0,0.9523809523809524,
Globally,1,0.04,NATOPS,0,False,0.0,0.9523809523809524,
Eventually,2,0.4,NATOPS,0,False,0.0,0.9523809523809524,
And,3,,NATOPS,0,False,0.0,0.9523809523809524,
Eventually,1,0.04,NATOPS,0,False,0.0,0.9523809523809524,
Eventually,2,0.2,NATOPS,0,False,0.0,0.9523809523809524,
Globally,1,0.34,NATOPS,0,False,0.0,0.9523809523809524,
Eventually,2,0.12,NATOPS,0,False,0.0,0.9523809523809524,
Eventually,1,0.06,NATOPS,0,False,0.0,0.9523809523809524,
Or,2,,NATOPS,0,False,0.0,0.9523809523809524,
Eventually,2,0.08,NATOPS,0,False,0.0,0.9523809523809524,
Or,2,,NATOPS,0,False,0.0,0.9523809523809524,
Eventually,2,0.4,NATOPS,0,False,0.0,0.9523809523809524,
Eventually,1,0.04,NATOPS,0,False,0.0,0.9523809523809524,
Eventually,3,0.56,NATOPS,0,False,0.0,0.9523809523809524,
Or,2,,NATOPS,0,False,0.0,0.9523809523809524,
Or,2,,NATOPS,0,False,0.0,0.9523809523809524,
And,2,,NATOPS,0,False,0.0,0.9523809523809524,
And,3,,NATOPS,0,False,0.0,0.9523809523809524,
Eventually,1,0.04,NATOPS,0,False,0.0,0.9523809523809524,
Globally,2,0.94,NATOPS,0,False,0.0,0.9523809523809524,
Eventually,1,0.68,NATOPS,0,False,0.0,0.9523809523809524,
Eventually,2,0.36,NATOPS,0,False,0.0,0.9523809523809524,
Globally,1,1.0,NATOPS,0,False,0.0,0.9523809523809524,
Eventually,1,1.0,NATOPS,0,False,0.0,0.9523809523809524,
Or,3,,NATOPS,0,False,0.0,0.9523809523809524,
Eventually,1,0.6,NATOPS,0,False,0.0,0.9523809523809524,
Eventually,1,0.06,NATOPS,0,False,0.0,0.9523809523809524,
Globally,1,0.86,NATOPS,0,False,0.0,0.9523809523809524,
Eventually,1,1.0,NATOPS,0,False,0.0,0.9523809523809524,
Or,2,,NATOPS,0,False,0.0,0.9523809523809524,
Eventually,2,0.04,NATOPS,0,False,0.0,0.9523809523809524,
Eventually,1,0.08,NATOPS,0,False,0.0,0.9523809523809524,
Globally,1,1.0,NATOPS,0,False,0.0,0.9523809523809524,
Eventually,2,0.1,NATOPS,0,False,0.0,0.9523809523809524,
Globally,1,1.0,NATOPS,0,False,0.0,0.9523809523809524,
And,2,,NATOPS,0,False,0.0,0.9523809523809524,
And,4,,NATOPS,0,False,0.0,0.9523809523809524,
Eventually,1,1.02,NATOPS,0,False,0.0,0.9523809523809524,
Eventually,1,0.62,NATOPS,0,False,0.0,0.9523809523809524,
Eventually,1,0.5,NATOPS,0,False,0.0,0.9523809523809524,
Or,2,,NATOPS,0,False,0.0,0.9523809523809524,
Globally,1,0.14,NATOPS,0,False,0.0,0.9523809523809524,
And,3,,NATOPS,0,False,0.0,0.9523809523809524,
And,4,,NATOPS,0,False,0.0,0.9523809523809524,
Globally,1,0.26,NATOPS,0,False,0.0,0.9523809523809524,
Globally,1,0.4,NATOPS,0,False,0.0,0.9523809523809524,
Eventually,2,0.14,NATOPS,0,False,0.0,0.9523809523809524,
Globally,2,0.04,NATOPS,0,False,0.0,0.9523809523809524,
Or,3,,NATOPS,0,False,0.0,0.9523809523809524,
Eventually,1,0.88,NATOPS,0,False,0.0,0.9523809523809524,
Eventually,1,0.88,NATOPS,0,False,0.0,0.9523809523809524,
And,2,,NATOPS,0,False,0.0,0.9523809523809524,
Eventually,1,1.0,NATOPS,0,False,0.0,0.9523809523809524,
And,4,,NATOPS,0,False,0.0,0.9523809523809524,
And,3,,NATOPS,0,False,0.0,0.9523809523809524,
Eventually,1,0.34,NATOPS,0,False,0.0,0.9523809523809524,
Globally,2,0.08,NATOPS,0,False,0.0,0.9523809523809524,
And,2,,NATOPS,0,False,0.0,0.9523809523809524,
Eventually,1,1.0,NATOPS,0,False,0.0,0.9523809523809524,
And,4,,NATOPS,0,False,0.0,0.9523809523809524,
Eventually,2,1.0,NATOPS,0,False,0.0,0.9523809523809524,
And,4,,NATOPS,0,False,0.0,0.9523809523809524,
Globally,1,0.1,NATOPS,0,False,0.0,0.9523809523809524,
Globally,2,0.18,NATOPS,0,False,0.0,0.9523809523809524,
Eventually,1,0.76,NATOPS,0,False,0.0,0.9523809523809524,
Eventually,1,1.0,NATOPS,0,False,0.0,0.9523809523809524,
And,2,,NATOPS,0,False,0.0,0.9523809523809524,
Globally,1,1.0,NATOPS,0,False,0.0,0.9523809523809524,
Globally,1,0.22,NATOPS,0,False,0.0,0.9523809523809524,
Or,2,,NATOPS,0,False,0.0,0.9523809523809524,
Globally,3,1.0,NATOPS,0,False,0.0,0.9523809523809524,
Globally,1,0.22,NATOPS,0,False,0.0,0.9523809523809524,
Globally,3,1.0,NATOPS,0,False,0.0,0.9523809523809524,
Globally,1,0.06,NATOPS,0,False,0.0,0.9523809523809524,
Globally,1,0.68,NATOPS,0,False,0.0,0.9523809523809524,
And,2,,NATOPS,0,False,0.0,0.9523809523809524,
Or,2,,NATOPS,0,False,0.0,0.9523809523809524,
Globally,1,0.6,NATOPS,0,False,0.0,0.9523809523809524,
Globally,1,1.02,NATOPS,0,False,0.0,0.9523809523809524,
Eventually,1,0.2,NATOPS,0,False,0.0,0.9523809523809524,
Globally,1,0.04,NATOPS,0,False,0.0,0.9523809523809524,
Or,2,,NATOPS,0,False,0.0,0.9523809523809524,
Eventually,2,0.06,NATOPS,0,False,0.0,0.9523809523809524,
Globally,2,0.38,NATOPS,0,False,0.0,0.9523809523809524,
And,3,,NATOPS,0,False,0.0,0.9523809523809524,
Or,2,,NATOPS,0,False,0.0,0.9523809523809524,
And,2,,NATOPS,0,False,0.0,0.9523809523809524,
Globally,1,0.04,NATOPS,0,False,0.0,0.9523809523809524,
Globally,2,1.0,NATOPS,0,False,0.0,0.9523809523809524,
Eventually,1,0.02,NATOPS,0,False,0.0,0.9523809523809524,
Eventually,1,0.72,NATOPS,0,False,0.0,0.9523809523809524,
Eventually,1,0.84,NATOPS,0,False,0.0,0.9523809523809524,
And,2,,NATOPS,0,False,0.0,0.9523809523809524,
Globally,1,0.04,NATOPS,0,False,0.0,0.9523809523809524,
Or,4,,NATOPS,0,False,0.0,0.9523809523809524,
Globally,2,0.04,NATOPS,0,True,0.00291391869223194,0.9523809523809524,
Or,4,,NATOPS,0,False,0.0,0.9523809523809524,
And,4,,NATOPS,0,False,0.0,0.9523809523809524,
Or,4,,NATOPS,0,False,0.0,0.9523809523809524,
Or,4,,NATOPS,0,False,0.0,0.9523809523809524,
Eventually,3,0.12,NATOPS,0,False,0.0,0.9523809523809524,
Eventually,2,0.12,NATOPS,0,False,0.0,0.9523809523809524,
Globally,1,0.54,NATOPS,0,False,0.0,0.9523809523809524,
Globally,2,0.1,NATOPS,0,False,0.0,0.9523809523809524,
And,3,,NATOPS,0,False,0.0,0.9523809523809524,
Globally,2,0.32,NATOPS,0,False,0.0,0.9523809523809524,
Eventually,1,0.68,NATOPS,0,False,0.0,0.9523809523809524,
Eventually,1,1.0,NATOPS,0,False,0.0,0.9523809523809524,
Eventually,1,0.26,NATOPS,0,False,0.0,0.9523809523809524,
Eventually,1,0.34,NATOPS,0,False,0.0,0.9523809523809524,
And,4,,NATOPS,0,False,0.0,0.9523809523809524,
Globally,1,0.1,NATOPS,0,False,0.0,0.9523809523809524,
Eventually,1,0.32,NATOPS,0,False,0.0,0.9523809523809524,
Eventually,1,1.0,NATOPS,0,False,0.0,0.9523809523809524,
Globally,2,0.1,NATOPS,0,False,0.0,0.9523809523809524,
Eventually,1,0.36,NATOPS,0,False,0.0,0.9523809523809524,
And,4,,NATOPS,0,False,0.0,0.9523809523809524,
And,3,,NATOPS,0,False,0.0,0.9523809523809524,
Globally,1,0.52,NATOPS,0,False,0.0,0.9523809523809524,
Eventually,2,0.58,NATOPS,0,False,0.0,0.9523809523809524,
Or,2,,NATOPS,0,False,0.0,0.9523809523809524,
And,2,,NATOPS,0,False,0.0,0.9523809523809524,
Globally,1,0.24,NATOPS,0,False,0.0,0.9523809523809524,
Globally,4,0.8,NATOPS,0,False,0.0,0.9523809523809524,
Globally,2,0.22,NATOPS,0,False,0.0,0.9523809523809524,
Globally,2,1.0,NATOPS,0,False,0.0,0.9523809523809524,
And,2,,NATOPS,0,False,0.0,0.9523809523809524,
And,2,,NATOPS,0,False,0.0,0.9523809523809524,
Or,4,,NATOPS,0,False,0.0,0.9523809523809524,
And,2,,NATOPS,0,False,0.0,0.9523809523809524,
Globally,2,1.0,NATOPS,0,False,0.0,0.9523809523809524,
And,4,,NATOPS,0,False,0.0,0.9523809523809524,
Eventually,1,0.22,NATOPS,0,False,0.0,0.9523809523809524,
Globally,2,1.0,NATOPS,0,False,0.0,0.9523809523809524,
Globally,3,0.12,NATOPS,0,False,0.0,0.9523809523809524,
Or,2,,NATOPS,0,False,0.0,0.9523809523809524,
Eventually,1,0.4,NATOPS,0,False,0.0,0.9523809523809524,
And,4,,NATOPS,0,False,0.0,0.9523809523809524,
Eventually,1,0.98,NATOPS,0,False,0.0,0.9523809523809524,
And,3,,NATOPS,0,False,0.0,0.9523809523809524,
And,2,,NATOPS,0,False,0.0,0.9523809523809524,
Globally,1,0.12,NATOPS,0,False,0.0,0.9523809523809524,
Or,4,,NATOPS,0,False,0.0,0.9523809523809524,
Eventually,2,0.12,NATOPS,0,False,0.0,0.9523809523809524,
Globally,1,1.0,NATOPS,0,False,0.0,0.9523809523809524,
Eventually,2,0.58,NATOPS,0,False,0.0,0.9523809523809524,
And,3,,NATOPS,0,False,0.0,0.9523809523809524,
Or,2,,NATOPS,0,False,0.0,0.9523809523809524,
Eventually,1,0.02,NATOPS,0,False,0.0,0.9523809523809524,
And,2,,NATOPS,0,False,0.0,0.9523809523809524,
Globally,1,0.24,NATOPS,0,False,0.0,0.9523809523809524,
Globally,1,1.0,NATOPS,0,False,0.0,0.9523809523809524,
And,3,,NATOPS,0,False,0.0,0.9523809523809524,
Eventually,3,1.0,NATOPS,0,False,0.0,0.9523809523809524,
Globally,1,0.08,NATOPS,0,False,0.0,0.9523809523809524,
Eventually,2,0.16,NATOPS,0,False,0.0,0.9523809523809524,
Globally,1,0.08,NATOPS,0,False,0.0,0.9523809523809524,
Eventually,2,0.1,NATOPS,0,False,0.0,0.9523809523809524,
Eventually,1,1.0,NATOPS,0,False,0.0,0.9523809523809524,
Globally,1,0.68,NATOPS,0,False,0.0,0.9523809523809524,
Eventually,1,0.66,NATOPS,0,False,0.0,0.9523809523809524,
Eventually,2,0.72,NATOPS,0,False,0.0,0.9523809523809524,
And,4,,NATOPS,0,False,0.0,0.9523809523809524,
Eventually,4,0.6,NATOPS,0,False,0.0,0.9523809523809524,
Globally,1,0.52,NATOPS,0,False,0.0,0.9523809523809524,
Globally,1,0.26,NATOPS,0,False,0.0,0.9523809523809524,
Or,2,,NATOPS,0,False,0.0,0.9523809523809524,
Globally,1,1.0,NATOPS,0,False,0.0,0.9523809523809524,
Eventually,2,1.0,NATOPS,0,False,0.0,0.9523809523809524,
Globally,2,0.06,NATOPS,0,False,0.0,0.9523809523809524,
And,2,,NATOPS,0,False,0.0,0.9523809523809524,
Globally,1,0.06,NATOPS,0,False,0.0,0.9523809523809524,
Globally,3,0.12,NATOPS,0,False,0.0,0.9523809523809524,
And,4,,NATOPS,0,False,0.0,0.9523809523809524,
Globally,1,0.12,NATOPS,0,False,0.0,0.9523809523809524,
And,2,,NATOPS,0,False,0.0,0.9523809523809524,
Eventually,1,1.0,NATOPS,0,False,0.0,0.9523809523809524,
Eventually,1,0.34,NATOPS,0,False,0.0,0.9523809523809524,
Eventually,1,1.0,NATOPS,0,False,0.0,0.9523809523809524,
Globally,1,0.08,NATOPS,0,False,0.0,0.9523809523809524,
Or,2,,NATOPS,0,False,0.0,0.9523809523809524,
Globally,2,0.84,NATOPS,0,False,0.0,0.9523809523809524,
Eventually,3,1.0,NATOPS,0,False,0.0,0.9523809523809524,
Eventually,1,0.64,NATOPS,0,False,0.0,0.9523809523809524,
Eventually,1,1.0,NATOPS,0,False,0.0,0.9523809523809524,
Globally,3,0.04,NATOPS,0,False,0.0,0.9523809523809524,
Or,2,,NATOPS,0,False,0.0,0.9523809523809524,
And,4,,NATOPS,0,False,0.0,0.9523809523809524,
Or,2,,NATOPS,0,False,0.0,0.9523809523809524,
Eventually,1,0.7,NATOPS,0,False,0.0,0.9523809523809524,
Eventually,2,0.16,NATOPS,0,False,0.0,0.9523809523809524,
Eventually,1,0.24,NATOPS,0,False,0.0,0.9523809523809524,
Eventually,4,0.12,NATOPS,0,False,0.0,0.9523809523809524,
Globally,2,1.0,NATOPS,0,False,0.0,0.9523809523809524,
Eventually,2,0.1,NATOPS,0,False,0.0,0.9523809523809524,
Or,4,,NATOPS,0,False,0.0,0.9523809523809524,
Eventually,2,0.16,NATOPS,0,False,0.0,0.9523809523809524,
Globally,1,0.34,NATOPS,0,False,0.0,0.9523809523809524,
And,3,,NATOPS,0,False,0.0,0.9523809523809524,
Globally,2,1.0,NATOPS,0,False,0.0,0.9523809523809524,
Globally,1,1.0,NATOPS,0,False,0.0,0.9523809523809524,
And,3,,NATOPS,0,False,0.0,0.9523809523809524,
And,3,,NATOPS,0,False,0.0,0.9523809523809524,
Eventually,1,0.06,NATOPS,0,False,0.0,0.9523809523809524,
Globally,1,0.1,NATOPS,0,False,0.0,0.9523809523809524,
And,2,,NATOPS,0,False,0.0,0.9523809523809524,
Globally,1,0.3,NATOPS,0,False,0.0,0.9523809523809524,
Or,3,,NATOPS,0,False,0.0,0.9523809523809524,
Or,3,,NATOPS,0,False,0.0,0.9523809523809524,
Or,3,,NATOPS,0,False,0.0,0.9523809523809524,
Or,2,,NATOPS,0,False,0.0,0.9523809523809524,
And,2,,NATOPS,0,False,0.0,0.9523809523809524,
Eventually,2,0.1,NATOPS,0,False,0.0,0.9523809523809524,
Eventually,2,0.1,NATOPS,0,False,0.0,0.9523809523809524,
Or,4,,NATOPS,0,False,0.0,0.9523809523809524,
And,4,,NATOPS,0,False,0.0,0.9523809523809524,
And,2,,NATOPS,0,False,0.0,0.9523809523809524,
Eventually,1,0.3,NATOPS,0,False,0.0,0.9523809523809524,
Globally,2,0.5,NATOPS,0,False,0.0,0.9523809523809524,
Or,2,,NATOPS,0,False,0.0,0.9523809523809524,
Or,4,,NATOPS,0,False,0.0,0.9523809523809524,
Eventually,1,0.06,NATOPS,0,False,0.0,0.9523809523809524,
And,3,,NATOPS,0,False,0.0,0.9523809523809524,
Eventually,2,0.22,NATOPS,0,False,0.0,0.9523809523809524,
Eventually,2,0.94,NATOPS,0,False,0.0,0.9523809523809524,
Eventually,1,1.0,NATOPS,0,False,0.0,0.9523809523809524,
And,2,,NATOPS,0,False,0.0,0.9523809523809524,
Globally,1,0.1,NATOPS,0,False,0.0,0.9523809523809524,
Or,2,,NATOPS,0,False,0.0,0.9523809523809524,
And,3,,NATOPS,0,False,0.0,0.9523809523809524,
Globally,3,0.4,NATOPS,0,False,0.0,0.9523809523809524,
Eventually,1,0.68,NATOPS,0,False,0.0,0.9523809523809524,
Eventually,1,0.08,NATOPS,0,False,0.0,0.9523809523809524,
Globally,3,0.2,NATOPS,0,False,0.0,0.9523809523809524,
And,3,,NATOPS,0,False,0.0,0.9523809523809524,
And,2,,NATOPS,0,False,0.0,0.9523809523809524,
Eventually,1,0.54,NATOPS,0,False,0.0,0.9523809523809524,
Globally,2,0.18,NATOPS,0,False,0.0,0.9523809523809524,
Or,4,,NATOPS,0,False,0.0,0.9523809523809524,
Eventually,1,0.1,NATOPS,0,False,0.0,0.9523809523809524,
Or,3,,NATOPS,0,False,0.0,0.9523809523809524,
Or,2,,NATOPS,0,False,0.0,0.9523809523809524,
Eventually,1,0.04,NATOPS,0,False,0.0,0.9523809523809524,
Globally,1,1.0,NATOPS,0,False,0.0,0.9523809523809524,
Or,2,,NATOPS,0,False,0.0,0.9523809523809524,
And,4,,NATOPS,0,False,0.0,0.9523809523809524,
Or,2,,NATOPS,0,False,0.0,0.9523809523809524,
Or,2,,NATOPS,0,False,0.0,0.9523809523809524,
Globally,1,0.1,NATOPS,0,False,0.0,0.9523809523809524,
Or,2,,NATOPS,0,False,0.0,0.9523809523809524,
Eventually,1,0.02,NATOPS,0,False,0.0,0.9523809523809524,
Or,4,,NATOPS,0,False,0.0,0.9523809523809524,
Eventually,1,0.28,NATOPS,0,False,0.0,0.9523809523809524,
And,2,,NATOPS,0,False,0.0,0.9523809523809524,
And,2,,NATOPS,0,False,0.0,0.9523809523809524,
Eventually,1,0.06,NATOPS,0,False,0.0,0.9523809523809524,
And,4,,NATOPS,0,False,0.0,0.9523809523809524,
And,4,,NATOPS,0,False,0.0,0.9523809523809524,
Eventually,2,0.82,NATOPS,0,False,0.0,0.9523809523809524,
And,4,,NATOPS,0,False,0.0,0.9523809523809524,
Globally,1,0.4,NATOPS,0,False,0.0,0.9523809523809524,
Globally,1,0.04,NATOPS,0,False,0.0,0.9523809523809524,
Globally,2,0.88,NATOPS,0,False,0.0,0.9523809523809524,
Eventually,1,1.0,NATOPS,0,False,0.0,0.9523809523809524,
And,4,,NATOPS,0,False,0.0,0.9523809523809524,
Globally,1,1.0,NATOPS,0,False,0.0,0.9523809523809524,
Globally,1,1.0,NATOPS,0,False,0.0,0.9523809523809524,
Or,4,,NATOPS,0,False,0.0,0.9523809523809524,
Globally,1,0.08,NATOPS,0,False,0.0,0.9523809523809524,
Eventually,2,1.0,NATOPS,0,False,0.0,0.9523809523809524,
Or,2,,NATOPS,0,False,0.0,0.9523809523809524,
Eventually,1,1.0,NATOPS,0,False,0.0,0.9523809523809524,
Globally,1,0.86,NATOPS,0,False,0.0,0.9523809523809524,
Eventually,2,0.04,NATOPS,0,False,0.0,0.9523809523809524,
Or,2,,NATOPS,0,False,0.0,0.9523809523809524,
Globally,2,0.14,NATOPS,0,False,0.0,0.9523809523809524,
Or,2,,NATOPS,0,False,0.0,0.9523809523809524,
Or,2,,NATOPS,0,False,0.0,0.9523809523809524,
And,2,,NATOPS,0,False,0.0,0.9523809523809524,
Or,3,,NATOPS,0,False,0.0,0.9523809523809524,
And,2,,NATOPS,0,False,0.0,0.9523809523809524,
Globally,2,0.24,NATOPS,0,False,0.0,0.9523809523809524,
Globally,2,1.0,NATOPS,0,False,0.0,0.9523809523809524,
Eventually,2,0.68,NATOPS,0,False,0.0,0.9523809523809524,
Globally,2,0.12,NATOPS,0,False,0.0,0.9523809523809524,
Eventually,1,1.0,NATOPS,0,False,0.0,0.9523809523809524,
Or,3,,NATOPS,0,False,0.0,0.9523809523809524,
And,2,,NATOPS,0,False,0.0,0.9523809523809524,
Globally,1,1.0,NATOPS,0,False,0.0,0.9523809523809524,
Eventually,1,0.6,NATOPS,0,False,0.0,0.9523809523809524,
Eventually,1,0.4,NATOPS,0,False,0.0,0.9523809523809524,
Eventually,1,0.24,NATOPS,0,False,0.0,0.9523809523809524,
Globally,1,1.02,NATOPS,0,False,0.0,0.9523809523809524,
Globally,1,0.5,NATOPS,0,False,0.0,0.9523809523809524,
Globally,2,0.52,NATOPS,0,False,0.0,0.9523809523809524,
And,2,,NATOPS,0,False,0.0,0.9523809523809524,
And,2,,NATOPS,0,False,0.0,0.9523809523809524,
Eventually,1,1.0,NATOPS,0,False,0.0,0.9523809523809524,
Globally,1,0.08,NATOPS,0,False,0.0,0.9523809523809524,
And,2,,NATOPS,0,False,0.0,0.9523809523809524,
Eventually,1,0.08,NATOPS,0,False,0.0,0.9523809523809524,
Eventually,1,0.2,NATOPS,0,False,0.0,0.9523809523809524,
Eventually,2,0.06,NATOPS,0,False,0.0,0.9523809523809524,
Eventually,1,0.14,NATOPS,0,False,0.0,0.9523809523809524,
And,2,,NATOPS,0,False,0.0,0.9523809523809524,
Eventually,1,0.62,NATOPS,0,False,0.0,0.9523809523809524,
Eventually,3,0.26,NATOPS,0,False,0.0,0.9523809523809524,
Globally,1,1.0,NATOPS,0,False,0.0,0.9523809523809524,
Eventually,3,1.0,NATOPS,0,False,0.0,0.9523809523809524,
Eventually,1,1.02,NATOPS,0,False,0.0,0.9523809523809524,
Globally,1,0.06,NATOPS,0,False,0.0,0.9523809523809524,
Globally,2,0.06,NATOPS,0,False,0.0,0.9523809523809524,
Eventually,2,1.0,NATOPS,0,False,0.0,0.9523809523809524,
Eventually,1,1.0,NATOPS,0,False,0.0,0.9523809523809524,
And,2,,NATOPS,0,False,0.0,0.9523809523809524,
Or,4,,NATOPS,0,False,0.0,0.9523809523809524,
Eventually,2,1.0,NATOPS,0,False,0.0,0.9523809523809524,
Eventually,2,0.04,NATOPS,0,False,0.0,0.9523809523809524,
Eventually,1,0.42,NATOPS,0,False,0.0,0.9523809523809524,
Or,2,,NATOPS,0,False,0.0,0.9523809523809524,
Eventually,1,1.0,NATOPS,0,False,0.0,0.9523809523809524,
Eventually,1,0.28,NATOPS,0,False,0.0,0.9523809523809524,
Or,3,,NATOPS,0,False,0.0,0.9523809523809524,
Globally,1,0.06,NATOPS,0,False,0.0,0.9523809523809524,
And,4,,NATOPS,0,False,0.0,0.9523809523809524,
Or,2,,NATOPS,0,False,0.0,0.9523809523809524,
Eventually,1,0.22,NATOPS,0,False,0.0,0.9523809523809524,
Eventually,3,0.44,NATOPS,0,False,0.0,0.9523809523809524,
Or,4,,NATOPS,0,False,0.0,0.9523809523809524,
Eventually,2,1.0,NATOPS,0,False,0.0,0.9523809523809524,
And,4,,NATOPS,0,False,0.0,0.9523809523809524,
Eventually,1,0.12,NATOPS,0,False,0.0,0.9523809523809524,
And,4,,NATOPS,0,False,0.0,0.9523809523809524,
And,4,,NATOPS,0,False,0.0,0.9523809523809524,
Or,2,,NATOPS,0,False,0.0,0.9523809523809524,
Eventually,1,0.1,NATOPS,0,False,0.0,0.9523809523809524,
Eventually,2,1.0,NATOPS,0,False,0.0,0.9523809523809524,
And,2,,NATOPS,0,False,0.0,0.9523809523809524,
Or,3,,NATOPS,0,False,0.0,0.9523809523809524,
Or,2,,NATOPS,0,False,0.0,0.9523809523809524,
Globally,2,0.14,NATOPS,0,False,0.0,0.9523809523809524,
And,2,,NATOPS,0,False,0.0,0.9523809523809524,
Or,4,,NATOPS,0,False,0.0,0.9523809523809524,
Globally,1,0.52,NATOPS,0,False,0.0,0.9523809523809524,
Eventually,2,1.0,NATOPS,0,False,0.0,0.9523809523809524,
Eventually,1,1.0,NATOPS,0,False,0.0,0.9523809523809524,
Eventually,1,1.0,NATOPS,0,False,0.0,0.9523809523809524,
Eventually,1,1.0,NATOPS,0,False,0.0,0.9523809523809524,
Or,4,,NATOPS,0,False,0.0,0.9523809523809524,
Eventually,1,1.0,NATOPS,0,False,0.0,0.9523809523809524,
And,2,,NATOPS,0,False,0.0,0.9523809523809524,
Eventually,1,0.36,NATOPS,0,False,0.0,0.9523809523809524,
And,3,,NATOPS,0,False,0.0,0.9523809523809524,
Or,2,,NATOPS,0,False,0.0,0.9523809523809524,
Eventually,1,0.86,NATOPS,0,False,0.0,0.9523809523809524,
And,2,,NATOPS,0,False,0.0,0.9523809523809524,
Eventually,1,1.0,NATOPS,0,False,0.0,0.9523809523809524,
Eventually,1,0.98,NATOPS,0,False,0.0,0.9523809523809524,
Globally,3,0.04,NATOPS,0,False,0.0,0.9523809523809524,
Globally,1,0.5,NATOPS,0,False,0.0,0.9523809523809524,
Eventually,2,0.06,NATOPS,0,False,0.0,0.9523809523809524,
Globally,2,0.2,NATOPS,0,False,0.0,0.9523809523809524,
And,4,,NATOPS,0,False,0.0,0.9523809523809524,
Eventually,1,0.3,NATOPS,0,False,0.0,0.9523809523809524,
Eventually,1,1.0,NATOPS,0,False,0.0,0.9523809523809524,
And,2,,NATOPS,0,False,0.0,0.9523809523809524,
Globally,2,0.38,NATOPS,0,False,0.0,0.9523809523809524,
Eventually,1,1.0,NATOPS,0,False,0.0,0.9523809523809524,
Eventually,3,0.8,NATOPS,0,False,0.0,0.9523809523809524,
Globally,2,0.06,NATOPS,0,False,0.0,0.9523809523809524,
Or,2,,NATOPS,0,False,0.0,0.9523809523809524,
Eventually,1,0.04,NATOPS,0,False,0.0,0.9523809523809524,
Globally,1,0.9,NATOPS,0,False,0.0,0.9523809523809524,
Eventually,1,0.16,NATOPS,0,False,0.0,0.9523809523809524,
Globally,2,0.7,NATOPS,0,False,0.0,0.9523809523809524,
Eventually,1,0.1,NATOPS,0,False,0.0,0.9523809523809524,
Eventually,1,1.0,NATOPS,0,False,0.0,0.9523809523809524,
And,2,,NATOPS,0,False,0.0,0.9523809523809524,
And,2,,NATOPS,0,False,0.0,0.9523809523809524,
Or,4,,NATOPS,0,False,0.0,0.9523809523809524,
Globally,2,0.4,NATOPS,0,False,0.0,0.9523809523809524,
Globally,1,0.22,NATOPS,0,False,0.0,0.9523809523809524,
And,2,,NATOPS,0,False,0.0,0.9523809523809524,
Globally,1,0.76,NATOPS,0,False,0.0,0.9523809523809524,
Globally,3,0.08,NATOPS,0,False,0.0,0.9523809523809524,
Or,4,,NATOPS,0,False,0.0,0.9523809523809524,
Globally,2,1.0,NATOPS,0,False,0.0,0.9523809523809524,
Eventually,1,0.04,NATOPS,0,False,0.0,0.9523809523809524,
Eventually,2,0.04,NATOPS,0,False,0.0,0.9523809523809524,
Eventually,4,1.0,NATOPS,0,False,0.0,0.9523809523809524,
Eventually,4,1.0,NATOPS,0,False,0.0,0.9523809523809524,
Globally,3,0.34,NATOPS,0,False,0.0,0.9523809523809524,
And,2,,NATOPS,0,False,0.0,0.9523809523809524,
Or,2,,NATOPS,0,False,0.0,0.9523809523809524,
Or,2,,NATOPS,0,False,0.0,0.9523809523809524,
Or,2,,NATOPS,0,False,0.0,0.9523809523809524,
Or,4,,NATOPS,0,False,0.0,0.9523809523809524,
And,3,,NATOPS,0,False,0.0,0.9523809523809524,
Globally,2,0.06,NATOPS,0,False,0.0,0.9523809523809524,
Eventually,2,0.88,NATOPS,0,False,0.0,0.9523809523809524,
And,4,,NATOPS,0,False,0.0,0.9523809523809524,
Globally,1,0.38,NATOPS,0,False,0.0,0.9523809523809524,
Or,2,,NATOPS,0,False,0.0,0.9523809523809524,
Globally,1,0.9,NATOPS,0,False,0.0,0.9523809523809524,
Eventually,1,0.32,NATOPS,0,False,0.0,0.9523809523809524,
Globally,2,0.04,NATOPS,0,False,0.0,0.9523809523809524,
Globally,1,0.06,NATOPS,0,False,0.0,0.9523809523809524,
Eventually,1,0.24,NATOPS,0,False,0.0,0.9523809523809524,
And,2,,NATOPS,0,False,0.0,0.9523809523809524,
Or,3,,NATOPS,0,False,0.0,0.9523809523809524,
Or,2,,NATOPS,0,False,0.0,0.9523809523809524,
Or,2,,NATOPS,0,False,0.0,0.9523809523809524,
Globally,1,0.54,NATOPS,0,False,0.0,0.9523809523809524,
Eventually,1,0.36,NATOPS,0,False,0.0,0.9523809523809524,
Eventually,1,1.0,NATOPS,0,False,0.0,0.9523809523809524,
Or,2,,NATOPS,0,False,0.0,0.9523809523809524,
Or,2,,NATOPS,0,False,0.0,0.9523809523809524,
Or,3,,NATOPS,0,False,0.0,0.9523809523809524,
Eventually,1,0.04,NATOPS,0,False,0.0,0.9523809523809524,
Globally,1,0.04,NATOPS,0,False,0.0,0.9523809523809524,
Eventually,1,0.1,NATOPS,0,False,0.0,0.9523809523809524,
Eventually,1,0.68,NATOPS,0,False,0.0,0.9523809523809524,
Globally,1,1.0,NATOPS,0,False,0.0,0.9523809523809524,
Globally,1,0.74,NATOPS,0,False,0.0,0.9523809523809524,
Globally,2,0.44,NATOPS,0,False,0.0,0.9523809523809524,
Globally,1,0.04,NATOPS,0,False,0.0,0.9523809523809524,
Globally,2,1.0,NATOPS,0,False,0.0,0.9523809523809524,
Or,2,,NATOPS,0,False,0.0,0.9523809523809524,
And,2,,NATOPS,0,False,0.0,0.9523809523809524,
Or,2,,NATOPS,0,False,0.0,0.9523809523809524,
And,4,,NATOPS,0,False,0.0,0.9523809523809524,
Or,2,,NATOPS,0,False,0.0,0.9523809523809524,
Or,2,,NATOPS,0,False,0.0,0.9523809523809524,
Eventually,1,0.08,NATOPS,0,False,0.0,0.9523809523809524,
And,2,,NATOPS,0,False,0.0,0.9523809523809524,
Or,4,,NATOPS,0,False,0.0,0.9523809523809524,
Or,4,,NATOPS,0,False,0.0,0.9523809523809524,
Or,3,,NATOPS,0,False,0.0,0.9523809523809524,
Eventually,1,0.04,NATOPS,0,False,0.0,0.9523809523809524,
Eventually,2,0.08,NATOPS,0,False,0.0,0.9523809523809524,
Or,2,,NATOPS,0,False,0.0,0.9523809523809524,
Eventually,2,0.72,NATOPS,0,True,0.06962395472675142,0.9523809523809524,
Eventually,1,0.3,NATOPS,0,False,0.0,0.9523809523809524,
And,2,,NATOPS,0,False,0.0,0.9523809523809524,
Or,2,,NATOPS,0,False,0.0,0.9523809523809524,
Eventually,2,1.0,NATOPS,0,False,0.0,0.9523809523809524,
Eventually,1,0.86,NATOPS,0,False,0.0,0.9523809523809524,
Eventually,2,1.0,NATOPS,0,False,0.0,0.9523809523809524,
Eventually,1,0.04,NATOPS,0,False,0.0,0.9523809523809524,
Or,4,,NATOPS,0,False,0.0,0.9523809523809524,
Or,3,,NATOPS,0,False,0.0,0.9523809523809524,
And,3,,NATOPS,0,False,0.0,0.9523809523809524,
Globally,1,0.04,NATOPS,0,False,0.0,0.9523809523809524,
Eventually,1,1.0,NATOPS,0,False,0.0,0.9523809523809524,
And,2,,NATOPS,0,False,0.0,0.9523809523809524,
And,2,,NATOPS,0,False,0.0,0.9523809523809524,
And,2,,NATOPS,0,False,0.0,0.9523809523809524,
Globally,1,0.16,NATOPS,0,False,0.0,0.9523809523809524,
Eventually,1,0.08,NATOPS,0,False,0.0,0.9523809523809524,
And,2,,NATOPS,0,False,0.0,0.9523809523809524,
Globally,1,0.04,NATOPS,0,False,0.0,0.9523809523809524,
And,3,,NATOPS,0,False,0.0,0.9523809523809524,
Or,2,,NATOPS,0,False,0.0,0.9523809523809524,
Globally,1,0.54,NATOPS,0,False,0.0,0.9523809523809524,
Or,2,,NATOPS,0,False,0.0,0.9523809523809524,
Globally,1,1.0,NATOPS,0,False,0.0,0.9523809523809524,
Eventually,1,1.0,NATOPS,0,False,0.0,0.9523809523809524,
Or,2,,NATOPS,0,False,0.0,0.9523809523809524,
Globally,1,1.0,NATOPS,0,False,0.0,0.9523809523809524,
And,2,,NATOPS,0,False,0.0,0.9523809523809524,
Eventually,1,0.1,NATOPS,0,False,0.0,0.9523809523809524,
And,2,,NATOPS,0,False,0.0,0.9523809523809524,
Eventually,1,0.62,NATOPS,0,False,0.0,0.9523809523809524,
Or,2,,NATOPS,0,False,0.0,0.9523809523809524,
Globally,1,0.92,NATOPS,0,False,0.0,0.9523809523809524,
And,4,,NATOPS,0,False,0.0,0.9523809523809524,
Eventually,1,0.04,NATOPS,0,False,0.0,0.9523809523809524,
Globally,1,1.0,NATOPS,0,False,0.0,0.9523809523809524,
Eventually,1,0.66,NATOPS,0,False,0.0,0.9523809523809524,
Eventually,1,0.08,NATOPS,0,False,0.0,0.9523809523809524,
Eventually,1,0.76,NATOPS,0,False,0.0,0.9523809523809524,
Globally,1,0.26,NATOPS,0,False,0.0,0.9523809523809524,
Or,2,,NATOPS,0,False,0.0,0.9523809523809524,
Globally,2,0.5,NATOPS,0,False,0.0,0.9523809523809524,
Eventually,1,0.06,NATOPS,0,False,0.0,0.9523809523809524,
Eventually,1,0.08,NATOPS,0,False,0.0,0.9523809523809524,
Or,4,,NATOPS,0,False,0.0,0.9523809523809524,
Globally,1,1.0,NATOPS,0,False,0.0,0.9523809523809524,
Eventually,1,0.8,NATOPS,0,False,0.0,0.9523809523809524,
Eventually,1,0.12,NATOPS,0,False,0.0,0.9523809523809524,
Globally,1,0.08,NATOPS,0,False,0.0,0.9523809523809524,
Globally,2,0.08,NATOPS,0,False,0.0,0.9523809523809524,
Or,3,,NATOPS,0,False,0.0,0.9523809523809524,
Eventually,1,1.0,NATOPS,0,False,0.0,0.9523809523809524,
Globally,3,1.0,NATOPS,0,False,0.0,0.9523809523809524,
Globally,1,0.04,NATOPS,0,False,0.0,0.9523809523809524,
Globally,2,0.5,NATOPS,0,False,0.0,0.9523809523809524,
Or,3,,NATOPS,0,False,0.0,0.9523809523809524,
Globally,1,0.72,NATOPS,0,False,0.0,0.9523809523809524,
And,2,,NATOPS,0,False,0.0,0.9523809523809524,
Or,4,,NATOPS,0,False,0.0,0.9523809523809524,
Eventually,1,0.66,NATOPS,0,False,0.0,0.9523809523809524,
Eventually,1,0.08,NATOPS,0,False,0.0,0.9523809523809524,
Or,2,,NATOPS,0,False,0.0,0.9523809523809524,
Or,2,,NATOPS,0,False,0.0,0.9523809523809524,
Eventually,2,0.06,NATOPS,0,False,0.0,0.9523809523809524,
Or,2,,NATOPS,0,False,0.0,0.9523809523809524,
Globally,1,0.42,NATOPS,0,False,0.0,0.9523809523809524,
Globally,1,1.0,NATOPS,0,False,0.0,0.9523809523809524,
Eventually,1,0.12,NATOPS,0,False,0.0,0.9523809523809524,
Eventually,1,0.5,NATOPS,0,False,0.0,0.9523809523809524,
Or,2,,NATOPS,0,False,0.0,0.9523809523809524,
Eventually,2,0.04,NATOPS,0,False,0.0,0.9523809523809524,
Globally,1,0.96,NATOPS,0,False,0.0,0.9523809523809524,
Globally,1,0.12,NATOPS,0,False,0.0,0.9523809523809524,
Globally,2,0.44,NATOPS,0,False,0.0,0.9523809523809524,
Eventually,1,1.0,NATOPS,0,False,0.0,0.9523809523809524,
And,3,,NATOPS,0,False,0.0,0.9523809523809524,
And,3,,NATOPS,0,False,0.0,0.9523809523809524,
Globally,1,0.12,NATOPS,0,False,0.0,0.9523809523809524,
Globally,2,0.2,NATOPS,0,False,0.0,0.9523809523809524,
Globally,1,0.04,NATOPS,0,False,0.0,0.9523809523809524,
Or,2,,NATOPS,0,False,0.0,0.9523809523809524,
Or,2,,NATOPS,0,False,0.0,0.9523809523809524,
Globally,1,0.04,NATOPS,0,False,0.0,0.9523809523809524,
Or,2,,NATOPS,0,False,0.0,0.9523809523809524,
Eventually,1,1.0,NATOPS,0,False,0.0,0.9523809523809524,
Or,3,,NATOPS,0,False,0.0,0.9523809523809524,
Eventually,2,0.26,NATOPS,0,False,0.0,0.9523809523809524,
Globally,2,0.04,NATOPS,0,False,0.0,0.9523809523809524,
Or,2,,NATOPS,0,False,0.0,0.9523809523809524,
And,3,,NATOPS,0,False,0.0,0.9523809523809524,
And,2,,NATOPS,0,False,0.0,0.9523809523809524,
Eventually,2,1.0,NATOPS,0,False,0.0,0.9523809523809524,
Eventually,1,0.3,NATOPS,0,False,0.0,0.9523809523809524,
Or,3,,NATOPS,0,False,0.0,0.9523809523809524,
Eventually,1,0.04,NATOPS,0,False,0.0,0.9523809523809524,
And,2,,NATOPS,0,False,0.0,0.9523809523809524,
Globally,1,0.04,NATOPS,0,False,0.0,0.9523809523809524,
Eventually,1,0.96,NATOPS,0,False,0.0,0.9523809523809524,
Eventually,1,0.98,NATOPS,0,False,0.0,0.9523809523809524,
Globally,1,0.06,NATOPS,0,False,0.0,0.9523809523809524,
Globally,3,1.0,NATOPS,0,False,0.0,0.9523809523809524,
And,4,,NATOPS,0,False,0.0,0.9523809523809524,
Globally,2,0.96,NATOPS,0,False,0.0,0.9523809523809524,
Or,4,,NATOPS,0,False,0.0,0.9523809523809524,
Globally,2,0.06,NATOPS,0,False,0.0,0.9523809523809524,
And,3,,NATOPS,0,False,0.0,0.9523809523809524,
Globally,1,0.2,NATOPS,0,False,0.0,0.9523809523809524,
Or,2,,NATOPS,0,False,0.0,0.9523809523809524,
Eventually,1,0.3,NATOPS,0,False,0.0,0.9523809523809524,
Globally,2,0.66,NATOPS,0,False,0.0,0.9523809523809524,
Globally,1,1.0,NATOPS,0,False,0.0,0.9523809523809524,
Eventually,1,0.04,NATOPS,0,False,0.0,0.9523809523809524,
Eventually,1,0.8,NATOPS,0,False,0.0,0.9523809523809524,
Globally,1,0.04,NATOPS,0,False,0.0,0.9523809523809524,
Or,2,,NATOPS,0,False,0.0,0.9523809523809524,
Globally,1,0.1,NATOPS,0,False,0.0,0.9523809523809524,
Globally,1,0.08,NATOPS,0,False,0.0,0.9523809523809524,
And,4,,NATOPS,0,False,0.0,0.9523809523809524,
Eventually,2,0.4,NATOPS,0,False,0.0,0.9523809523809524,
Globally,1,0.28,NATOPS,0,False,0.0,0.9523809523809524,
Eventually,2,0.06,NATOPS,0,False,0.0,0.9523809523809524,
Eventually,3,0.22,NATOPS,0,False,0.0,0.9523809523809524,
Globally,2,0.32,NATOPS,0,False,0.0,0.9523809523809524,
Globally,1,0.22,NATOPS,0,False,0.0,0.9523809523809524,
Globally,1,0.08,NATOPS,0,False,0.0,0.9523809523809524,
Globally,1,0.04,NATOPS,0,False,0.0,0.9523809523809524,
Globally,1,0.16,NATOPS,0,False,0.0,0.9523809523809524,
Globally,2,0.04,NATOPS,0,False,0.0,0.9523809523809524,
Eventually,1,0.08,NATOPS,0,False,0.0,0.9523809523809524,
Globally,2,1.0,NATOPS,0,False,0.0,0.9523809523809524,
Or,4,,NATOPS,0,False,0.0,0.9523809523809524,
Eventually,1,0.04,NATOPS,0,False,0.0,0.9523809523809524,
Eventually,1,0.16,NATOPS,0,False,0.0,0.9523809523809524,
And,2,,NATOPS,0,False,0.0,0.9523809523809524,
Globally,1,0.04,NATOPS,0,False,0.0,0.9523809523809524,
And,4,,NATOPS,0,False,0.0,0.9523809523809524,
Globally,2,0.04,NATOPS,0,False,0.0,0.9523809523809524,
Eventually,4,0.12,NATOPS,0,False,0.0,0.9523809523809524,
Or,4,,NATOPS,0,False,0.0,0.9523809523809524,
Globally,1,1.0,NATOPS,0,False,0.0,0.9523809523809524,
Eventually,1,0.8,NATOPS,0,False,0.0,0.9523809523809524,
Globally,4,0.92,NATOPS,0,False,0.0,0.9523809523809524,
Globally,1,0.04,NATOPS,0,False,0.0,0.9523809523809524,
And,4,,NATOPS,0,False,0.0,0.9523809523809524,
Globally,1,0.56,NATOPS,0,False,0.0,0.9523809523809524,
Globally,1,0.04,NATOPS,0,False,0.0,0.9523809523809524,
Or,2,,NATOPS,0,False,0.0,0.9523809523809524,
Or,2,,NATOPS,0,False,0.0,0.9523809523809524,
Or,3,,NATOPS,0,False,0.0,0.9523809523809524,
And,2,,NATOPS,0,False,0.0,0.9523809523809524,
Or,2,,NATOPS,0,False,0.0,0.9523809523809524,
Eventually,1,0.66,NATOPS,0,False,0.0,0.9523809523809524,
And,4,,NATOPS,0,False,0.0,0.9523809523809524,
And,3,,NATOPS,0,False,0.0,0.9523809523809524,
Eventually,1,0.08,NATOPS,0,False,0.0,0.9523809523809524,
Eventually,1,1.0,NATOPS,0,False,0.0,0.9523809523809524,
Eventually,3,0.26,NATOPS,0,False,0.0,0.9523809523809524,
Eventually,1,0.04,NATOPS,0,False,0.0,0.9523809523809524,
Or,4,,NATOPS,0,False,0.0,0.9523809523809524,
Eventually,1,0.24,NATOPS,0,False,0.0,0.9523809523809524,
Eventually,2,0.86,NATOPS,0,False,0.0,0.9523809523809524,
Eventually,3,0.82,NATOPS,0,False,0.0,0.9523809523809524,
Globally,1,0.1,NATOPS,0,False,0.0,0.9523809523809524,
Globally,1,0.74,NATOPS,0,False,0.0,0.9523809523809524,
Or,2,,NATOPS,0,False,0.0,0.9523809523809524,
Globally,1,0.04,NATOPS,0,False,0.0,0.9523809523809524,
And,2,,NATOPS,0,False,0.0,0.9523809523809524,
And,4,,NATOPS,0,False,0.0,0.9523809523809524,
Globally,1,0.06,NATOPS,0,False,0.0,0.9523809523809524,
Eventually,2,0.7,NATOPS,0,False,0.0,0.9523809523809524,
Eventually,1,0.76,NATOPS,0,False,0.0,0.9523809523809524,
Eventually,1,0.66,NATOPS,0,False,0.0,0.9523809523809524,
Globally,1,0.14,NATOPS,0,False,0.0,0.9523809523809524,
Eventually,1,0.1,NATOPS,0,False,0.0,0.9523809523809524,
Eventually,2,0.2,NATOPS,0,False,0.0,0.9523809523809524,
Globally,1,0.32,NATOPS,0,False,0.0,0.9523809523809524,
And,2,,NATOPS,0,False,0.0,0.9523809523809524,
Eventually,1,0.0,NATOPS,0,False,0.0,0.9523809523809524,
Eventually,1,0.8,NATOPS,0,False,0.0,0.9523809523809524,
Globally,4,1.0,NATOPS,0,False,0.0,0.9523809523809524,
Eventually,1,0.44,NATOPS,0,False,0.0,0.9523809523809524,
Eventually,1,1.0,NATOPS,0,False,0.0,0.9523809523809524,
Eventually,2,0.06,NATOPS,0,False,0.0,0.9523809523809524,
Eventually,1,0.66,NATOPS,0,False,0.0,0.9523809523809524,
Or,2,,NATOPS,0,False,0.0,0.9523809523809524,
Or,3,,NATOPS,0,False,0.0,0.9523809523809524,
And,2,,NATOPS,0,False,0.0,0.9523809523809524,
Globally,2,0.36,NATOPS,0,False,0.0,0.9523809523809524,
And,4,,NATOPS,0,False,0.0,0.9523809523809524,
Eventually,1,0.28,NATOPS,0,False,0.0,0.9523809523809524,
And,4,,NATOPS,0,False,0.0,0.9523809523809524,
Globally,2,0.5,NATOPS,0,False,0.0,0.9523809523809524,
Or,2,,NATOPS,0,False,0.0,0.9523809523809524,
Eventually,2,0.92,NATOPS,0,False,0.0,0.9523809523809524,
Globally,1,1.0,NATOPS,0,False,0.0,0.9523809523809524,
Globally,1,0.1,NATOPS,0,False,0.0,0.9523809523809524,
And,2,,NATOPS,0,False,0.0,0.9523809523809524,
Or,2,,NATOPS,0,False,0.0,0.9523809523809524,
And,2,,NATOPS,0,False,0.0,0.9523809523809524,
Eventually,1,0.06,NATOPS,0,False,0.0,0.9523809523809524,
Eventually,1,0.12,NATOPS,0,False,0.0,0.9523809523809524,
Eventually,1,1.0,NATOPS,0,False,0.0,0.9523809523809524,
Eventually,1,1.0,NATOPS,0,False,0.0,0.9523809523809524,
Globally,1,0.44,NATOPS,0,False,0.0,0.9523809523809524,
Globally,1,0.24,NATOPS,0,False,0.0,0.9523809523809524,
Globally,3,1.0,NATOPS,0,False,0.0,0.9523809523809524,
Globally,1,0.14,NATOPS,0,False,0.0,0.9523809523809524,
Eventually,1,0.04,NATOPS,0,False,0.0,0.9523809523809524,
Globally,1,1.0,NATOPS,0,False,0.0,0.9523809523809524,
Or,3,,NATOPS,0,False,0.0,0.9523809523809524,
Globally,1,0.52,NATOPS,0,False,0.0,0.9523809523809524,
Globally,1,0.62,NATOPS,0,False,0.0,0.9523809523809524,
Eventually,1,0.08,NATOPS,0,False,0.0,0.9523809523809524,
Globally,2,0.02,NATOPS,0,False,0.0,0.9523809523809524,
Or,4,,NATOPS,0,False,0.0,0.9523809523809524,
And,2,,NATOPS,0,False,0.0,0.9523809523809524,
Eventually,2,0.06,NATOPS,0,False,0.0,0.9523809523809524,
Globally,1,0.08,NATOPS,0,False,0.0,0.9523809523809524,
Eventually,1,0.66,NATOPS,0,False,0.0,0.9523809523809524,
Globally,1,0.46,NATOPS,0,False,0.0,0.9523809523809524,
Eventually,2,1.0,NATOPS,0,False,0.0,0.9523809523809524,
Or,4,,NATOPS,0,False,0.0,0.9523809523809524,
Eventually,2,0.04,NATOPS,0,False,0.0,0.9523809523809524,
Or,2,,NATOPS,0,False,0.0,0.9523809523809524,
Globally,2,0.24,NATOPS,0,False,0.0,0.9523809523809524,
Or,2,,NATOPS,0,False,0.0,0.9523809523809524,
Globally,1,0.04,NATOPS,0,False,0.0,0.9523809523809524,
Eventually,1,0.22,NATOPS,0,False,0.0,0.9523809523809524,
Or,2,,NATOPS,0,False,0.0,0.9523809523809524,
And,2,,NATOPS,0,False,0.0,0.9523809523809524,
Or,3,,NATOPS,0,False,0.0,0.9523809523809524,
Globally,2,0.9,NATOPS,0,False,0.0,0.9523809523809524,
And,3,,NATOPS,0,False,0.0,0.9523809523809524,
Globally,4,1.0,NATOPS,0,False,0.0,0.9523809523809524,
Eventually,2,0.06,NATOPS,0,False,0.0,0.9523809523809524,
Globally,1,0.08,NATOPS,0,False,0.0,0.9523809523809524,
Globally,1,0.4,NATOPS,0,False,0.0,0.9523809523809524,
And,2,,NATOPS,0,False,0.0,0.9523809523809524,
Globally,1,0.58,NATOPS,0,False,0.0,0.9523809523809524,
Globally,2,0.04,NATOPS,0,False,0.0,0.9523809523809524,
Eventually,1,0.08,NATOPS,0,False,0.0,0.9523809523809524,
And,2,,NATOPS,0,False,0.0,0.9523809523809524,
And,3,,NATOPS,0,False,0.0,0.9523809523809524,
Or,2,,NATOPS,0,False,0.0,0.9523809523809524,
Eventually,1,0.06,NATOPS,0,False,0.0,0.9523809523809524,
Eventually,1,0.04,NATOPS,0,False,0.0,0.9523809523809524,
Or,2,,NATOPS,0,False,0.0,0.9523809523809524,
And,3,,NATOPS,0,False,0.0,0.9523809523809524,
Eventually,1,0.1,NATOPS,0,False,0.0,0.9523809523809524,
Eventually,1,0.3,NATOPS,0,False,0.0,0.9523809523809524,
Eventually,2,0.04,NATOPS,0,False,0.0,0.9523809523809524,
Eventually,1,0.58,NATOPS,0,False,0.0,0.9523809523809524,
Or,3,,NATOPS,0,False,0.0,0.9523809523809524,
Globally,1,1.0,NATOPS,0,False,0.0,0.9523809523809524,
Globally,1,0.16,NATOPS,0,False,0.0,0.9523809523809524,
Globally,1,0.04,NATOPS,0,False,0.0,0.9523809523809524,
And,2,,NATOPS,0,False,0.0,0.9523809523809524,
And,4,,NATOPS,0,False,0.0,0.9523809523809524,
Globally,1,1.0,NATOPS,0,False,0.0,0.9523809523809524,
Or,3,,NATOPS,0,False,0.0,0.9523809523809524,
Globally,1,0.16,NATOPS,0,False,0.0,0.9523809523809524,
Globally,3,0.3,NATOPS,0,False,0.0,0.9523809523809524,
Eventually,1,0.02,NATOPS,0,False,0.0,0.9523809523809524,
Eventually,1,0.06,NATOPS,0,False,0.0,0.9523809523809524,
Or,2,,NATOPS,0,False,0.0,0.9523809523809524,
Eventually,2,1.0,NATOPS,0,False,0.0,0.9523809523809524,
Eventually,1,0.08,NATOPS,0,False,0.0,0.9523809523809524,
Globally,1,0.52,NATOPS,0,False,0.0,0.9523809523809524,
Or,2,,NATOPS,0,False,0.0,0.9523809523809524,
Globally,1,0.08,NATOPS,0,False,0.0,0.9523809523809524,
Eventually,3,1.0,NATOPS,0,False,0.0,0.9523809523809524,
And,4,,NATOPS,0,False,0.0,0.9523809523809524,
Globally,1,1.0,NATOPS,0,False,0.0,0.9523809523809524,
Globally,1,0.16,NATOPS,0,False,0.0,0.9523809523809524,
Eventually,1,0.46,NATOPS,0,False,0.0,0.9523809523809524,
Or,4,,NATOPS,0,False,0.0,0.9523809523809524,
Eventually,3,0.04,NATOPS,0,False,0.0,0.9523809523809524,
Globally,2,0.28,NATOPS,0,False,0.0,0.9523809523809524,
Or,2,,NATOPS,0,False,0.0,0.9523809523809524,
Eventually,2,0.46,NATOPS,0,False,0.0,0.9523809523809524,
Or,4,,NATOPS,0,False,0.0,0.9523809523809524,
Or,2,,NATOPS,0,False,0.0,0.9523809523809524,
Globally,1,0.04,NATOPS,0,False,0.0,0.9523809523809524,
Globally,2,1.0,NATOPS,0,False,0.0,0.9523809523809524,
Eventually,1,1.0,NATOPS,0,False,0.0,0.9523809523809524,
Globally,1,0.44,NATOPS,0,False,0.0,0.9523809523809524,
Eventually,1,0.04,NATOPS,0,False,0.0,0.9523809523809524,
Eventually,3,1.0,NATOPS,0,False,0.0,0.9523809523809524,
Eventually,1,0.26,NATOPS,0,False,0.0,0.9523809523809524,
Globally,1,1.0,NATOPS,0,False,0.0,0.9523809523809524,
And,4,,NATOPS,0,False,0.0,0.9523809523809524,
Eventually,1,0.26,NATOPS,0,False,0.0,0.9523809523809524,
Globally,1,1.0,NATOPS,0,False,0.0,0.9523809523809524,
Eventually,2,0.92,NATOPS,0,False,0.0,0.9523809523809524,
Globally,1,0.34,NATOPS,0,False,0.0,0.9523809523809524,
And,2,,NATOPS,0,False,0.0,0.9523809523809524,
Globally,2,0.2,NATOPS,0,False,0.0,0.9523809523809524,
And,2,,NATOPS,0,False,0.0,0.9523809523809524,
Or,2,,NATOPS,0,False,0.0,0.9523809523809524,
And,2,,NATOPS,0,False,0.0,0.9523809523809524,
Eventually,1,1.0,NATOPS,0,False,0.0,0.9523809523809524,
Globally,1,0.08,NATOPS,0,False,0.0,0.9523809523809524,
Eventually,1,0.08,NATOPS,0,False,0.0,0.9523809523809524,
Or,2,,NATOPS,0,False,0.0,0.9523809523809524,
And,4,,NATOPS,0,False,0.0,0.9523809523809524,
Globally,1,0.2,NATOPS,0,False,0.0,0.9523809523809524,
Eventually,1,0.22,NATOPS,0,False,0.0,0.9523809523809524,
Eventually,2,0.06,NATOPS,0,False,0.0,0.9523809523809524,
Eventually,2,0.76,NATOPS,0,False,0.0,0.9523809523809524,
Eventually,3,0.04,NATOPS,0,False,0.0,0.9523809523809524,
Eventually,2,1.0,NATOPS,0,False,0.0,0.9523809523809524,
Eventually,1,0.1,NATOPS,0,False,0.0,0.9523809523809524,
Globally,1,0.08,NATOPS,0,False,0.0,0.9523809523809524,
Globally,1,1.0,NATOPS,0,False,0.0,0.9523809523809524,
Or,2,,NATOPS,0,False,0.0,0.9523809523809524,
Globally,1,0.06,NATOPS,0,False,0.0,0.9523809523809524,
Eventually,1,0.04,NATOPS,0,False,0.0,0.9523809523809524,
Or,2,,NATOPS,0,False,0.0,0.9523809523809524,
Eventually,2,1.0,NATOPS,0,False,0.0,0.9523809523809524,
Eventually,1,1.0,NATOPS,0,False,0.0,0.9523809523809524,
Or,2,,NATOPS,0,False,0.0,0.9523809523809524,
Eventually,2,0.92,NATOPS,0,False,0.0,0.9523809523809524,
Or,2,,NATOPS,0,False,0.0,0.9523809523809524,
Eventually,1,0.5,NATOPS,0,False,0.0,0.9523809523809524,
Or,3,,NATOPS,0,False,0.0,0.9523809523809524,
And,2,,NATOPS,0,False,0.0,0.9523809523809524,
Eventually,1,0.72,NATOPS,0,False,0.0,0.9523809523809524,
Globally,2,0.24,NATOPS,0,False,0.0,0.9523809523809524,
Eventually,3,0.38,NATOPS,0,False,0.0,0.9523809523809524,
Eventually,2,0.12,NATOPS,0,False,0.0,0.9523809523809524,
Eventually,1,0.42,NATOPS,0,False,0.0,0.9523809523809524,
And,3,,NATOPS,0,False,0.0,0.9523809523809524,
Or,2,,NATOPS,0,False,0.0,0.9523809523809524,
And,2,,NATOPS,0,False,0.0,0.9523809523809524,
And,2,,NATOPS,0,False,0.0,0.9523809523809524,
Eventually,2,0.18,NATOPS,0,False,0.0,0.9523809523809524,
Or,3,,NATOPS,0,False,0.0,0.9523809523809524,
Eventually,1,0.1,NATOPS,0,False,0.0,0.9523809523809524,
Or,2,,NATOPS,0,False,0.0,0.9523809523809524,
Globally,1,0.84,NATOPS,0,False,0.0,0.9523809523809524,
Eventually,1,0.54,NATOPS,0,False,0.0,0.9523809523809524,
Eventually,2,0.56,NATOPS,0,False,0.0,0.9523809523809524,
Globally,1,0.16,NATOPS,0,False,0.0,0.9523809523809524,
Globally,2,0.72,NATOPS,0,False,0.0,0.9523809523809524,
Eventually,2,0.04,NATOPS,0,False,0.0,0.9523809523809524,
Eventually,4,0.04,NATOPS,0,False,0.0,0.9523809523809524,
Globally,1,0.8,NATOPS,0,False,0.0,0.9523809523809524,
Globally,3,0.58,NATOPS,0,False,0.0,0.9523809523809524,
Eventually,1,1.0,NATOPS,0,False,0.0,0.9523809523809524,
Or,4,,NATOPS,0,False,0.0,0.9523809523809524,
Or,2,,NATOPS,0,False,0.0,0.9523809523809524,
And,2,,NATOPS,0,False,0.0,0.9523809523809524,
Eventually,1,0.44,NATOPS,0,False,0.0,0.9523809523809524,
And,2,,NATOPS,0,False,0.0,0.9523809523809524,
Globally,1,0.22,NATOPS,0,False,0.0,0.9523809523809524,
Or,2,,NATOPS,0,False,0.0,0.9523809523809524,
Eventually,2,0.4,NATOPS,0,False,0.0,0.9523809523809524,
Eventually,1,0.06,NATOPS,0,False,0.0,0.9523809523809524,
Globally,2,0.24,NATOPS,0,False,0.0,0.9523809523809524,
Eventually,1,1.0,NATOPS,0,False,0.0,0.9523809523809524,
Eventually,1,0.1,NATOPS,0,False,0.0,0.9523809523809524,
Globally,1,0.54,NATOPS,0,False,0.0,0.9523809523809524,
And,4,,NATOPS,0,False,0.0,0.9523809523809524,
Globally,2,1.0,NATOPS,0,False,0.0,0.9523809523809524,
Eventually,1,0.24,NATOPS,0,False,0.0,0.9523809523809524,
Or,3,,NATOPS,0,False,0.0,0.9523809523809524,
Or,2,,NATOPS,0,False,0.0,0.9523809523809524,
And,2,,NATOPS,0,False,0.0,0.9523809523809524,
Globally,1,0.1,NATOPS,0,False,0.0,0.9523809523809524,
Globally,1,0.04,NATOPS,0,False,0.0,0.9523809523809524,
Eventually,1,0.82,NATOPS,0,False,0.0,0.9523809523809524,
And,2,,NATOPS,0,False,0.0,0.9523809523809524,
Or,4,,NATOPS,0,False,0.0,0.9523809523809524,
Globally,1,0.06,NATOPS,0,False,0.0,0.9523809523809524,
Eventually,1,0.56,NATOPS,0,False,0.0,0.9523809523809524,
Eventually,4,1.0,NATOPS,0,False,0.0,0.9523809523809524,
Eventually,1,1.0,NATOPS,0,False,0.0,0.9523809523809524,
And,2,,NATOPS,0,False,0.0,0.9523809523809524,
Eventually,1,0.04,NATOPS,0,False,0.0,0.9523809523809524,
Globally,1,0.08,NATOPS,0,False,0.0,0.9523809523809524,
And,3,,NATOPS,0,False,0.0,0.9523809523809524,
And,2,,NATOPS,0,False,0.0,0.9523809523809524,
Or,2,,NATOPS,0,False,0.0,0.9523809523809524,
Eventually,1,0.4,NATOPS,0,False,0.0,0.9523809523809524,
Eventually,1,0.92,NATOPS,0,False,0.0,0.9523809523809524,
And,3,,NATOPS,0,False,0.0,0.9523809523809524,
And,2,,NATOPS,0,False,0.0,0.9523809523809524,
Eventually,1,0.9,NATOPS,0,False,0.0,0.9523809523809524,
Globally,2,1.0,NATOPS,0,False,0.0,0.9523809523809524,
Eventually,1,0.08,NATOPS,0,False,0.0,0.9523809523809524,
Eventually,1,0.34,NATOPS,0,False,0.0,0.9523809523809524,
Globally,2,0.38,NATOPS,0,False,0.0,0.9523809523809524,
And,2,,NATOPS,0,False,0.0,0.9523809523809524,
Eventually,1,0.18,NATOPS,0,False,0.0,0.9523809523809524,
Globally,2,1.0,NATOPS,0,False,0.0,0.9523809523809524,
And,2,,NATOPS,0,False,0.0,0.9523809523809524,
Eventually,2,0.96,NATOPS,0,False,0.0,0.9523809523809524,
Or,4,,NATOPS,0,False,0.0,0.9523809523809524,
Or,2,,NATOPS,0,False,0.0,0.9523809523809524,
Or,3,,NATOPS,0,False,0.0,0.9523809523809524,
Or,2,,NATOPS,0,False,0.0,0.9523809523809524,
Globally,2,0.38,NATOPS,0,False,0.0,0.9523809523809524,
Globally,1,0.4,NATOPS,0,False,0.0,0.9523809523809524,
Or,4,,NATOPS,0,False,0.0,0.9523809523809524,
Globally,1,0.04,NATOPS,0,False,0.0,0.9523809523809524,
And,4,,NATOPS,0,False,0.0,0.9523809523809524,
Eventually,1,0.9,NATOPS,0,False,0.0,0.9523809523809524,
And,2,,NATOPS,0,False,0.0,0.9523809523809524,
Eventually,1,0.86,NATOPS,0,False,0.0,0.9523809523809524,
Or,2,,NATOPS,0,False,0.0,0.9523809523809524,
And,4,,NATOPS,0,False,0.0,0.9523809523809524,
Or,4,,NATOPS,0,False,0.0,0.9523809523809524,
And,2,,NATOPS,0,False,0.0,0.9523809523809524,
Globally,1,0.22,NATOPS,0,False,0.0,0.9523809523809524,
Globally,3,0.14,NATOPS,0,False,0.0,0.9523809523809524,
Globally,1,0.06,NATOPS,0,False,0.0,0.9523809523809524,
Globally,2,0.04,NATOPS,0,False,0.0,0.9523809523809524,
And,2,,NATOPS,0,False,0.0,0.9523809523809524,
Eventually,1,1.0,NATOPS,0,False,0.0,0.9523809523809524,
Or,4,,NATOPS,0,False,0.0,0.9523809523809524,
Eventually,1,0.04,NATOPS,0,False,0.0,0.9523809523809524,
Or,4,,NATOPS,0,False,0.0,0.9523809523809524,
Globally,1,0.04,NATOPS,0,False,0.0,0.9523809523809524,
Eventually,1,1.0,NATOPS,0,False,0.0,0.9523809523809524,
Or,2,,NATOPS,0,False,0.0,0.9523809523809524,
Globally,2,0.94,NATOPS,0,False,0.0,0.9523809523809524,
Eventually,1,1.0,NATOPS,0,False,0.0,0.9523809523809524,
Or,4,,NATOPS,0,False,0.0,0.9523809523809524,
Or,2,,NATOPS,0,False,0.0,0.9523809523809524,
Or,2,,NATOPS,0,False,0.0,0.9523809523809524,
Globally,1,0.18,NATOPS,0,False,0.0,0.9523809523809524,
Globally,1,0.98,NATOPS,0,False,0.0,0.9523809523809524,
Or,3,,NATOPS,0,False,0.0,0.9523809523809524,
And,2,,NATOPS,0,False,0.0,0.9523809523809524,
Eventually,1,0.06,NATOPS,0,False,0.0,0.9523809523809524,
And,4,,NATOPS,0,False,0.0,0.9523809523809524,
Or,2,,NATOPS,0,False,0.0,0.9523809523809524,
Globally,1,0.34,NATOPS,0,False,0.0,0.9523809523809524,
Eventually,1,0.88,NATOPS,0,False,0.0,0.9523809523809524,
Eventually,1,1.0,NATOPS,0,False,0.0,0.9523809523809524,
Globally,1,0.14,NATOPS,0,False,0.0,0.9523809523809524,
Eventually,3,0.4,NATOPS,0,False,0.0,0.9523809523809524,
Or,2,,NATOPS,0,False,0.0,0.9523809523809524,
Globally,1,1.0,NATOPS,0,False,0.0,0.9523809523809524,
And,2,,NATOPS,0,False,0.0,0.9523809523809524,
Eventually,1,0.04,NATOPS,0,False,0.0,0.9523809523809524,
Globally,2,0.1,NATOPS,0,False,0.0,0.9523809523809524,
Or,2,,NATOPS,0,False,0.0,0.9523809523809524,
And,4,,NATOPS,0,False,0.0,0.9523809523809524,
And,2,,NATOPS,0,False,0.0,0.9523809523809524,
Globally,2,0.1,NATOPS,0,False,0.0,0.9523809523809524,
Globally,1,1.0,NATOPS,0,False,0.0,0.9523809523809524,
Globally,1,0.74,NATOPS,0,False,0.0,0.9523809523809524,
Globally,1,0.16,NATOPS,0,False,0.0,0.9523809523809524,
Globally,2,0.04,NATOPS,0,False,0.0,0.9523809523809524,
Eventually,2,1.0,NATOPS,0,False,0.0,0.9523809523809524,
Eventually,1,1.0,NATOPS,0,False,0.0,0.9523809523809524,
Or,4,,NATOPS,0,False,0.0,0.9523809523809524,
Or,3,,NATOPS,0,False,0.0,0.9523809523809524,
And,3,,NATOPS,0,False,0.0,0.9523809523809524,
And,3,,NATOPS,0,False,0.0,0.9523809523809524,
Or,3,,NATOPS,0,False,0.0,0.9523809523809524,
And,2,,NATOPS,0,False,0.0,0.9523809523809524,
Or,2,,NATOPS,0,False,0.0,0.9523809523809524,
Eventually,1,0.38,NATOPS,0,False,0.0,0.9523809523809524,
And,2,,NATOPS,0,False,0.0,0.9523809523809524,
And,2,,NATOPS,0,False,0.0,0.9523809523809524,
And,4,,NATOPS,0,False,0.0,0.9523809523809524,
Eventually,1,1.0,NATOPS,0,False,0.0,0.9523809523809524,
Or,2,,NATOPS,0,False,0.0,0.9523809523809524,
Globally,1,0.74,NATOPS,0,False,0.0,0.9523809523809524,
Eventually,1,0.56,NATOPS,0,False,0.0,0.9523809523809524,
Globally,1,0.36,NATOPS,0,False,0.0,0.9523809523809524,
And,3,,NATOPS,0,False,0.0,0.9523809523809524,
Eventually,1,0.1,NATOPS,0,False,0.0,0.9523809523809524,
Eventually,3,0.38,NATOPS,0,False,0.0,0.9523809523809524,
Globally,1,0.6,NATOPS,0,False,0.0,0.9523809523809524,
Eventually,1,0.28,NATOPS,0,False,0.0,0.9523809523809524,
Eventually,1,0.08,NATOPS,0,False,0.0,0.9523809523809524,
Eventually,1,1.0,NATOPS,0,False,0.0,0.9523809523809524,
Eventually,2,0.26,NATOPS,0,False,0.0,0.9523809523809524,
Eventually,1,1.0,NATOPS,0,False,0.0,0.9523809523809524,
Globally,1,0.96,NATOPS,0,False,0.0,0.9523809523809524,
Globally,1,0.04,NATOPS,0,False,0.0,0.9523809523809524,
Eventually,1,0.06,NATOPS,0,False,0.0,0.9523809523809524,
And,3,,NATOPS,0,False,0.0,0.9523809523809524,
Eventually,1,0.56,NATOPS,0,False,0.0,0.9523809523809524,
Globally,3,0.92,NATOPS,0,False,0.0,0.9523809523809524,
Eventually,2,1.0,NATOPS,0,False,0.0,0.9523809523809524,
Globally,1,0.04,NATOPS,0,False,0.0,0.9523809523809524,
Eventually,2,0.04,NATOPS,0,False,0.0,0.9523809523809524,
Eventually,1,0.04,NATOPS,0,False,0.0,0.9523809523809524,
And,2,,NATOPS,0,False,0.0,0.9523809523809524,
Eventually,1,0.28,NATOPS,0,False,0.0,0.9523809523809524,
And,4,,NATOPS,0,False,0.0,0.9523809523809524,
Eventually,1,1.0,NATOPS,0,False,0.0,0.9523809523809524,
Globally,1,0.04,NATOPS,0,False,0.0,0.9523809523809524,
Globally,1,0.22,NATOPS,0,False,0.0,0.9523809523809524,
Globally,1,0.56,NATOPS,0,False,0.0,0.9523809523809524,
Globally,2,0.4,NATOPS,0,False,0.0,0.9523809523809524,
Globally,1,0.12,NATOPS,0,False,0.0,0.9523809523809524,
Globally,1,0.82,NATOPS,0,False,0.0,0.9523809523809524,
And,2,,NATOPS,0,False,0.0,0.9523809523809524,
And,3,,NATOPS,0,False,0.0,0.9523809523809524,
And,4,,NATOPS,0,False,0.0,0.9523809523809524,
Globally,1,1.0,NATOPS,0,False,0.0,0.9523809523809524,
Eventually,2,0.14,NATOPS,0,False,0.0,0.9523809523809524,
Eventually,1,0.26,NATOPS,0,False,0.0,0.9523809523809524,
And,3,,NATOPS,0,False,0.0,0.9523809523809524,
Eventually,3,0.46,NATOPS,0,False,0.0,0.9523809523809524,
Eventually,1,0.86,NATOPS,0,False,0.0,0.9523809523809524,
Eventually,1,0.58,NATOPS,0,False,0.0,0.9523809523809524,
Eventually,1,1.0,NATOPS,0,False,0.0,0.9523809523809524,
Globally,1,0.66,NATOPS,0,False,0.0,0.9523809523809524,
Globally,2,0.72,NATOPS,0,False,0.0,0.9523809523809524,
Globally,2,0.72,NATOPS,0,False,0.0,0.9523809523809524,
And,2,,NATOPS,0,False,0.0,0.9523809523809524,
Globally,1,1.0,NATOPS,0,False,0.0,0.9523809523809524,
Eventually,1,1.0,NATOPS,0,False,0.0,0.9523809523809524,
Globally,2,0.44,NATOPS,0,False,0.0,0.9523809523809524,
Globally,2,1.0,NATOPS,0,False,0.0,0.9523809523809524,
Eventually,1,0.7,NATOPS,0,False,0.0,0.9523809523809524,
Eventually,1,0.1,NATOPS,0,False,0.0,0.9523809523809524,
Globally,3,0.86,NATOPS,0,False,0.0,0.9523809523809524,
Globally,1,0.96,NATOPS,0,False,0.0,0.9523809523809524,
And,4,,NATOPS,0,False,0.0,0.9523809523809524,
Globally,1,0.14,NATOPS,0,False,0.0,0.9523809523809524,
Eventually,1,0.52,NATOPS,0,False,0.0,0.9523809523809524,
Globally,1,0.08,NATOPS,0,False,0.0,0.9523809523809524,
Or,4,,NATOPS,0,False,0.0,0.9523809523809524,
Globally,1,0.94,NATOPS,0,False,0.0,0.9523809523809524,
Globally,1,0.38,NATOPS,0,False,0.0,0.9523809523809524,
Eventually,1,0.52,NATOPS,0,False,0.0,0.9523809523809524,
Or,2,,NATOPS,0,False,0.0,0.9523809523809524,
Eventually,3,0.12,NATOPS,0,False,0.0,0.9523809523809524,
Globally,1,0.34,NATOPS,0,False,0.0,0.9523809523809524,
Or,2,,NATOPS,0,False,0.0,0.9523809523809524,
Or,3,,NATOPS,0,False,0.0,0.9523809523809524,
Eventually,1,0.04,NATOPS,0,False,0.0,0.9523809523809524,
And,2,,NATOPS,0,False,0.0,0.9523809523809524,
Or,2,,NATOPS,0,False,0.0,0.9523809523809524,
Globally,1,0.9,NATOPS,0,False,0.0,0.9523809523809524,
Or,4,,NATOPS,0,False,0.0,0.9523809523809524,
Eventually,1,0.22,NATOPS,0,False,0.0,0.9523809523809524,
Eventually,3,0.4,NATOPS,0,False,0.0,0.9523809523809524,
Or,2,,NATOPS,0,False,0.0,0.9523809523809524,
Or,4,,NATOPS,0,False,0.0,0.9523809523809524,
Globally,1,0.14,NATOPS,0,False,0.0,0.9523809523809524,
Globally,1,0.06,NATOPS,0,False,0.0,0.9523809523809524,
Globally,1,0.32,NATOPS,0,False,0.0,0.9523809523809524,
Globally,1,1.0,NATOPS,0,False,0.0,0.9523809523809524,
Globally,1,1.0,NATOPS,0,False,0.0,0.9523809523809524,
Eventually,1,0.48,NATOPS,0,False,0.0,0.9523809523809524,
Globally,1,0.04,NATOPS,0,False,0.0,0.9523809523809524,
Eventually,1,0.74,NATOPS,0,False,0.0,0.9523809523809524,
Globally,1,0.64,NATOPS,0,False,0.0,0.9523809523809524,
Eventually,3,0.04,NATOPS,0,False,0.0,0.9523809523809524,
Globally,1,0.12,NATOPS,0,False,0.0,0.9523809523809524,
Globally,2,0.44,NATOPS,0,False,0.0,0.9523809523809524,
Eventually,1,0.08,NATOPS,0,False,0.0,0.9523809523809524,
Or,2,,NATOPS,0,False,0.0,0.9523809523809524,
Or,4,,NATOPS,0,False,0.0,0.9523809523809524,
Eventually,3,1.0,NATOPS,0,False,0.0,0.9523809523809524,
And,2,,NATOPS,0,False,0.0,0.9523809523809524,
Or,3,,NATOPS,0,False,0.0,0.9523809523809524,
Or,2,,NATOPS,0,False,0.0,0.9523809523809524,
Or,3,,NATOPS,0,False,0.0,0.9523809523809524,
And,3,,NATOPS,0,False,0.0,0.9523809523809524,
And,2,,NATOPS,0,False,0.0,0.9523809523809524,
Globally,1,1.0,NATOPS,0,False,0.0,0.9523809523809524,
Globally,2,0.14,NATOPS,0,False,0.0,0.9523809523809524,
Eventually,1,0.04,NATOPS,0,False,0.0,0.9523809523809524,
Eventually,1,0.44,NATOPS,0,False,0.0,0.9523809523809524,
Globally,2,0.52,NATOPS,0,False,0.0,0.9523809523809524,
Globally,2,0.48,NATOPS,0,False,0.0,0.9523809523809524,
Eventually,1,0.16,NATOPS,0,False,0.0,0.9523809523809524,
Eventually,2,0.24,NATOPS,0,False,0.0,0.9523809523809524,
Globally,1,1.0,NATOPS,0,False,0.0,0.9523809523809524,
Eventually,2,0.24,NATOPS,0,False,0.0,0.9523809523809524,
Eventually,2,0.26,NATOPS,0,False,0.0,0.9523809523809524,
Globally,3,1.0,NATOPS,0,False,0.0,0.9523809523809524,
Eventually,1,0.94,NATOPS,0,False,0.0,0.9523809523809524,
Or,2,,NATOPS,0,False,0.0,0.9523809523809524,
And,2,,NATOPS,0,False,0.0,0.9523809523809524,
Globally,1,0.48,NATOPS,0,False,0.0,0.9523809523809524,
Or,2,,NATOPS,0,False,0.0,0.9523809523809524,
Globally,1,1.0,NATOPS,0,False,0.0,0.9523809523809524,
Globally,2,0.54,NATOPS,0,False,0.0,0.9523809523809524,
Eventually,1,0.44,NATOPS,0,False,0.0,0.9523809523809524,
Globally,2,0.9,NATOPS,0,False,0.0,0.9523809523809524,
And,2,,NATOPS,0,False,0.0,0.9523809523809524,
Or,2,,NATOPS,0,False,0.0,0.9523809523809524,
Eventually,1,1.0,NATOPS,0,False,0.0,0.9523809523809524,
Globally,1,0.14,NATOPS,0,False,0.0,0.9523809523809524,
And,3,,NATOPS,0,False,0.0,0.9523809523809524,
Globally,2,0.9,NATOPS,0,False,0.0,0.9523809523809524,
Eventually,1,0.92,NATOPS,0,False,0.0,0.9523809523809524,
Eventually,1,0.76,NATOPS,0,False,0.0,0.9523809523809524,
Globally,1,0.08,NATOPS,0,False,0.0,0.9523809523809524,
Or,2,,NATOPS,0,False,0.0,0.9523809523809524,
Eventually,1,0.46,NATOPS,0,False,0.0,0.9523809523809524,
Eventually,1,0.26,NATOPS,0,False,0.0,0.9523809523809524,
Eventually,1,0.04,NATOPS,0,False,0.0,0.9523809523809524,
Globally,1,1.0,NATOPS,0,False,0.0,0.9523809523809524,
Globally,3,0.06,NATOPS,0,False,0.0,0.9523809523809524,
Or,2,,NATOPS,0,False,0.0,0.9523809523809524,
Globally,1,0.06,NATOPS,0,False,0.0,0.9523809523809524,
Globally,1,1.0,NATOPS,0,False,0.0,0.9523809523809524,
Or,4,,NATOPS,0,False,0.0,0.9523809523809524,
Globally,1,0.26,NATOPS,0,False,0.0,0.9523809523809524,
Eventually,2,1.0,NATOPS,0,False,0.0,0.9523809523809524,
Globally,2,0.04,NATOPS,0,False,0.0,0.9523809523809524,
And,3,,NATOPS,0,False,0.0,0.9523809523809524,
Globally,1,0.6,NATOPS,0,False,0.0,0.9523809523809524,
Globally,1,0.2,NATOPS,0,False,0.0,0.9523809523809524,
Globally,1,1.02,NATOPS,0,False,0.0,0.9523809523809524,
Eventually,1,0.64,NATOPS,0,False,0.0,0.9523809523809524,
Eventually,1,0.6,NATOPS,0,False,0.0,0.9523809523809524,
Or,2,,NATOPS,0,False,0.0,0.9523809523809524,
Eventually,2,0.24,NATOPS,0,False,0.0,0.9523809523809524,
Eventually,2,0.28,NATOPS,0,False,0.0,0.9523809523809524,
Globally,1,0.32,NATOPS,0,False,0.0,0.9523809523809524,
Eventually,1,0.96,NATOPS,0,False,0.0,0.9523809523809524,
Or,2,,NATOPS,0,False,0.0,0.9523809523809524,
Or,4,,NATOPS,0,False,0.0,0.9523809523809524,
Globally,1,0.2,NATOPS,0,False,0.0,0.9523809523809524,
Or,2,,NATOPS,0,False,0.0,0.9523809523809524,
Globally,1,0.04,NATOPS,0,False,0.0,0.9523809523809524,
Eventually,1,0.22,NATOPS,0,False,0.0,0.9523809523809524,
And,2,,NATOPS,0,False,0.0,0.9523809523809524,
Globally,1,0.04,NATOPS,0,False,0.0,0.9523809523809524,
Globally,2,0.02,NATOPS,0,False,0.0,0.9523809523809524,
Globally,1,0.84,NATOPS,0,False,0.0,0.9523809523809524,
Eventually,1,0.1,NATOPS,0,False,0.0,0.9523809523809524,
Eventually,2,0.18,NATOPS,0,False,0.0,0.9523809523809524,
And,3,,NATOPS,0,False,0.0,0.9523809523809524,
Eventually,1,0.52,NATOPS,0,False,0.0,0.9523809523809524,
Globally,1,1.0,NATOPS,0,False,0.0,0.9523809523809524,
Globally,2,0.22,NATOPS,0,False,0.0,0.9523809523809524,
Globally,1,0.96,NATOPS,0,False,0.0,0.9523809523809524,
Eventually,1,0.1,NATOPS,0,False,0.0,0.9523809523809524,
Or,2,,NATOPS,0,False,0.0,0.9523809523809524,
Globally,1,0.56,NATOPS,0,False,0.0,0.9523809523809524,
Globally,1,0.32,NATOPS,0,False,0.0,0.9523809523809524,
Eventually,1,0.04,NATOPS,0,False,0.0,0.9523809523809524,
And,3,,NATOPS,0,False,0.0,0.9523809523809524,
Globally,2,0.1,NATOPS,0,False,0.0,0.9523809523809524,
Eventually,1,0.06,NATOPS,0,False,0.0,0.9523809523809524,
Eventually,2,0.78,NATOPS,0,False,0.0,0.9523809523809524,
Globally,1,0.9,NATOPS,0,False,0.0,0.9523809523809524,
Or,2,,NATOPS,0,False,0.0,0.9523809523809524,
Eventually,1,0.38,NATOPS,0,False,0.0,0.9523809523809524,
Globally,2,1.0,NATOPS,0,False,0.0,0.9523809523809524,
Or,2,,NATOPS,0,False,0.0,0.9523809523809524,
Or,4,,NATOPS,0,False,0.0,0.9523809523809524,
Globally,1,1.0,NATOPS,0,False,0.0,0.9523809523809524,
Eventually,2,0.04,NATOPS,0,False,0.0,0.9523809523809524,
Globally,1,1.0,NATOPS,0,False,0.0,0.9523809523809524,
Or,4,,NATOPS,0,False,0.0,0.9523809523809524,
And,2,,NATOPS,0,False,0.0,0.9523809523809524,
Eventually,1,0.14,NATOPS,0,False,0.0,0.9523809523809524,
Eventually,1,0.12,NATOPS,0,False,0.0,0.9523809523809524,
Eventually,1,1.0,NATOPS,0,False,0.0,0.9523809523809524,
Globally,1,1.0,NATOPS,0,False,0.0,0.9523809523809524,
Eventually,2,0.06,NATOPS,0,False,0.0,0.9523809523809524,
Globally,1,0.8,NATOPS,0,False,0.0,0.9523809523809524,
Or,2,,NATOPS,0,False,0.0,0.9523809523809524,
Eventually,2,0.18,NATOPS,0,False,0.0,0.9523809523809524,
Eventually,2,0.86,NATOPS,0,False,0.0,0.9523809523809524,
And,4,,NATOPS,0,False,0.0,0.9523809523809524,
And,3,,NATOPS,0,False,0.0,0.9523809523809524,
Or,3,,NATOPS,0,False,0.0,0.9523809523809524,
Globally,1,0.96,NATOPS,0,False,0.0,0.9523809523809524,
Eventually,2,0.08,NATOPS,0,False,0.0,0.9523809523809524,
Or,4,,NATOPS,0,False,0.0,0.9523809523809524,
Globally,2,1.0,NATOPS,0,False,0.0,0.9523809523809524,
Eventually,1,0.26,NATOPS,0,False,0.0,0.9523809523809524,
Eventually,2,0.1,NATOPS,0,False,0.0,0.9523809523809524,
Eventually,1,1.0,NATOPS,0,False,0.0,0.9523809523809524,
Eventually,2,0.68,NATOPS,0,False,0.0,0.9523809523809524,
Globally,1,0.22,NATOPS,0,False,0.0,0.9523809523809524,
Globally,2,0.18,NATOPS,0,False,0.0,0.9523809523809524,
Globally,1,0.54,NATOPS,0,False,0.0,0.9523809523809524,
Eventually,1,0.22,NATOPS,0,False,0.0,0.9523809523809524,
Eventually,3,1.0,NATOPS,0,False,0.0,0.9523809523809524,
Eventually,1,0.4,NATOPS,0,False,0.0,0.9523809523809524,
Globally,1,1.0,NATOPS,0,False,0.0,0.9523809523809524,
Or,2,,NATOPS,0,False,0.0,0.9523809523809524,
Or,3,,NATOPS,0,False,0.0,0.9523809523809524,
Or,3,,NATOPS,0,False,0.0,0.9523809523809524,
Or,2,,NATOPS,0,False,0.0,0.9523809523809524,
Or,2,,NATOPS,0,False,0.0,0.9523809523809524,
Eventually,1,0.76,NATOPS,0,False,0.0,0.9523809523809524,
And,2,,NATOPS,0,False,0.0,0.9523809523809524,
Or,3,,NATOPS,0,False,0.0,0.9523809523809524,
And,4,,NATOPS,0,False,0.0,0.9523809523809524,
Eventually,1,1.0,NATOPS,0,False,0.0,0.9523809523809524,
Or,4,,NATOPS,0,False,0.0,0.9523809523809524,
Eventually,2,0.06,NATOPS,0,False,0.0,0.9523809523809524,
Globally,2,0.3,NATOPS,0,False,0.0,0.9523809523809524,
And,2,,NATOPS,0,False,0.0,0.9523809523809524,
Eventually,3,0.54,NATOPS,0,False,0.0,0.9523809523809524,
Globally,2,0.3,NATOPS,0,False,0.0,0.9523809523809524,
Eventually,2,0.64,NATOPS,0,False,0.0,0.9523809523809524,
Eventually,1,0.08,NATOPS,0,False,0.0,0.9523809523809524,
Eventually,1,1.0,NATOPS,0,False,0.0,0.9523809523809524,
And,2,,NATOPS,0,False,0.0,0.9523809523809524,
And,4,,NATOPS,0,False,0.0,0.9523809523809524,
Globally,1,0.78,NATOPS,0,False,0.0,0.9523809523809524,
Eventually,2,1.0,NATOPS,0,False,0.0,0.9523809523809524,
Eventually,1,0.74,NATOPS,0,False,0.0,0.9523809523809524,
Eventually,1,0.18,NATOPS,0,False,0.0,0.9523809523809524,
Or,4,,NATOPS,0,False,0.0,0.9523809523809524,
And,2,,NATOPS,0,False,0.0,0.9523809523809524,
Or,2,,NATOPS,0,False,0.0,0.9523809523809524,
Or,4,,NATOPS,0,False,0.0,0.9523809523809524,
Globally,1,0.28,NATOPS,0,False,0.0,0.9523809523809524,
Globally,2,0.82,NATOPS,0,False,0.0,0.9523809523809524,
Eventually,1,0.1,NATOPS,0,False,0.0,0.9523809523809524,
Eventually,2,0.72,NATOPS,0,False,0.0,0.9523809523809524,
Eventually,2,0.04,NATOPS,0,False,0.0,0.9523809523809524,
Globally,1,0.84,NATOPS,0,False,0.0,0.9523809523809524,
Eventually,1,0.86,NATOPS,0,False,0.0,0.9523809523809524,
Or,4,,NATOPS,0,False,0.0,0.9523809523809524,
Eventually,1,0.14,NATOPS,0,False,0.0,0.9523809523809524,
And,3,,NATOPS,0,False,0.0,0.9523809523809524,
Or,4,,NATOPS,0,False,0.0,0.9523809523809524,
Eventually,1,0.2,NATOPS,0,False,0.0,0.9523809523809524,
Globally,1,0.04,NATOPS,0,False,0.0,0.9523809523809524,
Eventually,1,0.08,NATOPS,0,False,0.0,0.9523809523809524,
And,2,,NATOPS,0,False,0.0,0.9523809523809524,
Globally,2,0.84,NATOPS,0,False,0.0,0.9523809523809524,
Eventually,1,1.0,NATOPS,0,False,0.0,0.9523809523809524,
Or,2,,NATOPS,0,False,0.0,0.9523809523809524,
Eventually,1,0.84,NATOPS,0,False,0.0,0.9523809523809524,
And,2,,NATOPS,0,False,0.0,0.9523809523809524,
And,3,,NATOPS,0,False,0.0,0.9523809523809524,
Eventually,1,0.12,NATOPS,0,False,0.0,0.9523809523809524,
And,2,,NATOPS,0,False,0.0,0.9523809523809524,
Eventually,3,0.06,NATOPS,0,False,0.0,0.9523809523809524,
Globally,1,0.08,NATOPS,0,False,0.0,0.9523809523809524,
Eventually,1,1.0,NATOPS,0,False,0.0,0.9523809523809524,
And,3,,NATOPS,0,False,0.0,0.9523809523809524,
Globally,2,0.28,NATOPS,0,False,0.0,0.9523809523809524,
Globally,1,0.58,NATOPS,0,False,0.0,0.9523809523809524,
Globally,1,0.2,NATOPS,0,False,0.0,0.9523809523809524,
Globally,2,0.04,NATOPS,0,False,0.0,0.9523809523809524,
Eventually,1,1.0,NATOPS,0,False,0.0,0.9523809523809524,
And,2,,NATOPS,0,False,0.0,0.9523809523809524,
Globally,1,0.5,NATOPS,0,False,0.0,0.9523809523809524,
Or,2,,NATOPS,0,False,0.0,0.9523809523809524,
Globally,1,0.1,NATOPS,0,False,0.0,0.9523809523809524,
Or,4,,NATOPS,0,False,0.0,0.9523809523809524,
Globally,1,0.38,NATOPS,0,False,0.0,0.9523809523809524,
Or,4,,NATOPS,0,False,0.0,0.9523809523809524,
Eventually,2,0.06,NATOPS,0,False,0.0,0.9523809523809524,
Or,2,,NATOPS,0,False,0.0,0.9523809523809524,
And,3,,NATOPS,0,False,0.0,0.9523809523809524,
And,2,,NATOPS,0,False,0.0,0.9523809523809524,
And,3,,NATOPS,0,False,0.0,0.9523809523809524,
Globally,1,0.06,NATOPS,0,False,0.0,0.9523809523809524,
Eventually,1,1.0,NATOPS,0,False,0.0,0.9523809523809524,
Eventually,1,0.08,NATOPS,0,False,0.0,0.9523809523809524,
Eventually,2,0.06,NATOPS,0,False,0.0,0.9523809523809524,
Or,3,,NATOPS,0,False,0.0,0.9523809523809524,
Globally,1,0.76,NATOPS,0,False,0.0,0.9523809523809524,
Globally,1,0.14,NATOPS,0,False,0.0,0.9523809523809524,
And,2,,NATOPS,0,False,0.0,0.9523809523809524,
Eventually,1,0.04,NATOPS,0,False,0.0,0.9523809523809524,
Or,4,,NATOPS,0,False,0.0,0.9523809523809524,
Eventually,1,1.0,NATOPS,0,False,0.0,0.9523809523809524,
And,2,,NATOPS,0,False,0.0,0.9523809523809524,
And,2,,NATOPS,0,False,0.0,0.9523809523809524,
And,2,,NATOPS,0,False,0.0,0.9523809523809524,
Eventually,1,0.38,NATOPS,0,False,0.0,0.9523809523809524,
Or,4,,NATOPS,0,False,0.0,0.9523809523809524,
Or,2,,NATOPS,0,False,0.0,0.9523809523809524,
And,2,,NATOPS,0,False,0.0,0.9523809523809524,
Or,2,,NATOPS,0,False,0.0,0.9523809523809524,
Eventually,1,0.6,NATOPS,0,False,0.0,0.9523809523809524,
And,2,,NATOPS,0,False,0.0,0.9523809523809524,
And,2,,NATOPS,0,False,0.0,0.9523809523809524,
Globally,1,0.04,NATOPS,0,False,0.0,0.9523809523809524,
Globally,1,1.0,NATOPS,0,False,0.0,0.9523809523809524,
Eventually,2,0.22,NATOPS,0,False,0.0,0.9523809523809524,
Globally,1,0.04,NATOPS,0,False,0.0,0.9523809523809524,
And,3,,NATOPS,0,False,0.0,0.9523809523809524,
Eventually,3,0.78,NATOPS,0,False,0.0,0.9523809523809524,
Eventually,1,0.08,NATOPS,0,False,0.0,0.9523809523809524,
Globally,3,0.04,NATOPS,0,False,0.0,0.9523809523809524,
Eventually,1,1.0,NATOPS,0,False,0.0,0.9523809523809524,
Globally,1,0.36,NATOPS,0,False,0.0,0.9523809523809524,
Eventually,1,0.0,NATOPS,0,False,0.0,0.9523809523809524,
Eventually,1,0.5,NATOPS,0,False,0.0,0.9523809523809524,
Or,2,,NATOPS,0,False,0.0,0.9523809523809524,
And,4,,NATOPS,0,False,0.0,0.9523809523809524,
Globally,1,0.06,NATOPS,0,False,0.0,0.9523809523809524,
Globally,3,0.14,NATOPS,0,False,0.0,0.9523809523809524,
Globally,1,1.0,NATOPS,0,False,0.0,0.9523809523809524,
Eventually,2,0.14,NATOPS,0,False,0.0,0.9523809523809524,
And,2,,NATOPS,0,False,0.0,0.9523809523809524,
Globally,1,0.06,NATOPS,0,False,0.0,0.9523809523809524,
Eventually,2,0.04,NATOPS,0,False,0.0,0.9523809523809524,
Eventually,1,0.2,NATOPS,0,False,0.0,0.9523809523809524,
And,3,,NATOPS,0,False,0.0,0.9523809523809524,
And,2,,NATOPS,0,False,0.0,0.9523809523809524,
And,3,,NATOPS,0,False,0.0,0.9523809523809524,
Or,2,,NATOPS,0,False,0.0,0.9523809523809524,
Globally,1,0.14,NATOPS,0,False,0.0,0.9523809523809524,
Globally,1,0.12,NATOPS,0,False,0.0,0.9523809523809524,
Globally,1,0.12,NATOPS,0,False,0.0,0.9523809523809524,
Or,2,,NATOPS,0,False,0.0,0.9523809523809524,
Eventually,1,1.0,NATOPS,0,False,0.0,0.9523809523809524,
And,3,,NATOPS,0,False,0.0,0.9523809523809524,
Globally,3,0.16,NATOPS,0,False,0.0,0.9523809523809524,
Eventually,3,0.52,NATOPS,0,False,0.0,0.9523809523809524,
Globally,1,0.08,NATOPS,0,False,0.0,0.9523809523809524,
Or,3,,NATOPS,0,False,0.0,0.9523809523809524,
Globally,2,0.4,NATOPS,0,False,0.0,0.9523809523809524,
Globally,1,0.04,NATOPS,0,False,0.0,0.9523809523809524,
Eventually,1,1.0,NATOPS,0,False,0.0,0.9523809523809524,
Globally,1,0.06,NATOPS,0,False,0.0,0.9523809523809524,
Eventually,2,0.34,NATOPS,0,False,0.0,0.9523809523809524,
Or,2,,NATOPS,0,False,0.0,0.9523809523809524,
Globally,1,0.08,NATOPS,0,False,0.0,0.9523809523809524,
And,2,,NATOPS,0,False,0.0,0.9523809523809524,
Eventually,3,0.74,NATOPS,0,False,0.0,0.9523809523809524,
Globally,1,0.76,NATOPS,0,False,0.0,0.9523809523809524,
Or,3,,NATOPS,0,False,0.0,0.9523809523809524,
And,2,,NATOPS,0,False,0.0,0.9523809523809524,
Globally,2,1.0,NATOPS,0,False,0.0,0.9523809523809524,
Globally,1,0.18,NATOPS,0,False,0.0,0.9523809523809524,
Eventually,1,0.18,NATOPS,0,False,0.0,0.9523809523809524,
Globally,2,0.98,NATOPS,0,False,0.0,0.9523809523809524,
Or,3,,NATOPS,0,False,0.0,0.9523809523809524,
Eventually,1,0.5,NATOPS,0,False,0.0,0.9523809523809524,
And,4,,NATOPS,0,False,0.0,0.9523809523809524,
Eventually,1,0.14,NATOPS,0,False,0.0,0.9523809523809524,
Globally,3,0.12,NATOPS,0,False,0.0,0.9523809523809524,
Globally,1,0.5,NATOPS,0,False,0.0,0.9523809523809524,
Globally,1,0.6,NATOPS,0,False,0.0,0.9523809523809524,
Globally,1,0.44,NATOPS,0,False,0.0,0.9523809523809524,
Eventually,1,0.26,NATOPS,0,False,0.0,0.9523809523809524,
Or,2,,NATOPS,0,False,0.0,0.9523809523809524,
Eventually,2,0.84,NATOPS,0,False,0.0,0.9523809523809524,
Or,2,,NATOPS,0,False,0.0,0.9523809523809524,
And,3,,NATOPS,0,False,0.0,0.9523809523809524,
And,2,,NATOPS,0,False,0.0,0.9523809523809524,
Globally,1,0.66,NATOPS,0,False,0.0,0.9523809523809524,
Eventually,1,0.18,NATOPS,0,False,0.0,0.9523809523809524,
And,4,,NATOPS,0,False,0.0,0.9523809523809524,
And,2,,NATOPS,0,False,0.0,0.9523809523809524,
And,4,,NATOPS,0,False,0.0,0.9523809523809524,
Eventually,2,0.78,NATOPS,0,False,0.0,0.9523809523809524,
Globally,2,1.0,NATOPS,0,False,0.0,0.9523809523809524,
And,2,,NATOPS,0,False,0.0,0.9523809523809524,
Globally,1,0.46,NATOPS,0,False,0.0,0.9523809523809524,
Globally,1,1.0,NATOPS,0,False,0.0,0.9523809523809524,
Globally,1,0.04,NATOPS,0,False,0.0,0.9523809523809524,
Globally,2,0.04,NATOPS,0,False,0.0,0.9523809523809524,
Or,4,,NATOPS,0,False,0.0,0.9523809523809524,
Eventually,1,0.12,NATOPS,0,False,0.0,0.9523809523809524,
Globally,1,0.1,NATOPS,0,False,0.0,0.9523809523809524,
Eventually,1,0.12,NATOPS,0,False,0.0,0.9523809523809524,
Or,2,,NATOPS,0,False,0.0,0.9523809523809524,
Eventually,1,1.0,NATOPS,0,False,0.0,0.9523809523809524,
Or,3,,NATOPS,0,False,0.0,0.9523809523809524,
Globally,2,1.0,NATOPS,0,False,0.0,0.9523809523809524,
And,4,,NATOPS,0,False,0.0,0.9523809523809524,
Eventually,1,0.36,NATOPS,0,False,0.0,0.9523809523809524,
Or,3,,NATOPS,0,False,0.0,0.9523809523809524,
Globally,1,0.82,NATOPS,0,False,0.0,0.9523809523809524,
Or,3,,NATOPS,0,False,0.0,0.9523809523809524,
Eventually,1,0.04,NATOPS,0,False,0.0,0.9523809523809524,
Eventually,2,0.06,NATOPS,0,False,0.0,0.9523809523809524,
And,2,,NATOPS,0,False,0.0,0.9523809523809524,
And,2,,NATOPS,0,False,0.0,0.9523809523809524,
Globally,1,0.62,NATOPS,0,False,0.0,0.9523809523809524,
Globally,3,0.54,NATOPS,0,False,0.0,0.9523809523809524,
Or,2,,NATOPS,0,False,0.0,0.9523809523809524,
Eventually,1,0.12,NATOPS,0,False,0.0,0.9523809523809524,
Eventually,1,0.16,NATOPS,0,False,0.0,0.9523809523809524,
Eventually,1,0.48,NATOPS,0,False,0.0,0.9523809523809524,
Eventually,2,0.78,NATOPS,0,True,0.008256359357916646,0.9523809523809524,
Eventually,1,1.0,NATOPS,0,False,0.0,0.9523809523809524,
Eventually,1,1.0,NATOPS,0,False,0.0,0.9523809523809524,
Eventually,1,0.68,NATOPS,0,False,0.0,0.9523809523809524,
Or,2,,NATOPS,0,False,0.0,0.9523809523809524,
Eventually,1,0.14,NATOPS,0,False,0.0,0.9523809523809524,
And,3,,NATOPS,0,False,0.0,0.9523809523809524,
Globally,1,1.0,NATOPS,0,False,0.0,0.9523809523809524,
Or,2,,NATOPS,0,False,0.0,0.9523809523809524,
Eventually,1,0.06,NATOPS,0,False,0.0,0.9523809523809524,
Globally,1,1.0,NATOPS,0,False,0.0,0.9523809523809524,
Or,2,,NATOPS,0,False,0.0,0.9523809523809524,
Eventually,2,0.1,NATOPS,0,False,0.0,0.9523809523809524,
Globally,3,0.18,NATOPS,0,False,0.0,0.9523809523809524,
Eventually,1,0.28,NATOPS,0,False,0.0,0.9523809523809524,
And,4,,NATOPS,0,False,0.0,0.9523809523809524,
Globally,2,1.0,NATOPS,0,False,0.0,0.9523809523809524,
Globally,1,1.0,NATOPS,0,False,0.0,0.9523809523809524,
And,2,,NATOPS,0,False,0.0,0.9523809523809524,
Globally,1,0.1,NATOPS,0,False,0.0,0.9523809523809524,
Eventually,2,0.14,NATOPS,0,False,0.0,0.9523809523809524,
Globally,1,0.76,NATOPS,0,False,0.0,0.9523809523809524,
Globally,1,0.62,NATOPS,0,False,0.0,0.9523809523809524,
Globally,1,0.62,NATOPS,0,False,0.0,0.9523809523809524,
Globally,1,0.72,NATOPS,0,False,0.0,0.9523809523809524,
Eventually,1,0.12,NATOPS,0,False,0.0,0.9523809523809524,
Or,2,,NATOPS,0,False,0.0,0.9523809523809524,
Eventually,1,0.06,NATOPS,0,False,0.0,0.9523809523809524,
Or,3,,NATOPS,0,False,0.0,0.9523809523809524,
Eventually,3,0.42,NATOPS,0,False,0.0,0.9523809523809524,
Eventually,1,0.1,NATOPS,0,False,0.0,0.9523809523809524,
Or,4,,NATOPS,0,False,0.0,0.9523809523809524,
Globally,1,0.44,NATOPS,0,False,0.0,0.9523809523809524,
Eventually,1,0.04,NATOPS,0,False,0.0,0.9523809523809524,
Eventually,2,0.9,NATOPS,0,False,0.0,0.9523809523809524,
Globally,1,0.18,NATOPS,0,False,0.0,0.9523809523809524,
Or,4,,NATOPS,0,False,0.0,0.9523809523809524,
Eventually,1,0.22,NATOPS,0,False,0.0,0.9523809523809524,
Or,2,,NATOPS,0,False,0.0,0.9523809523809524,
And,2,,NATOPS,0,False,0.0,0.9523809523809524,
And,2,,NATOPS,0,False,0.0,0.9523809523809524,
Eventually,1,0.34,NATOPS,0,False,0.0,0.9523809523809524,
And,2,,NATOPS,0,False,0.0,0.9523809523809524,
Or,3,,NATOPS,0,False,0.0,0.9523809523809524,
Eventually,2,1.0,NATOPS,0,False,0.0,0.9523809523809524,
And,2,,NATOPS,0,False,0.0,0.9523809523809524,
Or,2,,NATOPS,0,False,0.0,0.9523809523809524,
Globally,1,0.04,NATOPS,0,False,0.0,0.9523809523809524,
Or,4,,NATOPS,0,False,0.0,0.9523809523809524,
And,3,,NATOPS,0,False,0.0,0.9523809523809524,
Eventually,1,0.26,NATOPS,0,False,0.0,0.9523809523809524,
Globally,3,1.0,NATOPS,0,False,0.0,0.9523809523809524,
Globally,1,0.16,NATOPS,0,False,0.0,0.9523809523809524,
Globally,1,1.0,NATOPS,0,False,0.0,0.9523809523809524,
Globally,3,0.88,NATOPS,0,False,0.0,0.9523809523809524,
And,4,,NATOPS,0,False,0.0,0.9523809523809524,
Or,2,,NATOPS,0,False,0.0,0.9523809523809524,
Globally,1,0.06,NATOPS,0,False,0.0,0.9523809523809524,
Eventually,1,1.0,NATOPS,0,False,0.0,0.9523809523809524,
Globally,1,0.72,NATOPS,0,False,0.0,0.9523809523809524,
And,3,,NATOPS,0,False,0.0,0.9523809523809524,
Globally,1,0.64,NATOPS,0,False,0.0,0.9523809523809524,
Or,2,,NATOPS,0,False,0.0,0.9523809523809524,
Eventually,1,0.92,NATOPS,0,False,0.0,0.9523809523809524,
And,2,,NATOPS,0,False,0.0,0.9523809523809524,
Or,2,,NATOPS,0,False,0.0,0.9523809523809524,
Or,4,,NATOPS,0,False,0.0,0.9523809523809524,
Or,4,,NATOPS,0,False,0.0,0.9523809523809524,
And,2,,NATOPS,0,False,0.0,0.9523809523809524,
Globally,2,0.04,NATOPS,0,False,0.0,0.9523809523809524,
Globally,1,0.76,NATOPS,0,False,0.0,0.9523809523809524,
Eventually,1,0.28,NATOPS,0,False,0.0,0.9523809523809524,
Eventually,2,0.04,NATOPS,0,False,0.0,0.9523809523809524,
Eventually,1,0.84,NATOPS,0,False,0.0,0.9523809523809524,
Eventually,1,0.46,NATOPS,0,False,0.0,0.9523809523809524,
Globally,1,0.1,NATOPS,0,False,0.0,0.9523809523809524,
Eventually,1,0.06,NATOPS,0,False,0.0,0.9523809523809524,
Or,4,,NATOPS,0,False,0.0,0.9523809523809524,
Eventually,2,1.0,NATOPS,0,False,0.0,0.9523809523809524,
Or,4,,NATOPS,0,False,0.0,0.9523809523809524,
Eventually,2,0.08,NATOPS,0,False,0.0,0.9523809523809524,
And,2,,NATOPS,0,False,0.0,0.9523809523809524,
Eventually,1,0.76,NATOPS,0,False,0.0,0.9523809523809524,
And,4,,NATOPS,0,False,0.0,0.9523809523809524,
And,2,,NATOPS,0,False,0.0,0.9523809523809524,
Globally,2,0.04,NATOPS,0,False,0.0,0.9523809523809524,
And,4,,NATOPS,0,False,0.0,0.9523809523809524,
Eventually,1,0.06,NATOPS,0,False,0.0,0.9523809523809524,
And,4,,NATOPS,0,False,0.0,0.9523809523809524,
Globally,2,1.0,NATOPS,0,False,0.0,0.9523809523809524,
Globally,1,0.32,NATOPS,0,False,0.0,0.9523809523809524,
Globally,1,1.0,NATOPS,0,False,0.0,0.9523809523809524,
Globally,3,0.42,NATOPS,0,False,0.0,0.9523809523809524,
Eventually,1,0.7,NATOPS,0,False,0.0,0.9523809523809524,
Eventually,2,0.1,NATOPS,0,False,0.0,0.9523809523809524,
Eventually,1,0.4,NATOPS,0,False,0.0,0.9523809523809524,
Eventually,2,1.0,NATOPS,0,False,0.0,0.9523809523809524,
And,2,,NATOPS,0,False,0.0,0.9523809523809524,
Or,2,,NATOPS,0,False,0.0,0.9523809523809524,
Globally,1,0.04,NATOPS,0,False,0.0,0.9523809523809524,
Globally,1,1.0,NATOPS,0,False,0.0,0.9523809523809524,
Or,2,,NATOPS,0,False,0.0,0.9523809523809524,
Globally,1,0.26,NATOPS,0,False,0.0,0.9523809523809524,
Globally,2,0.04,NATOPS,0,False,0.0,0.9523809523809524,
Globally,1,0.18,NATOPS,0,False,0.0,0.9523809523809524,
Eventually,3,0.04,NATOPS,0,False,0.0,0.9523809523809524,
Eventually,3,1.0,NATOPS,0,False,0.0,0.9523809523809524,
Globally,1,1.0,NATOPS,0,False,0.0,0.9523809523809524,
Eventually,4,1.0,NATOPS,0,False,0.0,0.9523809523809524,
Or,2,,NATOPS,0,False,0.0,0.9523809523809524,
Eventually,1,1.0,NATOPS,0,False,0.0,0.9523809523809524,
Or,4,,NATOPS,0,False,0.0,0.9523809523809524,
Eventually,1,1.0,NATOPS,0,False,0.0,0.9523809523809524,
Globally,2,1.0,NATOPS,0,False,0.0,0.9523809523809524,
And,2,,NATOPS,0,False,0.0,0.9523809523809524,
Eventually,1,0.46,NATOPS,0,False,0.0,0.9523809523809524,
And,2,,NATOPS,0,False,0.0,0.9523809523809524,
Globally,1,0.04,NATOPS,0,False,0.0,0.9523809523809524,
And,4,,NATOPS,0,False,0.0,0.9523809523809524,
And,4,,NATOPS,0,False,0.0,0.9523809523809524,
Or,4,,NATOPS,0,False,0.0,0.9523809523809524,
And,3,,NATOPS,0,False,0.0,0.9523809523809524,
Globally,2,0.84,NATOPS,0,False,0.0,0.9523809523809524,
Or,3,,NATOPS,0,True,0.0662819551253468,0.9523809523809524,True
Eventually,2,0.26,NATOPS,0,False,0.0,0.9523809523809524,
Globally,3,0.4,NATOPS,0,False,0.0,0.9523809523809524,
Globally,1,1.0,NATOPS,0,False,0.0,0.9523809523809524,
Eventually,1,0.08,NATOPS,0,False,0.0,0.9523809523809524,
And,2,,NATOPS,0,False,0.0,0.9523809523809524,
And,3,,NATOPS,0,False,0.0,0.9523809523809524,
And,2,,NATOPS,0,False,0.0,0.9523809523809524,
Eventually,1,0.04,NATOPS,0,False,0.0,0.9523809523809524,
Globally,3,0.48,NATOPS,0,False,0.0,0.9523809523809524,
Or,4,,NATOPS,0,False,0.0,0.9523809523809524,
Globally,1,0.04,NATOPS,0,False,0.0,0.9523809523809524,
And,3,,NATOPS,0,False,0.0,0.9523809523809524,
Globally,1,0.2,NATOPS,0,False,0.0,0.9523809523809524,
Globally,2,0.06,NATOPS,0,False,0.0,0.9523809523809524,
Globally,2,0.36,NATOPS,0,False,0.0,0.9523809523809524,
Globally,1,0.38,NATOPS,0,False,0.0,0.9523809523809524,
Globally,1,0.34,NATOPS,0,False,0.0,0.9523809523809524,
Eventually,1,0.12,NATOPS,0,False,0.0,0.9523809523809524,
Globally,1,0.04,NATOPS,0,False,0.0,0.9523809523809524,
Eventually,1,0.04,NATOPS,0,False,0.0,0.9523809523809524,
Eventually,1,1.0,NATOPS,0,False,0.0,0.9523809523809524,
Globally,2,0.04,NATOPS,0,False,0.0,0.9523809523809524,
Eventually,2,0.6,NATOPS,0,False,0.0,0.9523809523809524,
Or,2,,NATOPS,0,False,0.0,0.9523809523809524,
Eventually,1,0.62,NATOPS,0,False,0.0,0.9523809523809524,
And,2,,NATOPS,0,False,0.0,0.9523809523809524,
Globally,1,1.0,NATOPS,0,False,0.0,0.9523809523809524,
And,2,,NATOPS,0,False,0.0,0.9523809523809524,
Globally,1,1.0,NATOPS,0,False,0.0,0.9523809523809524,
Or,3,,NATOPS,0,False,0.0,0.9523809523809524,
And,2,,NATOPS,0,False,0.0,0.9523809523809524,
Eventually,2,0.38,NATOPS,0,False,0.0,0.9523809523809524,
And,2,,NATOPS,0,False,0.0,0.9523809523809524,
Globally,1,0.06,NATOPS,0,False,0.0,0.9523809523809524,
Globally,1,0.08,NATOPS,0,False,0.0,0.9523809523809524,
Globally,2,0.04,NATOPS,0,False,0.0,0.9523809523809524,
Or,2,,NATOPS,0,False,0.0,0.9523809523809524,
Eventually,3,0.18,NATOPS,0,False,0.0,0.9523809523809524,
And,4,,NATOPS,0,False,0.0,0.9523809523809524,
Or,4,,NATOPS,0,False,0.0,0.9523809523809524,
Eventually,3,0.16,NATOPS,0,False,0.0,0.9523809523809524,
Or,2,,NATOPS,0,False,0.0,0.9523809523809524,
Eventually,2,0.1,NATOPS,0,False,0.0,0.9523809523809524,
Or,2,,NATOPS,0,False,0.0,0.9523809523809524,
Eventually,1,0.08,NATOPS,0,False,0.0,0.9523809523809524,
And,2,,NATOPS,0,False,0.0,0.9523809523809524,
Globally,2,0.72,NATOPS,0,False,0.0,0.9523809523809524,
Globally,1,0.2,NATOPS,0,False,0.0,0.9523809523809524,
And,2,,NATOPS,0,False,0.0,0.9523809523809524,
Eventually,1,0.46,NATOPS,0,False,0.0,0.9523809523809524,
And,2,,NATOPS,0,False,0.0,0.9523809523809524,
And,4,,NATOPS,0,False,0.0,0.9523809523809524,
Globally,3,0.1,NATOPS,0,False,0.0,0.9523809523809524,
Eventually,1,0.06,NATOPS,0,False,0.0,0.9523809523809524,
Eventually,1,0.54,NATOPS,0,False,0.0,0.9523809523809524,
Globally,1,0.14,NATOPS,0,False,0.0,0.9523809523809524,
And,3,,NATOPS,0,False,0.0,0.9523809523809524,
Eventually,2,1.0,NATOPS,0,False,0.0,0.9523809523809524,
Or,2,,NATOPS,0,False,0.0,0.9523809523809524,
Eventually,1,0.34,NATOPS,0,False,0.0,0.9523809523809524,
Eventually,3,0.04,NATOPS,0,False,0.0,0.9523809523809524,
And,2,,NATOPS,0,False,0.0,0.9523809523809524,
Or,3,,NATOPS,0,False,0.0,0.9523809523809524,
And,4,,NATOPS,0,False,0.0,0.9523809523809524,
Or,2,,NATOPS,0,False,0.0,0.9523809523809524,
Eventually,2,0.28,NATOPS,0,False,0.0,0.9523809523809524,
Globally,1,1.0,NATOPS,0,False,0.0,0.9523809523809524,
Eventually,2,0.06,NATOPS,0,False,0.0,0.9523809523809524,
Eventually,1,0.16,NATOPS,0,False,0.0,0.9523809523809524,
Eventually,1,0.64,NATOPS,0,False,0.0,0.9523809523809524,
Globally,2,0.14,NATOPS,0,False,0.0,0.9523809523809524,
Globally,2,0.06,NATOPS,0,False,0.0,0.9523809523809524,
Eventually,1,1.0,NATOPS,0,False,0.0,0.9523809523809524,
Eventually,1,0.24,NATOPS,0,False,0.0,0.9523809523809524,
Globally,1,0.08,NATOPS,0,False,0.0,0.9523809523809524,
Eventually,1,1.0,NATOPS,0,False,0.0,0.9523809523809524,
Or,2,,NATOPS,0,False,0.0,0.9523809523809524,
Globally,1,0.06,NATOPS,0,False,0.0,0.9523809523809524,
And,2,,NATOPS,0,False,0.0,0.9523809523809524,
Globally,1,1.0,NATOPS,0,False,0.0,0.9523809523809524,
Eventually,1,0.1,NATOPS,0,False,0.0,0.9523809523809524,
Or,4,,NATOPS,0,False,0.0,0.9523809523809524,
Or,4,,NATOPS,0,False,0.0,0.9523809523809524,
Eventually,1,1.0,NATOPS,0,False,0.0,0.9523809523809524,
Or,4,,NATOPS,0,False,0.0,0.9523809523809524,
Globally,1,0.04,NATOPS,0,False,0.0,0.9523809523809524,
Globally,1,0.28,NATOPS,0,False,0.0,0.9523809523809524,
And,2,,NATOPS,0,False,0.0,0.9523809523809524,
Globally,1,1.0,NATOPS,0,False,0.0,0.9523809523809524,
Globally,4,0.76,NATOPS,0,False,0.0,0.9523809523809524,
And,2,,NATOPS,0,False,0.0,0.9523809523809524,
Globally,1,0.16,NATOPS,0,False,0.0,0.9523809523809524,
Eventually,1,0.04,NATOPS,0,False,0.0,0.9523809523809524,
Globally,1,0.16,NATOPS,0,False,0.0,0.9523809523809524,
Or,2,,NATOPS,0,False,0.0,0.9523809523809524,
Eventually,3,0.04,NATOPS,0,False,0.0,0.9523809523809524,
And,3,,NATOPS,0,False,0.0,0.9523809523809524,
And,2,,NATOPS,0,False,0.0,0.9523809523809524,
And,2,,NATOPS,0,False,0.0,0.9523809523809524,
Globally,1,0.06,NATOPS,0,False,0.0,0.9523809523809524,
And,4,,NATOPS,0,False,0.0,0.9523809523809524,
Eventually,1,0.78,NATOPS,0,False,0.0,0.9523809523809524,
Globally,1,0.94,NATOPS,0,False,0.0,0.9523809523809524,
Globally,2,0.7,NATOPS,0,False,0.0,0.9523809523809524,
Eventually,1,0.1,NATOPS,0,False,0.0,0.9523809523809524,
Or,4,,NATOPS,0,False,0.0,0.9523809523809524,
Eventually,2,0.14,NATOPS,0,False,0.0,0.9523809523809524,
Globally,1,0.06,NATOPS,0,False,0.0,0.9523809523809524,
Eventually,1,0.08,NATOPS,0,False,0.0,0.9523809523809524,
And,4,,NATOPS,0,False,0.0,0.9523809523809524,
And,2,,NATOPS,0,False,0.0,0.9523809523809524,
And,2,,NATOPS,0,False,0.0,0.9523809523809524,
Globally,1,1.0,NATOPS,0,False,0.0,0.9523809523809524,
Or,2,,NATOPS,0,False,0.0,0.9523809523809524,
Globally,1,1.0,NATOPS,0,False,0.0,0.9523809523809524,
Or,2,,NATOPS,0,False,0.0,0.9523809523809524,
Globally,1,0.02,NATOPS,0,False,0.0,0.9523809523809524,
Or,2,,NATOPS,0,False,0.0,0.9523809523809524,
Or,4,,NATOPS,0,False,0.0,0.9523809523809524,
Or,3,,NATOPS,0,False,0.0,0.9523809523809524,
And,4,,NATOPS,0,False,0.0,0.9523809523809524,
Globally,3,1.0,NATOPS,0,False,0.0,0.9523809523809524,
Eventually,1,0.1,NATOPS,0,False,0.0,0.9523809523809524,
And,4,,NATOPS,0,False,0.0,0.9523809523809524,
Eventually,1,0.84,NATOPS,0,False,0.0,0.9523809523809524,
Eventually,1,0.04,NATOPS,0,False,0.0,0.9523809523809524,
Globally,1,0.12,NATOPS,0,False,0.0,0.9523809523809524,
Globally,1,0.52,NATOPS,0,False,0.0,0.9523809523809524,
Globally,2,0.22,NATOPS,0,False,0.0,0.9523809523809524,
And,2,,NATOPS,0,False,0.0,0.9523809523809524,
Eventually,1,0.46,NATOPS,0,False,0.0,0.9523809523809524,
Globally,1,0.36,NATOPS,0,False,0.0,0.9523809523809524,
Or,4,,NATOPS,0,False,0.0,0.9523809523809524,
And,3,,NATOPS,0,False,0.0,0.9523809523809524,
Or,2,,NATOPS,0,False,0.0,0.9523809523809524,
Eventually,1,0.1,NATOPS,0,False,0.0,0.9523809523809524,
Globally,1,0.12,NATOPS,0,False,0.0,0.9523809523809524,
Eventually,1,0.2,NATOPS,0,False,0.0,0.9523809523809524,
Eventually,1,0.06,NATOPS,0,False,0.0,0.9523809523809524,
And,4,,NATOPS,0,False,0.0,0.9523809523809524,
Globally,4,1.0,NATOPS,0,False,0.0,0.9523809523809524,
And,2,,NATOPS,0,False,0.0,0.9523809523809524,
And,2,,NATOPS,0,False,0.0,0.9523809523809524,
Globally,1,0.34,NATOPS,0,False,0.0,0.9523809523809524,
Or,2,,NATOPS,0,False,0.0,0.9523809523809524,
Globally,1,0.04,NATOPS,0,False,0.0,0.9523809523809524,
Eventually,1,1.0,NATOPS,0,False,0.0,0.9523809523809524,
Or,3,,NATOPS,0,False,0.0,0.9523809523809524,
And,2,,NATOPS,0,False,0.0,0.9523809523809524,
Or,3,,NATOPS,0,False,0.0,0.9523809523809524,
Globally,1,1.0,NATOPS,0,False,0.0,0.9523809523809524,
Eventually,2,0.04,NATOPS,0,False,0.0,0.9523809523809524,
Eventually,1,0.56,NATOPS,0,False,0.0,0.9523809523809524,
Eventually,1,0.1,NATOPS,0,False,0.0,0.9523809523809524,
Eventually,2,0.12,NATOPS,0,False,0.0,0.9523809523809524,
Eventually,1,0.4,NATOPS,0,False,0.0,0.9523809523809524,
Globally,2,0.06,NATOPS,0,False,0.0,0.9523809523809524,
And,4,,NATOPS,0,False,0.0,0.9523809523809524,
Eventually,2,1.0,NATOPS,0,False,0.0,0.9523809523809524,
Globally,1,0.06,NATOPS,0,False,0.0,0.9523809523809524,
Or,2,,NATOPS,0,False,0.0,0.9523809523809524,
Eventually,1,0.04,NATOPS,0,False,0.0,0.9523809523809524,
Globally,2,0.1,NATOPS,0,False,0.0,0.9523809523809524,
Or,2,,NATOPS,0,False,0.0,0.9523809523809524,
Globally,1,0.56,NATOPS,0,False,0.0,0.9523809523809524,
Globally,3,0.2,NATOPS,0,False,0.0,0.9523809523809524,
Eventually,2,0.04,NATOPS,0,False,0.0,0.9523809523809524,
Globally,1,0.12,NATOPS,0,False,0.0,0.9523809523809524,
And,2,,NATOPS,0,False,0.0,0.9523809523809524,
Eventually,1,0.72,NATOPS,0,False,0.0,0.9523809523809524,
Eventually,1,0.46,NATOPS,0,False,0.0,0.9523809523809524,
Globally,1,0.5,NATOPS,0,False,0.0,0.9523809523809524,
Or,3,,NATOPS,0,False,0.0,0.9523809523809524,
Globally,1,0.38,NATOPS,0,False,0.0,0.9523809523809524,
Eventually,1,0.1,NATOPS,0,False,0.0,0.9523809523809524,
Or,4,,NATOPS,0,False,0.0,0.9523809523809524,
Eventually,3,1.0,NATOPS,0,False,0.0,0.9523809523809524,
Eventually,1,0.36,NATOPS,0,False,0.0,0.9523809523809524,
Globally,1,0.64,NATOPS,0,False,0.0,0.9523809523809524,
Globally,1,0.36,NATOPS,0,False,0.0,0.9523809523809524,
Globally,1,0.18,NATOPS,0,False,0.0,0.9523809523809524,
Eventually,1,0.06,NATOPS,0,False,0.0,0.9523809523809524,
Eventually,1,0.1,NATOPS,0,False,0.0,0.9523809523809524,
Or,2,,NATOPS,0,False,0.0,0.9523809523809524,
Globally,2,1.0,NATOPS,0,False,0.0,0.9523809523809524,
Eventually,1,0.06,NATOPS,0,False,0.0,0.9523809523809524,
Eventually,1,0.18,NATOPS,0,False,0.0,0.9523809523809524,
Or,3,,NATOPS,0,False,0.0,0.9523809523809524,
Globally,3,0.06,NATOPS,0,False,0.0,0.9523809523809524,
And,2,,NATOPS,0,False,0.0,0.9523809523809524,
Eventually,2,0.06,NATOPS,0,False,0.0,0.9523809523809524,
Eventually,1,0.5,NATOPS,0,False,0.0,0.9523809523809524,
And,2,,NATOPS,0,False,0.0,0.9523809523809524,
Eventually,2,0.62,NATOPS,0,False,0.0,0.9523809523809524,
Eventually,1,1.0,NATOPS,0,False,0.0,0.9523809523809524,
Eventually,1,0.12,NATOPS,0,False,0.0,0.9523809523809524,
Globally,2,0.84,NATOPS,0,False,0.0,0.9523809523809524,
Eventually,1,1.0,NATOPS,0,False,0.0,0.9523809523809524,
Eventually,1,0.2,NATOPS,0,False,0.0,0.9523809523809524,
Globally,1,0.62,NATOPS,0,False,0.0,0.9523809523809524,
And,4,,NATOPS,0,False,0.0,0.9523809523809524,
Globally,1,0.98,NATOPS,0,False,0.0,0.9523809523809524,
Globally,1,0.88,NATOPS,0,False,0.0,0.9523809523809524,
Globally,2,0.08,NATOPS,0,False,0.0,0.9523809523809524,
Or,2,,NATOPS,0,False,0.0,0.9523809523809524,
Globally,2,1.0,NATOPS,0,False,0.0,0.9523809523809524,
Or,4,,NATOPS,0,False,0.0,0.9523809523809524,
Eventually,2,0.04,NATOPS,0,False,0.0,0.9523809523809524,
Or,2,,NATOPS,0,False,0.0,0.9523809523809524,
Or,2,,NATOPS,0,False,0.0,0.9523809523809524,
Eventually,1,0.96,NATOPS,0,False,0.0,0.9523809523809524,
Globally,1,0.06,NATOPS,0,False,0.0,0.9523809523809524,
Globally,1,1.0,NATOPS,0,False,0.0,0.9523809523809524,
Globally,1,1.0,NATOPS,0,False,0.0,0.9523809523809524,
Eventually,2,1.0,NATOPS,0,False,0.0,0.9523809523809524,
Globally,1,0.4,NATOPS,0,False,0.0,0.9523809523809524,
Eventually,1,0.82,NATOPS,0,False,0.0,0.9523809523809524,
And,2,,NATOPS,0,False,0.0,0.9523809523809524,
Eventually,1,1.0,NATOPS,0,False,0.0,0.9523809523809524,
Globally,2,0.9,NATOPS,0,False,0.0,0.9523809523809524,
Globally,1,0.42,NATOPS,0,False,0.0,0.9523809523809524,
Eventually,2,0.36,NATOPS,0,False,0.0,0.9523809523809524,
And,4,,NATOPS,0,False,0.0,0.9523809523809524,
Globally,3,0.82,NATOPS,0,False,0.0,0.9523809523809524,
Or,2,,NATOPS,0,False,0.0,0.9523809523809524,
Eventually,1,0.2,NATOPS,0,False,0.0,0.9523809523809524,
Or,3,,NATOPS,0,False,0.0,0.9523809523809524,
Globally,1,0.04,NATOPS,0,False,0.0,0.9523809523809524,
Eventually,1,0.14,NATOPS,0,False,0.0,0.9523809523809524,
Eventually,2,0.1,NATOPS,0,False,0.0,0.9523809523809524,
Eventually,2,1.0,NATOPS,0,False,0.0,0.9523809523809524,
Globally,1,0.8,NATOPS,0,False,0.0,0.9523809523809524,
Or,2,,NATOPS,0,False,0.0,0.9523809523809524,
And,2,,NATOPS,0,False,0.0,0.9523809523809524,
And,2,,NATOPS,0,False,0.0,0.9523809523809524,
Or,2,,NATOPS,0,False,0.0,0.9523809523809524,
And,2,,NATOPS,0,False,0.0,0.9523809523809524,
Or,3,,NATOPS,0,False,0.0,0.9523809523809524,
Or,2,,NATOPS,0,False,0.0,0.9523809523809524,
Or,2,,NATOPS,0,False,0.0,0.9523809523809524,
Or,2,,NATOPS,0,False,0.0,0.9523809523809524,
Or,2,,NATOPS,0,False,0.0,0.9523809523809524,
And,2,,NATOPS,0,False,0.0,0.9523809523809524,
Eventually,1,0.12,NATOPS,0,False,0.0,0.9523809523809524,
And,2,,NATOPS,0,False,0.0,0.9523809523809524,
Eventually,1,1.0,NATOPS,0,False,0.0,0.9523809523809524,
Eventually,2,1.0,NATOPS,0,False,0.0,0.9523809523809524,
Globally,1,0.04,NATOPS,0,False,0.0,0.9523809523809524,
Eventually,2,0.32,NATOPS,0,False,0.0,0.9523809523809524,
And,4,,NATOPS,0,False,0.0,0.9523809523809524,
Eventually,1,0.16,NATOPS,0,False,0.0,0.9523809523809524,
Or,2,,NATOPS,0,False,0.0,0.9523809523809524,
And,2,,NATOPS,0,False,0.0,0.9523809523809524,
Globally,1,0.5,NATOPS,0,False,0.0,0.9523809523809524,
Globally,1,0.88,NATOPS,0,False,0.0,0.9523809523809524,
And,3,,NATOPS,0,False,0.0,0.9523809523809524,
Globally,1,0.28,NATOPS,0,False,0.0,0.9523809523809524,
Or,4,,NATOPS,0,False,0.0,0.9523809523809524,
And,4,,NATOPS,0,False,0.0,0.9523809523809524,
Or,2,,NATOPS,0,False,0.0,0.9523809523809524,
Globally,3,1.0,NATOPS,0,False,0.0,0.9523809523809524,
Eventually,1,0.38,NATOPS,0,False,0.0,0.9523809523809524,
And,4,,NATOPS,0,False,0.0,0.9523809523809524,
Eventually,2,1.0,NATOPS,0,False,0.0,0.9523809523809524,
Or,4,,NATOPS,0,False,0.0,0.9523809523809524,
Or,2,,NATOPS,0,False,0.0,0.9523809523809524,
Or,3,,NATOPS,0,False,0.0,0.9523809523809524,
Or,2,,NATOPS,0,False,0.0,0.9523809523809524,
Or,2,,NATOPS,0,False,0.0,0.9523809523809524,
And,2,,NATOPS,0,False,0.0,0.9523809523809524,
And,4,,NATOPS,0,False,0.0,0.9523809523809524,
And,4,,NATOPS,0,False,0.0,0.9523809523809524,
Globally,1,0.8,NATOPS,0,False,0.0,0.9523809523809524,
Eventually,1,0.68,NATOPS,0,False,0.0,0.9523809523809524,
Globally,1,0.16,NATOPS,0,False,0.0,0.9523809523809524,
Globally,3,1.0,NATOPS,0,False,0.0,0.9523809523809524,
Globally,1,0.34,NATOPS,0,False,0.0,0.9523809523809524,
Eventually,1,0.12,NATOPS,0,False,0.0,0.9523809523809524,
Eventually,1,0.06,NATOPS,0,False,0.0,0.9523809523809524,
Globally,1,0.14,NATOPS,0,False,0.0,0.9523809523809524,
Eventually,2,1.0,NATOPS,0,False,0.0,0.9523809523809524,
Globally,1,0.1,NATOPS,0,False,0.0,0.9523809523809524,
Eventually,1,0.54,NATOPS,0,False,0.0,0.9523809523809524,
And,4,,NATOPS,0,False,0.0,0.9523809523809524,
Globally,1,0.86,NATOPS,0,False,0.0,0.9523809523809524,
Eventually,1,1.0,NATOPS,0,False,0.0,0.9523809523809524,
And,2,,NATOPS,0,False,0.0,0.9523809523809524,
Or,4,,NATOPS,0,False,0.0,0.9523809523809524,
Globally,1,0.1,NATOPS,0,False,0.0,0.9523809523809524,
Eventually,1,1.0,NATOPS,0,False,0.0,0.9523809523809524,
Eventually,2,1.0,NATOPS,0,False,0.0,0.9523809523809524,
Eventually,1,0.04,NATOPS,0,False,0.0,0.9523809523809524,
Eventually,2,1.0,NATOPS,0,False,0.0,0.9523809523809524,
Eventually,1,0.92,NATOPS,0,False,0.0,0.9523809523809524,
Eventually,2,0.88,NATOPS,0,False,0.0,0.9523809523809524,
And,4,,NATOPS,0,False,0.0,0.9523809523809524,
Eventually,1,0.52,NATOPS,0,False,0.0,0.9523809523809524,
Eventually,1,0.84,NATOPS,0,False,0.0,0.9523809523809524,
And,2,,NATOPS,0,False,0.0,0.9523809523809524,
Eventually,1,1.0,NATOPS,0,False,0.0,0.9523809523809524,
And,3,,NATOPS,0,False,0.0,0.9523809523809524,
Eventually,2,0.54,NATOPS,0,False,0.0,0.9523809523809524,
Or,2,,NATOPS,0,False,0.0,0.9523809523809524,
Globally,1,0.12,NATOPS,0,False,0.0,0.9523809523809524,
Globally,1,0.12,NATOPS,0,False,0.0,0.9523809523809524,
Eventually,2,0.28,NATOPS,0,False,0.0,0.9523809523809524,
Or,4,,NATOPS,0,False,0.0,0.9523809523809524,
Eventually,1,0.06,NATOPS,0,False,0.0,0.9523809523809524,
Or,2,,NATOPS,0,False,0.0,0.9523809523809524,
Eventually,1,0.64,NATOPS,0,False,0.0,0.9523809523809524,
And,4,,NATOPS,0,False,0.0,0.9523809523809524,
Eventually,1,0.64,NATOPS,0,False,0.0,0.9523809523809524,
And,2,,NATOPS,0,False,0.0,0.9523809523809524,
Globally,1,0.44,NATOPS,0,False,0.0,0.9523809523809524,
And,3,,NATOPS,0,False,0.0,0.9523809523809524,
Eventually,1,0.44,NATOPS,0,False,0.0,0.9523809523809524,
Globally,1,0.04,NATOPS,0,False,0.0,0.9523809523809524,
And,3,,NATOPS,0,False,0.0,0.9523809523809524,
Globally,1,0.9,NATOPS,0,False,0.0,0.9523809523809524,
Globally,1,0.12,NATOPS,0,False,0.0,0.9523809523809524,
Eventually,1,0.46,NATOPS,0,False,0.0,0.9523809523809524,
Globally,2,1.0,NATOPS,0,False,0.0,0.9523809523809524,
Globally,2,0.6,NATOPS,0,False,0.0,0.9523809523809524,
And,4,,NATOPS,0,False,0.0,0.9523809523809524,
Eventually,2,0.12,NATOPS,0,False,0.0,0.9523809523809524,
Eventually,1,0.04,NATOPS,0,False,0.0,0.9523809523809524,
Or,2,,NATOPS,0,False,0.0,0.9523809523809524,
And,3,,NATOPS,0,False,0.0,0.9523809523809524,
Eventually,2,0.06,NATOPS,0,False,0.0,0.9523809523809524,
Eventually,1,1.0,NATOPS,0,False,0.0,0.9523809523809524,
Or,2,,NATOPS,0,False,0.0,0.9523809523809524,
Or,3,,NATOPS,0,False,0.0,0.9523809523809524,
Globally,1,0.68,NATOPS,0,False,0.0,0.9523809523809524,
Globally,1,0.0,NATOPS,0,False,0.0,0.9523809523809524,
Globally,2,1.0,NATOPS,0,False,0.0,0.9523809523809524,
Globally,1,0.54,NATOPS,0,False,0.0,0.9523809523809524,
Globally,1,0.06,NATOPS,0,False,0.0,0.9523809523809524,
And,2,,NATOPS,0,False,0.0,0.9523809523809524,
Or,2,,NATOPS,0,False,0.0,0.9523809523809524,
And,2,,NATOPS,0,False,0.0,0.9523809523809524,
And,2,,NATOPS,0,False,0.0,0.9523809523809524,
Eventually,1,0.9,NATOPS,0,False,0.0,0.9523809523809524,
Or,2,,NATOPS,0,False,0.0,0.9523809523809524,
Globally,2,0.14,NATOPS,0,False,0.0,0.9523809523809524,
Or,3,,NATOPS,0,False,0.0,0.9523809523809524,
Eventually,1,0.04,NATOPS,0,False,0.0,0.9523809523809524,
Eventually,1,0.24,NATOPS,0,False,0.0,0.9523809523809524,
And,3,,NATOPS,0,False,0.0,0.9523809523809524,
Globally,1,0.84,NATOPS,0,False,0.0,0.9523809523809524,
And,4,,NATOPS,0,False,0.0,0.9523809523809524,
Globally,2,0.68,NATOPS,0,False,0.0,0.9523809523809524,
And,4,,NATOPS,0,False,0.0,0.9523809523809524,
And,3,,NATOPS,0,False,0.0,0.9523809523809524,
And,3,,NATOPS,0,False,0.0,0.9523809523809524,
Globally,2,1.0,NATOPS,0,False,0.0,0.9523809523809524,
And,2,,NATOPS,0,False,0.0,0.9523809523809524,
Or,2,,NATOPS,0,False,0.0,0.9523809523809524,
And,2,,NATOPS,0,False,0.0,0.9523809523809524,
Globally,1,0.46,NATOPS,0,False,0.0,0.9523809523809524,
And,4,,NATOPS,0,False,0.0,0.9523809523809524,
Eventually,2,1.0,NATOPS,0,False,0.0,0.9523809523809524,
Globally,2,0.1,NATOPS,0,False,0.0,0.9523809523809524,
Globally,1,0.48,NATOPS,0,False,0.0,0.9523809523809524,
Eventually,1,0.34,NATOPS,0,False,0.0,0.9523809523809524,
Eventually,1,0.48,NATOPS,0,False,0.0,0.9523809523809524,
Eventually,3,0.82,NATOPS,0,False,0.0,0.9523809523809524,
Eventually,2,0.84,NATOPS,0,False,0.0,0.9523809523809524,
Globally,1,0.64,NATOPS,0,False,0.0,0.9523809523809524,
Or,2,,NATOPS,0,False,0.0,0.9523809523809524,
Or,2,,NATOPS,0,False,0.0,0.9523809523809524,
Globally,1,1.0,NATOPS,0,False,0.0,0.9523809523809524,
Eventually,1,0.06,NATOPS,0,False,0.0,0.9523809523809524,
Eventually,1,0.14,NATOPS,0,False,0.0,0.9523809523809524,
Globally,1,0.42,NATOPS,0,False,0.0,0.9523809523809524,
And,2,,NATOPS,0,False,0.0,0.9523809523809524,
And,2,,NATOPS,0,False,0.0,0.9523809523809524,
Globally,1,0.18,NATOPS,0,False,0.0,0.9523809523809524,
Eventually,1,1.0,NATOPS,0,False,0.0,0.9523809523809524,
Globally,1,0.18,NATOPS,0,False,0.0,0.9523809523809524,
Or,2,,NATOPS,0,False,0.0,0.9523809523809524,
Globally,1,1.0,NATOPS,0,False,0.0,0.9523809523809524,
Or,2,,NATOPS,0,False,0.0,0.9523809523809524,
Globally,1,0.32,NATOPS,0,False,0.0,0.9523809523809524,
Globally,1,1.0,NATOPS,0,False,0.0,0.9523809523809524,
Globally,2,0.16,NATOPS,0,False,0.0,0.9523809523809524,
Eventually,1,0.32,NATOPS,0,False,0.0,0.9523809523809524,
Eventually,1,0.74,NATOPS,0,False,0.0,0.9523809523809524,
Eventually,1,0.7,NATOPS,0,False,0.0,0.9523809523809524,
Eventually,1,0.3,NATOPS,0,False,0.0,0.9523809523809524,
Globally,1,0.04,NATOPS,0,False,0.0,0.9523809523809524,
Globally,1,0.24,NATOPS,0,False,0.0,0.9523809523809524,
Globally,2,0.26,NATOPS,0,False,0.0,0.9523809523809524,
Globally,1,1.0,NATOPS,0,False,0.0,0.9523809523809524,
Eventually,1,0.28,NATOPS,0,False,0.0,0.9523809523809524,
Eventually,1,0.94,NATOPS,0,False,0.0,0.9523809523809524,
Eventually,1,0.42,NATOPS,0,False,0.0,0.9523809523809524,
Globally,1,0.06,NATOPS,0,False,0.0,0.9523809523809524,
Or,2,,NATOPS,0,False,0.0,0.9523809523809524,
Eventually,1,0.04,NATOPS,0,False,0.0,0.9523809523809524,
Globally,3,0.12,NATOPS,0,False,0.0,0.9523809523809524,
Or,4,,NATOPS,0,False,0.0,0.9523809523809524,
Globally,2,0.06,NATOPS,0,False,0.0,0.9523809523809524,
Globally,1,0.58,NATOPS,0,False,0.0,0.9523809523809524,
Eventually,1,0.8,NATOPS,0,False,0.0,0.9523809523809524,
And,2,,NATOPS,0,False,0.0,0.9523809523809524,
Globally,1,1.0,NATOPS,0,False,0.0,0.9523809523809524,
Or,2,,NATOPS,0,False,0.0,0.9523809523809524,
Globally,1,1.0,NATOPS,0,False,0.0,0.9523809523809524,
Globally,3,1.0,NATOPS,0,False,0.0,0.9523809523809524,
Or,3,,NATOPS,0,False,0.0,0.9523809523809524,
And,2,,NATOPS,0,False,0.0,0.9523809523809524,
Eventually,1,1.0,NATOPS,0,False,0.0,0.9523809523809524,
Or,3,,NATOPS,0,False,0.0,0.9523809523809524,
Or,2,,NATOPS,0,False,0.0,0.9523809523809524,
Globally,1,0.26,NATOPS,0,False,0.0,0.9523809523809524,
Eventually,2,0.08,NATOPS,0,False,0.0,0.9523809523809524,
Or,2,,NATOPS,0,False,0.0,0.9523809523809524,
Or,2,,NATOPS,0,False,0.0,0.9523809523809524,
And,2,,NATOPS,0,False,0.0,0.9523809523809524,
Or,4,,NATOPS,0,False,0.0,0.9523809523809524,
Eventually,1,0.06,NATOPS,0,False,0.0,0.9523809523809524,
And,3,,NATOPS,0,False,0.0,0.9523809523809524,
Eventually,1,0.12,NATOPS,0,False,0.0,0.9523809523809524,
And,3,,NATOPS,0,False,0.0,0.9523809523809524,
And,2,,NATOPS,0,False,0.0,0.9523809523809524,
Or,2,,NATOPS,0,False,0.0,0.9523809523809524,
And,2,,NATOPS,0,False,0.0,0.9523809523809524,
Eventually,1,0.04,NATOPS,0,False,0.0,0.9523809523809524,
Globally,1,0.08,NATOPS,0,False,0.0,0.9523809523809524,
Eventually,1,0.06,NATOPS,0,False,0.0,0.9523809523809524,
Globally,1,0.18,NATOPS,0,False,0.0,0.9523809523809524,
Eventually,1,0.12,NATOPS,0,False,0.0,0.9523809523809524,
And,3,,NATOPS,0,False,0.0,0.9523809523809524,
Globally,1,1.0,NATOPS,0,False,0.0,0.9523809523809524,
Or,4,,NATOPS,0,False,0.0,0.9523809523809524,
Eventually,1,1.0,NATOPS,0,False,0.0,0.9523809523809524,
And,2,,NATOPS,0,False,0.0,0.9523809523809524,
And,2,,NATOPS,0,False,0.0,0.9523809523809524,
Eventually,3,0.36,NATOPS,0,False,0.0,0.9523809523809524,
And,3,,NATOPS,0,False,0.0,0.9523809523809524,
Globally,1,0.54,NATOPS,0,False,0.0,0.9523809523809524,
Or,4,,NATOPS,0,False,0.0,0.9523809523809524,
Eventually,1,0.32,NATOPS,0,False,0.0,0.9523809523809524,
And,3,,NATOPS,0,False,0.0,0.9523809523809524,
And,3,,NATOPS,0,False,0.0,0.9523809523809524,
Eventually,1,0.16,NATOPS,0,False,0.0,0.9523809523809524,
Or,2,,NATOPS,0,False,0.0,0.9523809523809524,
Globally,1,0.06,NATOPS,0,False,0.0,0.9523809523809524,
Globally,1,1.0,NATOPS,0,False,0.0,0.9523809523809524,
Globally,1,0.04,NATOPS,0,False,0.0,0.9523809523809524,
And,2,,NATOPS,0,False,0.0,0.9523809523809524,
Or,2,,NATOPS,0,False,0.0,0.9523809523809524,
Eventually,1,0.88,NATOPS,0,False,0.0,0.9523809523809524,
Eventually,1,0.04,NATOPS,0,False,0.0,0.9523809523809524,
Globally,1,1.0,NATOPS,0,False,0.0,0.9523809523809524,
Globally,1,0.14,NATOPS,0,False,0.0,0.9523809523809524,
And,3,,NATOPS,0,False,0.0,0.9523809523809524,
And,2,,NATOPS,0,False,0.0,0.9523809523809524,
Globally,1,0.24,NATOPS,0,False,0.0,0.9523809523809524,
And,4,,NATOPS,0,False,0.0,0.9523809523809524,
And,3,,NATOPS,0,False,0.0,0.9523809523809524,
Eventually,2,0.18,NATOPS,0,False,0.0,0.9523809523809524,
Globally,1,0.46,NATOPS,0,False,0.0,0.9523809523809524,
Globally,1,0.12,NATOPS,0,False,0.0,0.9523809523809524,
Eventually,1,0.74,NATOPS,0,False,0.0,0.9523809523809524,
And,2,,NATOPS,0,False,0.0,0.9523809523809524,
Globally,1,0.04,NATOPS,0,False,0.0,0.9523809523809524,
Or,2,,NATOPS,0,False,0.0,0.9523809523809524,
Or,2,,NATOPS,0,False,0.0,0.9523809523809524,
Globally,1,0.34,NATOPS,0,False,0.0,0.9523809523809524,
Or,2,,NATOPS,0,False,0.0,0.9523809523809524,
Globally,1,1.0,NATOPS,0,False,0.0,0.9523809523809524,
Eventually,1,0.26,NATOPS,0,False,0.0,0.9523809523809524,
Globally,2,0.2,NATOPS,0,False,0.0,0.9523809523809524,
And,3,,NATOPS,0,False,0.0,0.9523809523809524,
Eventually,1,0.14,NATOPS,0,False,0.0,0.9523809523809524,
Or,3,,NATOPS,0,False,0.0,0.9523809523809524,
Eventually,2,0.84,NATOPS,0,False,0.0,0.9523809523809524,
Eventually,2,0.12,NATOPS,0,False,0.0,0.9523809523809524,
Globally,1,1.0,NATOPS,0,False,0.0,0.9523809523809524,
Or,2,,NATOPS,0,False,0.0,0.9523809523809524,
Or,3,,NATOPS,0,False,0.0,0.9523809523809524,
Globally,1,0.5,NATOPS,0,False,0.0,0.9523809523809524,
Eventually,2,1.0,NATOPS,0,False,0.0,0.9523809523809524,
Or,2,,NATOPS,0,False,0.0,0.9523809523809524,
And,4,,NATOPS,0,False,0.0,0.9523809523809524,
Or,2,,NATOPS,0,False,0.0,0.9523809523809524,
Eventually,1,1.02,NATOPS,0,False,0.0,0.9523809523809524,
And,4,,NATOPS,0,False,0.0,0.9523809523809524,
Or,3,,NATOPS,0,False,0.0,0.9523809523809524,
Eventually,3,0.08,NATOPS,0,False,0.0,0.9523809523809524,
And,2,,NATOPS,0,False,0.0,0.9523809523809524,
And,4,,NATOPS,0,False,0.0,0.9523809523809524,
Globally,1,0.52,NATOPS,0,False,0.0,0.9523809523809524,
Globally,2,0.06,NATOPS,0,False,0.0,0.9523809523809524,
Or,2,,NATOPS,0,False,0.0,0.9523809523809524,
And,3,,NATOPS,0,False,0.0,0.9523809523809524,
Globally,1,0.1,NATOPS,0,False,0.0,0.9523809523809524,
Eventually,2,0.46,NATOPS,0,False,0.0,0.9523809523809524,
Eventually,2,0.66,NATOPS,0,False,0.0,0.9523809523809524,
Or,2,,NATOPS,0,False,0.0,0.9523809523809524,
Globally,1,0.5,NATOPS,0,False,0.0,0.9523809523809524,
And,2,,NATOPS,0,False,0.0,0.9523809523809524,
Eventually,1,1.0,NATOPS,0,False,0.0,0.9523809523809524,
Eventually,1,1.0,NATOPS,0,False,0.0,0.9523809523809524,
Globally,2,1.0,NATOPS,0,False,0.0,0.9523809523809524,
And,2,,NATOPS,0,False,0.0,0.9523809523809524,
And,2,,NATOPS,0,False,0.0,0.9523809523809524,
Globally,2,0.04,NATOPS,0,False,0.0,0.9523809523809524,
Eventually,1,0.06,NATOPS,0,False,0.0,0.9523809523809524,
Eventually,1,0.12,NATOPS,0,False,0.0,0.9523809523809524,
Globally,1,0.04,NATOPS,0,False,0.0,0.9523809523809524,
Globally,2,1.0,NATOPS,0,False,0.0,0.9523809523809524,
Or,2,,NATOPS,0,False,0.0,0.9523809523809524,
Or,2,,NATOPS,0,False,0.0,0.9523809523809524,
And,2,,NATOPS,0,False,0.0,0.9523809523809524,
Globally,1,0.2,NATOPS,0,False,0.0,0.9523809523809524,
Eventually,2,1.0,NATOPS,0,False,0.0,0.9523809523809524,
Globally,1,0.16,NATOPS,0,False,0.0,0.9523809523809524,
And,4,,NATOPS,0,False,0.0,0.9523809523809524,
Globally,1,0.4,NATOPS,0,False,0.0,0.9523809523809524,
Eventually,2,0.04,NATOPS,0,False,0.0,0.9523809523809524,
Eventually,1,0.04,NATOPS,0,False,0.0,0.9523809523809524,
Globally,1,1.0,NATOPS,0,False,0.0,0.9523809523809524,
Eventually,1,0.36,NATOPS,0,False,0.0,0.9523809523809524,
And,2,,NATOPS,0,False,0.0,0.9523809523809524,
Globally,1,0.1,NATOPS,0,False,0.0,0.9523809523809524,
Globally,1,0.06,NATOPS,0,False,0.0,0.9523809523809524,
Globally,2,0.06,NATOPS,0,False,0.0,0.9523809523809524,
Or,2,,NATOPS,0,False,0.0,0.9523809523809524,
Globally,2,1.0,NATOPS,0,False,0.0,0.9523809523809524,
Eventually,2,0.02,NATOPS,0,False,0.0,0.9523809523809524,
Eventually,1,0.04,NATOPS,0,False,0.0,0.9523809523809524,
Globally,1,0.26,NATOPS,0,False,0.0,0.9523809523809524,
Globally,1,0.98,NATOPS,0,False,0.0,0.9523809523809524,
And,2,,NATOPS,0,False,0.0,0.9523809523809524,
Globally,1,1.0,NATOPS,0,False,0.0,0.9523809523809524,
And,3,,NATOPS,0,False,0.0,0.9523809523809524,
Or,2,,NATOPS,0,False,0.0,0.9523809523809524,
Globally,1,0.96,NATOPS,0,False,0.0,0.9523809523809524,
Or,4,,NATOPS,0,False,0.0,0.9523809523809524,
Globally,3,0.04,NATOPS,0,False,0.0,0.9523809523809524,
Or,4,,NATOPS,0,False,0.0,0.9523809523809524,
And,3,,NATOPS,0,False,0.0,0.9523809523809524,
And,2,,NATOPS,0,False,0.0,0.9523809523809524,
And,2,,NATOPS,0,False,0.0,0.9523809523809524,
Or,4,,NATOPS,0,False,0.0,0.9523809523809524,
Globally,1,1.0,NATOPS,0,False,0.0,0.9523809523809524,
Or,4,,NATOPS,0,False,0.0,0.9523809523809524,
Or,4,,NATOPS,0,False,0.0,0.9523809523809524,
Eventually,1,0.04,NATOPS,0,False,0.0,0.9523809523809524,
And,2,,NATOPS,0,False,0.0,0.9523809523809524,
Eventually,2,1.0,NATOPS,0,False,0.0,0.9523809523809524,
Globally,1,0.08,NATOPS,0,False,0.0,0.9523809523809524,
Globally,1,0.06,NATOPS,0,False,0.0,0.9523809523809524,
Globally,1,0.3,NATOPS,0,False,0.0,0.9523809523809524,
And,2,,NATOPS,0,False,0.0,0.9523809523809524,
Eventually,2,0.1,NATOPS,0,False,0.0,0.9523809523809524,
And,2,,NATOPS,0,False,0.0,0.9523809523809524,
And,2,,NATOPS,0,False,0.0,0.9523809523809524,
Eventually,2,0.04,NATOPS,0,False,0.0,0.9523809523809524,
Globally,1,0.88,NATOPS,0,False,0.0,0.9523809523809524,
Eventually,2,1.0,NATOPS,0,False,0.0,0.9523809523809524,
Eventually,1,0.04,NATOPS,0,False,0.0,0.9523809523809524,
Eventually,1,1.0,NATOPS,0,False,0.0,0.9523809523809524,
Globally,1,0.58,NATOPS,0,False,0.0,0.9523809523809524,
Eventually,3,1.0,NATOPS,0,False,0.0,0.9523809523809524,
Eventually,1,0.24,NATOPS,0,False,0.0,0.9523809523809524,
Eventually,1,0.56,NATOPS,0,False,0.0,0.9523809523809524,
Eventually,1,0.08,NATOPS,0,False,0.0,0.9523809523809524,
Globally,2,0.42,NATOPS,0,False,0.0,0.9523809523809524,
Globally,1,0.12,NATOPS,0,False,0.0,0.9523809523809524,
Eventually,1,0.12,NATOPS,0,False,0.0,0.9523809523809524,
Or,2,,NATOPS,0,False,0.0,0.9523809523809524,
Eventually,1,0.1,NATOPS,0,False,0.0,0.9523809523809524,
Globally,1,0.54,NATOPS,0,False,0.0,0.9523809523809524,
Globally,1,0.08,NATOPS,0,False,0.0,0.9523809523809524,
Globally,2,0.08,NATOPS,0,False,0.0,0.9523809523809524,
Eventually,2,0.06,NATOPS,0,False,0.0,0.9523809523809524,
Eventually,2,0.04,NATOPS,0,False,0.0,0.9523809523809524,
Eventually,4,0.82,NATOPS,0,False,0.0,0.9523809523809524,
Or,3,,NATOPS,0,False,0.0,0.9523809523809524,
Or,4,,NATOPS,0,False,0.0,0.9523809523809524,
Eventually,1,0.04,NATOPS,0,False,0.0,0.9523809523809524,
Or,2,,NATOPS,0,False,0.0,0.9523809523809524,
Eventually,1,0.12,NATOPS,0,False,0.0,0.9523809523809524,
And,2,,NATOPS,0,False,0.0,0.9523809523809524,
Globally,1,0.06,NATOPS,0,False,0.0,0.9523809523809524,
And,3,,NATOPS,0,False,0.0,0.9523809523809524,
Or,2,,NATOPS,0,False,0.0,0.9523809523809524,
And,3,,NATOPS,0,False,0.0,0.9523809523809524,
Globally,1,0.36,NATOPS,0,False,0.0,0.9523809523809524,
And,2,,NATOPS,0,False,0.0,0.9523809523809524,
Or,4,,NATOPS,0,False,0.0,0.9523809523809524,
And,2,,NATOPS,0,False,0.0,0.9523809523809524,
Or,2,,NATOPS,0,False,0.0,0.9523809523809524,
Eventually,3,0.9,NATOPS,0,False,0.0,0.9523809523809524,
Eventually,1,0.52,NATOPS,0,False,0.0,0.9523809523809524,
Or,4,,NATOPS,0,False,0.0,0.9523809523809524,
Globally,2,0.06,NATOPS,0,False,0.0,0.9523809523809524,
Or,4,,NATOPS,0,False,0.0,0.9523809523809524,
Globally,2,0.04,NATOPS,0,False,0.0,0.9523809523809524,
Eventually,1,0.5,NATOPS,0,False,0.0,0.9523809523809524,
Globally,1,0.08,NATOPS,0,False,0.0,0.9523809523809524,
And,4,,NATOPS,0,False,0.0,0.9523809523809524,
Globally,2,0.56,NATOPS,0,False,0.0,0.9523809523809524,
Eventually,2,0.78,NATOPS,0,False,0.0,0.9523809523809524,
Eventually,1,0.18,NATOPS,0,False,0.0,0.9523809523809524,
Globally,1,0.76,NATOPS,0,False,0.0,0.9523809523809524,
Globally,2,1.0,NATOPS,0,False,0.0,0.9523809523809524,
Globally,1,0.66,NATOPS,0,False,0.0,0.9523809523809524,
And,2,,NATOPS,0,False,0.0,0.9523809523809524,
Globally,1,0.08,NATOPS,0,False,0.0,0.9523809523809524,
Globally,1,1.0,NATOPS,0,False,0.0,0.9523809523809524,
Globally,3,0.2,NATOPS,0,False,0.0,0.9523809523809524,
Globally,1,0.16,NATOPS,0,False,0.0,0.9523809523809524,
Globally,1,0.24,NATOPS,0,False,0.0,0.9523809523809524,
Or,2,,NATOPS,0,False,0.0,0.9523809523809524,
Globally,3,0.04,NATOPS,0,False,0.0,0.9523809523809524,
And,3,,NATOPS,0,False,0.0,0.9523809523809524,
Eventually,1,0.04,NATOPS,0,False,0.0,0.9523809523809524,
Globally,2,0.28,NATOPS,0,False,0.0,0.9523809523809524,
Or,2,,NATOPS,0,False,0.0,0.9523809523809524,
Globally,1,1.0,NATOPS,0,False,0.0,0.9523809523809524,
Eventually,1,0.8,NATOPS,0,False,0.0,0.9523809523809524,
Eventually,1,0.3,NATOPS,0,False,0.0,0.9523809523809524,
Eventually,1,0.6,NATOPS,0,False,0.0,0.9523809523809524,
Globally,1,0.88,NATOPS,0,False,0.0,0.9523809523809524,
Eventually,1,1.0,NATOPS,0,False,0.0,0.9523809523809524,
Or,2,,NATOPS,0,False,0.0,0.9523809523809524,
And,3,,NATOPS,0,False,0.0,0.9523809523809524,
Or,2,,NATOPS,0,False,0.0,0.9523809523809524,
Eventually,1,0.46,NATOPS,0,False,0.0,0.9523809523809524,
Or,2,,NATOPS,0,False,0.0,0.9523809523809524,
And,2,,NATOPS,0,False,0.0,0.9523809523809524,
And,2,,NATOPS,0,False,0.0,0.9523809523809524,
Eventually,1,0.54,NATOPS,0,False,0.0,0.9523809523809524,
And,2,,NATOPS,0,False,0.0,0.9523809523809524,
Globally,1,0.06,NATOPS,0,False,0.0,0.9523809523809524,
Globally,2,0.04,NATOPS,0,False,0.0,0.9523809523809524,
Eventually,2,0.4,NATOPS,0,False,0.0,0.9523809523809524,
Globally,1,0.04,NATOPS,0,False,0.0,0.9523809523809524,
Globally,1,0.04,NATOPS,0,False,0.0,0.9523809523809524,
Eventually,3,0.14,NATOPS,0,False,0.0,0.9523809523809524,
Eventually,1,0.22,NATOPS,0,False,0.0,0.9523809523809524,
Globally,1,0.06,NATOPS,0,False,0.0,0.9523809523809524,
Globally,3,1.0,NATOPS,0,False,0.0,0.9523809523809524,
Eventually,1,1.0,NATOPS,0,False,0.0,0.9523809523809524,
Eventually,1,0.04,NATOPS,0,False,0.0,0.9523809523809524,
Eventually,1,0.06,NATOPS,0,False,0.0,0.9523809523809524,
Or,2,,NATOPS,0,False,0.0,0.9523809523809524,
Globally,1,0.24,NATOPS,0,False,0.0,0.9523809523809524,
Eventually,1,0.96,NATOPS,0,False,0.0,0.9523809523809524,
Or,2,,NATOPS,0,False,0.0,0.9523809523809524,
Eventually,1,0.56,NATOPS,0,False,0.0,0.9523809523809524,
And,2,,NATOPS,0,False,0.0,0.9523809523809524,
Or,4,,NATOPS,0,False,0.0,0.9523809523809524,
Eventually,2,0.1,NATOPS,0,False,0.0,0.9523809523809524,
Globally,1,0.1,NATOPS,0,False,0.0,0.9523809523809524,
Eventually,2,0.48,NATOPS,0,False,0.0,0.9523809523809524,
Or,2,,NATOPS,0,False,0.0,0.9523809523809524,
Globally,3,0.26,NATOPS,0,False,0.0,0.9523809523809524,
Eventually,1,0.38,NATOPS,0,False,0.0,0.9523809523809524,
Or,4,,NATOPS,0,False,0.0,0.9523809523809524,
Globally,1,0.18,NATOPS,0,False,0.0,0.9523809523809524,
Globally,1,0.44,NATOPS,0,False,0.0,0.9523809523809524,
Globally,1,1.0,NATOPS,0,False,0.0,0.9523809523809524,
Or,2,,NATOPS,0,False,0.0,0.9523809523809524,
Eventually,1,0.08,NATOPS,0,False,0.0,0.9523809523809524,
Eventually,1,0.88,NATOPS,0,False,0.0,0.9523809523809524,
Eventually,2,0.56,NATOPS,0,False,0.0,0.9523809523809524,
Eventually,1,0.42,NATOPS,0,False,0.0,0.9523809523809524,
Or,2,,NATOPS,0,False,0.0,0.9523809523809524,
Eventually,1,0.14,NATOPS,0,False,0.0,0.9523809523809524,
Eventually,1,0.04,NATOPS,0,False,0.0,0.9523809523809524,
Globally,1,1.0,NATOPS,0,False,0.0,0.9523809523809524,
Globally,2,0.26,NATOPS,0,False,0.0,0.9523809523809524,
Eventually,2,1.0,NATOPS,0,False,0.0,0.9523809523809524,
Globally,1,0.1,NATOPS,0,False,0.0,0.9523809523809524,
And,4,,NATOPS,0,False,0.0,0.9523809523809524,
And,2,,NATOPS,0,False,0.0,0.9523809523809524,
Globally,2,1.0,NATOPS,0,False,0.0,0.9523809523809524,
Globally,1,0.06,NATOPS,0,False,0.0,0.9523809523809524,
And,4,,NATOPS,0,False,0.0,0.9523809523809524,
And,2,,NATOPS,0,False,0.0,0.9523809523809524,
Eventually,1,1.0,NATOPS,0,False,0.0,0.9523809523809524,
Eventually,2,0.04,NATOPS,0,False,0.0,0.9523809523809524,
Eventually,1,0.42,NATOPS,0,False,0.0,0.9523809523809524,
Globally,2,0.92,NATOPS,0,False,0.0,0.9523809523809524,
And,3,,NATOPS,0,False,0.0,0.9523809523809524,
Globally,1,0.82,NATOPS,0,False,0.0,0.9523809523809524,
Or,4,,NATOPS,0,False,0.0,0.9523809523809524,
Or,2,,NATOPS,0,False,0.0,0.9523809523809524,
Or,4,,NATOPS,0,False,0.0,0.9523809523809524,
Globally,3,0.04,NATOPS,0,False,0.0,0.9523809523809524,
Eventually,2,0.04,NATOPS,0,False,0.0,0.9523809523809524,
Eventually,1,0.38,NATOPS,0,False,0.0,0.9523809523809524,
Globally,1,1.0,NATOPS,0,False,0.0,0.9523809523809524,
Eventually,1,0.08,NATOPS,0,False,0.0,0.9523809523809524,
And,3,,NATOPS,0,False,0.0,0.9523809523809524,
Globally,2,1.0,NATOPS,0,False,0.0,0.9523809523809524,
Eventually,1,1.0,NATOPS,0,False,0.0,0.9523809523809524,
Globally,1,0.04,NATOPS,0,False,0.0,0.9523809523809524,
Eventually,1,0.2,NATOPS,0,False,0.0,0.9523809523809524,
And,2,,NATOPS,0,False,0.0,0.9523809523809524,
Globally,1,0.32,NATOPS,0,False,0.0,0.9523809523809524,
Globally,1,0.58,NATOPS,0,False,0.0,0.9523809523809524,
Eventually,1,0.48,NATOPS,0,False,0.0,0.9523809523809524,
Eventually,1,1.0,NATOPS,0,False,0.0,0.9523809523809524,
Globally,1,0.76,NATOPS,0,False,0.0,0.9523809523809524,
Globally,1,0.04,NATOPS,0,False,0.0,0.9523809523809524,
Eventually,2,0.26,NATOPS,0,False,0.0,0.9523809523809524,
Globally,2,0.28,NATOPS,0,False,0.0,0.9523809523809524,
Globally,1,1.0,NATOPS,0,False,0.0,0.9523809523809524,
And,2,,NATOPS,0,False,0.0,0.9523809523809524,
Or,4,,NATOPS,0,False,0.0,0.9523809523809524,
Globally,3,1.0,NATOPS,0,False,0.0,0.9523809523809524,
Eventually,1,0.7,NATOPS,0,False,0.0,0.9523809523809524,
Eventually,2,0.24,NATOPS,0,False,0.0,0.9523809523809524,
Globally,1,0.62,NATOPS,0,False,0.0,0.9523809523809524,
Globally,1,0.66,NATOPS,0,False,0.0,0.9523809523809524,
And,4,,NATOPS,0,False,0.0,0.9523809523809524,
Or,2,,NATOPS,0,False,0.0,0.9523809523809524,
Globally,1,0.24,NATOPS,0,False,0.0,0.9523809523809524,
Globally,1,0.24,NATOPS,0,False,0.0,0.9523809523809524,
And,4,,NATOPS,0,False,0.0,0.9523809523809524,
Globally,1,0.2,NATOPS,0,False,0.0,0.9523809523809524,
Globally,1,1.0,NATOPS,0,False,0.0,0.9523809523809524,
Globally,1,1.0,NATOPS,0,False,0.0,0.9523809523809524,
Globally,1,0.08,NATOPS,0,False,0.0,0.9523809523809524,
And,2,,NATOPS,0,False,0.0,0.9523809523809524,
Eventually,2,0.3,NATOPS,0,False,0.0,0.9523809523809524,
And,4,,NATOPS,0,False,0.0,0.9523809523809524,
Globally,1,0.06,NATOPS,0,False,0.0,0.9523809523809524,
Eventually,1,0.54,NATOPS,0,False,0.0,0.9523809523809524,
Eventually,1,0.06,NATOPS,0,False,0.0,0.9523809523809524,
Globally,1,0.48,NATOPS,0,False,0.0,0.9523809523809524,
Eventually,1,0.22,NATOPS,0,False,0.0,0.9523809523809524,
And,4,,NATOPS,0,False,0.0,0.9523809523809524,
And,2,,NATOPS,0,False,0.0,0.9523809523809524,
Or,2,,NATOPS,0,False,0.0,0.9523809523809524,
Eventually,1,0.1,NATOPS,0,False,0.0,0.9523809523809524,
Eventually,1,0.58,NATOPS,0,False,0.0,0.9523809523809524,
Eventually,1,0.1,NATOPS,0,False,0.0,0.9523809523809524,
Eventually,1,1.0,NATOPS,0,False,0.0,0.9523809523809524,
Eventually,1,0.68,NATOPS,0,False,0.0,0.9523809523809524,
Eventually,1,0.52,NATOPS,0,False,0.0,0.9523809523809524,
Globally,2,0.42,NATOPS,0,False,0.0,0.9523809523809524,
And,2,,NATOPS,0,False,0.0,0.9523809523809524,
Or,4,,NATOPS,0,False,0.0,0.9523809523809524,
Eventually,1,0.48,NATOPS,0,False,0.0,0.9523809523809524,
Eventually,1,0.12,NATOPS,0,False,0.0,0.9523809523809524,
And,4,,NATOPS,0,False,0.0,0.9523809523809524,
Eventually,2,1.0,NATOPS,0,False,0.0,0.9523809523809524,
And,4,,NATOPS,0,False,0.0,0.9523809523809524,
Or,2,,NATOPS,0,False,0.0,0.9523809523809524,
Globally,2,1.0,NATOPS,0,False,0.0,0.9523809523809524,
And,4,,NATOPS,0,False,0.0,0.9523809523809524,
And,4,,NATOPS,0,False,0.0,0.9523809523809524,
Eventually,2,0.06,NATOPS,0,False,0.0,0.9523809523809524,
Globally,1,1.0,NATOPS,0,False,0.0,0.9523809523809524,
Or,2,,NATOPS,0,False,0.0,0.9523809523809524,
Globally,1,0.92,NATOPS,0,False,0.0,0.9523809523809524,
Eventually,1,1.0,NATOPS,0,False,0.0,0.9523809523809524,
Eventually,1,0.3,NATOPS,0,False,0.0,0.9523809523809524,
Eventually,1,1.0,NATOPS,0,False,0.0,0.9523809523809524,
Globally,3,0.12,NATOPS,0,False,0.0,0.9523809523809524,
Eventually,2,0.32,NATOPS,0,False,0.0,0.9523809523809524,
Eventually,1,0.4,NATOPS,0,False,0.0,0.9523809523809524,
And,4,,NATOPS,0,False,0.0,0.9523809523809524,
Eventually,2,0.16,NATOPS,0,False,0.0,0.9523809523809524,
Globally,2,0.08,NATOPS,0,False,0.0,0.9523809523809524,
Globally,1,0.26,NATOPS,0,False,0.0,0.9523809523809524,
And,2,,NATOPS,0,False,0.0,0.9523809523809524,
Or,2,,NATOPS,0,False,0.0,0.9523809523809524,
Globally,1,0.56,NATOPS,0,False,0.0,0.9523809523809524,
Eventually,3,0.06,NATOPS,0,False,0.0,0.9523809523809524,
And,2,,NATOPS,0,False,0.0,0.9523809523809524,
Globally,1,0.06,NATOPS,0,False,0.0,0.9523809523809524,
Eventually,1,0.54,NATOPS,0,False,0.0,0.9523809523809524,
Or,4,,NATOPS,0,False,0.0,0.9523809523809524,
Globally,2,0.06,NATOPS,0,False,0.0,0.9523809523809524,
Globally,2,1.0,NATOPS,0,False,0.0,0.9523809523809524,
Globally,2,0.14,NATOPS,0,False,0.0,0.9523809523809524,
Or,2,,NATOPS,0,False,0.0,0.9523809523809524,
Eventually,1,0.06,NATOPS,0,False,0.0,0.9523809523809524,
Eventually,1,0.08,NATOPS,0,False,0.0,0.9523809523809524,
Eventually,2,1.0,NATOPS,0,False,0.0,0.9523809523809524,
And,4,,NATOPS,0,False,0.0,0.9523809523809524,
Globally,3,0.04,NATOPS,0,False,0.0,0.9523809523809524,
Or,3,,NATOPS,0,False,0.0,0.9523809523809524,
And,4,,NATOPS,0,False,0.0,0.9523809523809524,
Eventually,1,0.4,NATOPS,0,False,0.0,0.9523809523809524,
Or,2,,NATOPS,0,False,0.0,0.9523809523809524,
Eventually,2,0.76,NATOPS,0,False,0.0,0.9523809523809524,
And,3,,NATOPS,0,False,0.0,0.9523809523809524,
Or,2,,NATOPS,0,False,0.0,0.9523809523809524,
Globally,2,0.28,NATOPS,0,False,0.0,0.9523809523809524,
Globally,1,0.46,NATOPS,0,False,0.0,0.9523809523809524,
Eventually,1,0.22,NATOPS,0,False,0.0,0.9523809523809524,
Eventually,1,0.98,NATOPS,0,False,0.0,0.9523809523809524,
And,2,,NATOPS,0,False,0.0,0.9523809523809524,
And,4,,NATOPS,0,False,0.0,0.9523809523809524,
Globally,1,1.0,NATOPS,0,False,0.0,0.9523809523809524,
Eventually,1,0.14,NATOPS,0,False,0.0,0.9523809523809524,
Eventually,2,0.1,NATOPS,0,False,0.0,0.9523809523809524,
Eventually,1,1.0,NATOPS,0,False,0.0,0.9523809523809524,
And,4,,NATOPS,0,False,0.0,0.9523809523809524,
Globally,1,0.6,NATOPS,0,False,0.0,0.9523809523809524,
Globally,1,0.04,NATOPS,0,False,0.0,0.9523809523809524,
Globally,1,0.04,NATOPS,0,False,0.0,0.9523809523809524,
Eventually,1,1.0,NATOPS,0,False,0.0,0.9523809523809524,
Globally,2,0.24,NATOPS,0,False,0.0,0.9523809523809524,
Globally,2,0.58,NATOPS,0,False,0.0,0.9523809523809524,
Eventually,1,0.06,NATOPS,0,False,0.0,0.9523809523809524,
Eventually,1,0.04,NATOPS,0,False,0.0,0.9523809523809524,
Globally,1,0.38,NATOPS,0,False,0.0,0.9523809523809524,
And,4,,NATOPS,0,False,0.0,0.9523809523809524,
Eventually,1,0.06,NATOPS,0,False,0.0,0.9523809523809524,
And,2,,NATOPS,0,False,0.0,0.9523809523809524,
Globally,2,0.3,NATOPS,0,False,0.0,0.9523809523809524,
Eventually,1,0.14,NATOPS,0,False,0.0,0.9523809523809524,
Globally,1,0.18,NATOPS,0,False,0.0,0.9523809523809524,
Eventually,2,0.06,NATOPS,0,False,0.0,0.9523809523809524,
Eventually,1,0.14,NATOPS,0,False,0.0,0.9523809523809524,
Or,3,,NATOPS,0,False,0.0,0.9523809523809524,
Globally,2,1.0,NATOPS,0,False,0.0,0.9523809523809524,
Globally,1,0.26,NATOPS,0,False,0.0,0.9523809523809524,
And,2,,NATOPS,0,False,0.0,0.9523809523809524,
And,2,,NATOPS,0,False,0.0,0.9523809523809524,
Or,3,,NATOPS,0,False,0.0,0.9523809523809524,
Eventually,3,0.32,NATOPS,0,False,0.0,0.9523809523809524,
Or,4,,NATOPS,0,False,0.0,0.9523809523809524,
Or,2,,NATOPS,0,False,0.0,0.9523809523809524,
Eventually,1,1.0,NATOPS,0,False,0.0,0.9523809523809524,
Eventually,1,0.98,NATOPS,0,False,0.0,0.9523809523809524,
Globally,2,0.7,NATOPS,0,False,0.0,0.9523809523809524,
Or,3,,NATOPS,0,False,0.0,0.9523809523809524,
Globally,2,0.14,NATOPS,0,False,0.0,0.9523809523809524,
Eventually,1,0.06,NATOPS,0,False,0.0,0.9523809523809524,
Eventually,2,0.44,NATOPS,0,False,0.0,0.9523809523809524,
Eventually,1,0.78,NATOPS,0,False,0.0,0.9523809523809524,
Globally,1,0.12,NATOPS,0,False,0.0,0.9523809523809524,
Globally,1,0.18,NATOPS,0,False,0.0,0.9523809523809524,
Eventually,1,0.76,NATOPS,0,False,0.0,0.9523809523809524,
And,2,,NATOPS,0,False,0.0,0.9523809523809524,
Eventually,1,0.22,NATOPS,0,False,0.0,0.9523809523809524,
Or,2,,NATOPS,0,False,0.0,0.9523809523809524,
And,3,,NATOPS,0,False,0.0,0.9523809523809524,
Or,4,,NATOPS,0,False,0.0,0.9523809523809524,
Eventually,1,0.56,NATOPS,0,False,0.0,0.9523809523809524,
And,2,,NATOPS,0,False,0.0,0.9523809523809524,
Eventually,2,0.54,NATOPS,0,False,0.0,0.9523809523809524,
Globally,1,0.28,NATOPS,0,False,0.0,0.9523809523809524,
Globally,1,1.0,NATOPS,0,False,0.0,0.9523809523809524,
Or,2,,NATOPS,0,False,0.0,0.9523809523809524,
Globally,2,0.06,NATOPS,0,False,0.0,0.9523809523809524,
And,4,,NATOPS,0,False,0.0,0.9523809523809524,
Eventually,1,0.08,NATOPS,0,False,0.0,0.9523809523809524,
Or,2,,NATOPS,0,False,0.0,0.9523809523809524,
Globally,1,0.04,NATOPS,0,False,0.0,0.9523809523809524,
Eventually,1,1.0,NATOPS,0,False,0.0,0.9523809523809524,
Globally,1,0.2,NATOPS,0,False,0.0,0.9523809523809524,
Eventually,2,0.66,NATOPS,0,False,0.0,0.9523809523809524,
Eventually,1,1.0,NATOPS,0,False,0.0,0.9523809523809524,
Eventually,1,0.18,NATOPS,0,False,0.0,0.9523809523809524,
Eventually,3,0.52,NATOPS,0,False,0.0,0.9523809523809524,
Eventually,1,0.3,NATOPS,0,False,0.0,0.9523809523809524,
Or,4,,NATOPS,0,False,0.0,0.9523809523809524,
And,3,,NATOPS,0,False,0.0,0.9523809523809524,
Eventually,1,0.12,NATOPS,0,False,0.0,0.9523809523809524,
Globally,1,1.0,NATOPS,0,False,0.0,0.9523809523809524,
Globally,1,0.62,NATOPS,0,False,0.0,0.9523809523809524,
Or,4,,NATOPS,0,False,0.0,0.9523809523809524,
And,3,,NATOPS,0,False,0.0,0.9523809523809524,
Eventually,1,1.0,NATOPS,0,False,0.0,0.9523809523809524,
Globally,1,0.1,NATOPS,0,False,0.0,0.9523809523809524,
Globally,1,0.58,NATOPS,0,False,0.0,0.9523809523809524,
Globally,1,0.56,NATOPS,0,False,0.0,0.9523809523809524,
Globally,1,0.04,NATOPS,0,False,0.0,0.9523809523809524,
Eventually,1,0.92,NATOPS,0,False,0.0,0.9523809523809524,
Or,3,,NATOPS,0,False,0.0,0.9523809523809524,
Eventually,1,1.0,NATOPS,0,False,0.0,0.9523809523809524,
Eventually,1,0.08,NATOPS,0,False,0.0,0.9523809523809524,
And,3,,NATOPS,0,False,0.0,0.9523809523809524,
Eventually,1,0.12,NATOPS,0,False,0.0,0.9523809523809524,
Eventually,2,1.0,NATOPS,0,False,0.0,0.9523809523809524,
Globally,2,1.0,NATOPS,0,False,0.0,0.9523809523809524,
Eventually,2,0.68,NATOPS,0,False,0.0,0.9523809523809524,
And,3,,NATOPS,0,False,0.0,0.9523809523809524,
Eventually,1,0.72,NATOPS,0,False,0.0,0.9523809523809524,
Globally,1,1.0,NATOPS,0,False,0.0,0.9523809523809524,
And,3,,NATOPS,0,False,0.0,0.9523809523809524,
Eventually,1,0.2,NATOPS,0,False,0.0,0.9523809523809524,
Globally,1,0.56,NATOPS,0,False,0.0,0.9523809523809524,
Or,2,,NATOPS,0,False,0.0,0.9523809523809524,
Globally,1,0.06,NATOPS,0,False,0.0,0.9523809523809524,
Eventually,1,0.54,NATOPS,0,False,0.0,0.9523809523809524,
Eventually,1,0.1,NATOPS,0,False,0.0,0.9523809523809524,
And,4,,NATOPS,0,False,0.0,0.9523809523809524,
Eventually,1,0.64,NATOPS,0,False,0.0,0.9523809523809524,
Eventually,1,1.0,NATOPS,0,False,0.0,0.9523809523809524,
And,2,,NATOPS,0,False,0.0,0.9523809523809524,
Eventually,1,1.0,NATOPS,0,False,0.0,0.9523809523809524,
Eventually,1,0.04,NATOPS,0,False,0.0,0.9523809523809524,
And,3,,NATOPS,0,False,0.0,0.9523809523809524,
Or,3,,NATOPS,0,False,0.0,0.9523809523809524,
Globally,1,0.42,NATOPS,0,False,0.0,0.9523809523809524,
And,2,,NATOPS,0,False,0.0,0.9523809523809524,
Globally,1,0.96,NATOPS,0,False,0.0,0.9523809523809524,
Eventually,1,0.34,NATOPS,0,False,0.0,0.9523809523809524,
Globally,2,0.3,NATOPS,0,False,0.0,0.9523809523809524,
Eventually,1,1.0,NATOPS,0,False,0.0,0.9523809523809524,
Eventually,2,0.38,NATOPS,0,False,0.0,0.9523809523809524,
And,3,,NATOPS,0,False,0.0,0.9523809523809524,
Or,2,,NATOPS,0,False,0.0,0.9523809523809524,
Or,2,,NATOPS,0,False,0.0,0.9523809523809524,
Or,3,,NATOPS,0,False,0.0,0.9523809523809524,
Globally,2,0.66,NATOPS,0,False,0.0,0.9523809523809524,
And,2,,NATOPS,0,False,0.0,0.9523809523809524,
And,2,,NATOPS,0,False,0.0,0.9523809523809524,
Globally,1,0.1,NATOPS,0,False,0.0,0.9523809523809524,
Eventually,2,0.06,NATOPS,0,False,0.0,0.9523809523809524,
And,2,,NATOPS,0,False,0.0,0.9523809523809524,
Or,2,,NATOPS,0,False,0.0,0.9523809523809524,
Or,4,,NATOPS,0,False,0.0,0.9523809523809524,
Globally,1,0.18,NATOPS,0,False,0.0,0.9523809523809524,
Globally,1,0.64,NATOPS,0,False,0.0,0.9523809523809524,
And,4,,NATOPS,0,False,0.0,0.9523809523809524,
Globally,1,0.4,NATOPS,0,False,0.0,0.9523809523809524,
And,4,,NATOPS,0,False,0.0,0.9523809523809524,
Globally,2,0.16,NATOPS,0,False,0.0,0.9523809523809524,
Globally,1,0.04,NATOPS,0,False,0.0,0.9523809523809524,
Globally,1,0.14,NATOPS,0,False,0.0,0.9523809523809524,
Eventually,2,0.94,NATOPS,0,False,0.0,0.9523809523809524,
Globally,1,0.72,NATOPS,0,False,0.0,0.9523809523809524,
Eventually,1,0.26,NATOPS,0,False,0.0,0.9523809523809524,
Globally,1,0.08,NATOPS,0,False,0.0,0.9523809523809524,
Globally,1,1.0,NATOPS,0,False,0.0,0.9523809523809524,
And,4,,NATOPS,0,False,0.0,0.9523809523809524,
And,2,,NATOPS,0,False,0.0,0.9523809523809524,
Eventually,2,0.8,NATOPS,0,False,0.0,0.9523809523809524,
Or,2,,NATOPS,0,False,0.0,0.9523809523809524,
Globally,1,1.0,NATOPS,0,False,0.0,0.9523809523809524,
Eventually,1,1.0,NATOPS,0,False,0.0,0.9523809523809524,
Eventually,1,0.12,NATOPS,0,False,0.0,0.9523809523809524,
Or,4,,NATOPS,0,False,0.0,0.9523809523809524,
Eventually,1,0.74,NATOPS,0,False,0.0,0.9523809523809524,
Or,2,,NATOPS,0,False,0.0,0.9523809523809524,
And,2,,NATOPS,0,False,0.0,0.9523809523809524,
Globally,2,0.06,NATOPS,0,False,0.0,0.9523809523809524,
Eventually,3,1.0,NATOPS,0,False,0.0,0.9523809523809524,
Eventually,1,0.22,NATOPS,0,False,0.0,0.9523809523809524,
Eventually,2,1.0,NATOPS,0,False,0.0,0.9523809523809524,
And,2,,NATOPS,0,False,0.0,0.9523809523809524,
Globally,3,0.06,NATOPS,0,False,0.0,0.9523809523809524,
And,3,,NATOPS,0,False,0.0,0.9523809523809524,
Globally,1,0.16,NATOPS,0,False,0.0,0.9523809523809524,
Globally,1,0.04,NATOPS,0,False,0.0,0.9523809523809524,
Globally,1,0.78,NATOPS,0,False,0.0,0.9523809523809524,
Eventually,1,0.34,NATOPS,0,False,0.0,0.9523809523809524,
Globally,2,1.0,NATOPS,0,False,0.0,0.9523809523809524,
Globally,1,0.06,NATOPS,0,False,0.0,0.9523809523809524,
Eventually,2,0.08,NATOPS,0,False,0.0,0.9523809523809524,
Eventually,1,1.0,NATOPS,0,False,0.0,0.9523809523809524,
Globally,1,0.18,NATOPS,0,False,0.0,0.9523809523809524,
Globally,1,0.86,NATOPS,0,False,0.0,0.9523809523809524,
Globally,1,0.22,NATOPS,0,False,0.0,0.9523809523809524,
And,2,,NATOPS,0,False,0.0,0.9523809523809524,
Globally,1,1.0,NATOPS,0,False,0.0,0.9523809523809524,
And,2,,NATOPS,0,False,0.0,0.9523809523809524,
Globally,1,0.28,NATOPS,0,False,0.0,0.9523809523809524,
Globally,2,0.28,NATOPS,0,False,0.0,0.9523809523809524,
Eventually,1,0.18,NATOPS,0,False,0.0,0.9523809523809524,
And,2,,NATOPS,0,False,0.0,0.9523809523809524,
And,3,,NATOPS,0,False,0.0,0.9523809523809524,
Globally,1,0.34,NATOPS,0,False,0.0,0.9523809523809524,
And,3,,NATOPS,0,False,0.0,0.9523809523809524,
Globally,1,1.0,NATOPS,0,False,0.0,0.9523809523809524,
Or,3,,NATOPS,0,False,0.0,0.9523809523809524,
Eventually,2,0.04,NATOPS,0,False,0.0,0.9523809523809524,
Eventually,1,1.0,NATOPS,0,False,0.0,0.9523809523809524,
Eventually,1,0.12,NATOPS,0,False,0.0,0.9523809523809524,
Eventually,1,0.34,NATOPS,0,False,0.0,0.9523809523809524,
And,4,,NATOPS,0,False,0.0,0.9523809523809524,
Or,3,,NATOPS,0,False,0.0,0.9523809523809524,
Or,2,,NATOPS,0,False,0.0,0.9523809523809524,
Or,2,,NATOPS,0,False,0.0,0.9523809523809524,
And,2,,NATOPS,0,False,0.0,0.9523809523809524,
Globally,1,1.0,NATOPS,0,False,0.0,0.9523809523809524,
Eventually,2,0.06,NATOPS,0,False,0.0,0.9523809523809524,
Eventually,1,0.34,NATOPS,0,False,0.0,0.9523809523809524,
Or,4,,NATOPS,0,False,0.0,0.9523809523809524,
Globally,1,0.48,NATOPS,0,False,0.0,0.9523809523809524,
And,4,,NATOPS,0,False,0.0,0.9523809523809524,
And,2,,NATOPS,0,False,0.0,0.9523809523809524,
Globally,2,0.22,NATOPS,0,False,0.0,0.9523809523809524,
Eventually,1,0.64,NATOPS,0,False,0.0,0.9523809523809524,
Or,2,,NATOPS,0,False,0.0,0.9523809523809524,
Globally,2,0.04,NATOPS,0,False,0.0,0.9523809523809524,
Globally,1,1.0,NATOPS,0,False,0.0,0.9523809523809524,
And,2,,NATOPS,0,False,0.0,0.9523809523809524,
Eventually,1,0.04,NATOPS,0,False,0.0,0.9523809523809524,
Eventually,1,0.06,NATOPS,0,False,0.0,0.9523809523809524,
Globally,1,1.0,NATOPS,0,False,0.0,0.9523809523809524,
Globally,1,0.1,NATOPS,0,False,0.0,0.9523809523809524,
Globally,1,0.96,NATOPS,0,False,0.0,0.9523809523809524,
Globally,1,1.0,NATOPS,0,False,0.0,0.9523809523809524,
Eventually,1,0.94,NATOPS,0,False,0.0,0.9523809523809524,
Eventually,3,0.26,NATOPS,0,False,0.0,0.9523809523809524,
Or,2,,NATOPS,0,False,0.0,0.9523809523809524,
And,2,,NATOPS,0,False,0.0,0.9523809523809524,
Globally,1,0.9,NATOPS,0,False,0.0,0.9523809523809524,
Eventually,1,0.22,NATOPS,0,False,0.0,0.9523809523809524,
Eventually,1,1.0,NATOPS,0,False,0.0,0.9523809523809524,
And,2,,NATOPS,0,False,0.0,0.9523809523809524,
Or,2,,NATOPS,0,False,0.0,0.9523809523809524,
Globally,1,0.14,NATOPS,0,False,0.0,0.9523809523809524,
And,2,,NATOPS,0,False,0.0,0.9523809523809524,
Or,4,,NATOPS,0,False,0.0,0.9523809523809524,
Or,3,,NATOPS,0,False,0.0,0.9523809523809524,
Eventually,1,0.04,NATOPS,0,False,0.0,0.9523809523809524,
Eventually,1,0.06,NATOPS,0,False,0.0,0.9523809523809524,
And,2,,NATOPS,0,False,0.0,0.9523809523809524,
Eventually,1,0.16,NATOPS,0,False,0.0,0.9523809523809524,
Eventually,1,0.06,NATOPS,0,False,0.0,0.9523809523809524,
Eventually,1,0.14,NATOPS,0,False,0.0,0.9523809523809524,
And,4,,NATOPS,0,False,0.0,0.9523809523809524,
Eventually,1,1.0,NATOPS,0,False,0.0,0.9523809523809524,
Globally,1,0.4,NATOPS,0,False,0.0,0.9523809523809524,
Globally,1,0.04,NATOPS,0,False,0.0,0.9523809523809524,
And,3,,NATOPS,0,False,0.0,0.9523809523809524,
Eventually,1,0.2,NATOPS,0,False,0.0,0.9523809523809524,
And,4,,NATOPS,0,False,0.0,0.9523809523809524,
Eventually,1,0.42,NATOPS,0,False,0.0,0.9523809523809524,
And,2,,NATOPS,0,False,0.0,0.9523809523809524,
Or,2,,NATOPS,0,False,0.0,0.9523809523809524,
Globally,2,0.48,NATOPS,0,False,0.0,0.9523809523809524,
Globally,1,0.28,NATOPS,0,False,0.0,0.9523809523809524,
Or,2,,NATOPS,0,False,0.0,0.9523809523809524,
Eventually,2,0.12,NATOPS,0,False,0.0,0.9523809523809524,
And,4,,NATOPS,0,False,0.0,0.9523809523809524,
Or,2,,NATOPS,0,False,0.0,0.9523809523809524,
Eventually,1,1.0,NATOPS,0,False,0.0,0.9523809523809524,
Globally,1,0.74,NATOPS,0,False,0.0,0.9523809523809524,
Eventually,2,0.04,NATOPS,0,False,0.0,0.9523809523809524,
Or,2,,NATOPS,0,False,0.0,0.9523809523809524,
Eventually,1,0.5,NATOPS,0,False,0.0,0.9523809523809524,
Globally,1,0.56,NATOPS,0,False,0.0,0.9523809523809524,
Globally,1,0.16,NATOPS,0,False,0.0,0.9523809523809524,
Eventually,1,0.34,NATOPS,0,False,0.0,0.9523809523809524,
And,4,,NATOPS,0,False,0.0,0.9523809523809524,
Globally,1,0.04,NATOPS,0,False,0.0,0.9523809523809524,
Globally,1,0.14,NATOPS,0,False,0.0,0.9523809523809524,
Globally,4,1.0,NATOPS,0,False,0.0,0.9523809523809524,
Eventually,1,0.66,NATOPS,0,False,0.0,0.9523809523809524,
Or,2,,NATOPS,0,False,0.0,0.9523809523809524,
Eventually,1,0.46,NATOPS,0,False,0.0,0.9523809523809524,
Globally,1,0.1,NATOPS,0,False,0.0,0.9523809523809524,
Globally,1,0.28,NATOPS,0,False,0.0,0.9523809523809524,
And,3,,NATOPS,0,False,0.0,0.9523809523809524,
Eventually,1,0.16,NATOPS,0,False,0.0,0.9523809523809524,
Globally,2,0.06,NATOPS,0,False,0.0,0.9523809523809524,
Or,2,,NATOPS,0,False,0.0,0.9523809523809524,
Globally,2,0.3,NATOPS,0,False,0.0,0.9523809523809524,
Eventually,1,0.06,NATOPS,0,False,0.0,0.9523809523809524,
Or,3,,NATOPS,0,False,0.0,0.9523809523809524,
Or,3,,NATOPS,0,False,0.0,0.9523809523809524,
Globally,1,0.18,NATOPS,0,False,0.0,0.9523809523809524,
Eventually,1,0.52,NATOPS,0,False,0.0,0.9523809523809524,
Or,4,,NATOPS,0,False,0.0,0.9523809523809524,
Or,2,,NATOPS,0,False,0.0,0.9523809523809524,
Eventually,1,0.08,NATOPS,0,False,0.0,0.9523809523809524,
Eventually,2,0.08,NATOPS,0,False,0.0,0.9523809523809524,
Eventually,2,0.04,NATOPS,0,False,0.0,0.9523809523809524,
Or,3,,NATOPS,0,False,0.0,0.9523809523809524,
Eventually,2,0.18,NATOPS,0,False,0.0,0.9523809523809524,
Globally,1,0.04,NATOPS,0,False,0.0,0.9523809523809524,
Eventually,1,1.0,NATOPS,0,False,0.0,0.9523809523809524,
Eventually,1,0.04,NATOPS,0,False,0.0,0.9523809523809524,
And,2,,NATOPS,0,False,0.0,0.9523809523809524,
Globally,2,0.08,NATOPS,0,False,0.0,0.9523809523809524,
Eventually,1,0.04,NATOPS,0,False,0.0,0.9523809523809524,
And,2,,NATOPS,0,False,0.0,0.9523809523809524,
Or,3,,NATOPS,0,False,0.0,0.9523809523809524,
Eventually,1,1.0,NATOPS,0,False,0.0,0.9523809523809524,
Eventually,2,0.22,NATOPS,0,False,0.0,0.9523809523809524,
Eventually,1,0.18,NATOPS,0,False,0.0,0.9523809523809524,
Or,2,,NATOPS,0,False,0.0,0.9523809523809524,
Globally,1,0.18,NATOPS,0,False,0.0,0.9523809523809524,
Globally,3,0.4,NATOPS,0,False,0.0,0.9523809523809524,
Eventually,2,1.0,NATOPS,0,False,0.0,0.9523809523809524,
Eventually,1,1.0,NATOPS,0,False,0.0,0.9523809523809524,
Globally,2,0.04,NATOPS,0,False,0.0,0.9523809523809524,
Globally,1,1.0,NATOPS,0,False,0.0,0.9523809523809524,
Or,4,,NATOPS,0,False,0.0,0.9523809523809524,
Eventually,1,1.0,NATOPS,0,False,0.0,0.9523809523809524,
Eventually,1,0.16,NATOPS,0,False,0.0,0.9523809523809524,
Globally,1,1.0,NATOPS,0,False,0.0,0.9523809523809524,
And,2,,NATOPS,0,False,0.0,0.9523809523809524,
Eventually,2,0.18,NATOPS,0,False,0.0,0.9523809523809524,
Globally,1,0.08,NATOPS,0,False,0.0,0.9523809523809524,
Globally,1,1.0,NATOPS,0,False,0.0,0.9523809523809524,
Globally,1,1.0,NATOPS,0,False,0.0,0.9523809523809524,
And,2,,NATOPS,0,False,0.0,0.9523809523809524,
Eventually,1,0.04,NATOPS,0,False,0.0,0.9523809523809524,
Eventually,1,0.26,NATOPS,0,False,0.0,0.9523809523809524,
Or,3,,NATOPS,0,False,0.0,0.9523809523809524,
Eventually,1,1.0,NATOPS,0,False,0.0,0.9523809523809524,
Globally,1,1.0,NATOPS,0,False,0.0,0.9523809523809524,
Eventually,1,1.0,NATOPS,0,False,0.0,0.9523809523809524,
Eventually,1,0.04,NATOPS,0,False,0.0,0.9523809523809524,
Globally,1,1.0,NATOPS,0,False,0.0,0.9523809523809524,
Eventually,1,0.18,NATOPS,0,False,0.0,0.9523809523809524,
Or,2,,NATOPS,0,False,0.0,0.9523809523809524,
Eventually,2,0.1,NATOPS,0,False,0.0,0.9523809523809524,
Or,2,,NATOPS,0,False,0.0,0.9523809523809524,
Eventually,2,0.92,NATOPS,0,False,0.0,0.9523809523809524,
Globally,2,0.16,NATOPS,0,False,0.0,0.9523809523809524,
Eventually,1,0.04,NATOPS,0,False,0.0,0.9523809523809524,
Or,3,,NATOPS,0,False,0.0,0.9523809523809524,
Or,3,,NATOPS,0,False,0.0,0.9523809523809524,
Eventually,1,0.08,NATOPS,0,False,0.0,0.9523809523809524,
And,2,,NATOPS,0,False,0.0,0.9523809523809524,
Globally,2,0.04,NATOPS,0,False,0.0,0.9523809523809524,
Or,2,,NATOPS,0,False,0.0,0.9523809523809524,
Or,3,,NATOPS,0,False,0.0,0.9523809523809524,
Eventually,1,0.96,NATOPS,0,False,0.0,0.9523809523809524,
Or,3,,NATOPS,0,False,0.0,0.9523809523809524,
Eventually,3,1.0,NATOPS,0,False,0.0,0.9523809523809524,
Globally,1,0.52,NATOPS,0,False,0.0,0.9523809523809524,
Globally,2,0.06,NATOPS,0,False,0.0,0.9523809523809524,
And,2,,NATOPS,0,False,0.0,0.9523809523809524,
Globally,2,0.28,NATOPS,0,False,0.0,0.9523809523809524,
Eventually,2,0.18,NATOPS,0,False,0.0,0.9523809523809524,
And,2,,NATOPS,0,False,0.0,0.9523809523809524,
Globally,1,0.04,NATOPS,0,False,0.0,0.9523809523809524,
And,3,,NATOPS,0,False,0.0,0.9523809523809524,
Or,2,,NATOPS,0,False,0.0,0.9523809523809524,
Eventually,1,1.0,NATOPS,0,False,0.0,0.9523809523809524,
And,4,,NATOPS,0,False,0.0,0.9523809523809524,
Eventually,1,0.06,NATOPS,0,False,0.0,0.9523809523809524,
Globally,1,0.06,NATOPS,0,False,0.0,0.9523809523809524,
Globally,2,1.0,NATOPS,0,False,0.0,0.9523809523809524,
Globally,1,0.14,NATOPS,0,False,0.0,0.9523809523809524,
And,3,,NATOPS,0,False,0.0,0.9523809523809524,
Eventually,1,0.18,NATOPS,0,False,0.0,0.9523809523809524,
Globally,1,0.14,NATOPS,0,False,0.0,0.9523809523809524,
Globally,1,1.0,NATOPS,0,False,0.0,0.9523809523809524,
Eventually,2,1.0,NATOPS,0,False,0.0,0.9523809523809524,
Eventually,1,0.88,NATOPS,0,False,0.0,0.9523809523809524,
Eventually,1,0.18,NATOPS,0,False,0.0,0.9523809523809524,
Or,4,,NATOPS,0,False,0.0,0.9523809523809524,
Eventually,2,1.0,NATOPS,0,False,0.0,0.9523809523809524,
Eventually,3,0.1,NATOPS,0,False,0.0,0.9523809523809524,
And,3,,NATOPS,0,False,0.0,0.9523809523809524,
Eventually,2,0.06,NATOPS,0,False,0.0,0.9523809523809524,
Or,4,,NATOPS,0,False,0.0,0.9523809523809524,
Globally,1,1.0,NATOPS,0,False,0.0,0.9523809523809524,
Globally,1,0.14,NATOPS,0,False,0.0,0.9523809523809524,
Eventually,1,0.14,NATOPS,0,False,0.0,0.9523809523809524,
Globally,1,0.18,NATOPS,0,False,0.0,0.9523809523809524,
Eventually,1,0.08,NATOPS,0,False,0.0,0.9523809523809524,
Eventually,1,1.0,NATOPS,0,False,0.0,0.9523809523809524,
And,2,,NATOPS,0,False,0.0,0.9523809523809524,
Globally,1,0.08,NATOPS,0,False,0.0,0.9523809523809524,
Globally,1,0.06,NATOPS,0,False,0.0,0.9523809523809524,
And,4,,NATOPS,0,False,0.0,0.9523809523809524,
Eventually,1,0.42,NATOPS,0,False,0.0,0.9523809523809524,
Eventually,2,0.16,NATOPS,0,False,0.0,0.9523809523809524,
Globally,1,0.04,NATOPS,0,False,0.0,0.9523809523809524,
Globally,1,0.52,NATOPS,0,False,0.0,0.9523809523809524,
Globally,1,0.06,NATOPS,0,False,0.0,0.9523809523809524,
Globally,1,1.0,NATOPS,0,False,0.0,0.9523809523809524,
Globally,2,0.28,NATOPS,0,False,0.0,0.9523809523809524,
Globally,1,0.8,NATOPS,0,False,0.0,0.9523809523809524,
Globally,1,0.38,NATOPS,0,False,0.0,0.9523809523809524,
Globally,1,0.82,NATOPS,0,False,0.0,0.9523809523809524,
Globally,1,0.56,NATOPS,0,False,0.0,0.9523809523809524,
Or,2,,NATOPS,0,False,0.0,0.9523809523809524,
Eventually,1,1.0,NATOPS,0,False,0.0,0.9523809523809524,
Globally,2,0.06,NATOPS,0,False,0.0,0.9523809523809524,
Globally,2,0.04,NATOPS,0,False,0.0,0.9523809523809524,
Globally,2,0.14,NATOPS,0,False,0.0,0.9523809523809524,
Eventually,1,1.0,NATOPS,0,False,0.0,0.9523809523809524,
And,2,,NATOPS,0,False,0.0,0.9523809523809524,
Eventually,2,0.82,NATOPS,0,False,0.0,0.9523809523809524,
Globally,1,1.0,NATOPS,0,False,0.0,0.9523809523809524,
Globally,1,0.6,NATOPS,0,False,0.0,0.9523809523809524,
Globally,1,0.74,NATOPS,0,False,0.0,0.9523809523809524,
Globally,1,1.0,NATOPS,0,False,0.0,0.9523809523809524,
And,2,,NATOPS,0,False,0.0,0.9523809523809524,
Globally,1,0.3,NATOPS,0,False,0.0,0.9523809523809524,
Globally,1,0.58,NATOPS,0,False,0.0,0.9523809523809524,
Globally,1,0.8,NATOPS,0,False,0.0,0.9523809523809524,
Eventually,2,1.0,NATOPS,0,False,0.0,0.9523809523809524,
Eventually,1,0.4,NATOPS,0,False,0.0,0.9523809523809524,
Globally,2,0.76,NATOPS,0,False,0.0,0.9523809523809524,
And,3,,NATOPS,0,False,0.0,0.9523809523809524,
