i,true_class,pred_class,k,n_literals,literals,lcb_train,size_raw,size,support_train,tp_train,prec_train,coverage_train,support_test,tp_test,prec_test,coverage_test,rule
0,left,right,1,3,"[[9437, -1.0, 1.0234830379486084], [9913, 1.0, 0.010360440239310265], [2301, 1.0, 0.06796150654554367]]",0.935950766939138,15,11,24,24,1.0,0.1568627450980392,7,6,0.8571428571428571,0.13333333333333333,"( ( not ( always[8,31] ( ( x_2 >= 8.34 ) or ( x_19 <= 141.84 ) ) ) ) and ( always[6,inf] ( x_17 >= 59.94 ) ) ) and ( always[11,14] ( x_18 <= 160.79 ) )"
1,right,left,0,2,"[[1839, 1.0, 1.0855538845062256], [3474, 1.0, 0.006624272558838129]]",0.9069074050633751,10,10,16,16,1.0,0.09937888198757763,4,4,1.0,0.07272727272727272,"( eventually ( ( x_10 >= 52.13 ) and ( x_17 <= 80.13 ) ) ) and ( ( always ( x_25 >= -50.12 ) ) and ( eventually[20,33] ( x_17 <= 65.5 ) ) )"
2,left,left,0,3,"[[9913, -1.0, 0.3601837754249573], [7395, 1.0, 0.5508618950843811], [820, 1.0, 0.1384798139333725]]",0.9305325943024827,16,16,22,22,1.0,0.13664596273291926,11,9,0.8181818181818182,0.16363636363636364,"( ( not ( always[6,inf] ( ( x_17 >= 53.04 ) or ( x_11 <= 8.64 ) ) ) ) and ( ( eventually[10,12] ( x_11 >= 10.54 ) ) and ( eventually[19,20] ( x_0 <= 68.94 ) ) ) ) and ( eventually ( ( x_11 <= 2.42 ) and ( x_23 >= 0.35 ) ) )"
3,right,left,0,2,"[[269, 1.0, 0.403194785118103], [7395, 1.0, 1.0593652725219727]]",0.8700897188124962,11,11,11,11,1.0,0.06832298136645963,2,2,1.0,0.03636363636363636,"( ( eventually[9,32] ( x_3 <= -12.44 ) ) and ( eventually ( x_9 >= 25.06 ) ) ) and ( ( eventually[10,12] ( x_11 >= 19.55 ) ) and ( eventually[19,20] ( x_0 <= 59.92 ) ) )"
4,left,left,0,3,"[[269, 1.0, 0.7475138902664185], [7395, 1.0, 0.2680363655090332], [3474, 1.0, 0.0]]",0.9480957277857291,17,17,30,30,1.0,0.18633540372670807,7,6,0.8571428571428571,0.10909090909090909,"( ( ( eventually[9,32] ( x_3 <= -18.6 ) ) and ( eventually ( x_9 >= 31.23 ) ) ) and ( ( eventually[10,12] ( x_11 >= 5.52 ) ) and ( eventually[19,20] ( x_0 <= 73.95 ) ) ) ) and ( ( always ( x_25 >= -50.26 ) ) and ( eventually[20,33] ( x_17 <= 65.64 ) ) )"
5,right,right,1,2,"[[9437, -1.0, 1.0920648574829102], [9913, 1.0, 0.04723901301622391]]",0.9241130208892355,10,8,20,20,1.0,0.13071895424836602,8,6,0.75,0.13333333333333333,"( not ( always[8,31] ( ( x_2 >= 6.47 ) or ( x_19 <= 143.7 ) ) ) ) and ( always[6,inf] ( x_17 >= 60.62 ) )"
6,left,left,0,2,"[[1248, -1.0, 0.8901323676109314], [1943, 1.0, 0.2071446180343628]]",0.9204367490813241,11,11,19,19,1.0,0.11801242236024845,5,3,0.6,0.05454545454545454,"( not ( always[17,inf] ( ( x_13 >= 14.46 ) or ( x_6 <= 77.55 ) ) ) ) and ( ( always[0,7] ( x_19 >= 50.8 ) ) and ( always[23,25] ( x_13 <= 13.35 ) ) )"
7,right,right,1,2,"[[9437, -1.0, 0.9192053079605103], [8230, 1.0, 0.21128743886947632]]",0.9405849009030973,10,10,26,26,1.0,0.16993464052287582,6,6,1.0,0.13333333333333333,"( not ( always[8,31] ( ( x_2 >= 11.17 ) or ( x_19 <= 139.0 ) ) ) ) and ( eventually[30,32] ( ( x_10 <= 35.03 ) and ( x_3 >= 52.43 ) ) )"
8,left,left,0,2,"[[1248, -1.0, 0.8901323676109314], [1943, 1.0, 0.2071446180343628]]",0.9204367490813241,11,11,19,19,1.0,0.11801242236024845,5,3,0.6,0.05454545454545454,"( not ( always[17,inf] ( ( x_13 >= 14.46 ) or ( x_6 <= 77.55 ) ) ) ) and ( ( always[0,7] ( x_19 >= 50.8 ) ) and ( always[23,25] ( x_13 <= 13.35 ) ) )"
9,left,left,0,2,"[[9913, -1.0, 0.558881402015686], [2234, 1.0, 0.3475210964679718]]",0.901313696340425,8,8,15,15,1.0,0.09316770186335403,4,3,0.75,0.05454545454545454,"( not ( always[6,inf] ( ( x_17 >= 49.34 ) or ( x_11 <= 12.34 ) ) ) ) and ( always[3,4] ( x_1 <= 60.55 ) )"
10,right,left,0,3,"[[8313, -1.0, 0.6735898852348328], [1248, -1.0, 0.43995052576065063], [3183, -1.0, 0.34981077909469604]]",0.9163861567630498,16,16,18,18,1.0,0.11180124223602485,9,7,0.7777777777777778,0.12727272727272726,"( ( not ( always[45,46] ( x_2 <= 89.5 ) ) ) and ( not ( always[17,inf] ( ( x_13 >= 22.0 ) or ( x_6 <= 70.0 ) ) ) ) ) and ( not ( ( always[36,39] ( x_10 <= 26.65 ) ) or ( always[27,28] ( x_7 <= 32.75 ) ) ) )"
11,right,right,1,3,"[[1839, -1.0, 0.6216103434562683], [7864, 1.0, 0.20478492975234985], [3477, 1.0, 0.050997257232666016]]",0.9383548031583888,15,15,25,25,1.0,0.16339869281045752,15,8,0.5333333333333333,0.17777777777777778,"( ( not ( eventually ( ( x_10 >= 20.95 ) and ( x_17 <= 111.3 ) ) ) ) and ( eventually[5,6] ( ( x_25 >= -12.89 ) and ( x_8 <= 35.31 ) ) ) ) and ( eventually[8,43] ( ( x_10 <= 7.58 ) and ( x_1 >= 46.98 ) ) )"
12,left,left,0,2,"[[269, 1.0, 0.9387625455856323], [8313, -1.0, 0.3083737790584564]]",0.901313696340425,9,9,15,15,1.0,0.09316770186335403,4,3,0.75,0.05454545454545454,"( ( eventually[9,32] ( x_3 <= -22.02 ) ) and ( eventually ( x_9 >= 34.65 ) ) ) and ( not ( always[45,46] ( x_2 <= 76.05 ) ) )"
13,left,left,0,2,"[[9913, -1.0, 0.15003299713134766], [8313, -1.0, 0.44549959897994995]]",0.9383548031583888,9,9,25,25,1.0,0.15527950310559005,5,5,1.0,0.09090909090909091,"( not ( always[6,inf] ( ( x_17 >= 56.95 ) or ( x_11 <= 4.72 ) ) ) ) and ( not ( always[45,46] ( x_2 <= 81.1 ) ) )"
14,right,right,1,2,"[[1839, -1.0, 0.8036128282546997], [9437, -1.0, 0.0824921578168869]]",0.9069074050633751,11,11,16,16,1.0,0.10457516339869281,2,2,1.0,0.044444444444444446,"( not ( eventually ( ( x_10 >= 17.63 ) and ( x_17 <= 114.63 ) ) ) ) and ( not ( always[8,31] ( ( x_2 >= 33.92 ) or ( x_19 <= 116.25 ) ) ) )"
15,right,right,1,2,"[[1839, -1.0, 0.7037479877471924], [7864, 1.0, 0.8747850656509399]]",0.8950047881759461,10,10,14,14,1.0,0.0915032679738562,3,2,0.6666666666666666,0.044444444444444446,"( not ( eventually ( ( x_10 >= 19.45 ) and ( x_17 <= 112.8 ) ) ) ) and ( eventually[5,6] ( ( x_25 >= 1.76 ) and ( x_8 <= 20.66 ) ) )"
16,right,right,1,2,"[[4537, -1.0, 0.706159234046936], [7958, -1.0, 0.12076358497142792]]",0.8589313179094591,10,7,10,10,1.0,0.06535947712418301,4,4,1.0,0.08888888888888889,"( not ( always[41,42] ( x_10 >= -6.7 ) ) ) and ( not ( always[14,16] ( x_17 <= 69.5 ) ) )"
17,left,left,0,2,"[[1839, 1.0, 0.6652135252952576], [9489, -1.0, 1.3902777433395386]]",0.8296711635082987,11,8,8,8,1.0,0.049689440993788817,4,3,0.75,0.05454545454545454,( eventually ( ( x_10 >= 44.45 ) and ( x_17 <= 87.8 ) ) ) and ( not ( always ( x_4 <= 119.35 ) ) )
18,left,left,0,3,"[[9913, -1.0, 0.3199072480201721], [7395, 1.0, 0.5508618950843811], [1943, 1.0, 0.12129534035921097]]",0.9383548031583888,17,17,25,25,1.0,0.15527950310559005,11,8,0.7272727272727273,0.14545454545454545,"( ( not ( always[6,inf] ( ( x_17 >= 53.79 ) or ( x_11 <= 7.89 ) ) ) ) and ( ( eventually[10,12] ( x_11 >= 10.54 ) ) and ( eventually[19,20] ( x_0 <= 68.94 ) ) ) ) and ( ( always[0,7] ( x_19 >= 49.12 ) ) and ( always[23,25] ( x_13 <= 15.02 ) ) )"
19,right,right,1,2,"[[9437, -1.0, 0.9192053079605103], [8230, 1.0, 0.21128743886947632]]",0.9405849009030973,10,10,26,26,1.0,0.16993464052287582,6,6,1.0,0.13333333333333333,"( not ( always[8,31] ( ( x_2 >= 11.17 ) or ( x_19 <= 139.0 ) ) ) ) and ( eventually[30,32] ( ( x_10 <= 35.03 ) and ( x_3 >= 52.43 ) ) )"
20,left,left,0,3,"[[1839, 1.0, 0.46808308362960815], [820, 1.0, 0.13234475255012512], [8313, -1.0, 0.0]]",0.9511813763534412,13,11,32,32,1.0,0.19875776397515527,12,9,0.75,0.16363636363636364,"( ( eventually ( ( x_10 >= 40.85 ) and ( x_17 <= 91.4 ) ) ) and ( eventually ( x_11 <= 2.52 ) ) ) and ( not ( always[45,46] ( x_2 <= 64.69 ) ) )"
21,left,left,0,3,"[[8313, -1.0, 0.6735898852348328], [1248, -1.0, 0.5143264532089233], [1839, 1.0, 0.442142128944397]]",0.935950766939138,14,14,24,24,1.0,0.14906832298136646,9,7,0.7777777777777778,0.12727272727272726,"( ( not ( always[45,46] ( x_2 <= 89.5 ) ) ) and ( not ( always[17,inf] ( ( x_13 >= 20.76 ) or ( x_6 <= 71.25 ) ) ) ) ) and ( eventually ( ( x_10 >= 40.38 ) and ( x_17 <= 91.88 ) ) )"
22,right,right,1,2,"[[823, 1.0, 1.5492783784866333], [3477, 1.0, 0.050997257232666016]]",0.8796122753143348,10,10,12,12,1.0,0.0784313725490196,4,3,0.75,0.06666666666666667,"( ( always[20,37] ( x_23 >= -49.09 ) ) and ( eventually ( x_10 <= -30.59 ) ) ) and ( eventually[8,43] ( ( x_10 <= 7.58 ) and ( x_1 >= 46.98 ) ) )"
23,left,left,0,3,"[[9913, -1.0, 0.39169222116470337], [7395, 1.0, 0.27722764015197754], [3154, -1.0, 0.012078800238668919]]",0.9091824125867409,16,16,35,34,0.9714285714285714,0.2111801242236025,15,11,0.7333333333333333,0.2,"( ( not ( always[6,inf] ( ( x_17 >= 52.45 ) or ( x_11 <= 9.22 ) ) ) ) and ( ( eventually[10,12] ( x_11 >= 5.69 ) ) and ( eventually[19,20] ( x_0 <= 73.79 ) ) ) ) and ( not ( eventually ( eventually[17,47] ( x_19 >= 108.45 ) ) ) )"
24,right,right,1,3,"[[1839, -1.0, 0.8844509124755859], [8162, 1.0, 0.12041409313678741], [823, 1.0, 0.2737504243850708]]",0.9119010068902417,16,13,17,17,1.0,0.1111111111111111,3,2,0.6666666666666666,0.044444444444444446,"( ( not ( eventually ( ( x_10 >= 16.15 ) and ( x_17 <= 116.1 ) ) ) ) and ( eventually[42,45] ( ( x_6 >= 18.66 ) and ( x_2 <= -2.64 ) ) ) ) and ( always[20,37] ( x_23 >= -70.88 ) )"
25,left,left,0,3,"[[1839, 1.0, 0.6557000875473022], [7643, 1.0, 0.036683447659015656], [8313, -1.0, 0.47129541635513306]]",0.8878674957917753,14,11,28,27,0.9642857142857143,0.16770186335403728,5,5,1.0,0.09090909090909091,"( ( eventually ( ( x_10 >= 44.28 ) and ( x_17 <= 87.98 ) ) ) and ( eventually ( x_15 <= 65.02 ) ) ) and ( not ( always[45,46] ( x_2 <= 82.05 ) ) )"
26,left,left,0,2,"[[269, 1.0, 1.4087797403335571], [3474, 1.0, 0.0]]",0.8700897188124962,11,8,11,11,1.0,0.06832298136645963,7,6,0.8571428571428571,0.10909090909090909,"( ( eventually[9,32] ( x_3 <= -30.44 ) ) and ( eventually ( x_9 >= 43.06 ) ) ) and ( always ( x_25 >= -50.26 ) )"
27,left,left,0,3,"[[6293, -1.0, 0.2093428671360016], [1943, 1.0, 0.2071446180343628], [7958, 1.0, 1.1634432077407837]]",0.8796122753143348,15,9,12,12,1.0,0.07453416149068323,5,3,0.6,0.05454545454545454,"( ( not ( eventually[41,inf] ( x_16 >= 38.52 ) ) ) and ( always[0,7] ( x_19 >= 50.8 ) ) ) and ( always[14,16] ( x_17 <= 27.6 ) )"
28,left,left,0,2,"[[269, 1.0, 1.4087797403335571], [3474, 1.0, 0.0]]",0.8700897188124962,11,8,11,11,1.0,0.06832298136645963,7,6,0.8571428571428571,0.10909090909090909,"( ( eventually[9,32] ( x_3 <= -30.44 ) ) and ( eventually ( x_9 >= 43.06 ) ) ) and ( always ( x_25 >= -50.26 ) )"
29,left,left,0,3,"[[6293, -1.0, 0.2093428671360016], [2282, 1.0, 0.28546029329299927], [6260, 1.0, 0.04199787601828575]]",0.901313696340425,17,17,15,15,1.0,0.09316770186335403,3,2,0.6666666666666666,0.03636363636363636,"( ( not ( ( always[42,46] ( x_2 <= 92.6 ) ) and ( eventually[41,inf] ( x_16 >= 38.52 ) ) ) ) and ( eventually[16,17] ( ( x_15 >= 27.52 ) and ( x_17 <= 64.92 ) ) ) ) and ( ( always[6,28] ( x_23 <= -27.74 ) ) or ( eventually[15,37] ( x_22 >= 28.86 ) ) )"
30,left,left,0,2,"[[1839, 1.0, 0.6337966918945312], [7643, 1.0, 0.5343196988105774]]",0.9305325943024827,10,10,22,22,1.0,0.13664596273291926,5,5,1.0,0.09090909090909091,"( eventually ( ( x_10 >= 43.88 ) and ( x_17 <= 88.38 ) ) ) and ( ( always[37,49] ( x_18 >= -11.13 ) ) and ( eventually ( x_15 <= 52.67 ) ) )"
31,left,left,0,3,"[[9913, -1.0, 0.35947108268737793], [159, 1.0, 0.44075244665145874], [7864, -1.0, 0.03708914294838905]]",0.8798087473898981,17,17,26,25,0.9615384615384616,0.15527950310559005,17,12,0.7058823529411765,0.21818181818181817,"( ( not ( always[6,inf] ( ( x_17 >= 53.05 ) or ( x_11 <= 8.62 ) ) ) ) and ( ( eventually[10,29] ( x_11 >= 14.46 ) ) and ( eventually[31,33] ( x_10 <= 15.56 ) ) ) ) and ( not ( eventually[5,6] ( ( x_25 >= -18.18 ) and ( x_8 <= 40.6 ) ) ) )"
32,right,right,1,2,"[[1839, -1.0, 0.8036128282546997], [9437, -1.0, 0.0824921578168869]]",0.9069074050633751,11,11,16,16,1.0,0.10457516339869281,2,2,1.0,0.044444444444444446,"( not ( eventually ( ( x_10 >= 17.63 ) and ( x_17 <= 114.63 ) ) ) ) and ( not ( always[8,31] ( ( x_2 >= 33.92 ) or ( x_19 <= 116.25 ) ) ) )"
33,right,right,1,3,"[[5921, 1.0, 0.8714146614074707], [7673, 1.0, 0.56893390417099], [7073, 1.0, 0.26509377360343933]]",0.9241130208892355,14,8,20,20,1.0,0.13071895424836602,3,1,0.3333333333333333,0.022222222222222223,"( ( always[14,17] ( x_19 >= 129.0 ) ) and ( eventually[15,43] ( x_22 <= 7.5 ) ) ) and ( eventually[39,44] ( x_27 >= 27.4 ) )"
34,right,right,1,2,"[[1839, -1.0, 0.8036128282546997], [9437, -1.0, 0.0824921578168869]]",0.9069074050633751,11,11,16,16,1.0,0.10457516339869281,2,2,1.0,0.044444444444444446,"( not ( eventually ( ( x_10 >= 17.63 ) and ( x_17 <= 114.63 ) ) ) ) and ( not ( always[8,31] ( ( x_2 >= 33.92 ) or ( x_19 <= 116.25 ) ) ) )"
35,right,left,0,2,"[[1839, 1.0, 0.9856891632080078], [7643, 1.0, 0.34817826747894287]]",0.9119010068902417,10,10,17,17,1.0,0.10559006211180125,4,4,1.0,0.07272727272727272,"( eventually ( ( x_10 >= 50.3 ) and ( x_17 <= 81.95 ) ) ) and ( ( always[37,49] ( x_18 >= -15.75 ) ) and ( eventually ( x_15 <= 57.29 ) ) )"
36,right,right,1,3,"[[1839, -1.0, 0.1835426390171051], [7673, 1.0, 0.2994537949562073], [6260, -1.0, 0.3498937487602234]]",0.9305325943024827,18,12,22,22,1.0,0.1437908496732026,3,3,1.0,0.06666666666666667,"( ( not ( eventually ( ( x_10 >= 28.95 ) and ( x_17 <= 103.3 ) ) ) ) and ( eventually ( x_19 >= 121.47 ) ) ) and ( not ( eventually[15,37] ( x_22 >= 21.51 ) ) )"
37,right,right,1,3,"[[86, -1.0, 0.3826935887336731], [5927, -1.0, 0.5727856755256653], [159, -1.0, 0.4458504021167755]]",0.8589313179094591,17,17,10,10,1.0,0.06535947712418301,2,2,1.0,0.044444444444444446,"( ( not ( eventually[31,34] ( x_6 >= 49.3 ) ) ) and ( not ( ( eventually[30,32] ( x_4 >= 59.14 ) ) or ( eventually[17,21] ( x_20 <= -43.65 ) ) ) ) ) and ( not ( ( eventually[10,29] ( x_11 >= 0.43 ) ) and ( eventually[31,33] ( x_10 <= 29.6 ) ) ) )"
38,left,left,0,3,"[[269, 1.0, 0.23559722304344177], [6260, 1.0, 0.3779054284095764], [7395, 1.0, 0.1608392894268036]]",0.8878341470731327,17,11,13,13,1.0,0.08074534161490683,4,3,0.75,0.05454545454545454,"( ( eventually[9,32] ( x_3 <= -9.44 ) ) and ( eventually[15,37] ( x_22 >= 35.16 ) ) ) and ( ( eventually[10,12] ( x_11 >= 3.62 ) ) and ( eventually[19,20] ( x_0 <= 75.85 ) ) )"
39,right,right,1,3,"[[9437, -1.0, 0.8842657804489136], [8230, 1.0, 0.20582462847232819], [4759, -1.0, 0.2976977527141571]]",0.9426592784751422,16,14,27,27,1.0,0.17647058823529413,7,6,0.8571428571428571,0.13333333333333333,"( ( not ( always[8,31] ( ( x_2 >= 12.12 ) or ( x_19 <= 138.05 ) ) ) ) and ( eventually[30,32] ( ( x_10 <= 35.16 ) and ( x_3 >= 52.3 ) ) ) ) and ( not ( always[16,40] ( x_19 <= 121.85 ) ) )"
40,left,right,1,3,"[[1839, -1.0, 0.7146996855735779], [5927, -1.0, 0.5750702619552612], [6948, -1.0, 0.09916995465755463]]",0.9119010068902417,16,16,17,17,1.0,0.1111111111111111,8,4,0.5,0.08888888888888889,"( ( not ( eventually ( ( x_10 >= 19.25 ) and ( x_17 <= 113.0 ) ) ) ) and ( not ( ( eventually[30,32] ( x_4 >= 59.1 ) ) or ( eventually[17,21] ( x_20 <= -43.6027 ) ) ) ) ) and ( not ( eventually[27,28] ( x_22 >= -3.65 ) ) )"
41,right,right,1,3,"[[5921, 1.0, 0.7193657159805298], [6293, 1.0, 0.181610107421875], [7073, 1.0, 0.18574830889701843]]",0.9241130208892355,14,8,20,20,1.0,0.13071895424836602,5,4,0.8,0.08888888888888889,"( ( always[14,17] ( x_19 >= 124.25 ) ) and ( always[42,46] ( x_2 <= 83.41 ) ) ) and ( eventually[39,44] ( x_27 >= 24.85 ) )"
42,left,left,0,2,"[[7395, 1.0, 0.4556771516799927], [4759, 1.0, 0.02141309529542923]]",0.9464018553882751,10,8,29,29,1.0,0.18012422360248448,11,9,0.8181818181818182,0.16363636363636364,"( ( eventually[10,12] ( x_11 >= 8.85 ) ) and ( eventually[19,20] ( x_0 <= 70.62 ) ) ) and ( always[16,40] ( x_19 <= 111.75 ) )"
43,left,left,0,3,"[[6293, -1.0, 0.19478169083595276], [1209, -1.0, 0.024945024400949478], [9241, 1.0, 0.03897656872868538]]",0.8467799153536958,19,19,20,19,0.95,0.11801242236024845,4,4,1.0,0.07272727272727272,"( ( not ( ( always[42,46] ( x_2 <= 92.26 ) ) and ( eventually[41,inf] ( x_16 >= 38.86 ) ) ) ) and ( not ( ( eventually ( x_10 <= -5.35 ) ) and ( always[6,29] ( x_5 >= -72.08 ) ) ) ) ) and ( ( always[10,23] ( x_1 <= 73.4 ) ) or ( eventually[21,inf] ( x_21 <= -52.78 ) ) )"
44,right,right,1,2,"[[1839, -1.0, 0.6818445920944214], [7864, 1.0, 0.9759143590927124]]",0.8950047881759461,10,10,14,14,1.0,0.0915032679738562,2,1,0.5,0.022222222222222223,"( not ( eventually ( ( x_10 >= 19.85 ) and ( x_17 <= 112.4 ) ) ) ) and ( eventually[5,6] ( ( x_25 >= 3.97 ) and ( x_8 <= 18.45 ) ) )"
45,left,left,0,3,"[[6293, -1.0, 0.2093428671360016], [1943, 1.0, 0.2071446180343628], [7958, 1.0, 1.1634432077407837]]",0.8796122753143348,15,9,12,12,1.0,0.07453416149068323,5,3,0.6,0.05454545454545454,"( ( not ( eventually[41,inf] ( x_16 >= 38.52 ) ) ) and ( always[0,7] ( x_19 >= 50.8 ) ) ) and ( always[14,16] ( x_17 <= 27.6 ) )"
46,right,right,1,2,"[[3154, 1.0, 0.14922088384628296], [6260, -1.0, 0.8196297883987427]]",0.8456759411873505,10,7,9,9,1.0,0.058823529411764705,3,3,1.0,0.06666666666666667,"( eventually ( eventually[17,47] ( x_19 >= 113.8 ) ) ) and ( not ( eventually[15,37] ( x_22 >= 12.7 ) ) )"
47,right,right,1,3,"[[9437, -1.0, 0.6428244709968567], [2282, -1.0, 0.35811570286750793], [7673, 1.0, 0.7768353223800659]]",0.8878341470731327,17,15,13,13,1.0,0.08496732026143791,3,1,0.3333333333333333,0.022222222222222223,"( ( not ( always[8,31] ( ( x_2 >= 18.69 ) or ( x_19 <= 131.49 ) ) ) ) and ( not ( eventually[16,17] ( x_17 <= 77.87 ) ) ) ) and ( ( eventually ( x_19 >= 133.12 ) ) and ( eventually[15,43] ( x_22 <= 2.42 ) ) )"
48,left,left,0,3,"[[9913, -1.0, 0.5112624168395996], [7395, 1.0, 0.27722764015197754], [1839, 1.0, 0.01906364969909191]]",0.9274645677596903,16,16,21,21,1.0,0.13043478260869565,5,4,0.8,0.07272727272727272,"( ( not ( always[6,inf] ( ( x_17 >= 50.22 ) or ( x_11 <= 11.45 ) ) ) ) and ( ( eventually[10,12] ( x_11 >= 5.69 ) ) and ( eventually[19,20] ( x_0 <= 73.79 ) ) ) ) and ( eventually ( ( x_10 >= 32.65 ) and ( x_17 <= 99.6 ) ) )"
49,right,right,1,3,"[[2282, -1.0, 0.416861891746521], [823, 1.0, 0.015767380595207214], [7198, -1.0, 0.1501266360282898]]",0.9069074050633751,15,12,16,16,1.0,0.10457516339869281,4,0,0.0,0.0,"( ( not ( eventually[16,17] ( ( x_15 >= 13.39 ) and ( x_17 <= 79.05 ) ) ) ) and ( always[20,37] ( x_23 >= -75.29 ) ) ) and ( not ( eventually[16,17] ( x_10 >= 13.65 ) ) )"
50,right,right,1,2,"[[1839, -1.0, 0.6818445920944214], [7864, 1.0, 0.9759143590927124]]",0.8950047881759461,10,10,14,14,1.0,0.0915032679738562,2,1,0.5,0.022222222222222223,"( not ( eventually ( ( x_10 >= 19.85 ) and ( x_17 <= 112.4 ) ) ) ) and ( eventually[5,6] ( ( x_25 >= 3.97 ) and ( x_8 <= 18.45 ) ) )"
51,left,right,1,2,"[[6293, 1.0, 0.9237613081932068], [6260, -1.0, 0.8489550352096558]]",0.8950047881759461,12,12,14,14,1.0,0.0915032679738562,6,3,0.5,0.06666666666666667,"( ( always[42,46] ( x_2 <= 65.96 ) ) and ( eventually[41,inf] ( x_16 >= 65.16 ) ) ) and ( not ( ( always[6,28] ( x_23 <= -11.03 ) ) or ( eventually[15,37] ( x_22 >= 12.15 ) ) ) )"
52,left,right,1,2,"[[9437, -1.0, 1.0920648574829102], [9913, 1.0, 0.04723901301622391]]",0.9241130208892355,10,8,20,20,1.0,0.13071895424836602,8,6,0.75,0.13333333333333333,"( not ( always[8,31] ( ( x_2 >= 6.47 ) or ( x_19 <= 143.7 ) ) ) ) and ( always[6,inf] ( x_17 >= 60.62 ) )"
53,right,right,1,2,"[[1839, -1.0, 0.32317668199539185], [7266, -1.0, 1.042473316192627]]",0.8296711635082987,12,10,8,8,1.0,0.05228758169934641,4,2,0.5,0.044444444444444446,"( not ( eventually ( x_10 >= 26.4 ) ) ) and ( not ( ( always[7,12] ( x_16 >= 53.93 ) ) or ( eventually[11,19] ( x_22 <= -20.65 ) ) ) )"
54,left,left,0,2,"[[1839, 1.0, 0.6337966918945312], [7643, 1.0, 0.5343196988105774]]",0.9305325943024827,10,10,22,22,1.0,0.13664596273291926,5,5,1.0,0.09090909090909091,"( eventually ( ( x_10 >= 43.88 ) and ( x_17 <= 88.38 ) ) ) and ( ( always[37,49] ( x_18 >= -11.13 ) ) and ( eventually ( x_15 <= 52.67 ) ) )"
55,left,left,0,2,"[[1839, 1.0, 1.0855538845062256], [3474, 1.0, 0.006624272558838129]]",0.9069074050633751,10,10,16,16,1.0,0.09937888198757763,4,4,1.0,0.07272727272727272,"( eventually ( ( x_10 >= 52.13 ) and ( x_17 <= 80.13 ) ) ) and ( ( always ( x_25 >= -50.12 ) ) and ( eventually[20,33] ( x_17 <= 65.5 ) ) )"
56,right,right,1,3,"[[1839, -1.0, 0.8844509124755859], [8162, 1.0, 0.12041409313678741], [823, 1.0, 0.2737504243850708]]",0.9119010068902417,16,13,17,17,1.0,0.1111111111111111,3,2,0.6666666666666666,0.044444444444444446,"( ( not ( eventually ( ( x_10 >= 16.15 ) and ( x_17 <= 116.1 ) ) ) ) and ( eventually[42,45] ( ( x_6 >= 18.66 ) and ( x_2 <= -2.64 ) ) ) ) and ( always[20,37] ( x_23 >= -70.88 ) )"
57,left,left,0,3,"[[1839, 1.0, 0.8364030718803406], [7643, 1.0, 0.34817826747894287], [1248, -1.0, 0.025370914489030838]]",0.9383548031583888,16,14,25,25,1.0,0.15527950310559005,6,6,1.0,0.10909090909090909,"( ( eventually ( ( x_10 >= 47.58 ) and ( x_17 <= 84.68 ) ) ) and ( ( always[37,49] ( x_18 >= -15.75 ) ) and ( eventually ( x_15 <= 57.29 ) ) ) ) and ( not ( always[17,inf] ( x_6 <= 63.05 ) ) )"
58,right,right,1,2,"[[9437, -1.0, 0.9192053079605103], [8230, 1.0, 0.21128743886947632]]",0.9405849009030973,10,10,26,26,1.0,0.16993464052287582,6,6,1.0,0.13333333333333333,"( not ( always[8,31] ( ( x_2 >= 11.17 ) or ( x_19 <= 139.0 ) ) ) ) and ( eventually[30,32] ( ( x_10 <= 35.03 ) and ( x_3 >= 52.43 ) ) )"
59,left,left,0,3,"[[8313, -1.0, 0.7618391513824463], [7395, 1.0, 0.38442450761795044], [86, 1.0, 0.6498171091079712]]",0.9204367490813241,12,12,19,19,1.0,0.11801242236024845,6,5,0.8333333333333334,0.09090909090909091,"( ( not ( always[45,46] ( x_2 <= 92.75 ) ) ) and ( ( eventually[10,12] ( x_11 >= 7.59 ) ) and ( eventually[19,20] ( x_0 <= 71.89 ) ) ) ) and ( eventually[31,34] ( x_6 >= 74.85 ) )"
60,right,left,0,3,"[[9913, -1.0, 0.3199072480201721], [7395, 1.0, 0.5508618950843811], [1943, 1.0, 0.12129534035921097]]",0.9383548031583888,17,17,25,25,1.0,0.15527950310559005,11,8,0.7272727272727273,0.14545454545454545,"( ( not ( always[6,inf] ( ( x_17 >= 53.79 ) or ( x_11 <= 7.89 ) ) ) ) and ( ( eventually[10,12] ( x_11 >= 10.54 ) ) and ( eventually[19,20] ( x_0 <= 68.94 ) ) ) ) and ( ( always[0,7] ( x_19 >= 49.12 ) ) and ( always[23,25] ( x_13 <= 15.02 ) ) )"
61,left,right,1,3,"[[1839, -1.0, 0.6216103434562683], [7864, 1.0, 0.20478492975234985], [3477, 1.0, 0.050997257232666016]]",0.9383548031583888,15,15,25,25,1.0,0.16339869281045752,15,8,0.5333333333333333,0.17777777777777778,"( ( not ( eventually ( ( x_10 >= 20.95 ) and ( x_17 <= 111.3 ) ) ) ) and ( eventually[5,6] ( ( x_25 >= -12.89 ) and ( x_8 <= 35.31 ) ) ) ) and ( eventually[8,43] ( ( x_10 <= 7.58 ) and ( x_1 >= 46.98 ) ) )"
62,left,left,0,3,"[[269, 1.0, 0.7475138902664185], [7395, 1.0, 0.2680363655090332], [3474, 1.0, 0.0]]",0.9480957277857291,17,17,30,30,1.0,0.18633540372670807,7,6,0.8571428571428571,0.10909090909090909,"( ( ( eventually[9,32] ( x_3 <= -18.6 ) ) and ( eventually ( x_9 >= 31.23 ) ) ) and ( ( eventually[10,12] ( x_11 >= 5.52 ) ) and ( eventually[19,20] ( x_0 <= 73.95 ) ) ) ) and ( ( always ( x_25 >= -50.26 ) ) and ( eventually[20,33] ( x_17 <= 65.64 ) ) )"
63,right,left,0,2,"[[1839, 1.0, 0.6337966918945312], [7643, 1.0, 0.5343196988105774]]",0.9305325943024827,10,10,22,22,1.0,0.13664596273291926,5,5,1.0,0.09090909090909091,"( eventually ( ( x_10 >= 43.88 ) and ( x_17 <= 88.38 ) ) ) and ( ( always[37,49] ( x_18 >= -11.13 ) ) and ( eventually ( x_15 <= 52.67 ) ) )"
64,left,left,0,2,"[[9913, -1.0, 0.5112624168395996], [6948, 1.0, 0.09848841279745102]]",0.8700897188124962,8,8,11,11,1.0,0.06832298136645963,6,5,0.8333333333333334,0.09090909090909091,"( not ( always[6,inf] ( ( x_17 >= 50.22 ) or ( x_11 <= 11.45 ) ) ) ) and ( eventually[27,28] ( x_22 >= 1.85 ) )"
65,left,left,0,3,"[[269, 1.0, 0.7475138902664185], [3306, -1.0, 0.17961421608924866], [1372, -1.0, 0.020882612094283104]]",0.9069074050633751,15,12,16,16,1.0,0.09937888198757763,5,4,0.8,0.07272727272727272,"( ( eventually[9,32] ( x_3 <= -18.6 ) ) and ( not ( always[11,16] ( x_10 <= 25.9 ) ) ) ) and ( not ( eventually[22,43] ( ( x_2 >= 38.46 ) or ( x_19 <= -42.7 ) ) ) )"
66,left,left,0,3,"[[269, 1.0, 0.7475138902664185], [7395, 1.0, 0.2715855836868286], [3474, 1.0, 0.0]]",0.9480957277857291,17,17,30,30,1.0,0.18633540372670807,7,6,0.8571428571428571,0.10909090909090909,"( ( ( eventually[9,32] ( x_3 <= -18.6 ) ) and ( eventually ( x_9 >= 31.23 ) ) ) and ( ( eventually[10,12] ( x_11 >= 5.59 ) ) and ( eventually[19,20] ( x_0 <= 73.89 ) ) ) ) and ( ( always ( x_25 >= -50.26 ) ) and ( eventually[20,33] ( x_17 <= 65.64 ) ) )"
67,left,left,0,3,"[[8313, -1.0, 0.7618391513824463], [1248, -1.0, 0.5411697626113892], [7643, 1.0, 0.005234936717897654]]",0.9333516167118984,15,12,23,23,1.0,0.14285714285714285,8,6,0.75,0.10909090909090909,"( ( not ( always[45,46] ( x_2 <= 92.75 ) ) ) and ( not ( always[17,inf] ( ( x_13 >= 20.31 ) or ( x_6 <= 71.7 ) ) ) ) ) and ( eventually ( x_15 <= 65.8 ) )"
68,left,left,0,2,"[[1839, 1.0, 0.6652135252952576], [9489, -1.0, 1.3902777433395386]]",0.8296711635082987,11,8,8,8,1.0,0.049689440993788817,4,3,0.75,0.05454545454545454,( eventually ( ( x_10 >= 44.45 ) and ( x_17 <= 87.8 ) ) ) and ( not ( always ( x_4 <= 119.35 ) ) )
69,right,left,0,3,"[[9913, -1.0, 0.3199072480201721], [7395, 1.0, 0.5508618950843811], [1943, 1.0, 0.12129534035921097]]",0.9383548031583888,17,17,25,25,1.0,0.15527950310559005,11,8,0.7272727272727273,0.14545454545454545,"( ( not ( always[6,inf] ( ( x_17 >= 53.79 ) or ( x_11 <= 7.89 ) ) ) ) and ( ( eventually[10,12] ( x_11 >= 10.54 ) ) and ( eventually[19,20] ( x_0 <= 68.94 ) ) ) ) and ( ( always[0,7] ( x_19 >= 49.12 ) ) and ( always[23,25] ( x_13 <= 15.02 ) ) )"
70,left,left,0,3,"[[269, 1.0, 0.7475138902664185], [7395, 1.0, 0.2680363655090332], [3474, 1.0, 0.0]]",0.9480957277857291,17,17,30,30,1.0,0.18633540372670807,7,6,0.8571428571428571,0.10909090909090909,"( ( ( eventually[9,32] ( x_3 <= -18.6 ) ) and ( eventually ( x_9 >= 31.23 ) ) ) and ( ( eventually[10,12] ( x_11 >= 5.52 ) ) and ( eventually[19,20] ( x_0 <= 73.95 ) ) ) ) and ( ( always ( x_25 >= -50.26 ) ) and ( eventually[20,33] ( x_17 <= 65.64 ) ) )"
71,right,right,1,2,"[[4759, -1.0, 0.3877437710762024], [8313, 1.0, 0.1532375067472458]]",0.8878341470731327,8,6,13,13,1.0,0.08496732026143791,2,2,1.0,0.044444444444444446,"( not ( always[16,40] ( x_19 <= 124.7 ) ) ) and ( always[45,46] ( x_2 <= 59.05 ) )"
72,left,left,0,3,"[[1839, 1.0, 0.6557000875473022], [1372, -1.0, 0.2229655385017395], [3183, -1.0, 0.08351951092481613]]",0.8798087473898981,17,17,26,25,0.9615384615384616,0.15527950310559005,5,3,0.6,0.05454545454545454,"( ( eventually ( ( x_10 >= 44.28 ) and ( x_17 <= 87.98 ) ) ) and ( not ( eventually[22,43] ( ( x_2 >= 33.93 ) or ( x_19 <= -38.17 ) ) ) ) ) and ( not ( ( always[36,39] ( x_10 <= 20.6 ) ) or ( always[27,28] ( x_7 <= 26.7 ) ) ) )"
73,left,left,0,3,"[[9913, -1.0, 0.3199072480201721], [7395, 1.0, 0.5508618950843811], [1943, 1.0, 0.12129534035921097]]",0.9383548031583888,17,17,25,25,1.0,0.15527950310559005,11,8,0.7272727272727273,0.14545454545454545,"( ( not ( always[6,inf] ( ( x_17 >= 53.79 ) or ( x_11 <= 7.89 ) ) ) ) and ( ( eventually[10,12] ( x_11 >= 10.54 ) ) and ( eventually[19,20] ( x_0 <= 68.94 ) ) ) ) and ( ( always[0,7] ( x_19 >= 49.12 ) ) and ( always[23,25] ( x_13 <= 15.02 ) ) )"
74,left,left,0,2,"[[6646, 1.0, 1.4780734777450562], [4427, 1.0, 0.15757746994495392]]",0.8296711635082987,11,8,8,8,1.0,0.049689440993788817,0,0,,0.0,"( ( eventually[12,inf] ( x_17 >= 117.45 ) ) and ( always[29,31] ( x_19 <= -13.9 ) ) ) and ( always[0,21] ( x_19 <= 123.81 ) )"
75,left,left,0,3,"[[269, 1.0, 0.9387625455856323], [7395, 1.0, 0.27722764015197754], [1839, 1.0, 0.17656368017196655]]",0.9241130208892355,16,13,20,20,1.0,0.12422360248447205,3,3,1.0,0.05454545454545454,"( ( eventually[9,32] ( x_3 <= -22.02 ) ) and ( ( eventually[10,12] ( x_11 >= 5.69 ) ) and ( eventually[19,20] ( x_0 <= 73.79 ) ) ) ) and ( eventually ( ( x_10 >= 35.53 ) and ( x_17 <= 96.73 ) ) )"
76,left,left,0,3,"[[2282, 1.0, 1.0135213136672974], [7395, 1.0, 0.12280230224132538], [4427, 1.0, 0.040181584656238556]]",0.9241130208892355,16,13,20,20,1.0,0.12422360248447205,6,5,0.8333333333333334,0.09090909090909091,"( ( eventually[16,17] ( ( x_15 >= 42.17 ) and ( x_17 <= 50.27 ) ) ) and ( ( eventually[10,12] ( x_11 >= 2.95 ) ) and ( eventually[19,20] ( x_0 <= 76.52 ) ) ) ) and ( always[0,21] ( x_19 <= 126.65 ) )"
77,right,right,1,3,"[[9437, -1.0, 0.8414286971092224], [2049, 1.0, 0.22292350232601166], [6730, -1.0, 0.06651583313941956]]",0.9274645677596903,18,15,21,21,1.0,0.13725490196078433,3,3,1.0,0.06666666666666667,"( ( not ( always[8,31] ( ( x_2 >= 13.29 ) or ( x_19 <= 136.89 ) ) ) ) and ( ( always[15,16] ( x_8 >= 22.35 ) ) and ( eventually[1,4] ( x_25 <= 34.28 ) ) ) ) and ( not ( eventually[40,inf] ( x_5 <= 30.7 ) ) )"
78,right,left,0,3,"[[9913, -1.0, 0.49443912506103516], [7395, 1.0, 0.27722764015197754], [6646, 1.0, 0.594502329826355]]",0.9274645677596903,17,17,21,21,1.0,0.13043478260869565,13,9,0.6923076923076923,0.16363636363636364,"( ( not ( always[6,inf] ( ( x_17 >= 50.54 ) or ( x_11 <= 11.14 ) ) ) ) and ( ( eventually[10,12] ( x_11 >= 5.69 ) ) and ( eventually[19,20] ( x_0 <= 73.79 ) ) ) ) and ( ( eventually[12,inf] ( x_17 >= 98.25 ) ) and ( always[29,31] ( x_19 <= 5.3 ) ) )"
79,right,right,1,3,"[[1839, -1.0, 0.6216103434562683], [7864, 1.0, 0.2144467532634735], [3477, 1.0, 0.050997257232666016]]",0.9383548031583888,15,15,25,25,1.0,0.16339869281045752,15,8,0.5333333333333333,0.17777777777777778,"( ( not ( eventually ( ( x_10 >= 20.95 ) and ( x_17 <= 111.3 ) ) ) ) and ( eventually[5,6] ( ( x_25 >= -12.68 ) and ( x_8 <= 35.1 ) ) ) ) and ( eventually[8,43] ( ( x_10 <= 7.58 ) and ( x_1 >= 46.98 ) ) )"
80,left,left,0,2,"[[1839, 1.0, 0.6337966918945312], [7643, 1.0, 0.5343196988105774]]",0.9305325943024827,10,10,22,22,1.0,0.13664596273291926,5,5,1.0,0.09090909090909091,"( eventually ( ( x_10 >= 43.88 ) and ( x_17 <= 88.38 ) ) ) and ( ( always[37,49] ( x_18 >= -11.13 ) ) and ( eventually ( x_15 <= 52.67 ) ) )"
81,right,right,1,2,"[[9437, -1.0, 0.9192053079605103], [8230, 1.0, 0.21128743886947632]]",0.9405849009030973,10,10,26,26,1.0,0.16993464052287582,6,6,1.0,0.13333333333333333,"( not ( always[8,31] ( ( x_2 >= 11.17 ) or ( x_19 <= 139.0 ) ) ) ) and ( eventually[30,32] ( ( x_10 <= 35.03 ) and ( x_3 >= 52.43 ) ) )"
82,left,left,0,3,"[[9913, -1.0, 0.3199072480201721], [7395, 1.0, 0.5508618950843811], [1943, 1.0, 0.12129534035921097]]",0.9383548031583888,17,17,25,25,1.0,0.15527950310559005,11,8,0.7272727272727273,0.14545454545454545,"( ( not ( always[6,inf] ( ( x_17 >= 53.79 ) or ( x_11 <= 7.89 ) ) ) ) and ( ( eventually[10,12] ( x_11 >= 10.54 ) ) and ( eventually[19,20] ( x_0 <= 68.94 ) ) ) ) and ( ( always[0,7] ( x_19 >= 49.12 ) ) and ( always[23,25] ( x_13 <= 15.02 ) ) )"
83,right,right,1,2,"[[1839, -1.0, 0.7926610708236694], [7673, 1.0, 0.0]]",0.9069074050633751,11,11,16,16,1.0,0.10457516339869281,2,2,1.0,0.044444444444444446,"( not ( eventually ( ( x_10 >= 17.83 ) and ( x_17 <= 114.43 ) ) ) ) and ( ( eventually ( x_19 >= 114.17 ) ) and ( eventually[15,43] ( x_22 <= 21.38 ) ) )"
84,right,right,1,2,"[[9437, -1.0, 0.9192053079605103], [8230, 1.0, 0.21128743886947632]]",0.9405849009030973,10,10,26,26,1.0,0.16993464052287582,6,6,1.0,0.13333333333333333,"( not ( always[8,31] ( ( x_2 >= 11.17 ) or ( x_19 <= 139.0 ) ) ) ) and ( eventually[30,32] ( ( x_10 <= 35.03 ) and ( x_3 >= 52.43 ) ) )"
85,right,right,1,2,"[[9437, -1.0, 0.9192053079605103], [8230, 1.0, 0.21128743886947632]]",0.9405849009030973,10,10,26,26,1.0,0.16993464052287582,6,6,1.0,0.13333333333333333,"( not ( always[8,31] ( ( x_2 >= 11.17 ) or ( x_19 <= 139.0 ) ) ) ) and ( eventually[30,32] ( ( x_10 <= 35.03 ) and ( x_3 >= 52.43 ) ) )"
86,right,right,1,2,"[[9437, -1.0, 0.9247221946716309], [8230, 1.0, 0.21128743886947632]]",0.9405849009030973,10,10,26,26,1.0,0.16993464052287582,6,6,1.0,0.13333333333333333,"( not ( always[8,31] ( ( x_2 >= 11.02 ) or ( x_19 <= 139.15 ) ) ) ) and ( eventually[30,32] ( ( x_10 <= 35.03 ) and ( x_3 >= 52.43 ) ) )"
87,right,left,0,2,"[[7395, 1.0, 0.4556771516799927], [4759, 1.0, 0.02141309529542923]]",0.9464018553882751,10,8,29,29,1.0,0.18012422360248448,11,9,0.8181818181818182,0.16363636363636364,"( ( eventually[10,12] ( x_11 >= 8.85 ) ) and ( eventually[19,20] ( x_0 <= 70.62 ) ) ) and ( always[16,40] ( x_19 <= 111.75 ) )"
88,right,right,1,3,"[[4759, -1.0, 0.8521918654441833], [6293, 1.0, 0.03095240704715252], [7073, 1.0, 0.31021198630332947]]",0.9241130208892355,14,9,20,20,1.0,0.13071895424836602,5,4,0.8,0.08888888888888889,"( ( not ( always[16,40] ( x_19 <= 139.4 ) ) ) and ( always[42,46] ( x_2 <= 86.95 ) ) ) and ( eventually[39,44] ( x_27 >= 28.85 ) )"
89,right,right,1,2,"[[1209, 1.0, 1.307860255241394], [3477, 1.0, 0.03246339038014412]]",0.9204367490813241,10,10,19,19,1.0,0.12418300653594772,4,3,0.75,0.06666666666666667,"( ( eventually ( x_10 <= -29.9 ) ) and ( always[6,29] ( x_5 >= -47.53 ) ) ) and ( eventually[8,43] ( ( x_10 <= 7.83 ) and ( x_1 >= 46.73 ) ) )"
90,right,right,1,2,"[[9437, -1.0, 0.9192053079605103], [8230, 1.0, 0.21128743886947632]]",0.9405849009030973,10,10,26,26,1.0,0.16993464052287582,6,6,1.0,0.13333333333333333,"( not ( always[8,31] ( ( x_2 >= 11.17 ) or ( x_19 <= 139.0 ) ) ) ) and ( eventually[30,32] ( ( x_10 <= 35.03 ) and ( x_3 >= 52.43 ) ) )"
91,right,left,0,3,"[[1839, 1.0, 0.5270177125930786], [3474, 1.0, 0.0], [8313, -1.0, 0.09521797299385071]]",0.9464018553882751,14,11,29,29,1.0,0.18012422360248448,4,4,1.0,0.07272727272727272,"( ( eventually ( ( x_10 >= 41.93 ) and ( x_17 <= 90.33 ) ) ) and ( eventually[20,33] ( x_17 <= 65.64 ) ) ) and ( not ( always[45,46] ( x_2 <= 68.2 ) ) )"
92,left,left,0,2,"[[1839, 1.0, 0.6337966918945312], [7643, 1.0, 0.5343196988105774]]",0.9305325943024827,10,10,22,22,1.0,0.13664596273291926,5,5,1.0,0.09090909090909091,"( eventually ( ( x_10 >= 43.88 ) and ( x_17 <= 88.38 ) ) ) and ( ( always[37,49] ( x_18 >= -11.13 ) ) and ( eventually ( x_15 <= 52.67 ) ) )"
93,left,left,0,2,"[[1839, 1.0, 0.6337966918945312], [7643, 1.0, 0.5343196988105774]]",0.9305325943024827,10,10,22,22,1.0,0.13664596273291926,5,5,1.0,0.09090909090909091,"( eventually ( ( x_10 >= 43.88 ) and ( x_17 <= 88.38 ) ) ) and ( ( always[37,49] ( x_18 >= -11.13 ) ) and ( eventually ( x_15 <= 52.67 ) ) )"
94,left,left,0,2,"[[1839, 1.0, 0.6337966918945312], [7643, 1.0, 0.5343196988105774]]",0.9305325943024827,10,10,22,22,1.0,0.13664596273291926,5,5,1.0,0.09090909090909091,"( eventually ( ( x_10 >= 43.88 ) and ( x_17 <= 88.38 ) ) ) and ( ( always[37,49] ( x_18 >= -11.13 ) ) and ( eventually ( x_15 <= 52.67 ) ) )"
95,left,left,0,3,"[[9913, -1.0, 0.3199072480201721], [7395, 1.0, 0.5508618950843811], [1943, 1.0, 0.12129534035921097]]",0.9383548031583888,17,17,25,25,1.0,0.15527950310559005,11,8,0.7272727272727273,0.14545454545454545,"( ( not ( always[6,inf] ( ( x_17 >= 53.79 ) or ( x_11 <= 7.89 ) ) ) ) and ( ( eventually[10,12] ( x_11 >= 10.54 ) ) and ( eventually[19,20] ( x_0 <= 68.94 ) ) ) ) and ( ( always[0,7] ( x_19 >= 49.12 ) ) and ( always[23,25] ( x_13 <= 15.02 ) ) )"
96,right,right,1,2,"[[9437, -1.0, 0.9192053079605103], [8230, 1.0, 0.21128743886947632]]",0.9405849009030973,10,10,26,26,1.0,0.16993464052287582,6,6,1.0,0.13333333333333333,"( not ( always[8,31] ( ( x_2 >= 11.17 ) or ( x_19 <= 139.0 ) ) ) ) and ( eventually[30,32] ( ( x_10 <= 35.03 ) and ( x_3 >= 52.43 ) ) )"
97,right,left,0,2,"[[1248, -1.0, 0.6815400123596191], [8313, -1.0, 0.7536930441856384]]",0.9333516167118984,9,9,23,23,1.0,0.14285714285714285,8,6,0.75,0.10909090909090909,"( not ( always[17,inf] ( ( x_13 >= 17.95 ) or ( x_6 <= 74.05 ) ) ) ) and ( not ( always[45,46] ( x_2 <= 92.45 ) ) )"
98,right,right,1,3,"[[9437, -1.0, 0.8842657804489136], [8230, 1.0, 0.20582462847232819], [4427, -1.0, 0.6135657429695129]]",0.9426592784751422,17,14,27,27,1.0,0.17647058823529413,5,5,1.0,0.1111111111111111,"( ( not ( always[8,31] ( ( x_2 >= 12.12 ) or ( x_19 <= 138.05 ) ) ) ) and ( eventually[30,32] ( ( x_10 <= 35.16 ) and ( x_3 >= 52.3 ) ) ) ) and ( not ( always[0,21] ( x_19 <= 142.45 ) ) )"
99,left,left,0,2,"[[1248, -1.0, 0.6815400123596191], [8313, -1.0, 0.7536930441856384]]",0.9333516167118984,9,9,23,23,1.0,0.14285714285714285,8,6,0.75,0.10909090909090909,"( not ( always[17,inf] ( ( x_13 >= 17.95 ) or ( x_6 <= 74.05 ) ) ) ) and ( not ( always[45,46] ( x_2 <= 92.45 ) ) )"
100,right,right,1,3,"[[2282, -1.0, 0.416861891746521], [7266, -1.0, 0.04846363514661789], [5474, 1.0, 0.0]]",0.8589313179094591,15,15,10,10,1.0,0.06535947712418301,3,1,0.3333333333333333,0.022222222222222223,"( ( not ( eventually[16,17] ( ( x_15 >= 13.39 ) and ( x_17 <= 79.05 ) ) ) ) and ( not ( ( always[7,12] ( x_16 >= 73.25 ) ) or ( eventually[11,19] ( x_22 <= -39.97 ) ) ) ) ) and ( eventually[13,45] ( x_12 >= 30.52 ) )"
101,right,right,1,2,"[[9437, -1.0, 0.7287125587463379], [3477, 1.0, 0.21038833260536194]]",0.8950047881759461,10,10,14,14,1.0,0.0915032679738562,5,4,0.8,0.08888888888888889,"( not ( always[8,31] ( ( x_2 >= 16.35 ) or ( x_19 <= 133.82 ) ) ) ) and ( eventually[8,43] ( ( x_10 <= 5.43 ) and ( x_1 >= 49.13 ) ) )"
102,right,right,1,2,"[[4759, -1.0, 0.886946439743042], [9092, -1.0, 0.06435217708349228]]",0.901313696340425,11,7,15,15,1.0,0.09803921568627451,5,4,0.8,0.08888888888888889,"( not ( always[16,40] ( x_19 <= 140.5 ) ) ) and ( not ( eventually[46,48] ( x_7 >= 50.91 ) ) )"
103,left,left,0,3,"[[1248, -1.0, 0.8485649824142456], [86, 1.0, 0.8094420433044434], [1839, 1.0, 0.1121530756354332]]",0.935950766939138,13,13,24,24,1.0,0.14906832298136646,10,6,0.6,0.10909090909090909,"( ( not ( always[17,inf] ( ( x_13 >= 15.15 ) or ( x_6 <= 76.85 ) ) ) ) and ( eventually[31,34] ( x_6 >= 78.8 ) ) ) and ( eventually ( ( x_10 >= 34.35 ) and ( x_17 <= 97.9 ) ) )"
104,right,left,0,3,"[[269, 1.0, 0.7475138902664185], [7395, 1.0, 0.2715855836868286], [3474, 1.0, 0.0]]",0.9480957277857291,17,17,30,30,1.0,0.18633540372670807,7,6,0.8571428571428571,0.10909090909090909,"( ( ( eventually[9,32] ( x_3 <= -18.6 ) ) and ( eventually ( x_9 >= 31.23 ) ) ) and ( ( eventually[10,12] ( x_11 >= 5.59 ) ) and ( eventually[19,20] ( x_0 <= 73.89 ) ) ) ) and ( ( always ( x_25 >= -50.26 ) ) and ( eventually[20,33] ( x_17 <= 65.64 ) ) )"
105,left,left,0,3,"[[269, 1.0, 0.7475138902664185], [7395, 1.0, 0.2680363655090332], [3474, 1.0, 0.0]]",0.9480957277857291,17,17,30,30,1.0,0.18633540372670807,7,6,0.8571428571428571,0.10909090909090909,"( ( ( eventually[9,32] ( x_3 <= -18.6 ) ) and ( eventually ( x_9 >= 31.23 ) ) ) and ( ( eventually[10,12] ( x_11 >= 5.52 ) ) and ( eventually[19,20] ( x_0 <= 73.95 ) ) ) ) and ( ( always ( x_25 >= -50.26 ) ) and ( eventually[20,33] ( x_17 <= 65.64 ) ) )"
106,right,right,1,2,"[[4759, -1.0, 0.886946439743042], [9092, -1.0, 0.06435217708349228]]",0.901313696340425,11,7,15,15,1.0,0.09803921568627451,5,4,0.8,0.08888888888888889,"( not ( always[16,40] ( x_19 <= 140.5 ) ) ) and ( not ( eventually[46,48] ( x_7 >= 50.91 ) ) )"
107,right,right,1,2,"[[1839, -1.0, 0.8036128282546997], [9437, -1.0, 0.0824921578168869]]",0.9069074050633751,11,11,16,16,1.0,0.10457516339869281,2,2,1.0,0.044444444444444446,"( not ( eventually ( ( x_10 >= 17.63 ) and ( x_17 <= 114.63 ) ) ) ) and ( not ( always[8,31] ( ( x_2 >= 33.92 ) or ( x_19 <= 116.25 ) ) ) )"
108,right,right,1,2,"[[9437, -1.0, 0.9192053079605103], [8230, 1.0, 0.21128743886947632]]",0.9405849009030973,10,10,26,26,1.0,0.16993464052287582,6,6,1.0,0.13333333333333333,"( not ( always[8,31] ( ( x_2 >= 11.17 ) or ( x_19 <= 139.0 ) ) ) ) and ( eventually[30,32] ( ( x_10 <= 35.03 ) and ( x_3 >= 52.43 ) ) )"
109,left,left,0,2,"[[9913, -1.0, 0.15003299713134766], [8313, -1.0, 0.44549959897994995]]",0.9383548031583888,9,9,25,25,1.0,0.15527950310559005,5,5,1.0,0.09090909090909091,"( not ( always[6,inf] ( ( x_17 >= 56.95 ) or ( x_11 <= 4.72 ) ) ) ) and ( not ( always[45,46] ( x_2 <= 81.1 ) ) )"
110,right,right,1,2,"[[9437, -1.0, 0.7287125587463379], [3477, 1.0, 0.21038833260536194]]",0.8950047881759461,10,10,14,14,1.0,0.0915032679738562,5,4,0.8,0.08888888888888889,"( not ( always[8,31] ( ( x_2 >= 16.35 ) or ( x_19 <= 133.82 ) ) ) ) and ( eventually[8,43] ( ( x_10 <= 5.43 ) and ( x_1 >= 49.13 ) ) )"
111,left,right,1,2,"[[9437, -1.0, 0.9192053079605103], [8230, 1.0, 0.21128743886947632]]",0.9405849009030973,10,10,26,26,1.0,0.16993464052287582,6,6,1.0,0.13333333333333333,"( not ( always[8,31] ( ( x_2 >= 11.17 ) or ( x_19 <= 139.0 ) ) ) ) and ( eventually[30,32] ( ( x_10 <= 35.03 ) and ( x_3 >= 52.43 ) ) )"
112,right,right,1,2,"[[9437, -1.0, 0.9192053079605103], [8230, 1.0, 0.21128743886947632]]",0.9405849009030973,10,10,26,26,1.0,0.16993464052287582,6,6,1.0,0.13333333333333333,"( not ( always[8,31] ( ( x_2 >= 11.17 ) or ( x_19 <= 139.0 ) ) ) ) and ( eventually[30,32] ( ( x_10 <= 35.03 ) and ( x_3 >= 52.43 ) ) )"
113,left,left,0,2,"[[9913, -1.0, 0.2574371099472046], [9489, -1.0, 0.7507472038269043]]",0.8796122753143348,12,12,12,12,1.0,0.07453416149068323,3,3,1.0,0.05454545454545454,"( not ( always[6,inf] ( ( x_17 >= 54.95 ) or ( x_11 <= 6.72 ) ) ) ) and ( not ( ( always[23,inf] ( x_22 >= -95.64 ) ) and ( always ( x_4 <= 105.0 ) ) ) )"
114,left,left,0,2,"[[1839, 1.0, 0.6337966918945312], [7643, 1.0, 0.5343196988105774]]",0.9305325943024827,10,10,22,22,1.0,0.13664596273291926,5,5,1.0,0.09090909090909091,"( eventually ( ( x_10 >= 43.88 ) and ( x_17 <= 88.38 ) ) ) and ( ( always[37,49] ( x_18 >= -11.13 ) ) and ( eventually ( x_15 <= 52.67 ) ) )"
115,left,right,1,2,"[[1839, -1.0, 0.8036128282546997], [9437, -1.0, 0.0824921578168869]]",0.9069074050633751,11,11,16,16,1.0,0.10457516339869281,2,2,1.0,0.044444444444444446,"( not ( eventually ( ( x_10 >= 17.63 ) and ( x_17 <= 114.63 ) ) ) ) and ( not ( always[8,31] ( ( x_2 >= 33.92 ) or ( x_19 <= 116.25 ) ) ) )"
116,right,right,1,2,"[[1839, -1.0, 0.8036128282546997], [9437, -1.0, 0.0824921578168869]]",0.9069074050633751,11,11,16,16,1.0,0.10457516339869281,2,2,1.0,0.044444444444444446,"( not ( eventually ( ( x_10 >= 17.63 ) and ( x_17 <= 114.63 ) ) ) ) and ( not ( always[8,31] ( ( x_2 >= 33.92 ) or ( x_19 <= 116.25 ) ) ) )"
117,left,left,0,3,"[[9913, -1.0, 0.19102245569229126], [8313, -1.0, 0.24592049419879913], [6406, -1.0, 0.005365531891584396]]",0.9480957277857291,15,13,30,30,1.0,0.18633540372670807,6,5,0.8333333333333334,0.09090909090909091,"( ( not ( always[6,inf] ( ( x_17 >= 56.19 ) or ( x_11 <= 5.49 ) ) ) ) and ( not ( always[45,46] ( x_2 <= 73.75 ) ) ) ) and ( not ( always ( x_7 >= 24.85 ) ) )"
118,left,right,1,2,"[[1248, 1.0, 0.8099420070648193], [9241, -1.0, 0.26614391803741455]]",0.8296711635082987,11,11,8,8,1.0,0.05228758169934641,4,4,1.0,0.08888888888888889,"( always[17,inf] ( ( x_13 >= 42.96 ) or ( x_6 <= 49.05 ) ) ) and ( not ( ( always[10,23] ( x_1 <= 80.15 ) ) or ( eventually[21,inf] ( x_21 <= -46.03 ) ) ) )"
119,right,right,1,2,"[[1839, -1.0, 0.8036128282546997], [7733, 1.0, 0.13509875535964966]]",0.8456759411873505,10,10,9,9,1.0,0.058823529411764705,1,1,1.0,0.022222222222222223,"( not ( eventually ( ( x_10 >= 17.63 ) and ( x_17 <= 114.63 ) ) ) ) and ( eventually[5,10] ( ( x_20 <= -127.46 ) or ( x_22 >= 11.1 ) ) )"
120,right,right,1,2,"[[9437, -1.0, 0.9192053079605103], [8230, 1.0, 0.21128743886947632]]",0.9405849009030973,10,10,26,26,1.0,0.16993464052287582,6,6,1.0,0.13333333333333333,"( not ( always[8,31] ( ( x_2 >= 11.17 ) or ( x_19 <= 139.0 ) ) ) ) and ( eventually[30,32] ( ( x_10 <= 35.03 ) and ( x_3 >= 52.43 ) ) )"
121,right,right,1,2,"[[1839, -1.0, 0.8036128282546997], [9437, -1.0, 0.0824921578168869]]",0.9069074050633751,11,11,16,16,1.0,0.10457516339869281,2,2,1.0,0.044444444444444446,"( not ( eventually ( ( x_10 >= 17.63 ) and ( x_17 <= 114.63 ) ) ) ) and ( not ( always[8,31] ( ( x_2 >= 33.92 ) or ( x_19 <= 116.25 ) ) ) )"
122,right,right,1,3,"[[1839, -1.0, 0.6216103434562683], [7864, 1.0, 0.20478492975234985], [3477, 1.0, 0.050997257232666016]]",0.9383548031583888,15,15,25,25,1.0,0.16339869281045752,15,8,0.5333333333333333,0.17777777777777778,"( ( not ( eventually ( ( x_10 >= 20.95 ) and ( x_17 <= 111.3 ) ) ) ) and ( eventually[5,6] ( ( x_25 >= -12.89 ) and ( x_8 <= 35.31 ) ) ) ) and ( eventually[8,43] ( ( x_10 <= 7.58 ) and ( x_1 >= 46.98 ) ) )"
123,left,left,0,3,"[[269, 1.0, 0.9387625455856323], [8313, -1.0, 0.07621042430400848], [3474, 1.0, 0.0189003087580204]]",0.9204367490813241,15,12,19,19,1.0,0.11801242236024845,3,3,1.0,0.05454545454545454,"( ( ( eventually[9,32] ( x_3 <= -22.02 ) ) and ( eventually ( x_9 >= 34.65 ) ) ) and ( not ( always[45,46] ( x_2 <= 67.5 ) ) ) ) and ( eventually[20,33] ( x_17 <= 65.24 ) )"
124,right,left,0,2,"[[269, 1.0, 0.4765646457672119], [1943, 1.0, 1.1631193161010742]]",0.8878341470731327,11,11,13,13,1.0,0.08074534161490683,11,5,0.45454545454545453,0.09090909090909091,"( ( eventually[9,32] ( x_3 <= -13.75 ) ) and ( eventually ( x_9 >= 26.38 ) ) ) and ( ( always[0,7] ( x_19 >= 69.45 ) ) and ( always[23,25] ( x_13 <= -5.3 ) ) )"
125,right,right,1,3,"[[1839, -1.0, 0.6216103434562683], [7864, 1.0, 0.20478492975234985], [3477, 1.0, 0.050997257232666016]]",0.9383548031583888,15,15,25,25,1.0,0.16339869281045752,15,8,0.5333333333333333,0.17777777777777778,"( ( not ( eventually ( ( x_10 >= 20.95 ) and ( x_17 <= 111.3 ) ) ) ) and ( eventually[5,6] ( ( x_25 >= -12.89 ) and ( x_8 <= 35.31 ) ) ) ) and ( eventually[8,43] ( ( x_10 <= 7.58 ) and ( x_1 >= 46.98 ) ) )"
126,left,right,1,2,"[[5921, 1.0, 0.3800557851791382], [7266, -1.0, 0.5563828945159912]]",0.901313696340425,12,9,15,15,1.0,0.09803921568627451,9,6,0.6666666666666666,0.13333333333333333,"( always[14,17] ( x_19 >= 113.65 ) ) and ( not ( ( always[7,12] ( x_16 >= 63.38 ) ) or ( eventually[11,19] ( x_22 <= -30.1 ) ) ) )"
127,left,left,0,3,"[[8313, -1.0, 0.7618391513824463], [7395, 1.0, 0.38442450761795044], [86, 1.0, 0.6498171091079712]]",0.9204367490813241,12,12,19,19,1.0,0.11801242236024845,6,5,0.8333333333333334,0.09090909090909091,"( ( not ( always[45,46] ( x_2 <= 92.75 ) ) ) and ( ( eventually[10,12] ( x_11 >= 7.59 ) ) and ( eventually[19,20] ( x_0 <= 71.89 ) ) ) ) and ( eventually[31,34] ( x_6 >= 74.85 ) )"
128,right,right,1,2,"[[9437, -1.0, 0.9192053079605103], [8230, 1.0, 0.21128743886947632]]",0.9405849009030973,10,10,26,26,1.0,0.16993464052287582,6,6,1.0,0.13333333333333333,"( not ( always[8,31] ( ( x_2 >= 11.17 ) or ( x_19 <= 139.0 ) ) ) ) and ( eventually[30,32] ( ( x_10 <= 35.03 ) and ( x_3 >= 52.43 ) ) )"
129,right,right,1,3,"[[1839, -1.0, 0.5613760948181152], [2049, 1.0, 0.005532965995371342], [3306, 1.0, 0.36518198251724243]]",0.901313696340425,14,14,15,15,1.0,0.09803921568627451,7,4,0.5714285714285714,0.08888888888888889,"( ( not ( eventually ( ( x_10 >= 22.05 ) and ( x_17 <= 110.2 ) ) ) ) and ( ( always[15,16] ( x_8 >= 18.07 ) ) and ( eventually[1,4] ( x_25 <= 38.57 ) ) ) ) and ( always[11,16] ( x_10 <= 13.3 ) )"
130,right,right,1,3,"[[1839, -1.0, 0.6216103434562683], [7864, 1.0, 0.2144467532634735], [3477, 1.0, 0.050997257232666016]]",0.9383548031583888,15,15,25,25,1.0,0.16339869281045752,15,8,0.5333333333333333,0.17777777777777778,"( ( not ( eventually ( ( x_10 >= 20.95 ) and ( x_17 <= 111.3 ) ) ) ) and ( eventually[5,6] ( ( x_25 >= -12.68 ) and ( x_8 <= 35.1 ) ) ) ) and ( eventually[8,43] ( ( x_10 <= 7.58 ) and ( x_1 >= 46.98 ) ) )"
131,right,right,1,2,"[[1248, 1.0, 0.8099420070648193], [9241, -1.0, 0.26614391803741455]]",0.8296711635082987,11,11,8,8,1.0,0.05228758169934641,4,4,1.0,0.08888888888888889,"( always[17,inf] ( ( x_13 >= 42.96 ) or ( x_6 <= 49.05 ) ) ) and ( not ( ( always[10,23] ( x_1 <= 80.15 ) ) or ( eventually[21,inf] ( x_21 <= -46.03 ) ) ) )"
132,right,right,1,2,"[[6293, 1.0, 0.6646517515182495], [6646, -1.0, 0.14869703352451324]]",0.8878341470731327,12,9,13,13,1.0,0.08496732026143791,6,5,0.8333333333333334,0.1111111111111111,"( ( always[42,46] ( x_2 <= 72.05 ) ) and ( eventually[41,inf] ( x_16 >= 59.07 ) ) ) and ( not ( always[29,31] ( x_19 <= 21.45 ) ) )"
133,left,left,0,3,"[[9913, -1.0, 0.3199072480201721], [7395, 1.0, 0.5508618950843811], [1943, 1.0, 0.12129534035921097]]",0.9383548031583888,17,17,25,25,1.0,0.15527950310559005,11,8,0.7272727272727273,0.14545454545454545,"( ( not ( always[6,inf] ( ( x_17 >= 53.79 ) or ( x_11 <= 7.89 ) ) ) ) and ( ( eventually[10,12] ( x_11 >= 10.54 ) ) and ( eventually[19,20] ( x_0 <= 68.94 ) ) ) ) and ( ( always[0,7] ( x_19 >= 49.12 ) ) and ( always[23,25] ( x_13 <= 15.02 ) ) )"
134,left,left,0,3,"[[1839, 1.0, 0.6652135252952576], [820, 1.0, 0.10264776647090912], [5588, 1.0, 0.046370118856430054]]",0.9383548031583888,15,13,25,25,1.0,0.15527950310559005,7,6,0.8571428571428571,0.10909090909090909,"( ( eventually ( ( x_10 >= 44.45 ) and ( x_17 <= 87.8 ) ) ) and ( eventually ( x_11 <= 3.0 ) ) ) and ( ( always[22,inf] ( x_18 >= -10.58 ) ) and ( always[7,9] ( x_8 >= 8.88 ) ) )"
135,left,left,0,2,"[[1839, 1.0, 0.6652135252952576], [9489, -1.0, 1.3902777433395386]]",0.8296711635082987,11,8,8,8,1.0,0.049689440993788817,4,3,0.75,0.05454545454545454,( eventually ( ( x_10 >= 44.45 ) and ( x_17 <= 87.8 ) ) ) and ( not ( always ( x_4 <= 119.35 ) ) )
136,left,left,0,2,"[[1248, -1.0, 0.8901323676109314], [1943, 1.0, 0.2071446180343628]]",0.9204367490813241,11,11,19,19,1.0,0.11801242236024845,5,3,0.6,0.05454545454545454,"( not ( always[17,inf] ( ( x_13 >= 14.46 ) or ( x_6 <= 77.55 ) ) ) ) and ( ( always[0,7] ( x_19 >= 50.8 ) ) and ( always[23,25] ( x_13 <= 13.35 ) ) )"
137,right,right,1,2,"[[9437, -1.0, 0.9192053079605103], [8230, 1.0, 0.21128743886947632]]",0.9405849009030973,10,10,26,26,1.0,0.16993464052287582,6,6,1.0,0.13333333333333333,"( not ( always[8,31] ( ( x_2 >= 11.17 ) or ( x_19 <= 139.0 ) ) ) ) and ( eventually[30,32] ( ( x_10 <= 35.03 ) and ( x_3 >= 52.43 ) ) )"
138,right,right,1,3,"[[1839, -1.0, 0.1835426390171051], [7673, 1.0, 0.2994537949562073], [6260, -1.0, 0.3498937487602234]]",0.9305325943024827,18,12,22,22,1.0,0.1437908496732026,3,3,1.0,0.06666666666666667,"( ( not ( eventually ( ( x_10 >= 28.95 ) and ( x_17 <= 103.3 ) ) ) ) and ( eventually ( x_19 >= 121.47 ) ) ) and ( not ( eventually[15,37] ( x_22 >= 21.51 ) ) )"
139,left,right,1,3,"[[1209, 1.0, 0.8246844410896301], [9489, 1.0, 0.969523549079895], [3477, 1.0, 0.4105544090270996]]",0.8012986329005676,16,13,15,14,0.9333333333333333,0.0915032679738562,7,5,0.7142857142857143,0.1111111111111111,"( ( eventually ( x_10 <= -21.0 ) ) and ( ( always[23,inf] ( x_22 >= -57.04 ) ) and ( always ( x_4 <= 66.4 ) ) ) ) and ( eventually[8,43] ( ( x_10 <= 2.73 ) and ( x_1 >= 51.83 ) ) )"
140,right,right,1,2,"[[9437, -1.0, 0.7287125587463379], [3477, 1.0, 0.21038833260536194]]",0.8950047881759461,10,10,14,14,1.0,0.0915032679738562,5,4,0.8,0.08888888888888889,"( not ( always[8,31] ( ( x_2 >= 16.35 ) or ( x_19 <= 133.82 ) ) ) ) and ( eventually[8,43] ( ( x_10 <= 5.43 ) and ( x_1 >= 49.13 ) ) )"
141,right,right,1,2,"[[823, 1.0, 1.6580073833465576], [7266, -1.0, 0.04846363514661789]]",0.8700897188124962,12,9,11,11,1.0,0.0718954248366013,3,2,0.6666666666666666,0.044444444444444446,"( eventually ( x_10 <= -32.45 ) ) and ( not ( ( always[7,12] ( x_16 >= 73.25 ) ) or ( eventually[11,19] ( x_22 <= -39.97 ) ) ) )"
142,right,right,1,2,"[[1839, -1.0, 0.8036128282546997], [9437, -1.0, 0.0824921578168869]]",0.9069074050633751,11,11,16,16,1.0,0.10457516339869281,2,2,1.0,0.044444444444444446,"( not ( eventually ( ( x_10 >= 17.63 ) and ( x_17 <= 114.63 ) ) ) ) and ( not ( always[8,31] ( ( x_2 >= 33.92 ) or ( x_19 <= 116.25 ) ) ) )"
143,right,right,1,2,"[[9437, -1.0, 0.9192053079605103], [8230, 1.0, 0.21128743886947632]]",0.9405849009030973,10,10,26,26,1.0,0.16993464052287582,6,6,1.0,0.13333333333333333,"( not ( always[8,31] ( ( x_2 >= 11.17 ) or ( x_19 <= 139.0 ) ) ) ) and ( eventually[30,32] ( ( x_10 <= 35.03 ) and ( x_3 >= 52.43 ) ) )"
144,right,right,1,2,"[[1839, -1.0, 0.7926610708236694], [7673, 1.0, 0.0014030799502506852]]",0.9069074050633751,11,11,16,16,1.0,0.10457516339869281,2,2,1.0,0.044444444444444446,"( not ( eventually ( ( x_10 >= 17.83 ) and ( x_17 <= 114.43 ) ) ) ) and ( ( eventually ( x_19 >= 114.2 ) ) and ( eventually[15,43] ( x_22 <= 21.35 ) ) )"
145,right,right,1,2,"[[6293, 1.0, 0.9237613081932068], [6260, -1.0, 0.8489550352096558]]",0.8950047881759461,12,12,14,14,1.0,0.0915032679738562,6,3,0.5,0.06666666666666667,"( ( always[42,46] ( x_2 <= 65.96 ) ) and ( eventually[41,inf] ( x_16 >= 65.16 ) ) ) and ( not ( ( always[6,28] ( x_23 <= -11.03 ) ) or ( eventually[15,37] ( x_22 >= 12.15 ) ) ) )"
146,right,right,1,2,"[[9437, -1.0, 0.9192053079605103], [8230, 1.0, 0.21128743886947632]]",0.9405849009030973,10,10,26,26,1.0,0.16993464052287582,6,6,1.0,0.13333333333333333,"( not ( always[8,31] ( ( x_2 >= 11.17 ) or ( x_19 <= 139.0 ) ) ) ) and ( eventually[30,32] ( ( x_10 <= 35.03 ) and ( x_3 >= 52.43 ) ) )"
147,left,left,0,3,"[[269, 1.0, 0.8368991613388062], [1839, 1.0, 0.3092835545539856], [3474, 1.0, 0.0]]",0.9426592784751422,16,16,27,27,1.0,0.16770186335403728,6,6,1.0,0.10909090909090909,"( ( ( eventually[9,32] ( x_3 <= -20.2 ) ) and ( eventually ( x_9 >= 32.83 ) ) ) and ( eventually ( ( x_10 >= 37.95 ) and ( x_17 <= 94.3 ) ) ) ) and ( ( always ( x_25 >= -50.26 ) ) and ( eventually[20,33] ( x_17 <= 65.64 ) ) )"
148,left,left,0,2,"[[1248, -1.0, 0.6815400123596191], [8313, -1.0, 0.7536930441856384]]",0.9333516167118984,9,9,23,23,1.0,0.14285714285714285,8,6,0.75,0.10909090909090909,"( not ( always[17,inf] ( ( x_13 >= 17.95 ) or ( x_6 <= 74.05 ) ) ) ) and ( not ( always[45,46] ( x_2 <= 92.45 ) ) )"
149,left,left,0,2,"[[1248, -1.0, 0.6815400123596191], [8313, -1.0, 0.7536930441856384]]",0.9333516167118984,9,9,23,23,1.0,0.14285714285714285,8,6,0.75,0.10909090909090909,"( not ( always[17,inf] ( ( x_13 >= 17.95 ) or ( x_6 <= 74.05 ) ) ) ) and ( not ( always[45,46] ( x_2 <= 92.45 ) ) )"
150,right,right,1,2,"[[4537, -1.0, 0.706159234046936], [7958, -1.0, 0.12076358497142792]]",0.8589313179094591,10,7,10,10,1.0,0.06535947712418301,4,4,1.0,0.08888888888888889,"( not ( always[41,42] ( x_10 >= -6.7 ) ) ) and ( not ( always[14,16] ( x_17 <= 69.5 ) ) )"
151,right,left,0,3,"[[1248, -1.0, 0.5143264532089233], [6293, -1.0, 0.19478169083595276], [820, 1.0, 0.007554599549621344]]",0.9383548031583888,17,17,25,25,1.0,0.15527950310559005,10,9,0.9,0.16363636363636364,"( ( not ( always[17,inf] ( ( x_13 >= 20.76 ) or ( x_6 <= 71.25 ) ) ) ) and ( not ( ( always[42,46] ( x_2 <= 92.26 ) ) and ( eventually[41,inf] ( x_16 >= 38.86 ) ) ) ) ) and ( eventually ( ( x_11 <= 4.55 ) and ( x_23 >= -1.78 ) ) )"
152,left,right,1,3,"[[4759, -1.0, 0.886946439743042], [9437, -1.0, 0.36568740010261536], [2301, 1.0, 0.06796150654554367]]",0.9039665159883415,16,14,33,32,0.9696969696969697,0.20915032679738563,9,8,0.8888888888888888,0.17777777777777778,"( ( not ( always[16,40] ( x_19 <= 140.5 ) ) ) and ( not ( always[8,31] ( ( x_2 >= 26.22 ) or ( x_19 <= 123.95 ) ) ) ) ) and ( always[11,14] ( ( x_25 >= 4.79 ) and ( x_18 <= 160.79 ) ) )"
153,left,left,0,2,"[[269, 1.0, 1.4087797403335571], [3474, 1.0, 0.0]]",0.8700897188124962,11,8,11,11,1.0,0.06832298136645963,7,6,0.8571428571428571,0.10909090909090909,"( ( eventually[9,32] ( x_3 <= -30.44 ) ) and ( eventually ( x_9 >= 43.06 ) ) ) and ( always ( x_25 >= -50.26 ) )"
154,right,right,1,3,"[[5921, 1.0, 0.8714146614074707], [9437, -1.0, 0.29029130935668945], [3474, -1.0, 0.6451093554496765]]",0.8826804269005702,18,12,39,37,0.9487179487179487,0.24183006535947713,9,6,0.6666666666666666,0.13333333333333333,"( ( always[14,17] ( x_19 >= 129.0 ) ) and ( not ( always[8,31] ( ( x_2 >= 28.27 ) or ( x_19 <= 121.9 ) ) ) ) ) and ( not ( eventually[20,33] ( x_17 <= 79.2 ) ) )"
155,right,right,1,3,"[[1839, -1.0, 0.8844509124755859], [8162, 1.0, 0.12041409313678741], [823, 1.0, 0.2737504243850708]]",0.9119010068902417,16,13,17,17,1.0,0.1111111111111111,3,2,0.6666666666666666,0.044444444444444446,"( ( not ( eventually ( ( x_10 >= 16.15 ) and ( x_17 <= 116.1 ) ) ) ) and ( eventually[42,45] ( ( x_6 >= 18.66 ) and ( x_2 <= -2.64 ) ) ) ) and ( always[20,37] ( x_23 >= -70.88 ) )"
156,left,left,0,3,"[[1839, 1.0, 0.552958607673645], [86, 1.0, 0.8235859870910645], [8313, -1.0, 0.22962826490402222]]",0.9305325943024827,11,11,22,22,1.0,0.13664596273291926,10,7,0.7,0.12727272727272726,"( ( eventually ( ( x_10 >= 42.4 ) and ( x_17 <= 89.85 ) ) ) and ( eventually[31,34] ( x_6 >= 79.15 ) ) ) and ( not ( always[45,46] ( x_2 <= 73.15 ) ) )"
157,left,left,0,3,"[[9913, -1.0, 0.3199072480201721], [7395, 1.0, 0.5508618950843811], [1943, 1.0, 0.12129534035921097]]",0.9383548031583888,17,17,25,25,1.0,0.15527950310559005,11,8,0.7272727272727273,0.14545454545454545,"( ( not ( always[6,inf] ( ( x_17 >= 53.79 ) or ( x_11 <= 7.89 ) ) ) ) and ( ( eventually[10,12] ( x_11 >= 10.54 ) ) and ( eventually[19,20] ( x_0 <= 68.94 ) ) ) ) and ( ( always[0,7] ( x_19 >= 49.12 ) ) and ( always[23,25] ( x_13 <= 15.02 ) ) )"
158,left,left,0,2,"[[1839, 1.0, 0.8925999402999878], [1372, -1.0, 0.5075819492340088]]",0.901313696340425,10,10,15,15,1.0,0.09316770186335403,2,2,1.0,0.03636363636363636,"( eventually ( ( x_10 >= 48.6 ) and ( x_17 <= 83.65 ) ) ) and ( not ( eventually[22,43] ( ( x_2 >= 27.55 ) or ( x_19 <= -31.79 ) ) ) )"
159,left,left,0,3,"[[9913, -1.0, 0.3199072480201721], [7395, 1.0, 0.5508618950843811], [1943, 1.0, 0.12129534035921097]]",0.9383548031583888,17,17,25,25,1.0,0.15527950310559005,11,8,0.7272727272727273,0.14545454545454545,"( ( not ( always[6,inf] ( ( x_17 >= 53.79 ) or ( x_11 <= 7.89 ) ) ) ) and ( ( eventually[10,12] ( x_11 >= 10.54 ) ) and ( eventually[19,20] ( x_0 <= 68.94 ) ) ) ) and ( ( always[0,7] ( x_19 >= 49.12 ) ) and ( always[23,25] ( x_13 <= 15.02 ) ) )"
160,left,left,0,2,"[[7395, 1.0, 0.4556771516799927], [4759, 1.0, 0.02141309529542923]]",0.9464018553882751,10,8,29,29,1.0,0.18012422360248448,11,9,0.8181818181818182,0.16363636363636364,"( ( eventually[10,12] ( x_11 >= 8.85 ) ) and ( eventually[19,20] ( x_0 <= 70.62 ) ) ) and ( always[16,40] ( x_19 <= 111.75 ) )"
161,right,right,1,2,"[[1839, -1.0, 0.8844509124755859], [4427, -1.0, 0.6135657429695129]]",0.8099625940446661,12,12,7,7,1.0,0.0457516339869281,1,1,1.0,0.022222222222222223,"( not ( eventually ( ( x_10 >= 16.15 ) and ( x_17 <= 116.1 ) ) ) ) and ( not ( ( always[0,21] ( x_19 <= 142.45 ) ) and ( always[24,33] ( x_12 >= -106.12 ) ) ) )"
162,right,left,0,3,"[[6293, -1.0, 0.2093428671360016], [1943, 1.0, 0.2071446180343628], [7958, 1.0, 1.1634432077407837]]",0.8796122753143348,15,9,12,12,1.0,0.07453416149068323,5,3,0.6,0.05454545454545454,"( ( not ( eventually[41,inf] ( x_16 >= 38.52 ) ) ) and ( always[0,7] ( x_19 >= 50.8 ) ) ) and ( always[14,16] ( x_17 <= 27.6 ) )"
163,right,left,0,3,"[[9913, -1.0, 0.5112624168395996], [159, 1.0, 0.5797066688537598], [7198, 1.0, 0.010198758915066719]]",0.9119010068902417,14,14,17,17,1.0,0.10559006211180125,9,7,0.7777777777777778,0.12727272727272726,"( ( not ( always[6,inf] ( ( x_17 >= 50.22 ) or ( x_11 <= 11.45 ) ) ) ) and ( ( eventually[10,29] ( x_11 >= 16.66 ) ) and ( eventually[31,33] ( x_10 <= 13.36 ) ) ) ) and ( eventually[16,17] ( x_10 >= 17.4 ) )"
164,right,right,1,2,"[[4759, -1.0, 0.886946439743042], [9092, -1.0, 0.06435217708349228]]",0.901313696340425,11,7,15,15,1.0,0.09803921568627451,5,4,0.8,0.08888888888888889,"( not ( always[16,40] ( x_19 <= 140.5 ) ) ) and ( not ( eventually[46,48] ( x_7 >= 50.91 ) ) )"
165,right,right,1,3,"[[1839, -1.0, 0.6216103434562683], [7864, 1.0, 0.2144467532634735], [3477, 1.0, 0.050997257232666016]]",0.9383548031583888,15,15,25,25,1.0,0.16339869281045752,15,8,0.5333333333333333,0.17777777777777778,"( ( not ( eventually ( ( x_10 >= 20.95 ) and ( x_17 <= 111.3 ) ) ) ) and ( eventually[5,6] ( ( x_25 >= -12.68 ) and ( x_8 <= 35.1 ) ) ) ) and ( eventually[8,43] ( ( x_10 <= 7.58 ) and ( x_1 >= 46.98 ) ) )"
166,right,left,0,2,"[[269, 1.0, 0.2810342311859131], [7395, 1.0, 1.0593652725219727]]",0.8700897188124962,11,11,11,11,1.0,0.06832298136645963,2,2,1.0,0.03636363636363636,"( ( eventually[9,32] ( x_3 <= -10.25 ) ) and ( eventually ( x_9 >= 22.88 ) ) ) and ( ( eventually[10,12] ( x_11 >= 19.55 ) ) and ( eventually[19,20] ( x_0 <= 59.92 ) ) )"
167,left,left,0,2,"[[1839, 1.0, 1.0855538845062256], [3474, 1.0, 0.006624272558838129]]",0.9069074050633751,10,10,16,16,1.0,0.09937888198757763,4,4,1.0,0.07272727272727272,"( eventually ( ( x_10 >= 52.13 ) and ( x_17 <= 80.13 ) ) ) and ( ( always ( x_25 >= -50.12 ) ) and ( eventually[20,33] ( x_17 <= 65.5 ) ) )"
168,right,right,1,3,"[[4537, -1.0, 0.7127965092658997], [7266, -1.0, 0.3885822594165802], [3198, -1.0, 0.302348792552948]]",0.9069074050633751,19,14,16,16,1.0,0.10457516339869281,5,4,0.8,0.08888888888888889,"( ( not ( always[41,42] ( x_10 >= -6.85 ) ) ) and ( not ( ( always[7,12] ( x_16 >= 66.64 ) ) or ( eventually[11,19] ( x_22 <= -33.36 ) ) ) ) ) and ( not ( eventually[11,12] ( x_12 >= 7.75 ) ) )"
169,left,left,0,2,"[[1839, 1.0, 0.6337966918945312], [7643, 1.0, 0.5343196988105774]]",0.9305325943024827,10,10,22,22,1.0,0.13664596273291926,5,5,1.0,0.09090909090909091,"( eventually ( ( x_10 >= 43.88 ) and ( x_17 <= 88.38 ) ) ) and ( ( always[37,49] ( x_18 >= -11.13 ) ) and ( eventually ( x_15 <= 52.67 ) ) )"
170,right,right,1,3,"[[1839, -1.0, 0.8844509124755859], [3477, 1.0, 0.03246339038014412], [5744, -1.0, 0.00854591652750969]]",0.9305325943024827,16,14,22,22,1.0,0.1437908496732026,7,4,0.5714285714285714,0.08888888888888889,"( ( not ( eventually ( ( x_10 >= 16.15 ) and ( x_17 <= 116.1 ) ) ) ) and ( eventually[8,43] ( x_1 >= 46.73 ) ) ) and ( not ( eventually[30,31] ( ( x_25 <= -73.4 ) or ( x_3 >= 64.8 ) ) ) )"
171,right,right,1,2,"[[1839, -1.0, 0.17532885074615479], [9241, -1.0, 0.43969064950942993]]",0.8456759411873505,12,12,9,9,1.0,0.058823529411764705,7,5,0.7142857142857143,0.1111111111111111,"( not ( eventually ( ( x_10 >= 29.1 ) and ( x_17 <= 103.15 ) ) ) ) and ( not ( ( always[10,23] ( x_1 <= 83.99 ) ) or ( eventually[21,inf] ( x_21 <= -42.19 ) ) ) )"
172,left,left,0,2,"[[269, 1.0, 0.8368991613388062], [2282, 1.0, 0.944835901260376]]",0.8700897188124962,10,10,11,11,1.0,0.06832298136645963,3,3,1.0,0.05454545454545454,"( ( eventually[9,32] ( x_3 <= -20.2 ) ) and ( eventually ( x_9 >= 32.83 ) ) ) and ( eventually[16,17] ( ( x_15 >= 40.79 ) and ( x_17 <= 51.65 ) ) )"
173,right,right,1,2,"[[1839, -1.0, 0.6818445920944214], [7864, 1.0, 0.9759143590927124]]",0.8950047881759461,10,10,14,14,1.0,0.0915032679738562,2,1,0.5,0.022222222222222223,"( not ( eventually ( ( x_10 >= 19.85 ) and ( x_17 <= 112.4 ) ) ) ) and ( eventually[5,6] ( ( x_25 >= 3.97 ) and ( x_8 <= 18.45 ) ) )"
174,left,left,0,2,"[[269, 1.0, 1.4087797403335571], [3474, 1.0, 0.0]]",0.8700897188124962,11,8,11,11,1.0,0.06832298136645963,7,6,0.8571428571428571,0.10909090909090909,"( ( eventually[9,32] ( x_3 <= -30.44 ) ) and ( eventually ( x_9 >= 43.06 ) ) ) and ( always ( x_25 >= -50.26 ) )"
175,left,right,1,2,"[[5921, 1.0, 0.776984691619873], [9092, -1.0, 0.22067990899085999]]",0.901313696340425,11,6,15,15,1.0,0.09803921568627451,7,4,0.5714285714285714,0.08888888888888889,"( always[14,17] ( x_19 >= 126.05 ) ) and ( not ( eventually[46,48] ( x_7 >= 47.71 ) ) )"
176,right,right,1,2,"[[9437, -1.0, 1.0920648574829102], [9913, 1.0, 0.04723901301622391]]",0.9241130208892355,10,8,20,20,1.0,0.13071895424836602,8,6,0.75,0.13333333333333333,"( not ( always[8,31] ( ( x_2 >= 6.47 ) or ( x_19 <= 143.7 ) ) ) ) and ( always[6,inf] ( x_17 >= 60.62 ) )"
177,right,right,1,3,"[[9437, -1.0, 0.8180641531944275], [9913, 1.0, 0.7038296461105347], [2301, 1.0, 0.06796150654554367]]",0.9274645677596903,15,13,21,21,1.0,0.13725490196078433,5,5,1.0,0.1111111111111111,"( ( not ( always[8,31] ( ( x_2 >= 13.92 ) or ( x_19 <= 136.25 ) ) ) ) and ( always[6,inf] ( ( x_17 >= 72.85 ) or ( x_11 <= -11.18 ) ) ) ) and ( always[11,14] ( x_18 <= 160.79 ) )"
178,right,right,1,2,"[[9437, -1.0, 0.9192053079605103], [8230, 1.0, 0.21128743886947632]]",0.9405849009030973,10,10,26,26,1.0,0.16993464052287582,6,6,1.0,0.13333333333333333,"( not ( always[8,31] ( ( x_2 >= 11.17 ) or ( x_19 <= 139.0 ) ) ) ) and ( eventually[30,32] ( ( x_10 <= 35.03 ) and ( x_3 >= 52.43 ) ) )"
179,left,left,0,2,"[[1248, -1.0, 0.8901323676109314], [1943, 1.0, 0.2071446180343628]]",0.9204367490813241,11,11,19,19,1.0,0.11801242236024845,5,3,0.6,0.05454545454545454,"( not ( always[17,inf] ( ( x_13 >= 14.46 ) or ( x_6 <= 77.55 ) ) ) ) and ( ( always[0,7] ( x_19 >= 50.8 ) ) and ( always[23,25] ( x_13 <= 13.35 ) ) )"
180,left,left,0,3,"[[9913, -1.0, 0.40046030282974243], [86, 1.0, 0.42351341247558594], [2282, 1.0, 0.04283537715673447]]",0.9241130208892355,13,13,20,20,1.0,0.12422360248447205,6,4,0.6666666666666666,0.07272727272727272,"( ( not ( always[6,inf] ( ( x_17 >= 52.29 ) or ( x_11 <= 9.39 ) ) ) ) and ( eventually[31,34] ( x_6 >= 69.25 ) ) ) and ( eventually[16,17] ( ( x_15 >= 22.64 ) and ( x_17 <= 69.8 ) ) )"
181,right,right,1,2,"[[3474, -1.0, 0.5329326391220093], [823, 1.0, 0.02206733077764511]]",0.8796122753143348,12,12,12,12,1.0,0.0784313725490196,8,3,0.375,0.06666666666666667,"( not ( ( always ( x_25 >= -61.46 ) ) and ( eventually[20,33] ( x_17 <= 76.84 ) ) ) ) and ( ( always[20,37] ( x_23 >= -75.18 ) ) and ( eventually ( x_10 <= -4.5 ) ) )"
182,left,right,1,3,"[[1839, -1.0, 0.1835426390171051], [7673, 1.0, 0.2994537949562073], [6260, -1.0, 0.3370963931083679]]",0.9305325943024827,18,12,22,22,1.0,0.1437908496732026,3,3,1.0,0.06666666666666667,"( ( not ( eventually ( ( x_10 >= 28.95 ) and ( x_17 <= 103.3 ) ) ) ) and ( eventually ( x_19 >= 121.47 ) ) ) and ( not ( eventually[15,37] ( x_22 >= 21.75 ) ) )"
183,left,left,0,2,"[[269, 1.0, 1.4087797403335571], [3474, 1.0, 0.0]]",0.8700897188124962,11,8,11,11,1.0,0.06832298136645963,7,6,0.8571428571428571,0.10909090909090909,"( ( eventually[9,32] ( x_3 <= -30.44 ) ) and ( eventually ( x_9 >= 43.06 ) ) ) and ( always ( x_25 >= -50.26 ) )"
184,left,left,0,2,"[[1248, -1.0, 0.6815400123596191], [8313, -1.0, 0.7536930441856384]]",0.9333516167118984,9,9,23,23,1.0,0.14285714285714285,8,6,0.75,0.10909090909090909,"( not ( always[17,inf] ( ( x_13 >= 17.95 ) or ( x_6 <= 74.05 ) ) ) ) and ( not ( always[45,46] ( x_2 <= 92.45 ) ) )"
185,left,left,0,2,"[[1248, -1.0, 0.8901323676109314], [1943, 1.0, 0.2071446180343628]]",0.9204367490813241,11,11,19,19,1.0,0.11801242236024845,5,3,0.6,0.05454545454545454,"( not ( always[17,inf] ( ( x_13 >= 14.46 ) or ( x_6 <= 77.55 ) ) ) ) and ( ( always[0,7] ( x_19 >= 50.8 ) ) and ( always[23,25] ( x_13 <= 13.35 ) ) )"
186,left,left,0,2,"[[1248, -1.0, 0.6815400123596191], [8313, -1.0, 0.7536930441856384]]",0.9333516167118984,9,9,23,23,1.0,0.14285714285714285,8,6,0.75,0.10909090909090909,"( not ( always[17,inf] ( ( x_13 >= 17.95 ) or ( x_6 <= 74.05 ) ) ) ) and ( not ( always[45,46] ( x_2 <= 92.45 ) ) )"
187,right,right,1,3,"[[4759, -1.0, 0.8521918654441833], [6293, 1.0, 0.03095240704715252], [7073, 1.0, 0.31021198630332947]]",0.9241130208892355,14,9,20,20,1.0,0.13071895424836602,5,4,0.8,0.08888888888888889,"( ( not ( always[16,40] ( x_19 <= 139.4 ) ) ) and ( always[42,46] ( x_2 <= 86.95 ) ) ) and ( eventually[39,44] ( x_27 >= 28.85 ) )"
188,right,right,1,3,"[[1839, -1.0, 0.8461199998855591], [823, 1.0, 0.24741151928901672], [1355, 1.0, 1.3640722036361694]]",0.8589313179094591,16,9,10,10,1.0,0.06535947712418301,2,2,1.0,0.044444444444444446,"( ( not ( eventually ( x_10 >= 16.85 ) ) ) and ( always[20,37] ( x_23 >= -71.33 ) ) ) and ( always[5,13] ( x_24 <= -29.55 ) )"
189,left,left,0,3,"[[269, 1.0, 0.38084840774536133], [3474, 1.0, 0.9802336692810059], [820, 1.0, 0.20694348216056824]]",0.9274645677596903,16,16,21,21,1.0,0.13043478260869565,8,7,0.875,0.12727272727272726,"( ( ( eventually[9,32] ( x_3 <= -12.04 ) ) and ( eventually ( x_9 >= 24.66 ) ) ) and ( ( always ( x_25 >= -29.65 ) ) and ( eventually[20,33] ( x_17 <= 45.03 ) ) ) ) and ( eventually ( ( x_11 <= 1.3 ) and ( x_23 >= 1.47 ) ) )"
190,left,left,0,3,"[[6293, -1.0, 0.2093428671360016], [6730, 1.0, 0.0], [665, -1.0, 0.0]]",0.9069074050633751,19,19,16,16,1.0,0.09937888198757763,1,1,1.0,0.01818181818181818,"( ( not ( ( always[42,46] ( x_2 <= 92.6 ) ) and ( eventually[41,inf] ( x_16 >= 38.52 ) ) ) ) and ( ( eventually[40,inf] ( x_5 <= 29.29 ) ) and ( eventually[24,29] ( x_18 >= 47.23 ) ) ) ) and ( not ( ( always ( x_7 >= -48.11 ) ) and ( eventually ( x_1 <= -19.36 ) ) ) )"
191,left,left,0,3,"[[3154, -1.0, 0.0], [5744, 1.0, 0.042314350605010986], [6646, 1.0, 0.16077661514282227]]",0.8796122753143348,15,10,12,12,1.0,0.07453416149068323,2,2,1.0,0.03636363636363636,"( ( not ( eventually ( eventually[17,47] ( x_19 >= 108.85 ) ) ) ) and ( eventually[30,31] ( x_3 >= 66.15 ) ) ) and ( always[29,31] ( x_19 <= 14.73 ) )"
192,left,left,0,3,"[[269, 1.0, 0.3110160827636719], [7395, 1.0, 0.2715855836868286], [3154, -1.0, 0.0]]",0.9525905933736583,16,16,33,33,1.0,0.20496894409937888,13,10,0.7692307692307693,0.18181818181818182,"( ( ( eventually[9,32] ( x_3 <= -10.79 ) ) and ( eventually ( x_9 >= 23.41 ) ) ) and ( ( eventually[10,12] ( x_11 >= 5.59 ) ) and ( eventually[19,20] ( x_0 <= 73.89 ) ) ) ) and ( not ( eventually ( eventually[17,47] ( x_19 >= 108.85 ) ) ) )"
193,right,left,0,3,"[[269, 1.0, 0.8368991613388062], [1943, 1.0, 0.7466413974761963], [7733, -1.0, 0.0537128783762455]]",0.901313696340425,17,15,15,15,1.0,0.09316770186335403,7,5,0.7142857142857143,0.09090909090909091,"( ( ( eventually[9,32] ( x_3 <= -20.2 ) ) and ( eventually ( x_9 >= 32.83 ) ) ) and ( ( always[0,7] ( x_19 >= 61.32 ) ) and ( always[23,25] ( x_13 <= 2.82 ) ) ) ) and ( not ( eventually[5,10] ( x_22 >= 6.5 ) ) )"
194,left,left,0,2,"[[269, 1.0, 0.9387625455856323], [8313, -1.0, 0.3083737790584564]]",0.901313696340425,9,9,15,15,1.0,0.09316770186335403,4,3,0.75,0.05454545454545454,"( ( eventually[9,32] ( x_3 <= -22.02 ) ) and ( eventually ( x_9 >= 34.65 ) ) ) and ( not ( always[45,46] ( x_2 <= 76.05 ) ) )"
195,left,left,0,2,"[[1839, 1.0, 0.8925999402999878], [5744, 1.0, 0.6846615076065063]]",0.8700897188124962,9,7,11,11,1.0,0.06832298136645963,0,0,,0.0,"( eventually ( ( x_10 >= 48.6 ) and ( x_17 <= 83.65 ) ) ) and ( eventually[30,31] ( x_3 >= 83.2 ) )"
196,left,left,0,2,"[[1839, 1.0, 0.6337966918945312], [7643, 1.0, 0.5343196988105774]]",0.9305325943024827,10,10,22,22,1.0,0.13664596273291926,5,5,1.0,0.09090909090909091,"( eventually ( ( x_10 >= 43.88 ) and ( x_17 <= 88.38 ) ) ) and ( ( always[37,49] ( x_18 >= -11.13 ) ) and ( eventually ( x_15 <= 52.67 ) ) )"
197,right,right,1,3,"[[1839, -1.0, 0.6216103434562683], [7864, 1.0, 0.20478492975234985], [3477, 1.0, 0.050997257232666016]]",0.9383548031583888,15,15,25,25,1.0,0.16339869281045752,15,8,0.5333333333333333,0.17777777777777778,"( ( not ( eventually ( ( x_10 >= 20.95 ) and ( x_17 <= 111.3 ) ) ) ) and ( eventually[5,6] ( ( x_25 >= -12.89 ) and ( x_8 <= 35.31 ) ) ) ) and ( eventually[8,43] ( ( x_10 <= 7.58 ) and ( x_1 >= 46.98 ) ) )"
198,left,left,0,2,"[[1248, -1.0, 0.6815400123596191], [8313, -1.0, 0.7536930441856384]]",0.9333516167118984,9,9,23,23,1.0,0.14285714285714285,8,6,0.75,0.10909090909090909,"( not ( always[17,inf] ( ( x_13 >= 17.95 ) or ( x_6 <= 74.05 ) ) ) ) and ( not ( always[45,46] ( x_2 <= 92.45 ) ) )"
199,left,left,0,2,"[[1839, 1.0, 1.0855538845062256], [3474, 1.0, 0.006624272558838129]]",0.9069074050633751,10,10,16,16,1.0,0.09937888198757763,4,4,1.0,0.07272727272727272,"( eventually ( ( x_10 >= 52.13 ) and ( x_17 <= 80.13 ) ) ) and ( ( always ( x_25 >= -50.12 ) ) and ( eventually[20,33] ( x_17 <= 65.5 ) ) )"
200,right,left,0,2,"[[1248, -1.0, 0.6815400123596191], [8313, -1.0, 0.7536930441856384]]",0.9333516167118984,9,9,23,23,1.0,0.14285714285714285,8,6,0.75,0.10909090909090909,"( not ( always[17,inf] ( ( x_13 >= 17.95 ) or ( x_6 <= 74.05 ) ) ) ) and ( not ( always[45,46] ( x_2 <= 92.45 ) ) )"
201,left,left,0,3,"[[1248, -1.0, 0.8247042894363403], [86, 1.0, 0.8094420433044434], [6293, -1.0, 0.009451271034777164]]",0.9305325943024827,15,15,22,22,1.0,0.13664596273291926,10,6,0.6,0.10909090909090909,"( ( not ( always[17,inf] ( ( x_13 >= 15.55 ) or ( x_6 <= 76.45 ) ) ) ) and ( eventually[31,34] ( x_6 >= 78.8 ) ) ) and ( not ( ( always[42,46] ( x_2 <= 87.9 ) ) and ( eventually[41,inf] ( x_16 >= 43.22 ) ) ) )"
202,left,left,0,3,"[[269, 1.0, 0.7475138902664185], [7395, 1.0, 0.2715855836868286], [3474, 1.0, 0.0]]",0.9480957277857291,17,17,30,30,1.0,0.18633540372670807,7,6,0.8571428571428571,0.10909090909090909,"( ( ( eventually[9,32] ( x_3 <= -18.6 ) ) and ( eventually ( x_9 >= 31.23 ) ) ) and ( ( eventually[10,12] ( x_11 >= 5.59 ) ) and ( eventually[19,20] ( x_0 <= 73.89 ) ) ) ) and ( ( always ( x_25 >= -50.26 ) ) and ( eventually[20,33] ( x_17 <= 65.64 ) ) )"
203,left,left,0,3,"[[1839, 1.0, 0.8364030718803406], [3474, 1.0, 0.0], [9913, -1.0, 0.40046030282974243]]",0.9163861567630498,16,16,18,18,1.0,0.11180124223602485,5,5,1.0,0.09090909090909091,"( ( eventually ( ( x_10 >= 47.58 ) and ( x_17 <= 84.68 ) ) ) and ( ( always ( x_25 >= -50.26 ) ) and ( eventually[20,33] ( x_17 <= 65.64 ) ) ) ) and ( not ( always[6,inf] ( ( x_17 >= 52.29 ) or ( x_11 <= 9.39 ) ) ) )"
204,right,right,1,2,"[[4537, -1.0, 0.706159234046936], [2049, 1.0, 0.17049048840999603]]",0.8796122753143348,12,6,12,12,1.0,0.0784313725490196,9,5,0.5555555555555556,0.1111111111111111,"( not ( always[41,42] ( x_10 >= -6.7 ) ) ) and ( always[15,16] ( x_8 >= 21.32 ) )"
205,right,left,0,3,"[[9913, -1.0, 0.3172221779823303], [1839, 1.0, 0.3092835545539856], [6730, 1.0, 0.7254678606987]]",0.901313696340425,16,16,15,15,1.0,0.09316770186335403,8,6,0.75,0.10909090909090909,"( ( not ( always[6,inf] ( ( x_17 >= 53.84 ) or ( x_11 <= 7.84 ) ) ) ) and ( eventually ( ( x_10 >= 37.95 ) and ( x_17 <= 94.3 ) ) ) ) and ( ( eventually[40,inf] ( x_5 <= 13.96 ) ) and ( eventually[24,29] ( x_18 >= 62.56 ) ) )"
206,right,right,1,2,"[[9437, -1.0, 0.7287125587463379], [3477, 1.0, 0.21038833260536194]]",0.8950047881759461,10,10,14,14,1.0,0.0915032679738562,5,4,0.8,0.08888888888888889,"( not ( always[8,31] ( ( x_2 >= 16.35 ) or ( x_19 <= 133.82 ) ) ) ) and ( eventually[8,43] ( ( x_10 <= 5.43 ) and ( x_1 >= 49.13 ) ) )"
207,left,right,1,3,"[[6293, 1.0, 0.8961167931556702], [9092, -1.0, 0.8093522191047668], [8313, 1.0, 0.11114947497844696]]",0.8796122753143348,14,11,12,12,1.0,0.0784313725490196,1,0,0.0,0.0,"( ( eventually[41,inf] ( x_16 >= 64.51 ) ) and ( not ( eventually[46,48] ( ( x_7 >= 35.66 ) or ( x_23 <= -21.24 ) ) ) ) ) and ( always[45,46] ( x_2 <= 60.6 ) )"
208,left,left,0,2,"[[1681, -1.0, 1.7161240577697754], [9092, 1.0, 0.4339427947998047]]",0.8099625940446661,10,10,7,7,1.0,0.043478260869565216,5,2,0.4,0.03636363636363636,"( not ( eventually[17,30] ( ( x_20 <= -56.77 ) or ( x_15 >= 43.53 ) ) ) ) and ( eventually[46,48] ( ( x_7 >= 61.11 ) or ( x_23 <= -46.69 ) ) )"
209,left,left,0,2,"[[9913, -1.0, 0.558881402015686], [2234, 1.0, 0.3475210964679718]]",0.901313696340425,8,8,15,15,1.0,0.09316770186335403,4,3,0.75,0.05454545454545454,"( not ( always[6,inf] ( ( x_17 >= 49.34 ) or ( x_11 <= 12.34 ) ) ) ) and ( always[3,4] ( x_1 <= 60.55 ) )"
210,right,right,1,3,"[[6293, 1.0, 0.8961167931556702], [3474, -1.0, 0.014783072285354137], [8313, 1.0, 0.1532375067472458]]",0.901313696340425,15,6,15,15,1.0,0.09803921568627451,1,1,1.0,0.022222222222222223,"( not ( eventually[20,33] ( x_17 <= 65.95 ) ) ) and ( always[45,46] ( x_2 <= 59.05 ) )"
211,right,right,1,2,"[[4759, -1.0, 0.886946439743042], [9092, -1.0, 0.06435217708349228]]",0.901313696340425,11,7,15,15,1.0,0.09803921568627451,5,4,0.8,0.08888888888888889,"( not ( always[16,40] ( x_19 <= 140.5 ) ) ) and ( not ( eventually[46,48] ( x_7 >= 50.91 ) ) )"
212,right,right,1,3,"[[9437, -1.0, 0.7287125587463379], [3474, -1.0, 0.5285583734512329], [8230, 1.0, 0.1295355260372162]]",0.9445936957631025,17,14,28,28,1.0,0.1830065359477124,7,5,0.7142857142857143,0.1111111111111111,"( ( not ( always[8,31] ( ( x_2 >= 16.35 ) or ( x_19 <= 133.82 ) ) ) ) and ( not ( eventually[20,33] ( x_17 <= 76.75 ) ) ) ) and ( eventually[30,32] ( ( x_10 <= 36.98 ) and ( x_3 >= 50.48 ) ) )"
213,left,left,0,2,"[[9913, -1.0, 0.558881402015686], [2234, 1.0, 0.3475210964679718]]",0.901313696340425,8,8,15,15,1.0,0.09316770186335403,4,3,0.75,0.05454545454545454,"( not ( always[6,inf] ( ( x_17 >= 49.34 ) or ( x_11 <= 12.34 ) ) ) ) and ( always[3,4] ( x_1 <= 60.55 ) )"
214,left,left,0,2,"[[1839, 1.0, 0.9856891632080078], [7643, 1.0, 0.34817826747894287]]",0.9119010068902417,10,10,17,17,1.0,0.10559006211180125,4,4,1.0,0.07272727272727272,"( eventually ( ( x_10 >= 50.3 ) and ( x_17 <= 81.95 ) ) ) and ( ( always[37,49] ( x_18 >= -15.75 ) ) and ( eventually ( x_15 <= 57.29 ) ) )"
215,left,left,0,2,"[[9913, -1.0, 0.558881402015686], [2234, 1.0, 0.3475210964679718]]",0.901313696340425,8,8,15,15,1.0,0.09316770186335403,4,3,0.75,0.05454545454545454,"( not ( always[6,inf] ( ( x_17 >= 49.34 ) or ( x_11 <= 12.34 ) ) ) ) and ( always[3,4] ( x_1 <= 60.55 ) )"
216,right,left,0,3,"[[9913, -1.0, 0.3199072480201721], [7395, 1.0, 0.5508618950843811], [1943, 1.0, 0.12129534035921097]]",0.9383548031583888,17,17,25,25,1.0,0.15527950310559005,11,8,0.7272727272727273,0.14545454545454545,"( ( not ( always[6,inf] ( ( x_17 >= 53.79 ) or ( x_11 <= 7.89 ) ) ) ) and ( ( eventually[10,12] ( x_11 >= 10.54 ) ) and ( eventually[19,20] ( x_0 <= 68.94 ) ) ) ) and ( ( always[0,7] ( x_19 >= 49.12 ) ) and ( always[23,25] ( x_13 <= 15.02 ) ) )"
217,left,right,1,3,"[[1839, -1.0, 0.7037479877471924], [7864, 1.0, 0.2921942472457886], [6948, -1.0, 0.09916995465755463]]",0.9163861567630498,14,14,18,18,1.0,0.11764705882352941,9,5,0.5555555555555556,0.1111111111111111,"( ( not ( eventually ( ( x_10 >= 19.45 ) and ( x_17 <= 112.8 ) ) ) ) and ( eventually[5,6] ( ( x_25 >= -10.98 ) and ( x_8 <= 33.4 ) ) ) ) and ( not ( eventually[27,28] ( x_22 >= -3.65 ) ) )"
218,right,right,1,2,"[[4537, -1.0, 0.706159234046936], [2049, 1.0, 0.17049048840999603]]",0.8796122753143348,12,6,12,12,1.0,0.0784313725490196,9,5,0.5555555555555556,0.1111111111111111,"( not ( always[41,42] ( x_10 >= -6.7 ) ) ) and ( always[15,16] ( x_8 >= 21.32 ) )"
219,right,left,0,2,"[[1839, 1.0, 0.9856891632080078], [1372, -1.0, 0.409434050321579]]",0.8950047881759461,10,10,14,14,1.0,0.08695652173913043,2,2,1.0,0.03636363636363636,"( eventually ( ( x_10 >= 50.3 ) and ( x_17 <= 81.95 ) ) ) and ( not ( eventually[22,43] ( ( x_2 >= 29.75 ) or ( x_19 <= -33.99 ) ) ) )"
220,right,left,0,2,"[[1839, 1.0, 1.0855538845062256], [3474, 1.0, 0.006624272558838129]]",0.9069074050633751,10,10,16,16,1.0,0.09937888198757763,4,4,1.0,0.07272727272727272,"( eventually ( ( x_10 >= 52.13 ) and ( x_17 <= 80.13 ) ) ) and ( ( always ( x_25 >= -50.12 ) ) and ( eventually[20,33] ( x_17 <= 65.5 ) ) )"
221,right,right,1,2,"[[4759, -1.0, 0.39248308539390564], [8313, 1.0, 0.1450914442539215]]",0.8878341470731327,8,6,13,13,1.0,0.08496732026143791,2,2,1.0,0.044444444444444446,"( not ( always[16,40] ( x_19 <= 124.85 ) ) ) and ( always[45,46] ( x_2 <= 59.35 ) )"
222,right,right,1,2,"[[9437, -1.0, 0.9192053079605103], [8230, 1.0, 0.21128743886947632]]",0.9405849009030973,10,10,26,26,1.0,0.16993464052287582,6,6,1.0,0.13333333333333333,"( not ( always[8,31] ( ( x_2 >= 11.17 ) or ( x_19 <= 139.0 ) ) ) ) and ( eventually[30,32] ( ( x_10 <= 35.03 ) and ( x_3 >= 52.43 ) ) )"
223,right,right,1,2,"[[1839, -1.0, 0.7037479877471924], [7864, 1.0, 0.8747850656509399]]",0.8950047881759461,10,10,14,14,1.0,0.0915032679738562,3,2,0.6666666666666666,0.044444444444444446,"( not ( eventually ( ( x_10 >= 19.45 ) and ( x_17 <= 112.8 ) ) ) ) and ( eventually[5,6] ( ( x_25 >= 1.76 ) and ( x_8 <= 20.66 ) ) )"
224,right,right,1,2,"[[4759, -1.0, 0.886946439743042], [9092, -1.0, 0.06435217708349228]]",0.901313696340425,11,7,15,15,1.0,0.09803921568627451,5,4,0.8,0.08888888888888889,"( not ( always[16,40] ( x_19 <= 140.5 ) ) ) and ( not ( eventually[46,48] ( x_7 >= 50.91 ) ) )"
225,left,left,0,2,"[[1839, 1.0, 0.474997341632843], [1372, -1.0, 0.8287939429283142]]",0.9069074050633751,10,10,16,16,1.0,0.09937888198757763,5,3,0.6,0.05454545454545454,"( eventually ( ( x_10 >= 40.98 ) and ( x_17 <= 91.28 ) ) ) and ( not ( eventually[22,43] ( ( x_2 >= 20.35 ) or ( x_19 <= -24.59 ) ) ) )"
226,right,right,1,3,"[[1839, -1.0, 0.8844509124755859], [8162, 1.0, 0.12041409313678741], [823, 1.0, 0.2737504243850708]]",0.9119010068902417,16,13,17,17,1.0,0.1111111111111111,3,2,0.6666666666666666,0.044444444444444446,"( ( not ( eventually ( ( x_10 >= 16.15 ) and ( x_17 <= 116.1 ) ) ) ) and ( eventually[42,45] ( ( x_6 >= 18.66 ) and ( x_2 <= -2.64 ) ) ) ) and ( always[20,37] ( x_23 >= -70.88 ) )"
227,left,left,0,3,"[[269, 1.0, 0.7139943838119507], [7395, 1.0, 0.4895287752151489], [3474, 1.0, 0.0]]",0.9305325943024827,17,14,22,22,1.0,0.13664596273291926,7,7,1.0,0.12727272727272726,"( ( ( eventually[9,32] ( x_3 <= -18.0 ) ) and ( eventually ( x_9 >= 30.63 ) ) ) and ( ( eventually[10,12] ( x_11 >= 9.45 ) ) and ( eventually[19,20] ( x_0 <= 70.02 ) ) ) ) and ( eventually[20,33] ( x_17 <= 65.64 ) )"
228,left,left,0,2,"[[1839, 1.0, 0.6337966918945312], [7643, 1.0, 0.5343196988105774]]",0.9305325943024827,10,10,22,22,1.0,0.13664596273291926,5,5,1.0,0.09090909090909091,"( eventually ( ( x_10 >= 43.88 ) and ( x_17 <= 88.38 ) ) ) and ( ( always[37,49] ( x_18 >= -11.13 ) ) and ( eventually ( x_15 <= 52.67 ) ) )"
229,left,left,0,3,"[[269, 1.0, 0.7475138902664185], [7395, 1.0, 0.2680363655090332], [3474, 1.0, 0.0]]",0.9480957277857291,17,17,30,30,1.0,0.18633540372670807,7,6,0.8571428571428571,0.10909090909090909,"( ( ( eventually[9,32] ( x_3 <= -18.6 ) ) and ( eventually ( x_9 >= 31.23 ) ) ) and ( ( eventually[10,12] ( x_11 >= 5.52 ) ) and ( eventually[19,20] ( x_0 <= 73.95 ) ) ) ) and ( ( always ( x_25 >= -50.26 ) ) and ( eventually[20,33] ( x_17 <= 65.64 ) ) )"
230,right,right,1,3,"[[1839, -1.0, 0.6216103434562683], [7864, 1.0, 0.20478492975234985], [3477, 1.0, 0.1251327097415924]]",0.9383548031583888,15,15,25,25,1.0,0.16339869281045752,15,8,0.5333333333333333,0.17777777777777778,"( ( not ( eventually ( ( x_10 >= 20.95 ) and ( x_17 <= 111.3 ) ) ) ) and ( eventually[5,6] ( ( x_25 >= -12.89 ) and ( x_8 <= 35.31 ) ) ) ) and ( eventually[8,43] ( ( x_10 <= 6.58 ) and ( x_1 >= 47.98 ) ) )"
231,left,right,1,2,"[[4759, -1.0, 0.8679894208908081], [9092, -1.0, 0.22067990899085999]]",0.8796122753143348,11,7,12,12,1.0,0.0784313725490196,5,4,0.8,0.08888888888888889,"( not ( always[16,40] ( x_19 <= 139.9 ) ) ) and ( not ( eventually[46,48] ( x_7 >= 47.71 ) ) )"
232,right,right,1,2,"[[4537, -1.0, 1.0889036655426025], [5927, -1.0, 0.5727856755256653]]",0.8950047881759461,13,10,14,14,1.0,0.0915032679738562,4,4,1.0,0.08888888888888889,"( not ( always[41,42] ( x_10 >= -15.35 ) ) ) and ( not ( ( eventually[30,32] ( x_4 >= 59.14 ) ) or ( eventually[17,21] ( x_20 <= -43.65 ) ) ) )"
233,right,left,0,2,"[[1248, -1.0, 0.8901323676109314], [1943, 1.0, 0.2071446180343628]]",0.9204367490813241,11,11,19,19,1.0,0.11801242236024845,5,3,0.6,0.05454545454545454,"( not ( always[17,inf] ( ( x_13 >= 14.46 ) or ( x_6 <= 77.55 ) ) ) ) and ( ( always[0,7] ( x_19 >= 50.8 ) ) and ( always[23,25] ( x_13 <= 13.35 ) ) )"
234,right,right,1,2,"[[9437, -1.0, 0.4534146189689636], [823, 1.0, 0.540066123008728]]",0.901313696340425,11,8,15,15,1.0,0.09803921568627451,4,3,0.75,0.06666666666666667,"( not ( always[8,31] ( ( x_2 >= 23.84 ) or ( x_19 <= 126.34 ) ) ) ) and ( eventually ( x_10 <= -13.35 ) )"
235,left,left,0,3,"[[9913, -1.0, 0.35947108268737793], [7395, 1.0, 0.5508618950843811], [820, 1.0, 0.1384798139333725]]",0.9305325943024827,16,16,22,22,1.0,0.13664596273291926,11,9,0.8181818181818182,0.16363636363636364,"( ( not ( always[6,inf] ( ( x_17 >= 53.05 ) or ( x_11 <= 8.62 ) ) ) ) and ( ( eventually[10,12] ( x_11 >= 10.54 ) ) and ( eventually[19,20] ( x_0 <= 68.94 ) ) ) ) and ( eventually ( ( x_11 <= 2.42 ) and ( x_23 >= 0.35 ) ) )"
236,right,right,1,2,"[[9437, -1.0, 0.7016702890396118], [4537, -1.0, 0.21500715613365173]]",0.8878341470731327,12,9,13,13,1.0,0.08496732026143791,5,3,0.6,0.06666666666666667,"( not ( always[8,31] ( ( x_2 >= 17.09 ) or ( x_19 <= 133.09 ) ) ) ) and ( not ( always[41,42] ( x_10 >= 4.4 ) ) )"
237,right,right,1,3,"[[1209, 1.0, 0.9576935768127441], [3477, 1.0, 0.6281358003616333], [1355, 1.0, 0.034144770354032516]]",0.9163861567630498,15,13,18,18,1.0,0.11764705882352941,6,3,0.5,0.06666666666666667,"( ( ( eventually ( x_10 <= -23.45 ) ) and ( always[6,29] ( x_5 >= -53.98 ) ) ) and ( eventually[8,43] ( ( x_10 <= -0.2 ) and ( x_1 >= 54.77 ) ) ) ) and ( always[5,13] ( x_24 <= 10.2 ) )"
238,left,right,1,2,"[[9437, -1.0, 1.0920648574829102], [9913, 1.0, 0.04723901301622391]]",0.9241130208892355,10,8,20,20,1.0,0.13071895424836602,8,6,0.75,0.13333333333333333,"( not ( always[8,31] ( ( x_2 >= 6.47 ) or ( x_19 <= 143.7 ) ) ) ) and ( always[6,inf] ( x_17 >= 60.62 ) )"
239,left,left,0,2,"[[1839, 1.0, 0.6337966918945312], [7643, 1.0, 0.5343196988105774]]",0.9305325943024827,10,10,22,22,1.0,0.13664596273291926,5,5,1.0,0.09090909090909091,"( eventually ( ( x_10 >= 43.88 ) and ( x_17 <= 88.38 ) ) ) and ( ( always[37,49] ( x_18 >= -11.13 ) ) and ( eventually ( x_15 <= 52.67 ) ) )"
240,left,left,0,3,"[[8313, -1.0, 0.8270077705383301], [9241, 1.0, 0.03219621255993843], [9489, -1.0, 0.49894586205482483]]",0.9119010068902417,16,10,17,17,1.0,0.10559006211180125,5,4,0.8,0.07272727272727272,"( ( not ( always[45,46] ( x_2 <= 95.15 ) ) ) and ( always[10,23] ( x_1 <= 73.55 ) ) ) and ( not ( always ( x_4 <= 99.35 ) ) )"
241,right,left,0,3,"[[9913, -1.0, 0.3199072480201721], [7395, 1.0, 0.5508618950843811], [1943, 1.0, 0.12129534035921097]]",0.9383548031583888,17,17,25,25,1.0,0.15527950310559005,11,8,0.7272727272727273,0.14545454545454545,"( ( not ( always[6,inf] ( ( x_17 >= 53.79 ) or ( x_11 <= 7.89 ) ) ) ) and ( ( eventually[10,12] ( x_11 >= 10.54 ) ) and ( eventually[19,20] ( x_0 <= 68.94 ) ) ) ) and ( ( always[0,7] ( x_19 >= 49.12 ) ) and ( always[23,25] ( x_13 <= 15.02 ) ) )"
242,right,right,1,3,"[[9437, -1.0, 0.5826810598373413], [3477, 1.0, 0.21038833260536194], [7673, 1.0, 0.8209418058395386]]",0.9069074050633751,16,16,16,16,1.0,0.10457516339869281,5,4,0.8,0.08888888888888889,"( ( not ( always[8,31] ( ( x_2 >= 20.32 ) or ( x_19 <= 129.85 ) ) ) ) and ( eventually[8,43] ( ( x_10 <= 5.43 ) and ( x_1 >= 49.13 ) ) ) ) and ( ( eventually ( x_19 >= 134.2 ) ) and ( eventually[15,43] ( x_22 <= 1.35 ) ) )"
243,left,right,1,2,"[[1839, -1.0, 0.8036128282546997], [9437, -1.0, 0.0824921578168869]]",0.9069074050633751,11,11,16,16,1.0,0.10457516339869281,2,2,1.0,0.044444444444444446,"( not ( eventually ( ( x_10 >= 17.63 ) and ( x_17 <= 114.63 ) ) ) ) and ( not ( always[8,31] ( ( x_2 >= 33.92 ) or ( x_19 <= 116.25 ) ) ) )"
244,right,right,1,2,"[[9437, -1.0, 0.9192053079605103], [8230, 1.0, 0.21128743886947632]]",0.9405849009030973,10,10,26,26,1.0,0.16993464052287582,6,6,1.0,0.13333333333333333,"( not ( always[8,31] ( ( x_2 >= 11.17 ) or ( x_19 <= 139.0 ) ) ) ) and ( eventually[30,32] ( ( x_10 <= 35.03 ) and ( x_3 >= 52.43 ) ) )"
245,right,right,1,2,"[[9437, -1.0, 0.9192053079605103], [8230, 1.0, 0.21128743886947632]]",0.9405849009030973,10,10,26,26,1.0,0.16993464052287582,6,6,1.0,0.13333333333333333,"( not ( always[8,31] ( ( x_2 >= 11.17 ) or ( x_19 <= 139.0 ) ) ) ) and ( eventually[30,32] ( ( x_10 <= 35.03 ) and ( x_3 >= 52.43 ) ) )"
246,left,right,1,2,"[[823, 1.0, 1.5492783784866333], [3477, 1.0, 0.050997257232666016]]",0.8796122753143348,10,10,12,12,1.0,0.0784313725490196,4,3,0.75,0.06666666666666667,"( ( always[20,37] ( x_23 >= -49.09 ) ) and ( eventually ( x_10 <= -30.59 ) ) ) and ( eventually[8,43] ( ( x_10 <= 7.58 ) and ( x_1 >= 46.98 ) ) )"
247,right,left,0,2,"[[9913, -1.0, 0.19639256596565247], [8313, -1.0, 0.44549959897994995]]",0.9383548031583888,9,9,25,25,1.0,0.15527950310559005,5,5,1.0,0.09090909090909091,"( not ( always[6,inf] ( ( x_17 >= 56.09 ) or ( x_11 <= 5.59 ) ) ) ) and ( not ( always[45,46] ( x_2 <= 81.1 ) ) )"
248,right,right,1,2,"[[9437, -1.0, 0.9192053079605103], [8230, 1.0, 0.21128743886947632]]",0.9405849009030973,10,10,26,26,1.0,0.16993464052287582,6,6,1.0,0.13333333333333333,"( not ( always[8,31] ( ( x_2 >= 11.17 ) or ( x_19 <= 139.0 ) ) ) ) and ( eventually[30,32] ( ( x_10 <= 35.03 ) and ( x_3 >= 52.43 ) ) )"
249,right,right,1,2,"[[1209, 1.0, 1.354006290435791], [3477, 1.0, 0.03246339038014412]]",0.9204367490813241,10,10,19,19,1.0,0.12418300653594772,4,3,0.75,0.06666666666666667,"( ( eventually ( x_10 <= -30.75 ) ) and ( always[6,29] ( x_5 >= -46.68 ) ) ) and ( eventually[8,43] ( ( x_10 <= 7.83 ) and ( x_1 >= 46.73 ) ) )"
250,right,right,1,3,"[[1839, -1.0, 0.39840012788772583], [3154, 1.0, 0.0874144583940506], [6260, -1.0, 0.21712954342365265]]",0.9119010068902417,16,13,17,17,1.0,0.1111111111111111,3,3,1.0,0.06666666666666667,"( ( not ( eventually ( ( x_10 >= 25.03 ) and ( x_17 <= 107.23 ) ) ) ) and ( eventually ( eventually[17,47] ( x_19 >= 111.75 ) ) ) ) and ( not ( eventually[15,37] ( x_22 >= 24.0 ) ) )"
251,right,right,1,2,"[[1839, -1.0, 0.8036128282546997], [9437, -1.0, 0.0824921578168869]]",0.9069074050633751,11,11,16,16,1.0,0.10457516339869281,2,2,1.0,0.044444444444444446,"( not ( eventually ( ( x_10 >= 17.63 ) and ( x_17 <= 114.63 ) ) ) ) and ( not ( always[8,31] ( ( x_2 >= 33.92 ) or ( x_19 <= 116.25 ) ) ) )"
252,left,left,0,2,"[[1839, 1.0, 0.6337966918945312], [7643, 1.0, 0.5343196988105774]]",0.9305325943024827,10,10,22,22,1.0,0.13664596273291926,5,5,1.0,0.09090909090909091,"( eventually ( ( x_10 >= 43.88 ) and ( x_17 <= 88.38 ) ) ) and ( ( always[37,49] ( x_18 >= -11.13 ) ) and ( eventually ( x_15 <= 52.67 ) ) )"
253,right,right,1,2,"[[9437, -1.0, 1.0920648574829102], [9913, 1.0, 0.04723901301622391]]",0.9241130208892355,10,8,20,20,1.0,0.13071895424836602,8,6,0.75,0.13333333333333333,"( not ( always[8,31] ( ( x_2 >= 6.47 ) or ( x_19 <= 143.7 ) ) ) ) and ( always[6,inf] ( x_17 >= 60.62 ) )"
254,left,left,0,2,"[[7395, 1.0, 0.4556771516799927], [4759, 1.0, 0.02141309529542923]]",0.9464018553882751,10,8,29,29,1.0,0.18012422360248448,11,9,0.8181818181818182,0.16363636363636364,"( ( eventually[10,12] ( x_11 >= 8.85 ) ) and ( eventually[19,20] ( x_0 <= 70.62 ) ) ) and ( always[16,40] ( x_19 <= 111.75 ) )"
255,right,right,1,3,"[[4759, -1.0, 0.886946439743042], [9437, -1.0, 0.6367660760879517], [2301, 1.0, 0.06796150654554367]]",0.9464018553882751,16,14,29,29,1.0,0.1895424836601307,7,6,0.8571428571428571,0.13333333333333333,"( ( not ( always[16,40] ( x_19 <= 140.5 ) ) ) and ( not ( always[8,31] ( ( x_2 >= 18.85 ) or ( x_19 <= 131.32 ) ) ) ) ) and ( always[11,14] ( ( x_25 >= 4.79 ) and ( x_18 <= 160.79 ) ) )"
256,left,right,1,3,"[[9437, -1.0, 0.6428244709968567], [3183, 1.0, 0.028935439884662628], [7958, -1.0, 0.27860766649246216]]",0.8798087473898981,15,15,26,25,0.9615384615384616,0.16339869281045752,5,2,0.4,0.044444444444444446,"( ( not ( always[8,31] ( ( x_2 >= 18.69 ) or ( x_19 <= 131.49 ) ) ) ) and ( ( always[36,39] ( x_10 <= 18.05 ) ) or ( always[27,28] ( x_7 <= 24.14 ) ) ) ) and ( not ( always[14,16] ( x_17 <= 74.65 ) ) )"
257,left,left,0,2,"[[1839, 1.0, 0.8925999402999878], [5744, 1.0, 0.6846615076065063]]",0.8700897188124962,9,7,11,11,1.0,0.06832298136645963,0,0,,0.0,"( eventually ( ( x_10 >= 48.6 ) and ( x_17 <= 83.65 ) ) ) and ( eventually[30,31] ( x_3 >= 83.2 ) )"
258,left,left,0,3,"[[1248, -1.0, 0.8485649824142456], [3474, 1.0, 0.0], [4427, 1.0, 0.048456743359565735]]",0.9069074050633751,17,11,16,16,1.0,0.09937888198757763,7,5,0.7142857142857143,0.09090909090909091,"( ( not ( always[17,inf] ( ( x_13 >= 15.15 ) or ( x_6 <= 76.85 ) ) ) ) and ( always ( x_25 >= -50.26 ) ) ) and ( always[0,21] ( x_19 <= 126.45 ) )"
259,left,left,0,2,"[[269, 1.0, 1.4087797403335571], [3474, 1.0, 0.0]]",0.8700897188124962,11,8,11,11,1.0,0.06832298136645963,7,6,0.8571428571428571,0.10909090909090909,"( ( eventually[9,32] ( x_3 <= -30.44 ) ) and ( eventually ( x_9 >= 43.06 ) ) ) and ( always ( x_25 >= -50.26 ) )"
260,left,left,0,2,"[[269, 1.0, 1.4087797403335571], [8230, -1.0, 0.042352959513664246]]",0.8099625940446661,11,11,7,7,1.0,0.043478260869565216,3,3,1.0,0.05454545454545454,"( ( eventually[9,32] ( x_3 <= -30.44 ) ) and ( eventually ( x_9 >= 43.06 ) ) ) and ( not ( eventually[30,32] ( ( x_10 <= 41.08 ) and ( x_3 >= 46.38 ) ) ) )"
261,left,left,0,2,"[[1839, 1.0, 0.8925999402999878], [1372, -1.0, 0.5053513050079346]]",0.901313696340425,10,10,15,15,1.0,0.09316770186335403,2,2,1.0,0.03636363636363636,"( eventually ( ( x_10 >= 48.6 ) and ( x_17 <= 83.65 ) ) ) and ( not ( eventually[22,43] ( ( x_2 >= 27.6 ) or ( x_19 <= -31.84 ) ) ) )"
262,right,right,1,2,"[[5921, 1.0, 0.695358157157898], [8162, 1.0, 0.06882305443286896]]",0.8700897188124962,10,7,11,11,1.0,0.0718954248366013,5,2,0.4,0.044444444444444446,"( always[14,17] ( x_19 >= 123.5 ) ) and ( eventually[42,45] ( ( x_6 >= 17.67 ) and ( x_2 <= -1.65 ) ) )"
263,right,right,1,2,"[[6293, 1.0, 0.9237613081932068], [6260, -1.0, 0.8489550352096558]]",0.8950047881759461,12,12,14,14,1.0,0.0915032679738562,6,3,0.5,0.06666666666666667,"( ( always[42,46] ( x_2 <= 65.96 ) ) and ( eventually[41,inf] ( x_16 >= 65.16 ) ) ) and ( not ( ( always[6,28] ( x_23 <= -11.03 ) ) or ( eventually[15,37] ( x_22 >= 12.15 ) ) ) )"
264,right,right,1,3,"[[5921, 1.0, 0.8714146614074707], [7673, 1.0, 0.56893390417099], [3474, -1.0, 0.3691929876804352]]",0.9241130208892355,18,9,20,20,1.0,0.13071895424836602,3,1,0.3333333333333333,0.022222222222222223,"( ( always[14,17] ( x_19 >= 129.0 ) ) and ( eventually[15,43] ( x_22 <= 7.5 ) ) ) and ( not ( eventually[20,33] ( x_17 <= 73.4 ) ) )"
265,left,left,0,3,"[[9913, -1.0, 0.35947108268737793], [159, 1.0, 0.44075244665145874], [7864, -1.0, 0.03708914294838905]]",0.8798087473898981,17,17,26,25,0.9615384615384616,0.15527950310559005,17,12,0.7058823529411765,0.21818181818181817,"( ( not ( always[6,inf] ( ( x_17 >= 53.05 ) or ( x_11 <= 8.62 ) ) ) ) and ( ( eventually[10,29] ( x_11 >= 14.46 ) ) and ( eventually[31,33] ( x_10 <= 15.56 ) ) ) ) and ( not ( eventually[5,6] ( ( x_25 >= -18.18 ) and ( x_8 <= 40.6 ) ) ) )"
266,right,right,1,3,"[[5921, 1.0, 0.7193657159805298], [2234, -1.0, 0.9508617520332336], [9913, 1.0, 0.1292174756526947]]",0.8878341470731327,14,9,13,13,1.0,0.08496732026143791,4,4,1.0,0.08888888888888889,"( ( always[14,17] ( x_19 >= 124.25 ) ) and ( not ( always[3,4] ( x_1 <= 91.55 ) ) ) ) and ( always[6,inf] ( x_17 >= 62.15 ) )"
267,right,right,1,2,"[[3474, -1.0, 0.5329326391220093], [823, 1.0, 0.02206733077764511]]",0.8796122753143348,12,12,12,12,1.0,0.0784313725490196,8,3,0.375,0.06666666666666667,"( not ( ( always ( x_25 >= -61.46 ) ) and ( eventually[20,33] ( x_17 <= 76.84 ) ) ) ) and ( ( always[20,37] ( x_23 >= -75.18 ) ) and ( eventually ( x_10 <= -4.5 ) ) )"
268,right,right,1,2,"[[9437, -1.0, 0.9192053079605103], [8230, 1.0, 0.21128743886947632]]",0.9405849009030973,10,10,26,26,1.0,0.16993464052287582,6,6,1.0,0.13333333333333333,"( not ( always[8,31] ( ( x_2 >= 11.17 ) or ( x_19 <= 139.0 ) ) ) ) and ( eventually[30,32] ( ( x_10 <= 35.03 ) and ( x_3 >= 52.43 ) ) )"
269,left,left,0,2,"[[9913, -1.0, 0.15003299713134766], [8313, -1.0, 0.44549959897994995]]",0.9383548031583888,9,9,25,25,1.0,0.15527950310559005,5,5,1.0,0.09090909090909091,"( not ( always[6,inf] ( ( x_17 >= 56.95 ) or ( x_11 <= 4.72 ) ) ) ) and ( not ( always[45,46] ( x_2 <= 81.1 ) ) )"
270,right,left,0,2,"[[7395, 1.0, 0.4556771516799927], [4759, 1.0, 0.02141309529542923]]",0.9464018553882751,10,8,29,29,1.0,0.18012422360248448,11,9,0.8181818181818182,0.16363636363636364,"( ( eventually[10,12] ( x_11 >= 8.85 ) ) and ( eventually[19,20] ( x_0 <= 70.62 ) ) ) and ( always[16,40] ( x_19 <= 111.75 ) )"
271,left,left,0,2,"[[1248, -1.0, 0.6815400123596191], [8313, -1.0, 0.7536930441856384]]",0.9333516167118984,9,9,23,23,1.0,0.14285714285714285,8,6,0.75,0.10909090909090909,"( not ( always[17,inf] ( ( x_13 >= 17.95 ) or ( x_6 <= 74.05 ) ) ) ) and ( not ( always[45,46] ( x_2 <= 92.45 ) ) )"
272,left,left,0,2,"[[1839, 1.0, 0.5297555923461914], [1372, -1.0, 0.8287939429283142]]",0.9069074050633751,10,10,16,16,1.0,0.09937888198757763,4,3,0.75,0.05454545454545454,"( eventually ( ( x_10 >= 41.98 ) and ( x_17 <= 90.28 ) ) ) and ( not ( eventually[22,43] ( ( x_2 >= 20.35 ) or ( x_19 <= -24.59 ) ) ) )"
273,right,right,1,2,"[[9437, -1.0, 0.9192053079605103], [8230, 1.0, 0.21128743886947632]]",0.9405849009030973,10,10,26,26,1.0,0.16993464052287582,6,6,1.0,0.13333333333333333,"( not ( always[8,31] ( ( x_2 >= 11.17 ) or ( x_19 <= 139.0 ) ) ) ) and ( eventually[30,32] ( ( x_10 <= 35.03 ) and ( x_3 >= 52.43 ) ) )"
274,right,right,1,3,"[[1839, -1.0, 0.8844509124755859], [8162, 1.0, 0.12041409313678741], [823, 1.0, 0.2737504243850708]]",0.9119010068902417,16,13,17,17,1.0,0.1111111111111111,3,2,0.6666666666666666,0.044444444444444446,"( ( not ( eventually ( ( x_10 >= 16.15 ) and ( x_17 <= 116.1 ) ) ) ) and ( eventually[42,45] ( ( x_6 >= 18.66 ) and ( x_2 <= -2.64 ) ) ) ) and ( always[20,37] ( x_23 >= -70.88 ) )"
275,left,right,1,3,"[[9437, -1.0, 0.5826810598373413], [2049, 1.0, 0.5105568766593933], [6730, -1.0, 0.04522398114204407]]",0.9204367490813241,18,15,19,19,1.0,0.12418300653594772,2,1,0.5,0.022222222222222223,"( ( not ( always[8,31] ( ( x_2 >= 20.32 ) or ( x_19 <= 129.85 ) ) ) ) and ( ( always[15,16] ( x_8 >= 28.02 ) ) and ( eventually[1,4] ( x_25 <= 28.62 ) ) ) ) and ( not ( eventually[40,inf] ( x_5 <= 30.25 ) ) )"
276,left,left,0,2,"[[159, 1.0, 0.5986552238464355], [1943, 1.0, 0.852993905544281]]",0.8878341470731327,11,11,13,13,1.0,0.08074534161490683,12,6,0.5,0.10909090909090909,"( ( eventually[10,29] ( x_11 >= 16.96 ) ) and ( eventually[31,33] ( x_10 <= 13.06 ) ) ) and ( ( always[0,7] ( x_19 >= 63.4 ) ) and ( always[23,25] ( x_13 <= 0.75 ) ) )"
277,right,right,1,3,"[[5921, 1.0, 0.5337054133415222], [6293, 1.0, 0.4413684606552124], [8230, 1.0, 0.20582462847232819]]",0.9163861567630498,16,10,18,18,1.0,0.11764705882352941,6,5,0.8333333333333334,0.1111111111111111,"( ( always[14,17] ( x_19 >= 118.45 ) ) and ( always[42,46] ( x_2 <= 77.3 ) ) ) and ( eventually[30,32] ( ( x_10 <= 35.16 ) and ( x_3 >= 52.3 ) ) )"
278,left,left,0,3,"[[1839, 1.0, 0.8364030718803406], [7643, 1.0, 0.34817826747894287], [1248, -1.0, 0.025370914489030838]]",0.9383548031583888,16,14,25,25,1.0,0.15527950310559005,6,6,1.0,0.10909090909090909,"( ( eventually ( ( x_10 >= 47.58 ) and ( x_17 <= 84.68 ) ) ) and ( ( always[37,49] ( x_18 >= -15.75 ) ) and ( eventually ( x_15 <= 57.29 ) ) ) ) and ( not ( always[17,inf] ( x_6 <= 63.05 ) ) )"
279,left,left,0,3,"[[269, 1.0, 0.38084840774536133], [3474, 1.0, 1.0698537826538086], [1681, -1.0, 0.011125801131129265]]",0.9163861567630498,17,15,18,18,1.0,0.11180124223602485,8,6,0.75,0.10909090909090909,"( ( ( eventually[9,32] ( x_3 <= -12.04 ) ) and ( eventually ( x_9 >= 24.66 ) ) ) and ( ( always ( x_25 >= -27.77 ) ) and ( eventually[20,33] ( x_17 <= 43.15 ) ) ) ) and ( not ( eventually[17,30] ( x_15 >= 82.8 ) ) )"
280,right,right,1,2,"[[9437, -1.0, 0.9192053079605103], [8230, 1.0, 0.21128743886947632]]",0.9405849009030973,10,10,26,26,1.0,0.16993464052287582,6,6,1.0,0.13333333333333333,"( not ( always[8,31] ( ( x_2 >= 11.17 ) or ( x_19 <= 139.0 ) ) ) ) and ( eventually[30,32] ( ( x_10 <= 35.03 ) and ( x_3 >= 52.43 ) ) )"
281,left,left,0,2,"[[269, 1.0, 1.4087797403335571], [3474, 1.0, 0.0]]",0.8700897188124962,11,8,11,11,1.0,0.06832298136645963,7,6,0.8571428571428571,0.10909090909090909,"( ( eventually[9,32] ( x_3 <= -30.44 ) ) and ( eventually ( x_9 >= 43.06 ) ) ) and ( always ( x_25 >= -50.26 ) )"
282,left,left,0,2,"[[1248, -1.0, 0.6815400123596191], [8313, -1.0, 0.7536930441856384]]",0.9333516167118984,9,9,23,23,1.0,0.14285714285714285,8,6,0.75,0.10909090909090909,"( not ( always[17,inf] ( ( x_13 >= 17.95 ) or ( x_6 <= 74.05 ) ) ) ) and ( not ( always[45,46] ( x_2 <= 92.45 ) ) )"
283,left,left,0,2,"[[1248, -1.0, 0.6815400123596191], [8313, -1.0, 0.7536930441856384]]",0.9333516167118984,9,9,23,23,1.0,0.14285714285714285,8,6,0.75,0.10909090909090909,"( not ( always[17,inf] ( ( x_13 >= 17.95 ) or ( x_6 <= 74.05 ) ) ) ) and ( not ( always[45,46] ( x_2 <= 92.45 ) ) )"
284,right,right,1,3,"[[9437, -1.0, 0.5826810598373413], [6293, 1.0, 0.4513523578643799], [2301, 1.0, 0.9031867980957031]]",0.8456759411873505,16,13,9,9,1.0,0.058823529411764705,3,1,0.3333333333333333,0.022222222222222223,"( ( not ( always[8,31] ( ( x_2 >= 20.32 ) or ( x_19 <= 129.85 ) ) ) ) and ( always[42,46] ( x_2 <= 77.07 ) ) ) and ( always[11,14] ( ( x_25 >= 26.99 ) and ( x_18 <= 138.59 ) ) )"
285,left,left,0,2,"[[1839, 1.0, 0.474997341632843], [5744, 1.0, 1.675495982170105]]",0.8456759411873505,9,7,9,9,1.0,0.055900621118012424,3,2,0.6666666666666666,0.03636363636363636,"( eventually ( ( x_10 >= 40.98 ) and ( x_17 <= 91.28 ) ) ) and ( eventually[30,31] ( x_3 >= 109.5 ) )"
286,left,left,0,3,"[[9913, -1.0, 0.5112624168395996], [2282, 1.0, 1.0135213136672974], [1372, -1.0, 0.020882612094283104]]",0.8950047881759461,16,16,14,14,1.0,0.08695652173913043,7,5,0.7142857142857143,0.09090909090909091,"( ( not ( always[6,inf] ( ( x_17 >= 50.22 ) or ( x_11 <= 11.45 ) ) ) ) and ( eventually[16,17] ( ( x_15 >= 42.17 ) and ( x_17 <= 50.27 ) ) ) ) and ( not ( eventually[22,43] ( ( x_2 >= 38.46 ) or ( x_19 <= -42.7 ) ) ) )"
287,right,right,1,2,"[[1839, -1.0, 0.8036128282546997], [9437, -1.0, 0.0824921578168869]]",0.9069074050633751,11,11,16,16,1.0,0.10457516339869281,2,2,1.0,0.044444444444444446,"( not ( eventually ( ( x_10 >= 17.63 ) and ( x_17 <= 114.63 ) ) ) ) and ( not ( always[8,31] ( ( x_2 >= 33.92 ) or ( x_19 <= 116.25 ) ) ) )"
288,right,right,1,3,"[[9437, -1.0, 0.7287125587463379], [5921, 1.0, 0.7881879806518555], [8230, 1.0, 0.20582462847232819]]",0.9383548031583888,16,13,25,25,1.0,0.16339869281045752,6,5,0.8333333333333334,0.1111111111111111,"( ( not ( always[8,31] ( ( x_2 >= 16.35 ) or ( x_19 <= 133.82 ) ) ) ) and ( always[14,17] ( x_19 >= 126.4 ) ) ) and ( eventually[30,32] ( ( x_10 <= 35.16 ) and ( x_3 >= 52.3 ) ) )"
289,left,left,0,3,"[[9913, -1.0, 0.3199072480201721], [7395, 1.0, 0.5508618950843811], [1943, 1.0, 0.12129534035921097]]",0.9383548031583888,17,17,25,25,1.0,0.15527950310559005,11,8,0.7272727272727273,0.14545454545454545,"( ( not ( always[6,inf] ( ( x_17 >= 53.79 ) or ( x_11 <= 7.89 ) ) ) ) and ( ( eventually[10,12] ( x_11 >= 10.54 ) ) and ( eventually[19,20] ( x_0 <= 68.94 ) ) ) ) and ( ( always[0,7] ( x_19 >= 49.12 ) ) and ( always[23,25] ( x_13 <= 15.02 ) ) )"
290,left,left,0,3,"[[9913, -1.0, 0.3199072480201721], [7395, 1.0, 0.5508618950843811], [1943, 1.0, 0.12129534035921097]]",0.9383548031583888,17,17,25,25,1.0,0.15527950310559005,11,8,0.7272727272727273,0.14545454545454545,"( ( not ( always[6,inf] ( ( x_17 >= 53.79 ) or ( x_11 <= 7.89 ) ) ) ) and ( ( eventually[10,12] ( x_11 >= 10.54 ) ) and ( eventually[19,20] ( x_0 <= 68.94 ) ) ) ) and ( ( always[0,7] ( x_19 >= 49.12 ) ) and ( always[23,25] ( x_13 <= 15.02 ) ) )"
291,right,right,1,2,"[[823, 1.0, 1.5492783784866333], [3477, 1.0, 0.050997257232666016]]",0.8796122753143348,10,10,12,12,1.0,0.0784313725490196,4,3,0.75,0.06666666666666667,"( ( always[20,37] ( x_23 >= -49.09 ) ) and ( eventually ( x_10 <= -30.59 ) ) ) and ( eventually[8,43] ( ( x_10 <= 7.58 ) and ( x_1 >= 46.98 ) ) )"
292,right,right,1,3,"[[9437, -1.0, 0.729253888130188], [4759, -1.0, 0.8679894208908081], [7673, 1.0, 0.20520669221878052]]",0.883977822670052,17,12,27,26,0.9629629629629629,0.16993464052287582,4,3,0.75,0.06666666666666667,"( ( not ( always[8,31] ( ( x_2 >= 16.34 ) or ( x_19 <= 133.84 ) ) ) ) and ( not ( always[16,40] ( x_19 <= 139.9 ) ) ) ) and ( eventually[15,43] ( x_22 <= 16.37 ) )"
293,right,right,1,2,"[[9437, -1.0, 0.9192053079605103], [8230, 1.0, 0.21128743886947632]]",0.9405849009030973,10,10,26,26,1.0,0.16993464052287582,6,6,1.0,0.13333333333333333,"( not ( always[8,31] ( ( x_2 >= 11.17 ) or ( x_19 <= 139.0 ) ) ) ) and ( eventually[30,32] ( ( x_10 <= 35.03 ) and ( x_3 >= 52.43 ) ) )"
294,left,left,0,3,"[[9913, -1.0, 0.5112624168395996], [2282, 1.0, 1.0135213136672974], [7395, 1.0, 0.12489496916532516]]",0.9069074050633751,16,16,16,16,1.0,0.09937888198757763,3,3,1.0,0.05454545454545454,"( ( not ( always[6,inf] ( ( x_17 >= 50.22 ) or ( x_11 <= 11.45 ) ) ) ) and ( eventually[16,17] ( ( x_15 >= 42.17 ) and ( x_17 <= 50.27 ) ) ) ) and ( ( eventually[10,12] ( x_11 >= 2.99 ) ) and ( eventually[19,20] ( x_0 <= 76.49 ) ) )"
295,right,right,1,2,"[[9437, -1.0, 0.7287125587463379], [3477, 1.0, 0.21038833260536194]]",0.8950047881759461,10,10,14,14,1.0,0.0915032679738562,5,4,0.8,0.08888888888888889,"( not ( always[8,31] ( ( x_2 >= 16.35 ) or ( x_19 <= 133.82 ) ) ) ) and ( eventually[8,43] ( ( x_10 <= 5.43 ) and ( x_1 >= 49.13 ) ) )"
296,left,right,1,2,"[[9437, -1.0, 0.9192053079605103], [8230, 1.0, 0.21128743886947632]]",0.9405849009030973,10,10,26,26,1.0,0.16993464052287582,6,6,1.0,0.13333333333333333,"( not ( always[8,31] ( ( x_2 >= 11.17 ) or ( x_19 <= 139.0 ) ) ) ) and ( eventually[30,32] ( ( x_10 <= 35.03 ) and ( x_3 >= 52.43 ) ) )"
297,right,right,1,3,"[[1839, -1.0, 0.8844509124755859], [3477, 1.0, 0.017636243253946304], [5744, -1.0, 0.00854591652750969]]",0.9305325943024827,16,14,22,22,1.0,0.1437908496732026,7,4,0.5714285714285714,0.08888888888888889,"( ( not ( eventually ( ( x_10 >= 16.15 ) and ( x_17 <= 116.1 ) ) ) ) and ( eventually[8,43] ( x_1 >= 46.53 ) ) ) and ( not ( eventually[30,31] ( ( x_25 <= -73.4 ) or ( x_3 >= 64.8 ) ) ) )"
298,right,right,1,3,"[[1839, -1.0, 0.8844509124755859], [1209, 1.0, 0.32793617248535156], [1943, -1.0, 0.018389903008937836]]",0.8589313179094591,18,18,10,10,1.0,0.06535947712418301,1,1,1.0,0.022222222222222223,"( ( not ( eventually ( ( x_10 >= 16.15 ) and ( x_17 <= 116.1 ) ) ) ) and ( ( eventually ( x_10 <= -11.85 ) ) and ( always[6,29] ( x_5 >= -65.58 ) ) ) ) and ( not ( ( always[0,7] ( x_19 >= 46.4 ) ) and ( always[23,25] ( x_13 <= 17.75 ) ) ) )"
299,right,right,1,2,"[[7073, 1.0, 1.0803309679031372], [6293, 1.0, 0.03095240704715252]]",0.8589313179094591,8,5,10,10,1.0,0.06535947712418301,3,2,0.6666666666666666,0.044444444444444446,"( eventually[39,44] ( x_27 >= 53.6 ) ) and ( always[42,46] ( x_2 <= 86.95 ) )"
300,left,right,1,3,"[[9437, -1.0, 0.8879435658454895], [8230, 1.0, 0.20582462847232819], [7673, 1.0, 0.5965365767478943]]",0.9204367490813241,16,13,19,19,1.0,0.12418300653594772,4,3,0.75,0.06666666666666667,"( ( not ( always[8,31] ( ( x_2 >= 12.02 ) or ( x_19 <= 138.15 ) ) ) ) and ( eventually[30,32] ( ( x_10 <= 35.16 ) and ( x_3 >= 52.3 ) ) ) ) and ( eventually[15,43] ( x_22 <= 6.82 ) )"
301,right,right,1,3,"[[1839, -1.0, 0.6216103434562683], [7864, 1.0, 0.20478492975234985], [3477, 1.0, 0.050997257232666016]]",0.9383548031583888,15,15,25,25,1.0,0.16339869281045752,15,8,0.5333333333333333,0.17777777777777778,"( ( not ( eventually ( ( x_10 >= 20.95 ) and ( x_17 <= 111.3 ) ) ) ) and ( eventually[5,6] ( ( x_25 >= -12.89 ) and ( x_8 <= 35.31 ) ) ) ) and ( eventually[8,43] ( ( x_10 <= 7.58 ) and ( x_1 >= 46.98 ) ) )"
302,right,right,1,2,"[[9437, -1.0, 0.5826810598373413], [8313, 1.0, 0.1450914442539215]]",0.8796122753143348,8,8,12,12,1.0,0.0784313725490196,4,3,0.75,0.06666666666666667,"( not ( always[8,31] ( ( x_2 >= 20.32 ) or ( x_19 <= 129.85 ) ) ) ) and ( always[45,46] ( x_2 <= 59.35 ) )"
303,left,left,0,2,"[[269, 1.0, 0.9387625455856323], [8313, -1.0, 0.3083737790584564]]",0.901313696340425,9,9,15,15,1.0,0.09316770186335403,4,3,0.75,0.05454545454545454,"( ( eventually[9,32] ( x_3 <= -22.02 ) ) and ( eventually ( x_9 >= 34.65 ) ) ) and ( not ( always[45,46] ( x_2 <= 76.05 ) ) )"
304,right,right,1,3,"[[6293, 1.0, 0.8961167931556702], [9092, -1.0, 0.7219324111938477], [7864, 1.0, 0.4088154137134552]]",0.8878341470731327,16,16,13,13,1.0,0.08496732026143791,2,0,0.0,0.0,"( ( ( always[42,46] ( x_2 <= 66.61 ) ) and ( eventually[41,inf] ( x_16 >= 64.51 ) ) ) and ( not ( eventually[46,48] ( ( x_7 >= 37.45 ) or ( x_23 <= -23.03 ) ) ) ) ) and ( eventually[5,6] ( ( x_25 >= -8.43 ) and ( x_8 <= 30.85 ) ) )"
305,left,left,0,2,"[[9913, -1.0, 0.15003299713134766], [8313, -1.0, 0.44549959897994995]]",0.9383548031583888,9,9,25,25,1.0,0.15527950310559005,5,5,1.0,0.09090909090909091,"( not ( always[6,inf] ( ( x_17 >= 56.95 ) or ( x_11 <= 4.72 ) ) ) ) and ( not ( always[45,46] ( x_2 <= 81.1 ) ) )"
306,left,left,0,2,"[[1248, -1.0, 0.6815400123596191], [8313, -1.0, 0.7536930441856384]]",0.9333516167118984,9,9,23,23,1.0,0.14285714285714285,8,6,0.75,0.10909090909090909,"( not ( always[17,inf] ( ( x_13 >= 17.95 ) or ( x_6 <= 74.05 ) ) ) ) and ( not ( always[45,46] ( x_2 <= 92.45 ) ) )"
307,left,left,0,2,"[[1248, -1.0, 0.6815400123596191], [8313, -1.0, 0.7536930441856384]]",0.9333516167118984,9,9,23,23,1.0,0.14285714285714285,8,6,0.75,0.10909090909090909,"( not ( always[17,inf] ( ( x_13 >= 17.95 ) or ( x_6 <= 74.05 ) ) ) ) and ( not ( always[45,46] ( x_2 <= 92.45 ) ) )"
308,left,left,0,3,"[[8230, -1.0, 2.307521343231201], [7733, -1.0, 0.8151165246963501], [823, -1.0, 0.2149830311536789]]",0.7850963161535156,18,14,6,6,1.0,0.037267080745341616,0,0,,0.0,"( ( not ( eventually[30,32] ( x_3 >= -7.65 ) ) ) and ( not ( eventually[5,10] ( x_20 <= -104.31 ) ) ) ) and ( not ( ( always[20,37] ( x_23 >= -79.23 ) ) and ( eventually ( x_10 <= -0.45 ) ) ) )"
309,left,left,0,2,"[[1839, 1.0, 0.6337966918945312], [7643, 1.0, 0.5343196988105774]]",0.9305325943024827,10,10,22,22,1.0,0.13664596273291926,5,5,1.0,0.09090909090909091,"( eventually ( ( x_10 >= 43.88 ) and ( x_17 <= 88.38 ) ) ) and ( ( always[37,49] ( x_18 >= -11.13 ) ) and ( eventually ( x_15 <= 52.67 ) ) )"
310,left,left,0,2,"[[1839, 1.0, 1.0855538845062256], [3474, 1.0, 0.006624272558838129]]",0.9069074050633751,10,10,16,16,1.0,0.09937888198757763,4,4,1.0,0.07272727272727272,"( eventually ( ( x_10 >= 52.13 ) and ( x_17 <= 80.13 ) ) ) and ( ( always ( x_25 >= -50.12 ) ) and ( eventually[20,33] ( x_17 <= 65.5 ) ) )"
311,left,right,1,2,"[[9437, -1.0, 0.5826810598373413], [8313, 1.0, 0.1450914442539215]]",0.8796122753143348,8,8,12,12,1.0,0.0784313725490196,4,3,0.75,0.06666666666666667,"( not ( always[8,31] ( ( x_2 >= 20.32 ) or ( x_19 <= 129.85 ) ) ) ) and ( always[45,46] ( x_2 <= 59.35 ) )"
312,left,left,0,3,"[[9913, -1.0, 0.3199072480201721], [7395, 1.0, 0.5508618950843811], [1943, 1.0, 0.12129534035921097]]",0.9383548031583888,17,17,25,25,1.0,0.15527950310559005,11,8,0.7272727272727273,0.14545454545454545,"( ( not ( always[6,inf] ( ( x_17 >= 53.79 ) or ( x_11 <= 7.89 ) ) ) ) and ( ( eventually[10,12] ( x_11 >= 10.54 ) ) and ( eventually[19,20] ( x_0 <= 68.94 ) ) ) ) and ( ( always[0,7] ( x_19 >= 49.12 ) ) and ( always[23,25] ( x_13 <= 15.02 ) ) )"
313,left,left,0,2,"[[269, 1.0, 0.8368991613388062], [2282, 1.0, 0.944835901260376]]",0.8700897188124962,10,10,11,11,1.0,0.06832298136645963,3,3,1.0,0.05454545454545454,"( ( eventually[9,32] ( x_3 <= -20.2 ) ) and ( eventually ( x_9 >= 32.83 ) ) ) and ( eventually[16,17] ( ( x_15 >= 40.79 ) and ( x_17 <= 51.65 ) ) )"
314,left,left,0,2,"[[1839, 1.0, 0.6337966918945312], [7643, 1.0, 0.5343196988105774]]",0.9305325943024827,10,10,22,22,1.0,0.13664596273291926,5,5,1.0,0.09090909090909091,"( eventually ( ( x_10 >= 43.88 ) and ( x_17 <= 88.38 ) ) ) and ( ( always[37,49] ( x_18 >= -11.13 ) ) and ( eventually ( x_15 <= 52.67 ) ) )"
315,left,left,0,3,"[[8313, -1.0, 0.7618391513824463], [7395, 1.0, 0.38442450761795044], [86, 1.0, 0.6498171091079712]]",0.9204367490813241,12,12,19,19,1.0,0.11801242236024845,6,5,0.8333333333333334,0.09090909090909091,"( ( not ( always[45,46] ( x_2 <= 92.75 ) ) ) and ( ( eventually[10,12] ( x_11 >= 7.59 ) ) and ( eventually[19,20] ( x_0 <= 71.89 ) ) ) ) and ( eventually[31,34] ( x_6 >= 74.85 ) )"
